directory,gopr_folder,patch_number,patch_relpath,source_image_relpath,confidence,grabcut_applied
Coral Garden\2024_JUL_CG_S\CG-S_T1\GOPR3088,GOPR3088,3,Coral Garden\2024_JUL_CG_S\CG-S_T1\GOPR3088\Coral3.JPG,Coral Garden\2024_JUL_CG_S\CG-S_T1\GOPR3088.JPG,0.5279,True
Coral Garden\2024_JUL_CG_S\CG-S_T1\GOPR3088,GOPR3088,8,Coral Garden\2024_JUL_CG_S\CG-S_T1\GOPR3088\Coral8.JPG,Coral Garden\2024_JUL_CG_S\CG-S_T1\GOPR3088.JPG,0.362,False
Coral Garden\2024_JUL_CG_S\CG-S_T1\GOPR3088,GOPR3088,11,Coral Garden\2024_JUL_CG_S\CG-S_T1\GOPR3088\Coral11.JPG,Coral Garden\2024_JUL_CG_S\CG-S_T1\GOPR3088.JPG,0.2541,False
Coral Garden\2024_JUL_CG_S\CG-S_T1\GOPR3088,GOPR3088,12,Coral Garden\2024_JUL_CG_S\CG-S_T1\GOPR3088\Coral12.JPG,Coral Garden\2024_JUL_CG_S\CG-S_T1\GOPR3088.JPG,0.2113,False
Coral Garden\2024_JUL_CG_S\CG-S_T1\GOPR3088,GOPR3088,14,Coral Garden\2024_JUL_CG_S\CG-S_T1\GOPR3088\Coral14.JPG,Coral Garden\2024_JUL_CG_S\CG-S_T1\GOPR3088.JPG,0.1868,True
Coral Garden\2024_JUL_CG_S\CG-S_T1\GOPR3089,GOPR3089,6,Coral Garden\2024_JUL_CG_S\CG-S_T1\GOPR3089\Coral6.JPG,Coral Garden\2024_JUL_CG_S\CG-S_T1\GOPR3089.JPG,0.5338,False
Coral Garden\2024_JUL_CG_S\CG-S_T1\GOPR3089,GOPR3089,9,Coral Garden\2024_JUL_CG_S\CG-S_T1\GOPR3089\Coral9.JPG,Coral Garden\2024_JUL_CG_S\CG-S_T1\GOPR3089.JPG,0.4307,False
Coral Garden\2024_JUL_CG_S\CG-S_T1\GOPR3089,GOPR3089,12,Coral Garden\2024_JUL_CG_S\CG-S_T1\GOPR3089\Coral12.JPG,Coral Garden\2024_JUL_CG_S\CG-S_T1\GOPR3089.JPG,0.3437,False
Coral Garden\2024_JUL_CG_S\CG-S_T1\GOPR3089,GOPR3089,15,Coral Garden\2024_JUL_CG_S\CG-S_T1\GOPR3089\Coral15.JPG,Coral Garden\2024_JUL_CG_S\CG-S_T1\GOPR3089.JPG,0.33,False
Coral Garden\2024_JUL_CG_S\CG-S_T1\GOPR3089,GOPR3089,16,Coral Garden\2024_JUL_CG_S\CG-S_T1\GOPR3089\Coral16.JPG,Coral Garden\2024_JUL_CG_S\CG-S_T1\GOPR3089.JPG,0.3273,True
Coral Garden\2024_JUL_CG_S\CG-S_T1\GOPR3089,GOPR3089,17,Coral Garden\2024_JUL_CG_S\CG-S_T1\GOPR3089\Coral17.JPG,Coral Garden\2024_JUL_CG_S\CG-S_T1\GOPR3089.JPG,0.322,False
Coral Garden\2024_JUL_CG_S\CG-S_T1\GOPR3089,GOPR3089,27,Coral Garden\2024_JUL_CG_S\CG-S_T1\GOPR3089\Coral27.JPG,Coral Garden\2024_JUL_CG_S\CG-S_T1\GOPR3089.JPG,0.2014,True
Coral Garden\2024_JUL_CG_S\CG-S_T1\GOPR3089,GOPR3089,29,Coral Garden\2024_JUL_CG_S\CG-S_T1\GOPR3089\Coral29.JPG,Coral Garden\2024_JUL_CG_S\CG-S_T1\GOPR3089.JPG,0.1899,True
Coral Garden\2024_JUL_CG_S\CG-S_T1\GOPR3089,GOPR3089,30,Coral Garden\2024_JUL_CG_S\CG-S_T1\GOPR3089\Coral30.JPG,Coral Garden\2024_JUL_CG_S\CG-S_T1\GOPR3089.JPG,0.1884,True
Coral Garden\2024_JUL_CG_S\CG-S_T1\GOPR3089,GOPR3089,31,Coral Garden\2024_JUL_CG_S\CG-S_T1\GOPR3089\Coral31.JPG,Coral Garden\2024_JUL_CG_S\CG-S_T1\GOPR3089.JPG,0.1792,True
Coral Garden\2024_JUL_CG_S\CG-S_T1\GOPR3090,GOPR3090,6,Coral Garden\2024_JUL_CG_S\CG-S_T1\GOPR3090\Coral6.JPG,Coral Garden\2024_JUL_CG_S\CG-S_T1\GOPR3090.JPG,0.5772,False
Coral Garden\2024_JUL_CG_S\CG-S_T1\GOPR3090,GOPR3090,20,Coral Garden\2024_JUL_CG_S\CG-S_T1\GOPR3090\Coral20.JPG,Coral Garden\2024_JUL_CG_S\CG-S_T1\GOPR3090.JPG,0.3042,True
Coral Garden\2024_JUL_CG_S\CG-S_T1\GOPR3090,GOPR3090,31,Coral Garden\2024_JUL_CG_S\CG-S_T1\GOPR3090\Coral31.JPG,Coral Garden\2024_JUL_CG_S\CG-S_T1\GOPR3090.JPG,0.1817,True
Coral Garden\2024_JUL_CG_S\CG-S_T1\GOPR3090,GOPR3090,34,Coral Garden\2024_JUL_CG_S\CG-S_T1\GOPR3090\Coral34.JPG,Coral Garden\2024_JUL_CG_S\CG-S_T1\GOPR3090.JPG,0.1611,True
Coral Garden\2024_JUL_CG_S\CG-S_T1\GOPR3090,GOPR3090,36,Coral Garden\2024_JUL_CG_S\CG-S_T1\GOPR3090\Coral36.JPG,Coral Garden\2024_JUL_CG_S\CG-S_T1\GOPR3090.JPG,0.1536,True
Coral Garden\2024_JUL_CG_S\CG-S_T1\GOPR3090,GOPR3090,37,Coral Garden\2024_JUL_CG_S\CG-S_T1\GOPR3090\Coral37.JPG,Coral Garden\2024_JUL_CG_S\CG-S_T1\GOPR3090.JPG,0.1521,False
Coral Garden\2024_JUL_CG_S\CG-S_T1\GOPR3090,GOPR3090,38,Coral Garden\2024_JUL_CG_S\CG-S_T1\GOPR3090\Coral38.JPG,Coral Garden\2024_JUL_CG_S\CG-S_T1\GOPR3090.JPG,0.1504,True
Coral Garden\2024_JUL_CG_S\CG-S_T1\GOPR3091,GOPR3091,16,Coral Garden\2024_JUL_CG_S\CG-S_T1\GOPR3091\Coral16.JPG,Coral Garden\2024_JUL_CG_S\CG-S_T1\GOPR3091.JPG,0.3585,True
Coral Garden\2024_JUL_CG_S\CG-S_T1\GOPR3091,GOPR3091,18,Coral Garden\2024_JUL_CG_S\CG-S_T1\GOPR3091\Coral18.JPG,Coral Garden\2024_JUL_CG_S\CG-S_T1\GOPR3091.JPG,0.337,True
Coral Garden\2024_JUL_CG_S\CG-S_T1\GOPR3091,GOPR3091,19,Coral Garden\2024_JUL_CG_S\CG-S_T1\GOPR3091\Coral19.JPG,Coral Garden\2024_JUL_CG_S\CG-S_T1\GOPR3091.JPG,0.2921,True
Coral Garden\2024_JUL_CG_S\CG-S_T1\GOPR3091,GOPR3091,23,Coral Garden\2024_JUL_CG_S\CG-S_T1\GOPR3091\Coral23.JPG,Coral Garden\2024_JUL_CG_S\CG-S_T1\GOPR3091.JPG,0.2502,True
Coral Garden\2024_JUL_CG_S\CG-S_T1\GOPR3091,GOPR3091,25,Coral Garden\2024_JUL_CG_S\CG-S_T1\GOPR3091\Coral25.JPG,Coral Garden\2024_JUL_CG_S\CG-S_T1\GOPR3091.JPG,0.1942,True
Coral Garden\2024_JUL_CG_S\CG-S_T1\GOPR3091,GOPR3091,30,Coral Garden\2024_JUL_CG_S\CG-S_T1\GOPR3091\Coral30.JPG,Coral Garden\2024_JUL_CG_S\CG-S_T1\GOPR3091.JPG,0.1522,True
Coral Garden\2024_JUL_CG_S\CG-S_T1\GOPR3092,GOPR3092,2,Coral Garden\2024_JUL_CG_S\CG-S_T1\GOPR3092\Coral2.JPG,Coral Garden\2024_JUL_CG_S\CG-S_T1\GOPR3092.JPG,0.7656,True
Coral Garden\2024_JUL_CG_S\CG-S_T1\GOPR3092,GOPR3092,6,Coral Garden\2024_JUL_CG_S\CG-S_T1\GOPR3092\Coral6.JPG,Coral Garden\2024_JUL_CG_S\CG-S_T1\GOPR3092.JPG,0.6278,True
Coral Garden\2024_JUL_CG_S\CG-S_T1\GOPR3092,GOPR3092,14,Coral Garden\2024_JUL_CG_S\CG-S_T1\GOPR3092\Coral14.JPG,Coral Garden\2024_JUL_CG_S\CG-S_T1\GOPR3092.JPG,0.4672,True
Coral Garden\2024_JUL_CG_S\CG-S_T1\GOPR3092,GOPR3092,17,Coral Garden\2024_JUL_CG_S\CG-S_T1\GOPR3092\Coral17.JPG,Coral Garden\2024_JUL_CG_S\CG-S_T1\GOPR3092.JPG,0.3891,True
Coral Garden\2024_JUL_CG_S\CG-S_T1\GOPR3092,GOPR3092,18,Coral Garden\2024_JUL_CG_S\CG-S_T1\GOPR3092\Coral18.JPG,Coral Garden\2024_JUL_CG_S\CG-S_T1\GOPR3092.JPG,0.3703,True
Coral Garden\2024_JUL_CG_S\CG-S_T1\GOPR3092,GOPR3092,40,Coral Garden\2024_JUL_CG_S\CG-S_T1\GOPR3092\Coral40.JPG,Coral Garden\2024_JUL_CG_S\CG-S_T1\GOPR3092.JPG,0.1545,False
Coral Garden\2024_JUL_CG_S\CG-S_T1\GOPR3093,GOPR3093,3,Coral Garden\2024_JUL_CG_S\CG-S_T1\GOPR3093\Coral3.JPG,Coral Garden\2024_JUL_CG_S\CG-S_T1\GOPR3093.JPG,0.5188,True
Coral Garden\2024_JUL_CG_S\CG-S_T1\GOPR3093,GOPR3093,7,Coral Garden\2024_JUL_CG_S\CG-S_T1\GOPR3093\Coral7.JPG,Coral Garden\2024_JUL_CG_S\CG-S_T1\GOPR3093.JPG,0.3956,True
Coral Garden\2024_JUL_CG_S\CG-S_T1\GOPR3093,GOPR3093,9,Coral Garden\2024_JUL_CG_S\CG-S_T1\GOPR3093\Coral9.JPG,Coral Garden\2024_JUL_CG_S\CG-S_T1\GOPR3093.JPG,0.3171,True
Coral Garden\2024_JUL_CG_S\CG-S_T1\GOPR3093,GOPR3093,10,Coral Garden\2024_JUL_CG_S\CG-S_T1\GOPR3093\Coral10.JPG,Coral Garden\2024_JUL_CG_S\CG-S_T1\GOPR3093.JPG,0.1813,True
Coral Garden\2024_JUL_CG_S\CG-S_T1\GOPR3093,GOPR3093,12,Coral Garden\2024_JUL_CG_S\CG-S_T1\GOPR3093\Coral12.JPG,Coral Garden\2024_JUL_CG_S\CG-S_T1\GOPR3093.JPG,0.152,True
Coral Garden\2024_JUL_CG_S\CG-S_T1\GOPR3094,GOPR3094,8,Coral Garden\2024_JUL_CG_S\CG-S_T1\GOPR3094\Coral8.JPG,Coral Garden\2024_JUL_CG_S\CG-S_T1\GOPR3094.JPG,0.4639,True
Coral Garden\2024_JUL_CG_S\CG-S_T1\GOPR3094,GOPR3094,11,Coral Garden\2024_JUL_CG_S\CG-S_T1\GOPR3094\Coral11.JPG,Coral Garden\2024_JUL_CG_S\CG-S_T1\GOPR3094.JPG,0.4157,True
Coral Garden\2024_JUL_CG_S\CG-S_T1\GOPR3095,GOPR3095,2,Coral Garden\2024_JUL_CG_S\CG-S_T1\GOPR3095\Coral2.JPG,Coral Garden\2024_JUL_CG_S\CG-S_T1\GOPR3095.JPG,0.6269,True
Coral Garden\2024_JUL_CG_S\CG-S_T1\GOPR3095,GOPR3095,11,Coral Garden\2024_JUL_CG_S\CG-S_T1\GOPR3095\Coral11.JPG,Coral Garden\2024_JUL_CG_S\CG-S_T1\GOPR3095.JPG,0.209,True
Coral Garden\2024_JUL_CG_S\CG-S_T1\GOPR3098,GOPR3098,2,Coral Garden\2024_JUL_CG_S\CG-S_T1\GOPR3098\Coral2.JPG,Coral Garden\2024_JUL_CG_S\CG-S_T1\GOPR3098.JPG,0.6744,True
Coral Garden\2024_JUL_CG_S\CG-S_T1\GOPR3098,GOPR3098,3,Coral Garden\2024_JUL_CG_S\CG-S_T1\GOPR3098\Coral3.JPG,Coral Garden\2024_JUL_CG_S\CG-S_T1\GOPR3098.JPG,0.6581,True
Coral Garden\2024_JUL_CG_S\CG-S_T1\GOPR3098,GOPR3098,6,Coral Garden\2024_JUL_CG_S\CG-S_T1\GOPR3098\Coral6.JPG,Coral Garden\2024_JUL_CG_S\CG-S_T1\GOPR3098.JPG,0.5632,True
Coral Garden\2024_JUL_CG_S\CG-S_T1\GOPR3098,GOPR3098,10,Coral Garden\2024_JUL_CG_S\CG-S_T1\GOPR3098\Coral10.JPG,Coral Garden\2024_JUL_CG_S\CG-S_T1\GOPR3098.JPG,0.509,True
Coral Garden\2024_JUL_CG_S\CG-S_T1\GOPR3098,GOPR3098,16,Coral Garden\2024_JUL_CG_S\CG-S_T1\GOPR3098\Coral16.JPG,Coral Garden\2024_JUL_CG_S\CG-S_T1\GOPR3098.JPG,0.307,True
Coral Garden\2024_JUL_CG_S\CG-S_T1\GOPR3098,GOPR3098,19,Coral Garden\2024_JUL_CG_S\CG-S_T1\GOPR3098\Coral19.JPG,Coral Garden\2024_JUL_CG_S\CG-S_T1\GOPR3098.JPG,0.2894,True
Coral Garden\2024_JUL_CG_S\CG-S_T1\GOPR3098,GOPR3098,20,Coral Garden\2024_JUL_CG_S\CG-S_T1\GOPR3098\Coral20.JPG,Coral Garden\2024_JUL_CG_S\CG-S_T1\GOPR3098.JPG,0.2783,False
Coral Garden\2024_JUL_CG_S\CG-S_T1\GOPR3098,GOPR3098,21,Coral Garden\2024_JUL_CG_S\CG-S_T1\GOPR3098\Coral21.JPG,Coral Garden\2024_JUL_CG_S\CG-S_T1\GOPR3098.JPG,0.2569,True
Coral Garden\2024_JUL_CG_S\CG-S_T1\GOPR3098,GOPR3098,24,Coral Garden\2024_JUL_CG_S\CG-S_T1\GOPR3098\Coral24.JPG,Coral Garden\2024_JUL_CG_S\CG-S_T1\GOPR3098.JPG,0.2456,True
Coral Garden\2024_JUL_CG_S\CG-S_T1\GOPR3098,GOPR3098,31,Coral Garden\2024_JUL_CG_S\CG-S_T1\GOPR3098\Coral31.JPG,Coral Garden\2024_JUL_CG_S\CG-S_T1\GOPR3098.JPG,0.1596,True
Coral Garden\2024_JUL_CG_S\CG-S_T1\GOPR3098,GOPR3098,32,Coral Garden\2024_JUL_CG_S\CG-S_T1\GOPR3098\Coral32.JPG,Coral Garden\2024_JUL_CG_S\CG-S_T1\GOPR3098.JPG,0.1519,False
Coral Garden\2024_JUL_CG_S\CG-S_T1\GOPR3099,GOPR3099,4,Coral Garden\2024_JUL_CG_S\CG-S_T1\GOPR3099\Coral4.JPG,Coral Garden\2024_JUL_CG_S\CG-S_T1\GOPR3099.JPG,0.3925,True
Coral Garden\2024_JUL_CG_S\CG-S_T1\GOPR3099,GOPR3099,6,Coral Garden\2024_JUL_CG_S\CG-S_T1\GOPR3099\Coral6.JPG,Coral Garden\2024_JUL_CG_S\CG-S_T1\GOPR3099.JPG,0.3291,False
Coral Garden\2024_JUL_CG_S\CG-S_T1\GOPR3099,GOPR3099,8,Coral Garden\2024_JUL_CG_S\CG-S_T1\GOPR3099\Coral8.JPG,Coral Garden\2024_JUL_CG_S\CG-S_T1\GOPR3099.JPG,0.2535,True
Coral Garden\2024_JUL_CG_S\CG-S_T1\GOPR3099,GOPR3099,9,Coral Garden\2024_JUL_CG_S\CG-S_T1\GOPR3099\Coral9.JPG,Coral Garden\2024_JUL_CG_S\CG-S_T1\GOPR3099.JPG,0.251,True
Coral Garden\2024_JUL_CG_S\CG-S_T1\GOPR3099,GOPR3099,16,Coral Garden\2024_JUL_CG_S\CG-S_T1\GOPR3099\Coral16.JPG,Coral Garden\2024_JUL_CG_S\CG-S_T1\GOPR3099.JPG,0.1516,True
Coral Garden\2024_JUL_CG_S\CG-S_T1\GOPR3100,GOPR3100,10,Coral Garden\2024_JUL_CG_S\CG-S_T1\GOPR3100\Coral10.JPG,Coral Garden\2024_JUL_CG_S\CG-S_T1\GOPR3100.JPG,0.3331,False
Coral Garden\2024_JUL_CG_S\CG-S_T1\GOPR3100,GOPR3100,12,Coral Garden\2024_JUL_CG_S\CG-S_T1\GOPR3100\Coral12.JPG,Coral Garden\2024_JUL_CG_S\CG-S_T1\GOPR3100.JPG,0.3259,True
Coral Garden\2024_JUL_CG_S\CG-S_T1\GOPR3100,GOPR3100,18,Coral Garden\2024_JUL_CG_S\CG-S_T1\GOPR3100\Coral18.JPG,Coral Garden\2024_JUL_CG_S\CG-S_T1\GOPR3100.JPG,0.251,False
Coral Garden\2024_JUL_CG_S\CG-S_T1\GOPR3100,GOPR3100,30,Coral Garden\2024_JUL_CG_S\CG-S_T1\GOPR3100\Coral30.JPG,Coral Garden\2024_JUL_CG_S\CG-S_T1\GOPR3100.JPG,0.1511,False
Coral Garden\2024_JUL_CG_S\CG-S_T1\GOPR3101,GOPR3101,8,Coral Garden\2024_JUL_CG_S\CG-S_T1\GOPR3101\Coral8.JPG,Coral Garden\2024_JUL_CG_S\CG-S_T1\GOPR3101.JPG,0.488,True
Coral Garden\2024_JUL_CG_S\CG-S_T1\GOPR3101,GOPR3101,10,Coral Garden\2024_JUL_CG_S\CG-S_T1\GOPR3101\Coral10.JPG,Coral Garden\2024_JUL_CG_S\CG-S_T1\GOPR3101.JPG,0.3876,False
Coral Garden\2024_JUL_CG_S\CG-S_T1\GOPR3101,GOPR3101,13,Coral Garden\2024_JUL_CG_S\CG-S_T1\GOPR3101\Coral13.JPG,Coral Garden\2024_JUL_CG_S\CG-S_T1\GOPR3101.JPG,0.3426,True
Coral Garden\2024_JUL_CG_S\CG-S_T1\GOPR3101,GOPR3101,21,Coral Garden\2024_JUL_CG_S\CG-S_T1\GOPR3101\Coral21.JPG,Coral Garden\2024_JUL_CG_S\CG-S_T1\GOPR3101.JPG,0.2689,True
Coral Garden\2024_JUL_CG_S\CG-S_T1\GOPR3101,GOPR3101,23,Coral Garden\2024_JUL_CG_S\CG-S_T1\GOPR3101\Coral23.JPG,Coral Garden\2024_JUL_CG_S\CG-S_T1\GOPR3101.JPG,0.2548,False
Coral Garden\2024_JUL_CG_S\CG-S_T1\GOPR3101,GOPR3101,25,Coral Garden\2024_JUL_CG_S\CG-S_T1\GOPR3101\Coral25.JPG,Coral Garden\2024_JUL_CG_S\CG-S_T1\GOPR3101.JPG,0.2469,False
Coral Garden\2024_JUL_CG_S\CG-S_T1\GOPR3101,GOPR3101,26,Coral Garden\2024_JUL_CG_S\CG-S_T1\GOPR3101\Coral26.JPG,Coral Garden\2024_JUL_CG_S\CG-S_T1\GOPR3101.JPG,0.2341,True
Coral Garden\2024_JUL_CG_S\CG-S_T1\GOPR3101,GOPR3101,34,Coral Garden\2024_JUL_CG_S\CG-S_T1\GOPR3101\Coral34.JPG,Coral Garden\2024_JUL_CG_S\CG-S_T1\GOPR3101.JPG,0.1616,False
Coral Garden\2024_JUL_CG_S\CG-S_T1\GOPR3101,GOPR3101,35,Coral Garden\2024_JUL_CG_S\CG-S_T1\GOPR3101\Coral35.JPG,Coral Garden\2024_JUL_CG_S\CG-S_T1\GOPR3101.JPG,0.1592,False
Coral Garden\2024_JUL_CG_S\CG-S_T1\GOPR3102,GOPR3102,5,Coral Garden\2024_JUL_CG_S\CG-S_T1\GOPR3102\Coral5.JPG,Coral Garden\2024_JUL_CG_S\CG-S_T1\GOPR3102.JPG,0.4947,True
Coral Garden\2024_JUL_CG_S\CG-S_T1\GOPR3102,GOPR3102,17,Coral Garden\2024_JUL_CG_S\CG-S_T1\GOPR3102\Coral17.JPG,Coral Garden\2024_JUL_CG_S\CG-S_T1\GOPR3102.JPG,0.2298,True
Coral Garden\2024_JUL_CG_S\CG-S_T1\GOPR3102,GOPR3102,25,Coral Garden\2024_JUL_CG_S\CG-S_T1\GOPR3102\Coral25.JPG,Coral Garden\2024_JUL_CG_S\CG-S_T1\GOPR3102.JPG,0.1701,False
Coral Garden\2024_JUL_CG_S\CG-S_T1\GOPR3103,GOPR3103,13,Coral Garden\2024_JUL_CG_S\CG-S_T1\GOPR3103\Coral13.JPG,Coral Garden\2024_JUL_CG_S\CG-S_T1\GOPR3103.JPG,0.4134,False
Coral Garden\2024_JUL_CG_S\CG-S_T1\GOPR3103,GOPR3103,20,Coral Garden\2024_JUL_CG_S\CG-S_T1\GOPR3103\Coral20.JPG,Coral Garden\2024_JUL_CG_S\CG-S_T1\GOPR3103.JPG,0.3131,True
Coral Garden\2024_JUL_CG_S\CG-S_T1\GOPR3103,GOPR3103,30,Coral Garden\2024_JUL_CG_S\CG-S_T1\GOPR3103\Coral30.JPG,Coral Garden\2024_JUL_CG_S\CG-S_T1\GOPR3103.JPG,0.214,True
Coral Garden\2024_JUL_CG_S\CG-S_T1\GOPR3103,GOPR3103,31,Coral Garden\2024_JUL_CG_S\CG-S_T1\GOPR3103\Coral31.JPG,Coral Garden\2024_JUL_CG_S\CG-S_T1\GOPR3103.JPG,0.2126,False
Coral Garden\2024_JUL_CG_S\CG-S_T1\GOPR3104,GOPR3104,7,Coral Garden\2024_JUL_CG_S\CG-S_T1\GOPR3104\Coral7.JPG,Coral Garden\2024_JUL_CG_S\CG-S_T1\GOPR3104.JPG,0.4804,False
Coral Garden\2024_JUL_CG_S\CG-S_T1\GOPR3104,GOPR3104,9,Coral Garden\2024_JUL_CG_S\CG-S_T1\GOPR3104\Coral9.JPG,Coral Garden\2024_JUL_CG_S\CG-S_T1\GOPR3104.JPG,0.4695,False
Coral Garden\2024_JUL_CG_S\CG-S_T1\GOPR3104,GOPR3104,16,Coral Garden\2024_JUL_CG_S\CG-S_T1\GOPR3104\Coral16.JPG,Coral Garden\2024_JUL_CG_S\CG-S_T1\GOPR3104.JPG,0.3227,False
Coral Garden\2024_JUL_CG_S\CG-S_T1\GOPR3104,GOPR3104,17,Coral Garden\2024_JUL_CG_S\CG-S_T1\GOPR3104\Coral17.JPG,Coral Garden\2024_JUL_CG_S\CG-S_T1\GOPR3104.JPG,0.2963,False
Coral Garden\2024_JUL_CG_S\CG-S_T1\GOPR3104,GOPR3104,19,Coral Garden\2024_JUL_CG_S\CG-S_T1\GOPR3104\Coral19.JPG,Coral Garden\2024_JUL_CG_S\CG-S_T1\GOPR3104.JPG,0.2712,False
Coral Garden\2024_JUL_CG_S\CG-S_T1\GOPR3104,GOPR3104,20,Coral Garden\2024_JUL_CG_S\CG-S_T1\GOPR3104\Coral20.JPG,Coral Garden\2024_JUL_CG_S\CG-S_T1\GOPR3104.JPG,0.2591,True
Coral Garden\2024_JUL_CG_S\CG-S_T1\GOPR3104,GOPR3104,21,Coral Garden\2024_JUL_CG_S\CG-S_T1\GOPR3104\Coral21.JPG,Coral Garden\2024_JUL_CG_S\CG-S_T1\GOPR3104.JPG,0.2577,True
Coral Garden\2024_JUL_CG_S\CG-S_T1\GOPR3104,GOPR3104,22,Coral Garden\2024_JUL_CG_S\CG-S_T1\GOPR3104\Coral22.JPG,Coral Garden\2024_JUL_CG_S\CG-S_T1\GOPR3104.JPG,0.2543,False
Coral Garden\2024_JUL_CG_S\CG-S_T1\GOPR3104,GOPR3104,24,Coral Garden\2024_JUL_CG_S\CG-S_T1\GOPR3104\Coral24.JPG,Coral Garden\2024_JUL_CG_S\CG-S_T1\GOPR3104.JPG,0.2319,True
Coral Garden\2024_JUL_CG_S\CG-S_T1\GOPR3104,GOPR3104,27,Coral Garden\2024_JUL_CG_S\CG-S_T1\GOPR3104\Coral27.JPG,Coral Garden\2024_JUL_CG_S\CG-S_T1\GOPR3104.JPG,0.2118,False
Coral Garden\2024_JUL_CG_S\CG-S_T1\GOPR3104,GOPR3104,29,Coral Garden\2024_JUL_CG_S\CG-S_T1\GOPR3104\Coral29.JPG,Coral Garden\2024_JUL_CG_S\CG-S_T1\GOPR3104.JPG,0.1558,True
Coral Garden\2024_JUL_CG_S\CG-S_T1\GOPR3105,GOPR3105,5,Coral Garden\2024_JUL_CG_S\CG-S_T1\GOPR3105\Coral5.JPG,Coral Garden\2024_JUL_CG_S\CG-S_T1\GOPR3105.JPG,0.4807,True
Coral Garden\2024_JUL_CG_S\CG-S_T1\GOPR3105,GOPR3105,9,Coral Garden\2024_JUL_CG_S\CG-S_T1\GOPR3105\Coral9.JPG,Coral Garden\2024_JUL_CG_S\CG-S_T1\GOPR3105.JPG,0.3385,False
Coral Garden\2024_JUL_CG_S\CG-S_T1\GOPR3105,GOPR3105,12,Coral Garden\2024_JUL_CG_S\CG-S_T1\GOPR3105\Coral12.JPG,Coral Garden\2024_JUL_CG_S\CG-S_T1\GOPR3105.JPG,0.2849,True
Coral Garden\2024_JUL_CG_S\CG-S_T1\GOPR3105,GOPR3105,13,Coral Garden\2024_JUL_CG_S\CG-S_T1\GOPR3105\Coral13.JPG,Coral Garden\2024_JUL_CG_S\CG-S_T1\GOPR3105.JPG,0.2383,False
Coral Garden\2024_JUL_CG_S\CG-S_T1\GOPR3105,GOPR3105,17,Coral Garden\2024_JUL_CG_S\CG-S_T1\GOPR3105\Coral17.JPG,Coral Garden\2024_JUL_CG_S\CG-S_T1\GOPR3105.JPG,0.2018,True
Coral Garden\2024_JUL_CG_S\CG-S_T1\GOPR3105,GOPR3105,19,Coral Garden\2024_JUL_CG_S\CG-S_T1\GOPR3105\Coral19.JPG,Coral Garden\2024_JUL_CG_S\CG-S_T1\GOPR3105.JPG,0.177,True
Coral Garden\2024_JUL_CG_S\CG-S_T1\GOPR3105,GOPR3105,20,Coral Garden\2024_JUL_CG_S\CG-S_T1\GOPR3105\Coral20.JPG,Coral Garden\2024_JUL_CG_S\CG-S_T1\GOPR3105.JPG,0.1724,False
Coral Garden\2024_JUL_CG_S\CG-S_T1\GOPR3105,GOPR3105,21,Coral Garden\2024_JUL_CG_S\CG-S_T1\GOPR3105\Coral21.JPG,Coral Garden\2024_JUL_CG_S\CG-S_T1\GOPR3105.JPG,0.1703,False
Coral Garden\2024_JUL_CG_S\CG-S_T1\GOPR3105,GOPR3105,22,Coral Garden\2024_JUL_CG_S\CG-S_T1\GOPR3105\Coral22.JPG,Coral Garden\2024_JUL_CG_S\CG-S_T1\GOPR3105.JPG,0.1643,False
Coral Garden\2024_JUL_CG_S\CG-S_T1\GOPR3106,GOPR3106,8,Coral Garden\2024_JUL_CG_S\CG-S_T1\GOPR3106\Coral8.JPG,Coral Garden\2024_JUL_CG_S\CG-S_T1\GOPR3106.JPG,0.3265,True
Coral Garden\2024_JUL_CG_S\CG-S_T1\GOPR3106,GOPR3106,11,Coral Garden\2024_JUL_CG_S\CG-S_T1\GOPR3106\Coral11.JPG,Coral Garden\2024_JUL_CG_S\CG-S_T1\GOPR3106.JPG,0.2209,False
Coral Garden\2024_JUL_CG_S\CG-S_T1\GOPR3106,GOPR3106,16,Coral Garden\2024_JUL_CG_S\CG-S_T1\GOPR3106\Coral16.JPG,Coral Garden\2024_JUL_CG_S\CG-S_T1\GOPR3106.JPG,0.184,True
Coral Garden\2024_JUL_CG_S\CG-S_T1\GOPR3107,GOPR3107,10,Coral Garden\2024_JUL_CG_S\CG-S_T1\GOPR3107\Coral10.JPG,Coral Garden\2024_JUL_CG_S\CG-S_T1\GOPR3107.JPG,0.2274,True
Coral Garden\2024_JUL_CG_S\CG-S_T1\GOPR3107,GOPR3107,11,Coral Garden\2024_JUL_CG_S\CG-S_T1\GOPR3107\Coral11.JPG,Coral Garden\2024_JUL_CG_S\CG-S_T1\GOPR3107.JPG,0.2181,True
Coral Garden\2024_JUL_CG_S\CG-S_T1\GOPR3107,GOPR3107,14,Coral Garden\2024_JUL_CG_S\CG-S_T1\GOPR3107\Coral14.JPG,Coral Garden\2024_JUL_CG_S\CG-S_T1\GOPR3107.JPG,0.1822,False
Coral Garden\2024_JUL_CG_S\CG-S_T1\GOPR3108,GOPR3108,10,Coral Garden\2024_JUL_CG_S\CG-S_T1\GOPR3108\Coral10.JPG,Coral Garden\2024_JUL_CG_S\CG-S_T1\GOPR3108.JPG,0.3492,True
Coral Garden\2024_JUL_CG_S\CG-S_T1\GOPR3108,GOPR3108,14,Coral Garden\2024_JUL_CG_S\CG-S_T1\GOPR3108\Coral14.JPG,Coral Garden\2024_JUL_CG_S\CG-S_T1\GOPR3108.JPG,0.2573,True
Coral Garden\2024_JUL_CG_S\CG-S_T1\GOPR3108,GOPR3108,21,Coral Garden\2024_JUL_CG_S\CG-S_T1\GOPR3108\Coral21.JPG,Coral Garden\2024_JUL_CG_S\CG-S_T1\GOPR3108.JPG,0.1982,True
Coral Garden\2024_JUL_CG_S\CG-S_T1\GOPR3108,GOPR3108,22,Coral Garden\2024_JUL_CG_S\CG-S_T1\GOPR3108\Coral22.JPG,Coral Garden\2024_JUL_CG_S\CG-S_T1\GOPR3108.JPG,0.1933,True
Coral Garden\2024_JUL_CG_S\CG-S_T1\GOPR3108,GOPR3108,23,Coral Garden\2024_JUL_CG_S\CG-S_T1\GOPR3108\Coral23.JPG,Coral Garden\2024_JUL_CG_S\CG-S_T1\GOPR3108.JPG,0.1912,True
Coral Garden\2024_JUL_CG_S\CG-S_T1\GOPR3109,GOPR3109,13,Coral Garden\2024_JUL_CG_S\CG-S_T1\GOPR3109\Coral13.JPG,Coral Garden\2024_JUL_CG_S\CG-S_T1\GOPR3109.JPG,0.3701,True
Coral Garden\2024_JUL_CG_S\CG-S_T1\GOPR3109,GOPR3109,14,Coral Garden\2024_JUL_CG_S\CG-S_T1\GOPR3109\Coral14.JPG,Coral Garden\2024_JUL_CG_S\CG-S_T1\GOPR3109.JPG,0.3478,True
Coral Garden\2024_JUL_CG_S\CG-S_T1\GOPR3109,GOPR3109,18,Coral Garden\2024_JUL_CG_S\CG-S_T1\GOPR3109\Coral18.JPG,Coral Garden\2024_JUL_CG_S\CG-S_T1\GOPR3109.JPG,0.27,True
Coral Garden\2024_JUL_CG_S\CG-S_T1\GOPR3109,GOPR3109,19,Coral Garden\2024_JUL_CG_S\CG-S_T1\GOPR3109\Coral19.JPG,Coral Garden\2024_JUL_CG_S\CG-S_T1\GOPR3109.JPG,0.2641,True
Coral Garden\2024_JUL_CG_S\CG-S_T1\GOPR3109,GOPR3109,20,Coral Garden\2024_JUL_CG_S\CG-S_T1\GOPR3109\Coral20.JPG,Coral Garden\2024_JUL_CG_S\CG-S_T1\GOPR3109.JPG,0.2573,True
Coral Garden\2024_JUL_CG_S\CG-S_T1\GOPR3109,GOPR3109,21,Coral Garden\2024_JUL_CG_S\CG-S_T1\GOPR3109\Coral21.JPG,Coral Garden\2024_JUL_CG_S\CG-S_T1\GOPR3109.JPG,0.2259,True
Coral Garden\2024_JUL_CG_S\CG-S_T1\GOPR3110,GOPR3110,13,Coral Garden\2024_JUL_CG_S\CG-S_T1\GOPR3110\Coral13.JPG,Coral Garden\2024_JUL_CG_S\CG-S_T1\GOPR3110.JPG,0.4847,True
Coral Garden\2024_JUL_CG_S\CG-S_T1\GOPR3110,GOPR3110,19,Coral Garden\2024_JUL_CG_S\CG-S_T1\GOPR3110\Coral19.JPG,Coral Garden\2024_JUL_CG_S\CG-S_T1\GOPR3110.JPG,0.4148,True
Coral Garden\2024_JUL_CG_S\CG-S_T1\GOPR3110,GOPR3110,24,Coral Garden\2024_JUL_CG_S\CG-S_T1\GOPR3110\Coral24.JPG,Coral Garden\2024_JUL_CG_S\CG-S_T1\GOPR3110.JPG,0.3193,True
Coral Garden\2024_JUL_CG_S\CG-S_T1\GOPR3110,GOPR3110,28,Coral Garden\2024_JUL_CG_S\CG-S_T1\GOPR3110\Coral28.JPG,Coral Garden\2024_JUL_CG_S\CG-S_T1\GOPR3110.JPG,0.2743,True
Coral Garden\2024_JUL_CG_S\CG-S_T1\GOPR3110,GOPR3110,38,Coral Garden\2024_JUL_CG_S\CG-S_T1\GOPR3110\Coral38.JPG,Coral Garden\2024_JUL_CG_S\CG-S_T1\GOPR3110.JPG,0.1634,True
Coral Garden\2024_JUL_CG_S\CG-S_T1\GOPR3111,GOPR3111,14,Coral Garden\2024_JUL_CG_S\CG-S_T1\GOPR3111\Coral14.JPG,Coral Garden\2024_JUL_CG_S\CG-S_T1\GOPR3111.JPG,0.3307,False
Coral Garden\2024_JUL_CG_S\CG-S_T1\GOPR3111,GOPR3111,17,Coral Garden\2024_JUL_CG_S\CG-S_T1\GOPR3111\Coral17.JPG,Coral Garden\2024_JUL_CG_S\CG-S_T1\GOPR3111.JPG,0.2462,True
Coral Garden\2024_JUL_CG_S\CG-S_T1\GOPR3111,GOPR3111,18,Coral Garden\2024_JUL_CG_S\CG-S_T1\GOPR3111\Coral18.JPG,Coral Garden\2024_JUL_CG_S\CG-S_T1\GOPR3111.JPG,0.2197,True
Coral Garden\2024_JUL_CG_S\CG-S_T1\GOPR3111,GOPR3111,20,Coral Garden\2024_JUL_CG_S\CG-S_T1\GOPR3111\Coral20.JPG,Coral Garden\2024_JUL_CG_S\CG-S_T1\GOPR3111.JPG,0.1562,True
Coral Garden\2024_JUL_CG_S\CG-S_T1\GOPR3112,GOPR3112,11,Coral Garden\2024_JUL_CG_S\CG-S_T1\GOPR3112\Coral11.JPG,Coral Garden\2024_JUL_CG_S\CG-S_T1\GOPR3112.JPG,0.4593,True
Coral Garden\2024_JUL_CG_S\CG-S_T1\GOPR3112,GOPR3112,12,Coral Garden\2024_JUL_CG_S\CG-S_T1\GOPR3112\Coral12.JPG,Coral Garden\2024_JUL_CG_S\CG-S_T1\GOPR3112.JPG,0.4136,True
Coral Garden\2024_JUL_CG_S\CG-S_T1\GOPR3112,GOPR3112,18,Coral Garden\2024_JUL_CG_S\CG-S_T1\GOPR3112\Coral18.JPG,Coral Garden\2024_JUL_CG_S\CG-S_T1\GOPR3112.JPG,0.2971,True
Coral Garden\2024_JUL_CG_S\CG-S_T1\GOPR3112,GOPR3112,22,Coral Garden\2024_JUL_CG_S\CG-S_T1\GOPR3112\Coral22.JPG,Coral Garden\2024_JUL_CG_S\CG-S_T1\GOPR3112.JPG,0.2467,False
Coral Garden\2024_JUL_CG_S\CG-S_T1\GOPR3112,GOPR3112,25,Coral Garden\2024_JUL_CG_S\CG-S_T1\GOPR3112\Coral25.JPG,Coral Garden\2024_JUL_CG_S\CG-S_T1\GOPR3112.JPG,0.2066,False
Coral Garden\2024_JUL_CG_S\CG-S_T1\GOPR3112,GOPR3112,26,Coral Garden\2024_JUL_CG_S\CG-S_T1\GOPR3112\Coral26.JPG,Coral Garden\2024_JUL_CG_S\CG-S_T1\GOPR3112.JPG,0.1714,False
Coral Garden\2024_JUL_CG_S\CG-S_T1\GOPR3113,GOPR3113,13,Coral Garden\2024_JUL_CG_S\CG-S_T1\GOPR3113\Coral13.JPG,Coral Garden\2024_JUL_CG_S\CG-S_T1\GOPR3113.JPG,0.4594,True
Coral Garden\2024_JUL_CG_S\CG-S_T1\GOPR3113,GOPR3113,14,Coral Garden\2024_JUL_CG_S\CG-S_T1\GOPR3113\Coral14.JPG,Coral Garden\2024_JUL_CG_S\CG-S_T1\GOPR3113.JPG,0.4589,True
Coral Garden\2024_JUL_CG_S\CG-S_T1\GOPR3113,GOPR3113,24,Coral Garden\2024_JUL_CG_S\CG-S_T1\GOPR3113\Coral24.JPG,Coral Garden\2024_JUL_CG_S\CG-S_T1\GOPR3113.JPG,0.3508,True
Coral Garden\2024_JUL_CG_S\CG-S_T1\GOPR3113,GOPR3113,27,Coral Garden\2024_JUL_CG_S\CG-S_T1\GOPR3113\Coral27.JPG,Coral Garden\2024_JUL_CG_S\CG-S_T1\GOPR3113.JPG,0.3318,True
Coral Garden\2024_JUL_CG_S\CG-S_T1\GOPR3113,GOPR3113,29,Coral Garden\2024_JUL_CG_S\CG-S_T1\GOPR3113\Coral29.JPG,Coral Garden\2024_JUL_CG_S\CG-S_T1\GOPR3113.JPG,0.2912,True
Coral Garden\2024_JUL_CG_S\CG-S_T1\GOPR3113,GOPR3113,36,Coral Garden\2024_JUL_CG_S\CG-S_T1\GOPR3113\Coral36.JPG,Coral Garden\2024_JUL_CG_S\CG-S_T1\GOPR3113.JPG,0.181,False
Coral Garden\2024_JUL_CG_S\CG-S_T1\GOPR3113,GOPR3113,40,Coral Garden\2024_JUL_CG_S\CG-S_T1\GOPR3113\Coral40.JPG,Coral Garden\2024_JUL_CG_S\CG-S_T1\GOPR3113.JPG,0.1586,True
Coral Garden\2024_JUL_CG_S\CG-S_T1\GOPR3113,GOPR3113,41,Coral Garden\2024_JUL_CG_S\CG-S_T1\GOPR3113\Coral41.JPG,Coral Garden\2024_JUL_CG_S\CG-S_T1\GOPR3113.JPG,0.1544,False
Coral Garden\2024_JUL_CG_S\CG-S_T1\GOPR3114,GOPR3114,9,Coral Garden\2024_JUL_CG_S\CG-S_T1\GOPR3114\Coral9.JPG,Coral Garden\2024_JUL_CG_S\CG-S_T1\GOPR3114.JPG,0.3344,True
Coral Garden\2024_JUL_CG_S\CG-S_T1\GOPR3114,GOPR3114,17,Coral Garden\2024_JUL_CG_S\CG-S_T1\GOPR3114\Coral17.JPG,Coral Garden\2024_JUL_CG_S\CG-S_T1\GOPR3114.JPG,0.2086,False
Coral Garden\2024_JUL_CG_S\CG-S_T1\GOPR3114,GOPR3114,20,Coral Garden\2024_JUL_CG_S\CG-S_T1\GOPR3114\Coral20.JPG,Coral Garden\2024_JUL_CG_S\CG-S_T1\GOPR3114.JPG,0.1908,True
Coral Garden\2024_JUL_CG_S\CG-S_T1\GOPR3115,GOPR3115,25,Coral Garden\2024_JUL_CG_S\CG-S_T1\GOPR3115\Coral25.JPG,Coral Garden\2024_JUL_CG_S\CG-S_T1\GOPR3115.JPG,0.2211,False
Coral Garden\2024_JUL_CG_S\CG-S_T1\GOPR3115,GOPR3115,26,Coral Garden\2024_JUL_CG_S\CG-S_T1\GOPR3115\Coral26.JPG,Coral Garden\2024_JUL_CG_S\CG-S_T1\GOPR3115.JPG,0.2143,True
Coral Garden\2024_JUL_CG_S\CG-S_T1\GOPR3115,GOPR3115,29,Coral Garden\2024_JUL_CG_S\CG-S_T1\GOPR3115\Coral29.JPG,Coral Garden\2024_JUL_CG_S\CG-S_T1\GOPR3115.JPG,0.1739,False
Coral Garden\2024_JUL_CG_S\CG-S_T1\GOPR3115,GOPR3115,30,Coral Garden\2024_JUL_CG_S\CG-S_T1\GOPR3115\Coral30.JPG,Coral Garden\2024_JUL_CG_S\CG-S_T1\GOPR3115.JPG,0.1721,False
Coral Garden\2024_JUL_CG_S\CG-S_T1\GOPR3115,GOPR3115,31,Coral Garden\2024_JUL_CG_S\CG-S_T1\GOPR3115\Coral31.JPG,Coral Garden\2024_JUL_CG_S\CG-S_T1\GOPR3115.JPG,0.1543,True
Coral Garden\2024_JUL_CG_S\CG-S_T1\GOPR3116,GOPR3116,8,Coral Garden\2024_JUL_CG_S\CG-S_T1\GOPR3116\Coral8.JPG,Coral Garden\2024_JUL_CG_S\CG-S_T1\GOPR3116.JPG,0.4712,True
Coral Garden\2024_JUL_CG_S\CG-S_T1\GOPR3116,GOPR3116,12,Coral Garden\2024_JUL_CG_S\CG-S_T1\GOPR3116\Coral12.JPG,Coral Garden\2024_JUL_CG_S\CG-S_T1\GOPR3116.JPG,0.397,True
Coral Garden\2024_JUL_CG_S\CG-S_T1\GOPR3116,GOPR3116,18,Coral Garden\2024_JUL_CG_S\CG-S_T1\GOPR3116\Coral18.JPG,Coral Garden\2024_JUL_CG_S\CG-S_T1\GOPR3116.JPG,0.2687,True
Coral Garden\2024_JUL_CG_S\CG-S_T1\GOPR3116,GOPR3116,20,Coral Garden\2024_JUL_CG_S\CG-S_T1\GOPR3116\Coral20.JPG,Coral Garden\2024_JUL_CG_S\CG-S_T1\GOPR3116.JPG,0.2423,True
Coral Garden\2024_JUL_CG_S\CG-S_T1\GOPR3116,GOPR3116,25,Coral Garden\2024_JUL_CG_S\CG-S_T1\GOPR3116\Coral25.JPG,Coral Garden\2024_JUL_CG_S\CG-S_T1\GOPR3116.JPG,0.2253,True
Coral Garden\2024_JUL_CG_S\CG-S_T1\GOPR3116,GOPR3116,27,Coral Garden\2024_JUL_CG_S\CG-S_T1\GOPR3116\Coral27.JPG,Coral Garden\2024_JUL_CG_S\CG-S_T1\GOPR3116.JPG,0.1916,True
Coral Garden\2024_JUL_CG_S\CG-S_T1\GOPR3116,GOPR3116,28,Coral Garden\2024_JUL_CG_S\CG-S_T1\GOPR3116\Coral28.JPG,Coral Garden\2024_JUL_CG_S\CG-S_T1\GOPR3116.JPG,0.1797,True
Coral Garden\2024_JUL_CG_S\CG-S_T1\GOPR3116,GOPR3116,34,Coral Garden\2024_JUL_CG_S\CG-S_T1\GOPR3116\Coral34.JPG,Coral Garden\2024_JUL_CG_S\CG-S_T1\GOPR3116.JPG,0.1503,True
Coral Garden\2024_JUL_CG_S\CG-S_T1\GOPR3117,GOPR3117,22,Coral Garden\2024_JUL_CG_S\CG-S_T1\GOPR3117\Coral22.JPG,Coral Garden\2024_JUL_CG_S\CG-S_T1\GOPR3117.JPG,0.3537,True
Coral Garden\2024_JUL_CG_S\CG-S_T1\GOPR3117,GOPR3117,29,Coral Garden\2024_JUL_CG_S\CG-S_T1\GOPR3117\Coral29.JPG,Coral Garden\2024_JUL_CG_S\CG-S_T1\GOPR3117.JPG,0.3071,False
Coral Garden\2024_JUL_CG_S\CG-S_T1\GOPR3117,GOPR3117,31,Coral Garden\2024_JUL_CG_S\CG-S_T1\GOPR3117\Coral31.JPG,Coral Garden\2024_JUL_CG_S\CG-S_T1\GOPR3117.JPG,0.2734,True
Coral Garden\2024_JUL_CG_S\CG-S_T1\GOPR3117,GOPR3117,34,Coral Garden\2024_JUL_CG_S\CG-S_T1\GOPR3117\Coral34.JPG,Coral Garden\2024_JUL_CG_S\CG-S_T1\GOPR3117.JPG,0.2532,True
Coral Garden\2024_JUL_CG_S\CG-S_T1\GOPR3117,GOPR3117,37,Coral Garden\2024_JUL_CG_S\CG-S_T1\GOPR3117\Coral37.JPG,Coral Garden\2024_JUL_CG_S\CG-S_T1\GOPR3117.JPG,0.2049,True
Coral Garden\2024_JUL_CG_S\CG-S_T1\GOPR3118,GOPR3118,11,Coral Garden\2024_JUL_CG_S\CG-S_T1\GOPR3118\Coral11.JPG,Coral Garden\2024_JUL_CG_S\CG-S_T1\GOPR3118.JPG,0.2051,True
Coral Garden\2024_JUL_CG_S\CG-S_T1\GOPR3118,GOPR3118,12,Coral Garden\2024_JUL_CG_S\CG-S_T1\GOPR3118\Coral12.JPG,Coral Garden\2024_JUL_CG_S\CG-S_T1\GOPR3118.JPG,0.1882,False
Coral Garden\2024_JUL_CG_S\CG-S_T1\GOPR3118,GOPR3118,13,Coral Garden\2024_JUL_CG_S\CG-S_T1\GOPR3118\Coral13.JPG,Coral Garden\2024_JUL_CG_S\CG-S_T1\GOPR3118.JPG,0.1682,True
Coral Garden\2024_JUL_CG_S\CG-S_T1\GOPR3119,GOPR3119,14,Coral Garden\2024_JUL_CG_S\CG-S_T1\GOPR3119\Coral14.JPG,Coral Garden\2024_JUL_CG_S\CG-S_T1\GOPR3119.JPG,0.209,True
Coral Garden\2024_JUL_CG_S\CG-S_T1\GOPR3121,GOPR3121,9,Coral Garden\2024_JUL_CG_S\CG-S_T1\GOPR3121\Coral9.JPG,Coral Garden\2024_JUL_CG_S\CG-S_T1\GOPR3121.JPG,0.2639,True
Coral Garden\2024_JUL_CG_S\CG-S_T1\GOPR3121,GOPR3121,13,Coral Garden\2024_JUL_CG_S\CG-S_T1\GOPR3121\Coral13.JPG,Coral Garden\2024_JUL_CG_S\CG-S_T1\GOPR3121.JPG,0.2013,True
Coral Garden\2024_JUL_CG_S\CG-S_T1\GOPR3121,GOPR3121,15,Coral Garden\2024_JUL_CG_S\CG-S_T1\GOPR3121\Coral15.JPG,Coral Garden\2024_JUL_CG_S\CG-S_T1\GOPR3121.JPG,0.1942,True
Coral Garden\2024_JUL_CG_S\CG-S_T1\GOPR3121,GOPR3121,20,Coral Garden\2024_JUL_CG_S\CG-S_T1\GOPR3121\Coral20.JPG,Coral Garden\2024_JUL_CG_S\CG-S_T1\GOPR3121.JPG,0.176,True
Coral Garden\2024_JUL_CG_S\CG-S_T1\GOPR3121,GOPR3121,24,Coral Garden\2024_JUL_CG_S\CG-S_T1\GOPR3121\Coral24.JPG,Coral Garden\2024_JUL_CG_S\CG-S_T1\GOPR3121.JPG,0.1513,True
Coral Garden\2024_JUL_CG_S\CG-S_T1\GOPR3122,GOPR3122,9,Coral Garden\2024_JUL_CG_S\CG-S_T1\GOPR3122\Coral9.JPG,Coral Garden\2024_JUL_CG_S\CG-S_T1\GOPR3122.JPG,0.2865,False
Coral Garden\2024_JUL_CG_S\CG-S_T1\GOPR3122,GOPR3122,11,Coral Garden\2024_JUL_CG_S\CG-S_T1\GOPR3122\Coral11.JPG,Coral Garden\2024_JUL_CG_S\CG-S_T1\GOPR3122.JPG,0.2153,True
Coral Garden\2024_JUL_CG_S\CG-S_T1\GOPR3122,GOPR3122,13,Coral Garden\2024_JUL_CG_S\CG-S_T1\GOPR3122\Coral13.JPG,Coral Garden\2024_JUL_CG_S\CG-S_T1\GOPR3122.JPG,0.1953,True
Coral Garden\2024_JUL_CG_S\CG-S_T1\GOPR3123,GOPR3123,20,Coral Garden\2024_JUL_CG_S\CG-S_T1\GOPR3123\Coral20.JPG,Coral Garden\2024_JUL_CG_S\CG-S_T1\GOPR3123.JPG,0.2966,True
Coral Garden\2024_JUL_CG_S\CG-S_T1\GOPR3123,GOPR3123,28,Coral Garden\2024_JUL_CG_S\CG-S_T1\GOPR3123\Coral28.JPG,Coral Garden\2024_JUL_CG_S\CG-S_T1\GOPR3123.JPG,0.2055,True
Coral Garden\2024_JUL_CG_S\CG-S_T1\GOPR3123,GOPR3123,32,Coral Garden\2024_JUL_CG_S\CG-S_T1\GOPR3123\Coral32.JPG,Coral Garden\2024_JUL_CG_S\CG-S_T1\GOPR3123.JPG,0.1772,False
Coral Garden\2024_JUL_CG_S\CG-S_T1\GOPR3124,GOPR3124,12,Coral Garden\2024_JUL_CG_S\CG-S_T1\GOPR3124\Coral12.JPG,Coral Garden\2024_JUL_CG_S\CG-S_T1\GOPR3124.JPG,0.4387,False
Coral Garden\2024_JUL_CG_S\CG-S_T1\GOPR3124,GOPR3124,13,Coral Garden\2024_JUL_CG_S\CG-S_T1\GOPR3124\Coral13.JPG,Coral Garden\2024_JUL_CG_S\CG-S_T1\GOPR3124.JPG,0.4221,True
Coral Garden\2024_JUL_CG_S\CG-S_T1\GOPR3124,GOPR3124,15,Coral Garden\2024_JUL_CG_S\CG-S_T1\GOPR3124\Coral15.JPG,Coral Garden\2024_JUL_CG_S\CG-S_T1\GOPR3124.JPG,0.4007,True
Coral Garden\2024_JUL_CG_S\CG-S_T1\GOPR3124,GOPR3124,18,Coral Garden\2024_JUL_CG_S\CG-S_T1\GOPR3124\Coral18.JPG,Coral Garden\2024_JUL_CG_S\CG-S_T1\GOPR3124.JPG,0.3464,True
Coral Garden\2024_JUL_CG_S\CG-S_T1\GOPR3124,GOPR3124,24,Coral Garden\2024_JUL_CG_S\CG-S_T1\GOPR3124\Coral24.JPG,Coral Garden\2024_JUL_CG_S\CG-S_T1\GOPR3124.JPG,0.2377,False
Coral Garden\2024_JUL_CG_S\CG-S_T1\GOPR3125,GOPR3125,5,Coral Garden\2024_JUL_CG_S\CG-S_T1\GOPR3125\Coral5.JPG,Coral Garden\2024_JUL_CG_S\CG-S_T1\GOPR3125.JPG,0.4575,True
Coral Garden\2024_JUL_CG_S\CG-S_T1\GOPR3125,GOPR3125,9,Coral Garden\2024_JUL_CG_S\CG-S_T1\GOPR3125\Coral9.JPG,Coral Garden\2024_JUL_CG_S\CG-S_T1\GOPR3125.JPG,0.3956,False
Coral Garden\2024_JUL_CG_S\CG-S_T1\GOPR3125,GOPR3125,10,Coral Garden\2024_JUL_CG_S\CG-S_T1\GOPR3125\Coral10.JPG,Coral Garden\2024_JUL_CG_S\CG-S_T1\GOPR3125.JPG,0.3831,True
Coral Garden\2024_JUL_CG_S\CG-S_T1\GOPR3126,GOPR3126,7,Coral Garden\2024_JUL_CG_S\CG-S_T1\GOPR3126\Coral7.JPG,Coral Garden\2024_JUL_CG_S\CG-S_T1\GOPR3126.JPG,0.1785,True
Coral Garden\2024_JUL_CG_S\CG-S_T1\GOPR3126,GOPR3126,8,Coral Garden\2024_JUL_CG_S\CG-S_T1\GOPR3126\Coral8.JPG,Coral Garden\2024_JUL_CG_S\CG-S_T1\GOPR3126.JPG,0.1774,False
Coral Garden\2024_JUL_CG_S\CG-S_T1\GOPR3127,GOPR3127,3,Coral Garden\2024_JUL_CG_S\CG-S_T1\GOPR3127\Coral3.JPG,Coral Garden\2024_JUL_CG_S\CG-S_T1\GOPR3127.JPG,0.2774,True
Coral Garden\2024_JUL_CG_S\CG-S_T1\GOPR3127,GOPR3127,5,Coral Garden\2024_JUL_CG_S\CG-S_T1\GOPR3127\Coral5.JPG,Coral Garden\2024_JUL_CG_S\CG-S_T1\GOPR3127.JPG,0.1625,True
Coral Garden\2024_JUL_CG_S\CG-S_T1\GOPR3128,GOPR3128,9,Coral Garden\2024_JUL_CG_S\CG-S_T1\GOPR3128\Coral9.JPG,Coral Garden\2024_JUL_CG_S\CG-S_T1\GOPR3128.JPG,0.4543,True
Coral Garden\2024_JUL_CG_S\CG-S_T1\GOPR3128,GOPR3128,15,Coral Garden\2024_JUL_CG_S\CG-S_T1\GOPR3128\Coral15.JPG,Coral Garden\2024_JUL_CG_S\CG-S_T1\GOPR3128.JPG,0.2706,True
Coral Garden\2024_JUL_CG_S\CG-S_T1\GOPR3128,GOPR3128,19,Coral Garden\2024_JUL_CG_S\CG-S_T1\GOPR3128\Coral19.JPG,Coral Garden\2024_JUL_CG_S\CG-S_T1\GOPR3128.JPG,0.2137,False
Coral Garden\2024_JUL_CG_S\CG-S_T1\GOPR3129,GOPR3129,19,Coral Garden\2024_JUL_CG_S\CG-S_T1\GOPR3129\Coral19.JPG,Coral Garden\2024_JUL_CG_S\CG-S_T1\GOPR3129.JPG,0.4325,True
Coral Garden\2024_JUL_CG_S\CG-S_T1\GOPR3129,GOPR3129,32,Coral Garden\2024_JUL_CG_S\CG-S_T1\GOPR3129\Coral32.JPG,Coral Garden\2024_JUL_CG_S\CG-S_T1\GOPR3129.JPG,0.2755,False
Coral Garden\2024_JUL_CG_S\CG-S_T1\GOPR3129,GOPR3129,40,Coral Garden\2024_JUL_CG_S\CG-S_T1\GOPR3129\Coral40.JPG,Coral Garden\2024_JUL_CG_S\CG-S_T1\GOPR3129.JPG,0.1655,False
Coral Garden\2024_JUL_CG_S\CG-S_T1\GOPR3129,GOPR3129,41,Coral Garden\2024_JUL_CG_S\CG-S_T1\GOPR3129\Coral41.JPG,Coral Garden\2024_JUL_CG_S\CG-S_T1\GOPR3129.JPG,0.1654,True
Coral Garden\2024_JUL_CG_S\CG-S_T1\GOPR3129,GOPR3129,42,Coral Garden\2024_JUL_CG_S\CG-S_T1\GOPR3129\Coral42.JPG,Coral Garden\2024_JUL_CG_S\CG-S_T1\GOPR3129.JPG,0.1549,False
Coral Garden\2024_JUL_CG_S\CG-S_T1\GOPR3129,GOPR3129,43,Coral Garden\2024_JUL_CG_S\CG-S_T1\GOPR3129\Coral43.JPG,Coral Garden\2024_JUL_CG_S\CG-S_T1\GOPR3129.JPG,0.1546,True
Coral Garden\2024_JUL_CG_S\CG-S_T1\GOPR3130,GOPR3130,20,Coral Garden\2024_JUL_CG_S\CG-S_T1\GOPR3130\Coral20.JPG,Coral Garden\2024_JUL_CG_S\CG-S_T1\GOPR3130.JPG,0.3571,True
Coral Garden\2024_JUL_CG_S\CG-S_T1\GOPR3130,GOPR3130,30,Coral Garden\2024_JUL_CG_S\CG-S_T1\GOPR3130\Coral30.JPG,Coral Garden\2024_JUL_CG_S\CG-S_T1\GOPR3130.JPG,0.2592,False
Coral Garden\2024_JUL_CG_S\CG-S_T1\GOPR3130,GOPR3130,32,Coral Garden\2024_JUL_CG_S\CG-S_T1\GOPR3130\Coral32.JPG,Coral Garden\2024_JUL_CG_S\CG-S_T1\GOPR3130.JPG,0.2295,True
Coral Garden\2024_JUL_CG_S\CG-S_T1\GOPR3130,GOPR3130,38,Coral Garden\2024_JUL_CG_S\CG-S_T1\GOPR3130\Coral38.JPG,Coral Garden\2024_JUL_CG_S\CG-S_T1\GOPR3130.JPG,0.1628,True
Coral Garden\2024_JUL_CG_S\CG-S_T1\GOPR3131,GOPR3131,12,Coral Garden\2024_JUL_CG_S\CG-S_T1\GOPR3131\Coral12.JPG,Coral Garden\2024_JUL_CG_S\CG-S_T1\GOPR3131.JPG,0.5555,True
Coral Garden\2024_JUL_CG_S\CG-S_T1\GOPR3131,GOPR3131,13,Coral Garden\2024_JUL_CG_S\CG-S_T1\GOPR3131\Coral13.JPG,Coral Garden\2024_JUL_CG_S\CG-S_T1\GOPR3131.JPG,0.5341,False
Coral Garden\2024_JUL_CG_S\CG-S_T1\GOPR3131,GOPR3131,24,Coral Garden\2024_JUL_CG_S\CG-S_T1\GOPR3131\Coral24.JPG,Coral Garden\2024_JUL_CG_S\CG-S_T1\GOPR3131.JPG,0.3822,True
Coral Garden\2024_JUL_CG_S\CG-S_T1\GOPR3131,GOPR3131,29,Coral Garden\2024_JUL_CG_S\CG-S_T1\GOPR3131\Coral29.JPG,Coral Garden\2024_JUL_CG_S\CG-S_T1\GOPR3131.JPG,0.3244,True
Coral Garden\2024_JUL_CG_S\CG-S_T1\GOPR3131,GOPR3131,36,Coral Garden\2024_JUL_CG_S\CG-S_T1\GOPR3131\Coral36.JPG,Coral Garden\2024_JUL_CG_S\CG-S_T1\GOPR3131.JPG,0.2592,True
Coral Garden\2024_JUL_CG_S\CG-S_T1\GOPR3131,GOPR3131,38,Coral Garden\2024_JUL_CG_S\CG-S_T1\GOPR3131\Coral38.JPG,Coral Garden\2024_JUL_CG_S\CG-S_T1\GOPR3131.JPG,0.2504,True
Coral Garden\2024_JUL_CG_S\CG-S_T1\GOPR3131,GOPR3131,43,Coral Garden\2024_JUL_CG_S\CG-S_T1\GOPR3131\Coral43.JPG,Coral Garden\2024_JUL_CG_S\CG-S_T1\GOPR3131.JPG,0.2239,True
Coral Garden\2024_JUL_CG_S\CG-S_T1\GOPR3131,GOPR3131,44,Coral Garden\2024_JUL_CG_S\CG-S_T1\GOPR3131\Coral44.JPG,Coral Garden\2024_JUL_CG_S\CG-S_T1\GOPR3131.JPG,0.2156,False
Coral Garden\2024_JUL_CG_S\CG-S_T1\GOPR3131,GOPR3131,46,Coral Garden\2024_JUL_CG_S\CG-S_T1\GOPR3131\Coral46.JPG,Coral Garden\2024_JUL_CG_S\CG-S_T1\GOPR3131.JPG,0.1825,True
Coral Garden\2024_JUL_CG_S\CG-S_T1\GOPR3131,GOPR3131,49,Coral Garden\2024_JUL_CG_S\CG-S_T1\GOPR3131\Coral49.JPG,Coral Garden\2024_JUL_CG_S\CG-S_T1\GOPR3131.JPG,0.1657,True
Coral Garden\2024_JUL_CG_S\CG-S_T1\GOPR3131,GOPR3131,52,Coral Garden\2024_JUL_CG_S\CG-S_T1\GOPR3131\Coral52.JPG,Coral Garden\2024_JUL_CG_S\CG-S_T1\GOPR3131.JPG,0.1532,False
Coral Garden\2024_JUL_CG_S\CG-S_T1\GOPR3131,GOPR3131,54,Coral Garden\2024_JUL_CG_S\CG-S_T1\GOPR3131\Coral54.JPG,Coral Garden\2024_JUL_CG_S\CG-S_T1\GOPR3131.JPG,0.1517,True
Coral Garden\2024_JUL_CG_S\CG-S_T1\GOPR3132,GOPR3132,27,Coral Garden\2024_JUL_CG_S\CG-S_T1\GOPR3132\Coral27.JPG,Coral Garden\2024_JUL_CG_S\CG-S_T1\GOPR3132.JPG,0.1811,False
Coral Garden\2024_JUL_CG_S\CG-S_T1\GOPR3132,GOPR3132,28,Coral Garden\2024_JUL_CG_S\CG-S_T1\GOPR3132\Coral28.JPG,Coral Garden\2024_JUL_CG_S\CG-S_T1\GOPR3132.JPG,0.1786,True
Coral Garden\2024_JUL_CG_S\CG-S_T1\GOPR3133,GOPR3133,5,Coral Garden\2024_JUL_CG_S\CG-S_T1\GOPR3133\Coral5.JPG,Coral Garden\2024_JUL_CG_S\CG-S_T1\GOPR3133.JPG,0.2666,False
Coral Garden\2024_JUL_CG_S\CG-S_T1\GOPR3133,GOPR3133,7,Coral Garden\2024_JUL_CG_S\CG-S_T1\GOPR3133\Coral7.JPG,Coral Garden\2024_JUL_CG_S\CG-S_T1\GOPR3133.JPG,0.2036,True
Coral Garden\2024_JUL_CG_S\CG-S_T1\GOPR3134,GOPR3134,10,Coral Garden\2024_JUL_CG_S\CG-S_T1\GOPR3134\Coral10.JPG,Coral Garden\2024_JUL_CG_S\CG-S_T1\GOPR3134.JPG,0.1948,True
Coral Garden\2024_JUL_CG_S\CG-S_T1\GOPR3134,GOPR3134,11,Coral Garden\2024_JUL_CG_S\CG-S_T1\GOPR3134\Coral11.JPG,Coral Garden\2024_JUL_CG_S\CG-S_T1\GOPR3134.JPG,0.1914,True
Coral Garden\2024_JUL_CG_S\CG-S_T1\GOPR3134,GOPR3134,12,Coral Garden\2024_JUL_CG_S\CG-S_T1\GOPR3134\Coral12.JPG,Coral Garden\2024_JUL_CG_S\CG-S_T1\GOPR3134.JPG,0.1887,False
Coral Garden\2024_JUL_CG_S\CG-S_T1\GOPR3134,GOPR3134,13,Coral Garden\2024_JUL_CG_S\CG-S_T1\GOPR3134\Coral13.JPG,Coral Garden\2024_JUL_CG_S\CG-S_T1\GOPR3134.JPG,0.1653,False
Coral Garden\2024_JUL_CG_S\CG-S_T1\GOPR3135,GOPR3135,4,Coral Garden\2024_JUL_CG_S\CG-S_T1\GOPR3135\Coral4.JPG,Coral Garden\2024_JUL_CG_S\CG-S_T1\GOPR3135.JPG,0.3758,True
Coral Garden\2024_JUL_CG_S\CG-S_T1\GOPR3135,GOPR3135,5,Coral Garden\2024_JUL_CG_S\CG-S_T1\GOPR3135\Coral5.JPG,Coral Garden\2024_JUL_CG_S\CG-S_T1\GOPR3135.JPG,0.3081,False
Coral Garden\2024_JUL_CG_S\CG-S_T1\GOPR3135,GOPR3135,6,Coral Garden\2024_JUL_CG_S\CG-S_T1\GOPR3135\Coral6.JPG,Coral Garden\2024_JUL_CG_S\CG-S_T1\GOPR3135.JPG,0.2547,False
Coral Garden\2024_JUL_CG_S\CG-S_T1\GOPR3135,GOPR3135,9,Coral Garden\2024_JUL_CG_S\CG-S_T1\GOPR3135\Coral9.JPG,Coral Garden\2024_JUL_CG_S\CG-S_T1\GOPR3135.JPG,0.1995,False
Coral Garden\2024_JUL_CG_S\CG-S_T1\GOPR3135,GOPR3135,13,Coral Garden\2024_JUL_CG_S\CG-S_T1\GOPR3135\Coral13.JPG,Coral Garden\2024_JUL_CG_S\CG-S_T1\GOPR3135.JPG,0.1557,True
Coral Garden\2024_JUL_CG_S\CG-S_T1\GOPR3136,GOPR3136,1,Coral Garden\2024_JUL_CG_S\CG-S_T1\GOPR3136\Coral1.JPG,Coral Garden\2024_JUL_CG_S\CG-S_T1\GOPR3136.JPG,0.3093,True
Coral Garden\2024_JUL_CG_S\CG-S_T1\GOPR3136,GOPR3136,6,Coral Garden\2024_JUL_CG_S\CG-S_T1\GOPR3136\Coral6.JPG,Coral Garden\2024_JUL_CG_S\CG-S_T1\GOPR3136.JPG,0.217,False
Coral Garden\2024_JUL_CG_S\CG-S_T1\GOPR3136,GOPR3136,7,Coral Garden\2024_JUL_CG_S\CG-S_T1\GOPR3136\Coral7.JPG,Coral Garden\2024_JUL_CG_S\CG-S_T1\GOPR3136.JPG,0.2058,False
Coral Garden\2024_JUL_CG_S\CG-S_T1\GOPR3136,GOPR3136,11,Coral Garden\2024_JUL_CG_S\CG-S_T1\GOPR3136\Coral11.JPG,Coral Garden\2024_JUL_CG_S\CG-S_T1\GOPR3136.JPG,0.1708,False
Coral Garden\2024_JUL_CG_S\CG-S_T1\GOPR3137,GOPR3137,1,Coral Garden\2024_JUL_CG_S\CG-S_T1\GOPR3137\Coral1.JPG,Coral Garden\2024_JUL_CG_S\CG-S_T1\GOPR3137.JPG,0.385,True
Coral Garden\2024_JUL_CG_S\CG-S_T1\GOPR3137,GOPR3137,3,Coral Garden\2024_JUL_CG_S\CG-S_T1\GOPR3137\Coral3.JPG,Coral Garden\2024_JUL_CG_S\CG-S_T1\GOPR3137.JPG,0.2756,True
Coral Garden\2024_JUL_CG_S\CG-S_T1\GOPR3137,GOPR3137,4,Coral Garden\2024_JUL_CG_S\CG-S_T1\GOPR3137\Coral4.JPG,Coral Garden\2024_JUL_CG_S\CG-S_T1\GOPR3137.JPG,0.2639,False
Coral Garden\2024_JUL_CG_S\CG-S_T1\GOPR3137,GOPR3137,5,Coral Garden\2024_JUL_CG_S\CG-S_T1\GOPR3137\Coral5.JPG,Coral Garden\2024_JUL_CG_S\CG-S_T1\GOPR3137.JPG,0.2422,True
Coral Garden\2024_JUL_CG_S\CG-S_T1\GOPR3137,GOPR3137,6,Coral Garden\2024_JUL_CG_S\CG-S_T1\GOPR3137\Coral6.JPG,Coral Garden\2024_JUL_CG_S\CG-S_T1\GOPR3137.JPG,0.2402,True
Coral Garden\2024_JUL_CG_S\CG-S_T1\GOPR3137,GOPR3137,9,Coral Garden\2024_JUL_CG_S\CG-S_T1\GOPR3137\Coral9.JPG,Coral Garden\2024_JUL_CG_S\CG-S_T1\GOPR3137.JPG,0.1952,True
Coral Garden\2024_JUL_CG_S\CG-S_T1\GOPR3137,GOPR3137,10,Coral Garden\2024_JUL_CG_S\CG-S_T1\GOPR3137\Coral10.JPG,Coral Garden\2024_JUL_CG_S\CG-S_T1\GOPR3137.JPG,0.1781,True
Coral Garden\2024_JUL_CG_S\CG-S_T1\GOPR3137,GOPR3137,12,Coral Garden\2024_JUL_CG_S\CG-S_T1\GOPR3137\Coral12.JPG,Coral Garden\2024_JUL_CG_S\CG-S_T1\GOPR3137.JPG,0.1759,True
Coral Garden\2024_JUL_CG_S\CG-S_T1\GOPR3137,GOPR3137,13,Coral Garden\2024_JUL_CG_S\CG-S_T1\GOPR3137\Coral13.JPG,Coral Garden\2024_JUL_CG_S\CG-S_T1\GOPR3137.JPG,0.1703,True
Coral Garden\2024_JUL_CG_S\CG-S_T2\GOPR3145,GOPR3145,4,Coral Garden\2024_JUL_CG_S\CG-S_T2\GOPR3145\Coral4.JPG,Coral Garden\2024_JUL_CG_S\CG-S_T2\GOPR3145.JPG,0.3845,True
Coral Garden\2024_JUL_CG_S\CG-S_T2\GOPR3145,GOPR3145,8,Coral Garden\2024_JUL_CG_S\CG-S_T2\GOPR3145\Coral8.JPG,Coral Garden\2024_JUL_CG_S\CG-S_T2\GOPR3145.JPG,0.2236,True
Coral Garden\2024_JUL_CG_S\CG-S_T2\GOPR3145,GOPR3145,15,Coral Garden\2024_JUL_CG_S\CG-S_T2\GOPR3145\Coral15.JPG,Coral Garden\2024_JUL_CG_S\CG-S_T2\GOPR3145.JPG,0.1615,True
Coral Garden\2024_JUL_CG_S\CG-S_T2\GOPR3145,GOPR3145,17,Coral Garden\2024_JUL_CG_S\CG-S_T2\GOPR3145\Coral17.JPG,Coral Garden\2024_JUL_CG_S\CG-S_T2\GOPR3145.JPG,0.1535,True
Coral Garden\2024_JUL_CG_S\CG-S_T2\GOPR3145,GOPR3145,18,Coral Garden\2024_JUL_CG_S\CG-S_T2\GOPR3145\Coral18.JPG,Coral Garden\2024_JUL_CG_S\CG-S_T2\GOPR3145.JPG,0.1501,True
Coral Garden\2024_JUL_CG_S\CG-S_T2\GOPR3146,GOPR3146,14,Coral Garden\2024_JUL_CG_S\CG-S_T2\GOPR3146\Coral14.JPG,Coral Garden\2024_JUL_CG_S\CG-S_T2\GOPR3146.JPG,0.157,True
Coral Garden\2024_JUL_CG_S\CG-S_T2\GOPR3146,GOPR3146,15,Coral Garden\2024_JUL_CG_S\CG-S_T2\GOPR3146\Coral15.JPG,Coral Garden\2024_JUL_CG_S\CG-S_T2\GOPR3146.JPG,0.1565,True
Coral Garden\2024_JUL_CG_S\CG-S_T2\GOPR3147,GOPR3147,9,Coral Garden\2024_JUL_CG_S\CG-S_T2\GOPR3147\Coral9.JPG,Coral Garden\2024_JUL_CG_S\CG-S_T2\GOPR3147.JPG,0.2717,False
Coral Garden\2024_JUL_CG_S\CG-S_T2\GOPR3147,GOPR3147,11,Coral Garden\2024_JUL_CG_S\CG-S_T2\GOPR3147\Coral11.JPG,Coral Garden\2024_JUL_CG_S\CG-S_T2\GOPR3147.JPG,0.2193,True
Coral Garden\2024_JUL_CG_S\CG-S_T2\GOPR3148,GOPR3148,14,Coral Garden\2024_JUL_CG_S\CG-S_T2\GOPR3148\Coral14.JPG,Coral Garden\2024_JUL_CG_S\CG-S_T2\GOPR3148.JPG,0.1975,True
Coral Garden\2024_JUL_CG_S\CG-S_T2\GOPR3148,GOPR3148,17,Coral Garden\2024_JUL_CG_S\CG-S_T2\GOPR3148\Coral17.JPG,Coral Garden\2024_JUL_CG_S\CG-S_T2\GOPR3148.JPG,0.1582,False
Coral Garden\2024_JUL_CG_S\CG-S_T2\GOPR3149,GOPR3149,14,Coral Garden\2024_JUL_CG_S\CG-S_T2\GOPR3149\Coral14.JPG,Coral Garden\2024_JUL_CG_S\CG-S_T2\GOPR3149.JPG,0.2143,True
Coral Garden\2024_JUL_CG_S\CG-S_T2\GOPR3150,GOPR3150,7,Coral Garden\2024_JUL_CG_S\CG-S_T2\GOPR3150\Coral7.JPG,Coral Garden\2024_JUL_CG_S\CG-S_T2\GOPR3150.JPG,0.3815,False
Coral Garden\2024_JUL_CG_S\CG-S_T2\GOPR3150,GOPR3150,12,Coral Garden\2024_JUL_CG_S\CG-S_T2\GOPR3150\Coral12.JPG,Coral Garden\2024_JUL_CG_S\CG-S_T2\GOPR3150.JPG,0.2354,False
Coral Garden\2024_JUL_CG_S\CG-S_T2\GOPR3150,GOPR3150,14,Coral Garden\2024_JUL_CG_S\CG-S_T2\GOPR3150\Coral14.JPG,Coral Garden\2024_JUL_CG_S\CG-S_T2\GOPR3150.JPG,0.2102,False
Coral Garden\2024_JUL_CG_S\CG-S_T2\GOPR3150,GOPR3150,16,Coral Garden\2024_JUL_CG_S\CG-S_T2\GOPR3150\Coral16.JPG,Coral Garden\2024_JUL_CG_S\CG-S_T2\GOPR3150.JPG,0.17,True
Coral Garden\2024_JUL_CG_S\CG-S_T2\GOPR3150,GOPR3150,17,Coral Garden\2024_JUL_CG_S\CG-S_T2\GOPR3150\Coral17.JPG,Coral Garden\2024_JUL_CG_S\CG-S_T2\GOPR3150.JPG,0.1683,True
Coral Garden\2024_JUL_CG_S\CG-S_T2\GOPR3151,GOPR3151,14,Coral Garden\2024_JUL_CG_S\CG-S_T2\GOPR3151\Coral14.JPG,Coral Garden\2024_JUL_CG_S\CG-S_T2\GOPR3151.JPG,0.198,True
Coral Garden\2024_JUL_CG_S\CG-S_T2\GOPR3151,GOPR3151,15,Coral Garden\2024_JUL_CG_S\CG-S_T2\GOPR3151\Coral15.JPG,Coral Garden\2024_JUL_CG_S\CG-S_T2\GOPR3151.JPG,0.18,False
Coral Garden\2024_JUL_CG_S\CG-S_T2\GOPR3151,GOPR3151,16,Coral Garden\2024_JUL_CG_S\CG-S_T2\GOPR3151\Coral16.JPG,Coral Garden\2024_JUL_CG_S\CG-S_T2\GOPR3151.JPG,0.1695,False
Coral Garden\2024_JUL_CG_S\CG-S_T2\GOPR3152,GOPR3152,21,Coral Garden\2024_JUL_CG_S\CG-S_T2\GOPR3152\Coral21.JPG,Coral Garden\2024_JUL_CG_S\CG-S_T2\GOPR3152.JPG,0.284,False
Coral Garden\2024_JUL_CG_S\CG-S_T2\GOPR3152,GOPR3152,29,Coral Garden\2024_JUL_CG_S\CG-S_T2\GOPR3152\Coral29.JPG,Coral Garden\2024_JUL_CG_S\CG-S_T2\GOPR3152.JPG,0.1649,True
Coral Garden\2024_JUL_CG_S\CG-S_T2\GOPR3153,GOPR3153,11,Coral Garden\2024_JUL_CG_S\CG-S_T2\GOPR3153\Coral11.JPG,Coral Garden\2024_JUL_CG_S\CG-S_T2\GOPR3153.JPG,0.2321,True
Coral Garden\2024_JUL_CG_S\CG-S_T2\GOPR3153,GOPR3153,13,Coral Garden\2024_JUL_CG_S\CG-S_T2\GOPR3153\Coral13.JPG,Coral Garden\2024_JUL_CG_S\CG-S_T2\GOPR3153.JPG,0.1991,False
Coral Garden\2024_JUL_CG_S\CG-S_T2\GOPR3153,GOPR3153,16,Coral Garden\2024_JUL_CG_S\CG-S_T2\GOPR3153\Coral16.JPG,Coral Garden\2024_JUL_CG_S\CG-S_T2\GOPR3153.JPG,0.1718,False
Coral Garden\2024_JUL_CG_S\CG-S_T2\GOPR3153,GOPR3153,18,Coral Garden\2024_JUL_CG_S\CG-S_T2\GOPR3153\Coral18.JPG,Coral Garden\2024_JUL_CG_S\CG-S_T2\GOPR3153.JPG,0.1659,True
Coral Garden\2024_JUL_CG_S\CG-S_T2\GOPR3154,GOPR3154,13,Coral Garden\2024_JUL_CG_S\CG-S_T2\GOPR3154\Coral13.JPG,Coral Garden\2024_JUL_CG_S\CG-S_T2\GOPR3154.JPG,0.269,False
Coral Garden\2024_JUL_CG_S\CG-S_T2\GOPR3154,GOPR3154,16,Coral Garden\2024_JUL_CG_S\CG-S_T2\GOPR3154\Coral16.JPG,Coral Garden\2024_JUL_CG_S\CG-S_T2\GOPR3154.JPG,0.2329,False
Coral Garden\2024_JUL_CG_S\CG-S_T2\GOPR3154,GOPR3154,18,Coral Garden\2024_JUL_CG_S\CG-S_T2\GOPR3154\Coral18.JPG,Coral Garden\2024_JUL_CG_S\CG-S_T2\GOPR3154.JPG,0.1987,False
Coral Garden\2024_JUL_CG_S\CG-S_T2\GOPR3154,GOPR3154,20,Coral Garden\2024_JUL_CG_S\CG-S_T2\GOPR3154\Coral20.JPG,Coral Garden\2024_JUL_CG_S\CG-S_T2\GOPR3154.JPG,0.1678,True
Coral Garden\2024_JUL_CG_S\CG-S_T2\GOPR3155,GOPR3155,7,Coral Garden\2024_JUL_CG_S\CG-S_T2\GOPR3155\Coral7.JPG,Coral Garden\2024_JUL_CG_S\CG-S_T2\GOPR3155.JPG,0.4103,True
Coral Garden\2024_JUL_CG_S\CG-S_T2\GOPR3155,GOPR3155,8,Coral Garden\2024_JUL_CG_S\CG-S_T2\GOPR3155\Coral8.JPG,Coral Garden\2024_JUL_CG_S\CG-S_T2\GOPR3155.JPG,0.369,True
Coral Garden\2024_JUL_CG_S\CG-S_T2\GOPR3155,GOPR3155,21,Coral Garden\2024_JUL_CG_S\CG-S_T2\GOPR3155\Coral21.JPG,Coral Garden\2024_JUL_CG_S\CG-S_T2\GOPR3155.JPG,0.1723,False
Coral Garden\2024_JUL_CG_S\CG-S_T2\GOPR3155,GOPR3155,22,Coral Garden\2024_JUL_CG_S\CG-S_T2\GOPR3155\Coral22.JPG,Coral Garden\2024_JUL_CG_S\CG-S_T2\GOPR3155.JPG,0.1712,True
Coral Garden\2024_JUL_CG_S\CG-S_T2\GOPR3155,GOPR3155,24,Coral Garden\2024_JUL_CG_S\CG-S_T2\GOPR3155\Coral24.JPG,Coral Garden\2024_JUL_CG_S\CG-S_T2\GOPR3155.JPG,0.1596,True
Coral Garden\2024_JUL_CG_S\CG-S_T2\GOPR3156,GOPR3156,9,Coral Garden\2024_JUL_CG_S\CG-S_T2\GOPR3156\Coral9.JPG,Coral Garden\2024_JUL_CG_S\CG-S_T2\GOPR3156.JPG,0.2375,False
Coral Garden\2024_JUL_CG_S\CG-S_T2\GOPR3156,GOPR3156,11,Coral Garden\2024_JUL_CG_S\CG-S_T2\GOPR3156\Coral11.JPG,Coral Garden\2024_JUL_CG_S\CG-S_T2\GOPR3156.JPG,0.2092,True
Coral Garden\2024_JUL_CG_S\CG-S_T2\GOPR3156,GOPR3156,14,Coral Garden\2024_JUL_CG_S\CG-S_T2\GOPR3156\Coral14.JPG,Coral Garden\2024_JUL_CG_S\CG-S_T2\GOPR3156.JPG,0.1543,True
Coral Garden\2024_JUL_CG_S\CG-S_T2\GOPR3157,GOPR3157,3,Coral Garden\2024_JUL_CG_S\CG-S_T2\GOPR3157\Coral3.JPG,Coral Garden\2024_JUL_CG_S\CG-S_T2\GOPR3157.JPG,0.2864,False
Coral Garden\2024_JUL_CG_S\CG-S_T2\GOPR3157,GOPR3157,6,Coral Garden\2024_JUL_CG_S\CG-S_T2\GOPR3157\Coral6.JPG,Coral Garden\2024_JUL_CG_S\CG-S_T2\GOPR3157.JPG,0.224,True
Coral Garden\2024_JUL_CG_S\CG-S_T2\GOPR3157,GOPR3157,7,Coral Garden\2024_JUL_CG_S\CG-S_T2\GOPR3157\Coral7.JPG,Coral Garden\2024_JUL_CG_S\CG-S_T2\GOPR3157.JPG,0.197,False
Coral Garden\2024_JUL_CG_S\CG-S_T2\GOPR3157,GOPR3157,10,Coral Garden\2024_JUL_CG_S\CG-S_T2\GOPR3157\Coral10.JPG,Coral Garden\2024_JUL_CG_S\CG-S_T2\GOPR3157.JPG,0.1665,True
Coral Garden\2024_JUL_CG_S\CG-S_T2\GOPR3157,GOPR3157,11,Coral Garden\2024_JUL_CG_S\CG-S_T2\GOPR3157\Coral11.JPG,Coral Garden\2024_JUL_CG_S\CG-S_T2\GOPR3157.JPG,0.1566,True
Coral Garden\2024_JUL_CG_S\CG-S_T2\GOPR3158,GOPR3158,23,Coral Garden\2024_JUL_CG_S\CG-S_T2\GOPR3158\Coral23.JPG,Coral Garden\2024_JUL_CG_S\CG-S_T2\GOPR3158.JPG,0.1793,True
Coral Garden\2024_JUL_CG_S\CG-S_T2\GOPR3159,GOPR3159,6,Coral Garden\2024_JUL_CG_S\CG-S_T2\GOPR3159\Coral6.JPG,Coral Garden\2024_JUL_CG_S\CG-S_T2\GOPR3159.JPG,0.565,True
Coral Garden\2024_JUL_CG_S\CG-S_T2\GOPR3159,GOPR3159,7,Coral Garden\2024_JUL_CG_S\CG-S_T2\GOPR3159\Coral7.JPG,Coral Garden\2024_JUL_CG_S\CG-S_T2\GOPR3159.JPG,0.5359,True
Coral Garden\2024_JUL_CG_S\CG-S_T2\GOPR3159,GOPR3159,9,Coral Garden\2024_JUL_CG_S\CG-S_T2\GOPR3159\Coral9.JPG,Coral Garden\2024_JUL_CG_S\CG-S_T2\GOPR3159.JPG,0.4436,True
Coral Garden\2024_JUL_CG_S\CG-S_T2\GOPR3159,GOPR3159,10,Coral Garden\2024_JUL_CG_S\CG-S_T2\GOPR3159\Coral10.JPG,Coral Garden\2024_JUL_CG_S\CG-S_T2\GOPR3159.JPG,0.429,True
Coral Garden\2024_JUL_CG_S\CG-S_T2\GOPR3159,GOPR3159,14,Coral Garden\2024_JUL_CG_S\CG-S_T2\GOPR3159\Coral14.JPG,Coral Garden\2024_JUL_CG_S\CG-S_T2\GOPR3159.JPG,0.3695,True
Coral Garden\2024_JUL_CG_S\CG-S_T2\GOPR3159,GOPR3159,15,Coral Garden\2024_JUL_CG_S\CG-S_T2\GOPR3159\Coral15.JPG,Coral Garden\2024_JUL_CG_S\CG-S_T2\GOPR3159.JPG,0.3513,True
Coral Garden\2024_JUL_CG_S\CG-S_T2\GOPR3159,GOPR3159,16,Coral Garden\2024_JUL_CG_S\CG-S_T2\GOPR3159\Coral16.JPG,Coral Garden\2024_JUL_CG_S\CG-S_T2\GOPR3159.JPG,0.2898,False
Coral Garden\2024_JUL_CG_S\CG-S_T2\GOPR3159,GOPR3159,22,Coral Garden\2024_JUL_CG_S\CG-S_T2\GOPR3159\Coral22.JPG,Coral Garden\2024_JUL_CG_S\CG-S_T2\GOPR3159.JPG,0.1887,False
Coral Garden\2024_JUL_CG_S\CG-S_T2\GOPR3159,GOPR3159,24,Coral Garden\2024_JUL_CG_S\CG-S_T2\GOPR3159\Coral24.JPG,Coral Garden\2024_JUL_CG_S\CG-S_T2\GOPR3159.JPG,0.173,True
Coral Garden\2024_JUL_CG_S\CG-S_T2\GOPR3159,GOPR3159,28,Coral Garden\2024_JUL_CG_S\CG-S_T2\GOPR3159\Coral28.JPG,Coral Garden\2024_JUL_CG_S\CG-S_T2\GOPR3159.JPG,0.1516,True
Coral Garden\2024_JUL_CG_S\CG-S_T2\GOPR3160,GOPR3160,9,Coral Garden\2024_JUL_CG_S\CG-S_T2\GOPR3160\Coral9.JPG,Coral Garden\2024_JUL_CG_S\CG-S_T2\GOPR3160.JPG,0.2081,True
Coral Garden\2024_JUL_CG_S\CG-S_T2\GOPR3160,GOPR3160,11,Coral Garden\2024_JUL_CG_S\CG-S_T2\GOPR3160\Coral11.JPG,Coral Garden\2024_JUL_CG_S\CG-S_T2\GOPR3160.JPG,0.1739,True
Coral Garden\2024_JUL_CG_S\CG-S_T2\GOPR3161,GOPR3161,1,Coral Garden\2024_JUL_CG_S\CG-S_T2\GOPR3161\Coral1.JPG,Coral Garden\2024_JUL_CG_S\CG-S_T2\GOPR3161.JPG,0.4116,True
Coral Garden\2024_JUL_CG_S\CG-S_T2\GOPR3161,GOPR3161,13,Coral Garden\2024_JUL_CG_S\CG-S_T2\GOPR3161\Coral13.JPG,Coral Garden\2024_JUL_CG_S\CG-S_T2\GOPR3161.JPG,0.1653,True
Coral Garden\2024_JUL_CG_S\CG-S_T2\GOPR3162,GOPR3162,7,Coral Garden\2024_JUL_CG_S\CG-S_T2\GOPR3162\Coral7.JPG,Coral Garden\2024_JUL_CG_S\CG-S_T2\GOPR3162.JPG,0.2146,True
Coral Garden\2024_JUL_CG_S\CG-S_T2\GOPR3162,GOPR3162,8,Coral Garden\2024_JUL_CG_S\CG-S_T2\GOPR3162\Coral8.JPG,Coral Garden\2024_JUL_CG_S\CG-S_T2\GOPR3162.JPG,0.1927,True
Coral Garden\2024_JUL_CG_S\CG-S_T2\GOPR3162,GOPR3162,9,Coral Garden\2024_JUL_CG_S\CG-S_T2\GOPR3162\Coral9.JPG,Coral Garden\2024_JUL_CG_S\CG-S_T2\GOPR3162.JPG,0.1923,False
Coral Garden\2024_JUL_CG_S\CG-S_T2\GOPR3162,GOPR3162,10,Coral Garden\2024_JUL_CG_S\CG-S_T2\GOPR3162\Coral10.JPG,Coral Garden\2024_JUL_CG_S\CG-S_T2\GOPR3162.JPG,0.169,True
Coral Garden\2024_JUL_CG_S\CG-S_T2\GOPR3163,GOPR3163,4,Coral Garden\2024_JUL_CG_S\CG-S_T2\GOPR3163\Coral4.JPG,Coral Garden\2024_JUL_CG_S\CG-S_T2\GOPR3163.JPG,0.6455,False
Coral Garden\2024_JUL_CG_S\CG-S_T2\GOPR3163,GOPR3163,6,Coral Garden\2024_JUL_CG_S\CG-S_T2\GOPR3163\Coral6.JPG,Coral Garden\2024_JUL_CG_S\CG-S_T2\GOPR3163.JPG,0.4977,True
Coral Garden\2024_JUL_CG_S\CG-S_T2\GOPR3163,GOPR3163,8,Coral Garden\2024_JUL_CG_S\CG-S_T2\GOPR3163\Coral8.JPG,Coral Garden\2024_JUL_CG_S\CG-S_T2\GOPR3163.JPG,0.4675,False
Coral Garden\2024_JUL_CG_S\CG-S_T2\GOPR3163,GOPR3163,15,Coral Garden\2024_JUL_CG_S\CG-S_T2\GOPR3163\Coral15.JPG,Coral Garden\2024_JUL_CG_S\CG-S_T2\GOPR3163.JPG,0.3104,True
Coral Garden\2024_JUL_CG_S\CG-S_T2\GOPR3163,GOPR3163,17,Coral Garden\2024_JUL_CG_S\CG-S_T2\GOPR3163\Coral17.JPG,Coral Garden\2024_JUL_CG_S\CG-S_T2\GOPR3163.JPG,0.3055,False
Coral Garden\2024_JUL_CG_S\CG-S_T2\GOPR3163,GOPR3163,18,Coral Garden\2024_JUL_CG_S\CG-S_T2\GOPR3163\Coral18.JPG,Coral Garden\2024_JUL_CG_S\CG-S_T2\GOPR3163.JPG,0.2428,True
Coral Garden\2024_JUL_CG_S\CG-S_T2\GOPR3163,GOPR3163,19,Coral Garden\2024_JUL_CG_S\CG-S_T2\GOPR3163\Coral19.JPG,Coral Garden\2024_JUL_CG_S\CG-S_T2\GOPR3163.JPG,0.2321,True
Coral Garden\2024_JUL_CG_S\CG-S_T2\GOPR3163,GOPR3163,23,Coral Garden\2024_JUL_CG_S\CG-S_T2\GOPR3163\Coral23.JPG,Coral Garden\2024_JUL_CG_S\CG-S_T2\GOPR3163.JPG,0.2029,True
Coral Garden\2024_JUL_CG_S\CG-S_T2\GOPR3163,GOPR3163,24,Coral Garden\2024_JUL_CG_S\CG-S_T2\GOPR3163\Coral24.JPG,Coral Garden\2024_JUL_CG_S\CG-S_T2\GOPR3163.JPG,0.1922,True
Coral Garden\2024_JUL_CG_S\CG-S_T2\GOPR3163,GOPR3163,25,Coral Garden\2024_JUL_CG_S\CG-S_T2\GOPR3163\Coral25.JPG,Coral Garden\2024_JUL_CG_S\CG-S_T2\GOPR3163.JPG,0.1794,True
Coral Garden\2024_JUL_CG_S\CG-S_T2\GOPR3163,GOPR3163,27,Coral Garden\2024_JUL_CG_S\CG-S_T2\GOPR3163\Coral27.JPG,Coral Garden\2024_JUL_CG_S\CG-S_T2\GOPR3163.JPG,0.152,True
Coral Garden\2024_JUL_CG_S\CG-S_T2\GOPR3164,GOPR3164,8,Coral Garden\2024_JUL_CG_S\CG-S_T2\GOPR3164\Coral8.JPG,Coral Garden\2024_JUL_CG_S\CG-S_T2\GOPR3164.JPG,0.6264,False
Coral Garden\2024_JUL_CG_S\CG-S_T2\GOPR3164,GOPR3164,13,Coral Garden\2024_JUL_CG_S\CG-S_T2\GOPR3164\Coral13.JPG,Coral Garden\2024_JUL_CG_S\CG-S_T2\GOPR3164.JPG,0.5263,False
Coral Garden\2024_JUL_CG_S\CG-S_T2\GOPR3164,GOPR3164,23,Coral Garden\2024_JUL_CG_S\CG-S_T2\GOPR3164\Coral23.JPG,Coral Garden\2024_JUL_CG_S\CG-S_T2\GOPR3164.JPG,0.3919,True
Coral Garden\2024_JUL_CG_S\CG-S_T2\GOPR3164,GOPR3164,24,Coral Garden\2024_JUL_CG_S\CG-S_T2\GOPR3164\Coral24.JPG,Coral Garden\2024_JUL_CG_S\CG-S_T2\GOPR3164.JPG,0.3702,False
Coral Garden\2024_JUL_CG_S\CG-S_T2\GOPR3164,GOPR3164,26,Coral Garden\2024_JUL_CG_S\CG-S_T2\GOPR3164\Coral26.JPG,Coral Garden\2024_JUL_CG_S\CG-S_T2\GOPR3164.JPG,0.3457,True
Coral Garden\2024_JUL_CG_S\CG-S_T2\GOPR3164,GOPR3164,28,Coral Garden\2024_JUL_CG_S\CG-S_T2\GOPR3164\Coral28.JPG,Coral Garden\2024_JUL_CG_S\CG-S_T2\GOPR3164.JPG,0.3273,True
Coral Garden\2024_JUL_CG_S\CG-S_T2\GOPR3164,GOPR3164,44,Coral Garden\2024_JUL_CG_S\CG-S_T2\GOPR3164\Coral44.JPG,Coral Garden\2024_JUL_CG_S\CG-S_T2\GOPR3164.JPG,0.2271,True
Coral Garden\2024_JUL_CG_S\CG-S_T2\GOPR3164,GOPR3164,45,Coral Garden\2024_JUL_CG_S\CG-S_T2\GOPR3164\Coral45.JPG,Coral Garden\2024_JUL_CG_S\CG-S_T2\GOPR3164.JPG,0.2192,True
Coral Garden\2024_JUL_CG_S\CG-S_T2\GOPR3164,GOPR3164,49,Coral Garden\2024_JUL_CG_S\CG-S_T2\GOPR3164\Coral49.JPG,Coral Garden\2024_JUL_CG_S\CG-S_T2\GOPR3164.JPG,0.2081,False
Coral Garden\2024_JUL_CG_S\CG-S_T2\GOPR3164,GOPR3164,50,Coral Garden\2024_JUL_CG_S\CG-S_T2\GOPR3164\Coral50.JPG,Coral Garden\2024_JUL_CG_S\CG-S_T2\GOPR3164.JPG,0.1924,False
Coral Garden\2024_JUL_CG_S\CG-S_T2\GOPR3164,GOPR3164,52,Coral Garden\2024_JUL_CG_S\CG-S_T2\GOPR3164\Coral52.JPG,Coral Garden\2024_JUL_CG_S\CG-S_T2\GOPR3164.JPG,0.1627,False
Coral Garden\2024_JUL_CG_S\CG-S_T2\GOPR3164,GOPR3164,55,Coral Garden\2024_JUL_CG_S\CG-S_T2\GOPR3164\Coral55.JPG,Coral Garden\2024_JUL_CG_S\CG-S_T2\GOPR3164.JPG,0.1526,False
Coral Garden\2024_JUL_CG_S\CG-S_T2\GOPR3165,GOPR3165,18,Coral Garden\2024_JUL_CG_S\CG-S_T2\GOPR3165\Coral18.JPG,Coral Garden\2024_JUL_CG_S\CG-S_T2\GOPR3165.JPG,0.4506,False
Coral Garden\2024_JUL_CG_S\CG-S_T2\GOPR3165,GOPR3165,24,Coral Garden\2024_JUL_CG_S\CG-S_T2\GOPR3165\Coral24.JPG,Coral Garden\2024_JUL_CG_S\CG-S_T2\GOPR3165.JPG,0.4091,True
Coral Garden\2024_JUL_CG_S\CG-S_T2\GOPR3165,GOPR3165,25,Coral Garden\2024_JUL_CG_S\CG-S_T2\GOPR3165\Coral25.JPG,Coral Garden\2024_JUL_CG_S\CG-S_T2\GOPR3165.JPG,0.3974,True
Coral Garden\2024_JUL_CG_S\CG-S_T2\GOPR3165,GOPR3165,28,Coral Garden\2024_JUL_CG_S\CG-S_T2\GOPR3165\Coral28.JPG,Coral Garden\2024_JUL_CG_S\CG-S_T2\GOPR3165.JPG,0.3603,False
Coral Garden\2024_JUL_CG_S\CG-S_T2\GOPR3165,GOPR3165,38,Coral Garden\2024_JUL_CG_S\CG-S_T2\GOPR3165\Coral38.JPG,Coral Garden\2024_JUL_CG_S\CG-S_T2\GOPR3165.JPG,0.2343,True
Coral Garden\2024_JUL_CG_S\CG-S_T2\GOPR3165,GOPR3165,39,Coral Garden\2024_JUL_CG_S\CG-S_T2\GOPR3165\Coral39.JPG,Coral Garden\2024_JUL_CG_S\CG-S_T2\GOPR3165.JPG,0.2337,True
Coral Garden\2024_JUL_CG_S\CG-S_T2\GOPR3165,GOPR3165,41,Coral Garden\2024_JUL_CG_S\CG-S_T2\GOPR3165\Coral41.JPG,Coral Garden\2024_JUL_CG_S\CG-S_T2\GOPR3165.JPG,0.2028,False
Coral Garden\2024_JUL_CG_S\CG-S_T2\GOPR3165,GOPR3165,42,Coral Garden\2024_JUL_CG_S\CG-S_T2\GOPR3165\Coral42.JPG,Coral Garden\2024_JUL_CG_S\CG-S_T2\GOPR3165.JPG,0.1925,True
Coral Garden\2024_JUL_CG_S\CG-S_T2\GOPR3165,GOPR3165,44,Coral Garden\2024_JUL_CG_S\CG-S_T2\GOPR3165\Coral44.JPG,Coral Garden\2024_JUL_CG_S\CG-S_T2\GOPR3165.JPG,0.177,False
Coral Garden\2024_JUL_CG_S\CG-S_T2\GOPR3165,GOPR3165,45,Coral Garden\2024_JUL_CG_S\CG-S_T2\GOPR3165\Coral45.JPG,Coral Garden\2024_JUL_CG_S\CG-S_T2\GOPR3165.JPG,0.1589,True
Coral Garden\2024_JUL_CG_S\CG-S_T2\GOPR3165,GOPR3165,46,Coral Garden\2024_JUL_CG_S\CG-S_T2\GOPR3165\Coral46.JPG,Coral Garden\2024_JUL_CG_S\CG-S_T2\GOPR3165.JPG,0.1551,True
Coral Garden\2024_JUL_CG_S\CG-S_T2\GOPR3165,GOPR3165,48,Coral Garden\2024_JUL_CG_S\CG-S_T2\GOPR3165\Coral48.JPG,Coral Garden\2024_JUL_CG_S\CG-S_T2\GOPR3165.JPG,0.1538,True
Coral Garden\2024_JUL_CG_S\CG-S_T2\GOPR3166,GOPR3166,8,Coral Garden\2024_JUL_CG_S\CG-S_T2\GOPR3166\Coral8.JPG,Coral Garden\2024_JUL_CG_S\CG-S_T2\GOPR3166.JPG,0.577,True
Coral Garden\2024_JUL_CG_S\CG-S_T2\GOPR3166,GOPR3166,13,Coral Garden\2024_JUL_CG_S\CG-S_T2\GOPR3166\Coral13.JPG,Coral Garden\2024_JUL_CG_S\CG-S_T2\GOPR3166.JPG,0.4992,False
Coral Garden\2024_JUL_CG_S\CG-S_T2\GOPR3166,GOPR3166,14,Coral Garden\2024_JUL_CG_S\CG-S_T2\GOPR3166\Coral14.JPG,Coral Garden\2024_JUL_CG_S\CG-S_T2\GOPR3166.JPG,0.4944,True
Coral Garden\2024_JUL_CG_S\CG-S_T2\GOPR3166,GOPR3166,15,Coral Garden\2024_JUL_CG_S\CG-S_T2\GOPR3166\Coral15.JPG,Coral Garden\2024_JUL_CG_S\CG-S_T2\GOPR3166.JPG,0.477,True
Coral Garden\2024_JUL_CG_S\CG-S_T2\GOPR3166,GOPR3166,19,Coral Garden\2024_JUL_CG_S\CG-S_T2\GOPR3166\Coral19.JPG,Coral Garden\2024_JUL_CG_S\CG-S_T2\GOPR3166.JPG,0.4327,True
Coral Garden\2024_JUL_CG_S\CG-S_T2\GOPR3166,GOPR3166,20,Coral Garden\2024_JUL_CG_S\CG-S_T2\GOPR3166\Coral20.JPG,Coral Garden\2024_JUL_CG_S\CG-S_T2\GOPR3166.JPG,0.4231,True
Coral Garden\2024_JUL_CG_S\CG-S_T2\GOPR3166,GOPR3166,26,Coral Garden\2024_JUL_CG_S\CG-S_T2\GOPR3166\Coral26.JPG,Coral Garden\2024_JUL_CG_S\CG-S_T2\GOPR3166.JPG,0.3531,True
Coral Garden\2024_JUL_CG_S\CG-S_T2\GOPR3166,GOPR3166,28,Coral Garden\2024_JUL_CG_S\CG-S_T2\GOPR3166\Coral28.JPG,Coral Garden\2024_JUL_CG_S\CG-S_T2\GOPR3166.JPG,0.3504,True
Coral Garden\2024_JUL_CG_S\CG-S_T2\GOPR3166,GOPR3166,29,Coral Garden\2024_JUL_CG_S\CG-S_T2\GOPR3166\Coral29.JPG,Coral Garden\2024_JUL_CG_S\CG-S_T2\GOPR3166.JPG,0.3004,True
Coral Garden\2024_JUL_CG_S\CG-S_T2\GOPR3166,GOPR3166,31,Coral Garden\2024_JUL_CG_S\CG-S_T2\GOPR3166\Coral31.JPG,Coral Garden\2024_JUL_CG_S\CG-S_T2\GOPR3166.JPG,0.2778,True
Coral Garden\2024_JUL_CG_S\CG-S_T2\GOPR3166,GOPR3166,32,Coral Garden\2024_JUL_CG_S\CG-S_T2\GOPR3166\Coral32.JPG,Coral Garden\2024_JUL_CG_S\CG-S_T2\GOPR3166.JPG,0.2728,True
Coral Garden\2024_JUL_CG_S\CG-S_T2\GOPR3166,GOPR3166,34,Coral Garden\2024_JUL_CG_S\CG-S_T2\GOPR3166\Coral34.JPG,Coral Garden\2024_JUL_CG_S\CG-S_T2\GOPR3166.JPG,0.2552,False
Coral Garden\2024_JUL_CG_S\CG-S_T2\GOPR3166,GOPR3166,35,Coral Garden\2024_JUL_CG_S\CG-S_T2\GOPR3166\Coral35.JPG,Coral Garden\2024_JUL_CG_S\CG-S_T2\GOPR3166.JPG,0.2528,True
Coral Garden\2024_JUL_CG_S\CG-S_T2\GOPR3166,GOPR3166,40,Coral Garden\2024_JUL_CG_S\CG-S_T2\GOPR3166\Coral40.JPG,Coral Garden\2024_JUL_CG_S\CG-S_T2\GOPR3166.JPG,0.2097,False
Coral Garden\2024_JUL_CG_S\CG-S_T2\GOPR3166,GOPR3166,42,Coral Garden\2024_JUL_CG_S\CG-S_T2\GOPR3166\Coral42.JPG,Coral Garden\2024_JUL_CG_S\CG-S_T2\GOPR3166.JPG,0.18,True
Coral Garden\2024_JUL_CG_S\CG-S_T2\GOPR3166,GOPR3166,43,Coral Garden\2024_JUL_CG_S\CG-S_T2\GOPR3166\Coral43.JPG,Coral Garden\2024_JUL_CG_S\CG-S_T2\GOPR3166.JPG,0.1789,True
Coral Garden\2024_JUL_CG_S\CG-S_T2\GOPR3166,GOPR3166,44,Coral Garden\2024_JUL_CG_S\CG-S_T2\GOPR3166\Coral44.JPG,Coral Garden\2024_JUL_CG_S\CG-S_T2\GOPR3166.JPG,0.1715,True
Coral Garden\2024_JUL_CG_S\CG-S_T2\GOPR3167,GOPR3167,8,Coral Garden\2024_JUL_CG_S\CG-S_T2\GOPR3167\Coral8.JPG,Coral Garden\2024_JUL_CG_S\CG-S_T2\GOPR3167.JPG,0.696,True
Coral Garden\2024_JUL_CG_S\CG-S_T2\GOPR3167,GOPR3167,18,Coral Garden\2024_JUL_CG_S\CG-S_T2\GOPR3167\Coral18.JPG,Coral Garden\2024_JUL_CG_S\CG-S_T2\GOPR3167.JPG,0.5575,True
Coral Garden\2024_JUL_CG_S\CG-S_T2\GOPR3167,GOPR3167,23,Coral Garden\2024_JUL_CG_S\CG-S_T2\GOPR3167\Coral23.JPG,Coral Garden\2024_JUL_CG_S\CG-S_T2\GOPR3167.JPG,0.5242,True
Coral Garden\2024_JUL_CG_S\CG-S_T2\GOPR3167,GOPR3167,25,Coral Garden\2024_JUL_CG_S\CG-S_T2\GOPR3167\Coral25.JPG,Coral Garden\2024_JUL_CG_S\CG-S_T2\GOPR3167.JPG,0.4866,True
Coral Garden\2024_JUL_CG_S\CG-S_T2\GOPR3167,GOPR3167,32,Coral Garden\2024_JUL_CG_S\CG-S_T2\GOPR3167\Coral32.JPG,Coral Garden\2024_JUL_CG_S\CG-S_T2\GOPR3167.JPG,0.3895,True
Coral Garden\2024_JUL_CG_S\CG-S_T2\GOPR3167,GOPR3167,33,Coral Garden\2024_JUL_CG_S\CG-S_T2\GOPR3167\Coral33.JPG,Coral Garden\2024_JUL_CG_S\CG-S_T2\GOPR3167.JPG,0.3893,True
Coral Garden\2024_JUL_CG_S\CG-S_T2\GOPR3167,GOPR3167,38,Coral Garden\2024_JUL_CG_S\CG-S_T2\GOPR3167\Coral38.JPG,Coral Garden\2024_JUL_CG_S\CG-S_T2\GOPR3167.JPG,0.2905,True
Coral Garden\2024_JUL_CG_S\CG-S_T2\GOPR3167,GOPR3167,41,Coral Garden\2024_JUL_CG_S\CG-S_T2\GOPR3167\Coral41.JPG,Coral Garden\2024_JUL_CG_S\CG-S_T2\GOPR3167.JPG,0.2376,False
Coral Garden\2024_JUL_CG_S\CG-S_T2\GOPR3167,GOPR3167,42,Coral Garden\2024_JUL_CG_S\CG-S_T2\GOPR3167\Coral42.JPG,Coral Garden\2024_JUL_CG_S\CG-S_T2\GOPR3167.JPG,0.2263,False
Coral Garden\2024_JUL_CG_S\CG-S_T2\GOPR3167,GOPR3167,43,Coral Garden\2024_JUL_CG_S\CG-S_T2\GOPR3167\Coral43.JPG,Coral Garden\2024_JUL_CG_S\CG-S_T2\GOPR3167.JPG,0.2062,False
Coral Garden\2024_JUL_CG_S\CG-S_T2\GOPR3167,GOPR3167,44,Coral Garden\2024_JUL_CG_S\CG-S_T2\GOPR3167\Coral44.JPG,Coral Garden\2024_JUL_CG_S\CG-S_T2\GOPR3167.JPG,0.2046,False
Coral Garden\2024_JUL_CG_S\CG-S_T2\GOPR3167,GOPR3167,45,Coral Garden\2024_JUL_CG_S\CG-S_T2\GOPR3167\Coral45.JPG,Coral Garden\2024_JUL_CG_S\CG-S_T2\GOPR3167.JPG,0.2023,True
Coral Garden\2024_JUL_CG_S\CG-S_T2\GOPR3167,GOPR3167,46,Coral Garden\2024_JUL_CG_S\CG-S_T2\GOPR3167\Coral46.JPG,Coral Garden\2024_JUL_CG_S\CG-S_T2\GOPR3167.JPG,0.1848,True
Coral Garden\2024_JUL_CG_S\CG-S_T2\GOPR3167,GOPR3167,47,Coral Garden\2024_JUL_CG_S\CG-S_T2\GOPR3167\Coral47.JPG,Coral Garden\2024_JUL_CG_S\CG-S_T2\GOPR3167.JPG,0.1661,True
Coral Garden\2024_JUL_CG_S\CG-S_T2\GOPR3167,GOPR3167,48,Coral Garden\2024_JUL_CG_S\CG-S_T2\GOPR3167\Coral48.JPG,Coral Garden\2024_JUL_CG_S\CG-S_T2\GOPR3167.JPG,0.1555,False
Coral Garden\2024_JUL_CG_S\CG-S_T2\GOPR3167,GOPR3167,50,Coral Garden\2024_JUL_CG_S\CG-S_T2\GOPR3167\Coral50.JPG,Coral Garden\2024_JUL_CG_S\CG-S_T2\GOPR3167.JPG,0.1514,True
Coral Garden\2024_JUL_CG_S\CG-S_T2\GOPR3167,GOPR3167,51,Coral Garden\2024_JUL_CG_S\CG-S_T2\GOPR3167\Coral51.JPG,Coral Garden\2024_JUL_CG_S\CG-S_T2\GOPR3167.JPG,0.1513,False
Coral Garden\2024_JUL_CG_S\CG-S_T2\GOPR3168,GOPR3168,12,Coral Garden\2024_JUL_CG_S\CG-S_T2\GOPR3168\Coral12.JPG,Coral Garden\2024_JUL_CG_S\CG-S_T2\GOPR3168.JPG,0.6242,False
Coral Garden\2024_JUL_CG_S\CG-S_T2\GOPR3168,GOPR3168,26,Coral Garden\2024_JUL_CG_S\CG-S_T2\GOPR3168\Coral26.JPG,Coral Garden\2024_JUL_CG_S\CG-S_T2\GOPR3168.JPG,0.448,True
Coral Garden\2024_JUL_CG_S\CG-S_T2\GOPR3168,GOPR3168,30,Coral Garden\2024_JUL_CG_S\CG-S_T2\GOPR3168\Coral30.JPG,Coral Garden\2024_JUL_CG_S\CG-S_T2\GOPR3168.JPG,0.3737,True
Coral Garden\2024_JUL_CG_S\CG-S_T2\GOPR3168,GOPR3168,33,Coral Garden\2024_JUL_CG_S\CG-S_T2\GOPR3168\Coral33.JPG,Coral Garden\2024_JUL_CG_S\CG-S_T2\GOPR3168.JPG,0.2749,True
Coral Garden\2024_JUL_CG_S\CG-S_T2\GOPR3168,GOPR3168,40,Coral Garden\2024_JUL_CG_S\CG-S_T2\GOPR3168\Coral40.JPG,Coral Garden\2024_JUL_CG_S\CG-S_T2\GOPR3168.JPG,0.2009,False
Coral Garden\2024_JUL_CG_S\CG-S_T2\GOPR3168,GOPR3168,41,Coral Garden\2024_JUL_CG_S\CG-S_T2\GOPR3168\Coral41.JPG,Coral Garden\2024_JUL_CG_S\CG-S_T2\GOPR3168.JPG,0.1933,False
Coral Garden\2024_JUL_CG_S\CG-S_T2\GOPR3169,GOPR3169,9,Coral Garden\2024_JUL_CG_S\CG-S_T2\GOPR3169\Coral9.JPG,Coral Garden\2024_JUL_CG_S\CG-S_T2\GOPR3169.JPG,0.1653,True
Coral Garden\2024_JUL_CG_S\CG-S_T2\GOPR3171,GOPR3171,7,Coral Garden\2024_JUL_CG_S\CG-S_T2\GOPR3171\Coral7.JPG,Coral Garden\2024_JUL_CG_S\CG-S_T2\GOPR3171.JPG,0.218,True
Coral Garden\2024_JUL_CG_S\CG-S_T2\GOPR3171,GOPR3171,8,Coral Garden\2024_JUL_CG_S\CG-S_T2\GOPR3171\Coral8.JPG,Coral Garden\2024_JUL_CG_S\CG-S_T2\GOPR3171.JPG,0.2161,True
Coral Garden\2024_JUL_CG_S\CG-S_T2\GOPR3171,GOPR3171,9,Coral Garden\2024_JUL_CG_S\CG-S_T2\GOPR3171\Coral9.JPG,Coral Garden\2024_JUL_CG_S\CG-S_T2\GOPR3171.JPG,0.1897,True
Coral Garden\2024_JUL_CG_S\CG-S_T2\GOPR3171,GOPR3171,11,Coral Garden\2024_JUL_CG_S\CG-S_T2\GOPR3171\Coral11.JPG,Coral Garden\2024_JUL_CG_S\CG-S_T2\GOPR3171.JPG,0.1744,True
Coral Garden\2024_JUL_CG_S\CG-S_T2\GOPR3172,GOPR3172,7,Coral Garden\2024_JUL_CG_S\CG-S_T2\GOPR3172\Coral7.JPG,Coral Garden\2024_JUL_CG_S\CG-S_T2\GOPR3172.JPG,0.3589,True
Coral Garden\2024_JUL_CG_S\CG-S_T2\GOPR3172,GOPR3172,8,Coral Garden\2024_JUL_CG_S\CG-S_T2\GOPR3172\Coral8.JPG,Coral Garden\2024_JUL_CG_S\CG-S_T2\GOPR3172.JPG,0.3341,True
Coral Garden\2024_JUL_CG_S\CG-S_T2\GOPR3172,GOPR3172,9,Coral Garden\2024_JUL_CG_S\CG-S_T2\GOPR3172\Coral9.JPG,Coral Garden\2024_JUL_CG_S\CG-S_T2\GOPR3172.JPG,0.2804,True
Coral Garden\2024_JUL_CG_S\CG-S_T2\GOPR3172,GOPR3172,10,Coral Garden\2024_JUL_CG_S\CG-S_T2\GOPR3172\Coral10.JPG,Coral Garden\2024_JUL_CG_S\CG-S_T2\GOPR3172.JPG,0.1882,True
Coral Garden\2024_JUL_CG_S\CG-S_T2\GOPR3173,GOPR3173,5,Coral Garden\2024_JUL_CG_S\CG-S_T2\GOPR3173\Coral5.JPG,Coral Garden\2024_JUL_CG_S\CG-S_T2\GOPR3173.JPG,0.287,False
Coral Garden\2024_JUL_CG_S\CG-S_T2\GOPR3173,GOPR3173,6,Coral Garden\2024_JUL_CG_S\CG-S_T2\GOPR3173\Coral6.JPG,Coral Garden\2024_JUL_CG_S\CG-S_T2\GOPR3173.JPG,0.2661,False
Coral Garden\2024_JUL_CG_S\CG-S_T2\GOPR3173,GOPR3173,10,Coral Garden\2024_JUL_CG_S\CG-S_T2\GOPR3173\Coral10.JPG,Coral Garden\2024_JUL_CG_S\CG-S_T2\GOPR3173.JPG,0.19,True
Coral Garden\2024_JUL_CG_S\CG-S_T2\GOPR3173,GOPR3173,12,Coral Garden\2024_JUL_CG_S\CG-S_T2\GOPR3173\Coral12.JPG,Coral Garden\2024_JUL_CG_S\CG-S_T2\GOPR3173.JPG,0.1789,True
Coral Garden\2024_JUL_CG_S\CG-S_T2\GOPR3173,GOPR3173,13,Coral Garden\2024_JUL_CG_S\CG-S_T2\GOPR3173\Coral13.JPG,Coral Garden\2024_JUL_CG_S\CG-S_T2\GOPR3173.JPG,0.1779,True
Coral Garden\2024_JUL_CG_S\CG-S_T2\GOPR3173,GOPR3173,14,Coral Garden\2024_JUL_CG_S\CG-S_T2\GOPR3173\Coral14.JPG,Coral Garden\2024_JUL_CG_S\CG-S_T2\GOPR3173.JPG,0.1719,False
Coral Garden\2024_JUL_CG_S\CG-S_T2\GOPR3173,GOPR3173,19,Coral Garden\2024_JUL_CG_S\CG-S_T2\GOPR3173\Coral19.JPG,Coral Garden\2024_JUL_CG_S\CG-S_T2\GOPR3173.JPG,0.1582,True
Coral Garden\2024_JUL_CG_S\CG-S_T2\GOPR3174,GOPR3174,1,Coral Garden\2024_JUL_CG_S\CG-S_T2\GOPR3174\Coral1.JPG,Coral Garden\2024_JUL_CG_S\CG-S_T2\GOPR3174.JPG,0.3695,True
Coral Garden\2024_JUL_CG_S\CG-S_T2\GOPR3174,GOPR3174,6,Coral Garden\2024_JUL_CG_S\CG-S_T2\GOPR3174\Coral6.JPG,Coral Garden\2024_JUL_CG_S\CG-S_T2\GOPR3174.JPG,0.2594,True
Coral Garden\2024_JUL_CG_S\CG-S_T2\GOPR3174,GOPR3174,12,Coral Garden\2024_JUL_CG_S\CG-S_T2\GOPR3174\Coral12.JPG,Coral Garden\2024_JUL_CG_S\CG-S_T2\GOPR3174.JPG,0.1567,True
Coral Garden\2024_JUL_CG_S\CG-S_T2\GOPR3175,GOPR3175,6,Coral Garden\2024_JUL_CG_S\CG-S_T2\GOPR3175\Coral6.JPG,Coral Garden\2024_JUL_CG_S\CG-S_T2\GOPR3175.JPG,0.1523,False
Coral Garden\2024_JUL_CG_S\CG-S_T2\GOPR3176,GOPR3176,6,Coral Garden\2024_JUL_CG_S\CG-S_T2\GOPR3176\Coral6.JPG,Coral Garden\2024_JUL_CG_S\CG-S_T2\GOPR3176.JPG,0.2159,True
Coral Garden\2024_JUL_CG_S\CG-S_T2\GOPR3176,GOPR3176,7,Coral Garden\2024_JUL_CG_S\CG-S_T2\GOPR3176\Coral7.JPG,Coral Garden\2024_JUL_CG_S\CG-S_T2\GOPR3176.JPG,0.2005,True
Coral Garden\2024_JUL_CG_S\CG-S_T2\GOPR3177,GOPR3177,13,Coral Garden\2024_JUL_CG_S\CG-S_T2\GOPR3177\Coral13.JPG,Coral Garden\2024_JUL_CG_S\CG-S_T2\GOPR3177.JPG,0.2348,True
Coral Garden\2024_JUL_CG_S\CG-S_T2\GOPR3177,GOPR3177,19,Coral Garden\2024_JUL_CG_S\CG-S_T2\GOPR3177\Coral19.JPG,Coral Garden\2024_JUL_CG_S\CG-S_T2\GOPR3177.JPG,0.1636,True
Coral Garden\2024_JUL_CG_S\CG-S_T2\GOPR3177,GOPR3177,22,Coral Garden\2024_JUL_CG_S\CG-S_T2\GOPR3177\Coral22.JPG,Coral Garden\2024_JUL_CG_S\CG-S_T2\GOPR3177.JPG,0.1514,False
Coral Garden\2024_JUL_CG_S\CG-S_T2\GOPR3178,GOPR3178,9,Coral Garden\2024_JUL_CG_S\CG-S_T2\GOPR3178\Coral9.JPG,Coral Garden\2024_JUL_CG_S\CG-S_T2\GOPR3178.JPG,0.3963,True
Coral Garden\2024_JUL_CG_S\CG-S_T2\GOPR3178,GOPR3178,11,Coral Garden\2024_JUL_CG_S\CG-S_T2\GOPR3178\Coral11.JPG,Coral Garden\2024_JUL_CG_S\CG-S_T2\GOPR3178.JPG,0.3024,False
Coral Garden\2024_JUL_CG_S\CG-S_T2\GOPR3178,GOPR3178,15,Coral Garden\2024_JUL_CG_S\CG-S_T2\GOPR3178\Coral15.JPG,Coral Garden\2024_JUL_CG_S\CG-S_T2\GOPR3178.JPG,0.2584,True
Coral Garden\2024_JUL_CG_S\CG-S_T2\GOPR3178,GOPR3178,16,Coral Garden\2024_JUL_CG_S\CG-S_T2\GOPR3178\Coral16.JPG,Coral Garden\2024_JUL_CG_S\CG-S_T2\GOPR3178.JPG,0.2247,False
Coral Garden\2024_JUL_CG_S\CG-S_T2\GOPR3178,GOPR3178,23,Coral Garden\2024_JUL_CG_S\CG-S_T2\GOPR3178\Coral23.JPG,Coral Garden\2024_JUL_CG_S\CG-S_T2\GOPR3178.JPG,0.1774,True
Coral Garden\2024_JUL_CG_S\CG-S_T2\GOPR3179,GOPR3179,12,Coral Garden\2024_JUL_CG_S\CG-S_T2\GOPR3179\Coral12.JPG,Coral Garden\2024_JUL_CG_S\CG-S_T2\GOPR3179.JPG,0.2276,True
Coral Garden\2024_JUL_CG_S\CG-S_T2\GOPR3179,GOPR3179,15,Coral Garden\2024_JUL_CG_S\CG-S_T2\GOPR3179\Coral15.JPG,Coral Garden\2024_JUL_CG_S\CG-S_T2\GOPR3179.JPG,0.1832,True
Coral Garden\2024_JUL_CG_S\CG-S_T2\GOPR3179,GOPR3179,18,Coral Garden\2024_JUL_CG_S\CG-S_T2\GOPR3179\Coral18.JPG,Coral Garden\2024_JUL_CG_S\CG-S_T2\GOPR3179.JPG,0.1682,False
Coral Garden\2024_JUL_CG_S\CG-S_T2\GOPR3179,GOPR3179,19,Coral Garden\2024_JUL_CG_S\CG-S_T2\GOPR3179\Coral19.JPG,Coral Garden\2024_JUL_CG_S\CG-S_T2\GOPR3179.JPG,0.1631,True
Coral Garden\2024_JUL_CG_S\CG-S_T2\GOPR3180,GOPR3180,5,Coral Garden\2024_JUL_CG_S\CG-S_T2\GOPR3180\Coral5.JPG,Coral Garden\2024_JUL_CG_S\CG-S_T2\GOPR3180.JPG,0.3728,False
Coral Garden\2024_JUL_CG_S\CG-S_T2\GOPR3180,GOPR3180,12,Coral Garden\2024_JUL_CG_S\CG-S_T2\GOPR3180\Coral12.JPG,Coral Garden\2024_JUL_CG_S\CG-S_T2\GOPR3180.JPG,0.2221,True
Coral Garden\2024_JUL_CG_S\CG-S_T2\GOPR3180,GOPR3180,14,Coral Garden\2024_JUL_CG_S\CG-S_T2\GOPR3180\Coral14.JPG,Coral Garden\2024_JUL_CG_S\CG-S_T2\GOPR3180.JPG,0.2011,False
Coral Garden\2024_JUL_CG_S\CG-S_T2\GOPR3181,GOPR3181,10,Coral Garden\2024_JUL_CG_S\CG-S_T2\GOPR3181\Coral10.JPG,Coral Garden\2024_JUL_CG_S\CG-S_T2\GOPR3181.JPG,0.3399,False
Coral Garden\2024_JUL_CG_S\CG-S_T2\GOPR3181,GOPR3181,18,Coral Garden\2024_JUL_CG_S\CG-S_T2\GOPR3181\Coral18.JPG,Coral Garden\2024_JUL_CG_S\CG-S_T2\GOPR3181.JPG,0.1653,True
Coral Garden\2024_JUL_CG_S\CG-S_T2\GOPR3181,GOPR3181,19,Coral Garden\2024_JUL_CG_S\CG-S_T2\GOPR3181\Coral19.JPG,Coral Garden\2024_JUL_CG_S\CG-S_T2\GOPR3181.JPG,0.1534,True
Coral Garden\2024_JUL_CG_S\CG-S_T2\GOPR3182,GOPR3182,11,Coral Garden\2024_JUL_CG_S\CG-S_T2\GOPR3182\Coral11.JPG,Coral Garden\2024_JUL_CG_S\CG-S_T2\GOPR3182.JPG,0.2781,True
Coral Garden\2024_JUL_CG_S\CG-S_T2\GOPR3182,GOPR3182,13,Coral Garden\2024_JUL_CG_S\CG-S_T2\GOPR3182\Coral13.JPG,Coral Garden\2024_JUL_CG_S\CG-S_T2\GOPR3182.JPG,0.2695,True
Coral Garden\2024_JUL_CG_S\CG-S_T2\GOPR3182,GOPR3182,23,Coral Garden\2024_JUL_CG_S\CG-S_T2\GOPR3182\Coral23.JPG,Coral Garden\2024_JUL_CG_S\CG-S_T2\GOPR3182.JPG,0.1705,True
Coral Garden\2024_JUL_CG_S\CG-S_T2\GOPR3182,GOPR3182,25,Coral Garden\2024_JUL_CG_S\CG-S_T2\GOPR3182\Coral25.JPG,Coral Garden\2024_JUL_CG_S\CG-S_T2\GOPR3182.JPG,0.1696,True
Coral Garden\2024_JUL_CG_S\CG-S_T2\GOPR3183,GOPR3183,7,Coral Garden\2024_JUL_CG_S\CG-S_T2\GOPR3183\Coral7.JPG,Coral Garden\2024_JUL_CG_S\CG-S_T2\GOPR3183.JPG,0.1921,False
Coral Garden\2024_JUL_CG_S\CG-S_T2\GOPR3183,GOPR3183,8,Coral Garden\2024_JUL_CG_S\CG-S_T2\GOPR3183\Coral8.JPG,Coral Garden\2024_JUL_CG_S\CG-S_T2\GOPR3183.JPG,0.1869,True
Coral Garden\2024_JUL_CG_S\CG-S_T2\GOPR3184,GOPR3184,7,Coral Garden\2024_JUL_CG_S\CG-S_T2\GOPR3184\Coral7.JPG,Coral Garden\2024_JUL_CG_S\CG-S_T2\GOPR3184.JPG,0.252,False
Coral Garden\2024_JUL_CG_S\CG-S_T2\GOPR3184,GOPR3184,8,Coral Garden\2024_JUL_CG_S\CG-S_T2\GOPR3184\Coral8.JPG,Coral Garden\2024_JUL_CG_S\CG-S_T2\GOPR3184.JPG,0.2181,True
Coral Garden\2024_JUL_CG_S\CG-S_T2\GOPR3184,GOPR3184,9,Coral Garden\2024_JUL_CG_S\CG-S_T2\GOPR3184\Coral9.JPG,Coral Garden\2024_JUL_CG_S\CG-S_T2\GOPR3184.JPG,0.1934,True
Coral Garden\2024_JUL_CG_S\CG-S_T2\GOPR3184,GOPR3184,12,Coral Garden\2024_JUL_CG_S\CG-S_T2\GOPR3184\Coral12.JPG,Coral Garden\2024_JUL_CG_S\CG-S_T2\GOPR3184.JPG,0.1809,True
Coral Garden\2024_JUL_CG_S\CG-S_T2\GOPR3184,GOPR3184,13,Coral Garden\2024_JUL_CG_S\CG-S_T2\GOPR3184\Coral13.JPG,Coral Garden\2024_JUL_CG_S\CG-S_T2\GOPR3184.JPG,0.1696,True
Coral Garden\2024_JUL_CG_S\CG-S_T2\GOPR3184,GOPR3184,14,Coral Garden\2024_JUL_CG_S\CG-S_T2\GOPR3184\Coral14.JPG,Coral Garden\2024_JUL_CG_S\CG-S_T2\GOPR3184.JPG,0.1665,True
Coral Garden\2024_JUL_CG_S\CG-S_T2\GOPR3184,GOPR3184,15,Coral Garden\2024_JUL_CG_S\CG-S_T2\GOPR3184\Coral15.JPG,Coral Garden\2024_JUL_CG_S\CG-S_T2\GOPR3184.JPG,0.1601,True
Coral Garden\2024_JUL_CG_S\CG-S_T2\GOPR3185,GOPR3185,3,Coral Garden\2024_JUL_CG_S\CG-S_T2\GOPR3185\Coral3.JPG,Coral Garden\2024_JUL_CG_S\CG-S_T2\GOPR3185.JPG,0.2626,False
Coral Garden\2024_JUL_CG_S\CG-S_T2\GOPR3185,GOPR3185,5,Coral Garden\2024_JUL_CG_S\CG-S_T2\GOPR3185\Coral5.JPG,Coral Garden\2024_JUL_CG_S\CG-S_T2\GOPR3185.JPG,0.2297,True
Coral Garden\2024_JUL_CG_S\CG-S_T2\GOPR3185,GOPR3185,6,Coral Garden\2024_JUL_CG_S\CG-S_T2\GOPR3185\Coral6.JPG,Coral Garden\2024_JUL_CG_S\CG-S_T2\GOPR3185.JPG,0.2212,True
Coral Garden\2024_JUL_CG_S\CG-S_T2\GOPR3185,GOPR3185,9,Coral Garden\2024_JUL_CG_S\CG-S_T2\GOPR3185\Coral9.JPG,Coral Garden\2024_JUL_CG_S\CG-S_T2\GOPR3185.JPG,0.1948,True
Coral Garden\2024_JUL_CG_S\CG-S_T2\GOPR3185,GOPR3185,11,Coral Garden\2024_JUL_CG_S\CG-S_T2\GOPR3185\Coral11.JPG,Coral Garden\2024_JUL_CG_S\CG-S_T2\GOPR3185.JPG,0.1844,True
Coral Garden\2024_JUL_CG_S\CG-S_T2\GOPR3185,GOPR3185,13,Coral Garden\2024_JUL_CG_S\CG-S_T2\GOPR3185\Coral13.JPG,Coral Garden\2024_JUL_CG_S\CG-S_T2\GOPR3185.JPG,0.1626,True
Coral Garden\2024_JUL_CG_S\CG-S_T2\GOPR3186,GOPR3186,6,Coral Garden\2024_JUL_CG_S\CG-S_T2\GOPR3186\Coral6.JPG,Coral Garden\2024_JUL_CG_S\CG-S_T2\GOPR3186.JPG,0.5254,False
Coral Garden\2024_JUL_CG_S\CG-S_T2\GOPR3186,GOPR3186,8,Coral Garden\2024_JUL_CG_S\CG-S_T2\GOPR3186\Coral8.JPG,Coral Garden\2024_JUL_CG_S\CG-S_T2\GOPR3186.JPG,0.4089,False
Coral Garden\2024_JUL_CG_S\CG-S_T2\GOPR3186,GOPR3186,11,Coral Garden\2024_JUL_CG_S\CG-S_T2\GOPR3186\Coral11.JPG,Coral Garden\2024_JUL_CG_S\CG-S_T2\GOPR3186.JPG,0.3214,True
Coral Garden\2024_JUL_CG_S\CG-S_T2\GOPR3186,GOPR3186,18,Coral Garden\2024_JUL_CG_S\CG-S_T2\GOPR3186\Coral18.JPG,Coral Garden\2024_JUL_CG_S\CG-S_T2\GOPR3186.JPG,0.181,True
Coral Garden\2024_JUL_CG_S\CG-S_T2\GOPR3186,GOPR3186,23,Coral Garden\2024_JUL_CG_S\CG-S_T2\GOPR3186\Coral23.JPG,Coral Garden\2024_JUL_CG_S\CG-S_T2\GOPR3186.JPG,0.1676,False
Coral Garden\2024_JUL_CG_S\CG-S_T2\GOPR3187,GOPR3187,4,Coral Garden\2024_JUL_CG_S\CG-S_T2\GOPR3187\Coral4.JPG,Coral Garden\2024_JUL_CG_S\CG-S_T2\GOPR3187.JPG,0.4553,True
Coral Garden\2024_JUL_CG_S\CG-S_T2\GOPR3187,GOPR3187,7,Coral Garden\2024_JUL_CG_S\CG-S_T2\GOPR3187\Coral7.JPG,Coral Garden\2024_JUL_CG_S\CG-S_T2\GOPR3187.JPG,0.3457,True
Coral Garden\2024_JUL_CG_S\CG-S_T2\GOPR3187,GOPR3187,8,Coral Garden\2024_JUL_CG_S\CG-S_T2\GOPR3187\Coral8.JPG,Coral Garden\2024_JUL_CG_S\CG-S_T2\GOPR3187.JPG,0.3411,True
Coral Garden\2024_JUL_CG_S\CG-S_T2\GOPR3187,GOPR3187,9,Coral Garden\2024_JUL_CG_S\CG-S_T2\GOPR3187\Coral9.JPG,Coral Garden\2024_JUL_CG_S\CG-S_T2\GOPR3187.JPG,0.341,False
Coral Garden\2024_JUL_CG_S\CG-S_T2\GOPR3187,GOPR3187,10,Coral Garden\2024_JUL_CG_S\CG-S_T2\GOPR3187\Coral10.JPG,Coral Garden\2024_JUL_CG_S\CG-S_T2\GOPR3187.JPG,0.3311,True
Coral Garden\2024_JUL_CG_S\CG-S_T2\GOPR3187,GOPR3187,17,Coral Garden\2024_JUL_CG_S\CG-S_T2\GOPR3187\Coral17.JPG,Coral Garden\2024_JUL_CG_S\CG-S_T2\GOPR3187.JPG,0.1881,True
Coral Garden\2024_JUL_CG_S\CG-S_T2\GOPR3187,GOPR3187,18,Coral Garden\2024_JUL_CG_S\CG-S_T2\GOPR3187\Coral18.JPG,Coral Garden\2024_JUL_CG_S\CG-S_T2\GOPR3187.JPG,0.1877,True
Coral Garden\2024_JUL_CG_S\CG-S_T2\GOPR3187,GOPR3187,19,Coral Garden\2024_JUL_CG_S\CG-S_T2\GOPR3187\Coral19.JPG,Coral Garden\2024_JUL_CG_S\CG-S_T2\GOPR3187.JPG,0.1731,True
Coral Garden\2024_JUL_CG_S\CG-S_T2\GOPR3188,GOPR3188,15,Coral Garden\2024_JUL_CG_S\CG-S_T2\GOPR3188\Coral15.JPG,Coral Garden\2024_JUL_CG_S\CG-S_T2\GOPR3188.JPG,0.3631,True
Coral Garden\2024_JUL_CG_S\CG-S_T2\GOPR3188,GOPR3188,29,Coral Garden\2024_JUL_CG_S\CG-S_T2\GOPR3188\Coral29.JPG,Coral Garden\2024_JUL_CG_S\CG-S_T2\GOPR3188.JPG,0.1906,False
Coral Garden\2024_JUL_CG_S\CG-S_T2\GOPR3188,GOPR3188,32,Coral Garden\2024_JUL_CG_S\CG-S_T2\GOPR3188\Coral32.JPG,Coral Garden\2024_JUL_CG_S\CG-S_T2\GOPR3188.JPG,0.1724,False
Coral Garden\2024_JUL_CG_S\CG-S_T2\GOPR3189,GOPR3189,5,Coral Garden\2024_JUL_CG_S\CG-S_T2\GOPR3189\Coral5.JPG,Coral Garden\2024_JUL_CG_S\CG-S_T2\GOPR3189.JPG,0.2416,True
Coral Garden\2024_JUL_CG_S\CG-S_T2\GOPR3189,GOPR3189,7,Coral Garden\2024_JUL_CG_S\CG-S_T2\GOPR3189\Coral7.JPG,Coral Garden\2024_JUL_CG_S\CG-S_T2\GOPR3189.JPG,0.2307,False
Coral Garden\2024_JUL_CG_S\CG-S_T2\GOPR3189,GOPR3189,9,Coral Garden\2024_JUL_CG_S\CG-S_T2\GOPR3189\Coral9.JPG,Coral Garden\2024_JUL_CG_S\CG-S_T2\GOPR3189.JPG,0.2245,True
Coral Garden\2024_JUL_CG_S\CG-S_T2\GOPR3189,GOPR3189,10,Coral Garden\2024_JUL_CG_S\CG-S_T2\GOPR3189\Coral10.JPG,Coral Garden\2024_JUL_CG_S\CG-S_T2\GOPR3189.JPG,0.2031,True
Coral Garden\2024_JUL_CG_S\CG-S_T2\GOPR3189,GOPR3189,19,Coral Garden\2024_JUL_CG_S\CG-S_T2\GOPR3189\Coral19.JPG,Coral Garden\2024_JUL_CG_S\CG-S_T2\GOPR3189.JPG,0.1521,False
Coral Garden\2024_JUL_CG_S\CG-S_T2\GOPR3190,GOPR3190,4,Coral Garden\2024_JUL_CG_S\CG-S_T2\GOPR3190\Coral4.JPG,Coral Garden\2024_JUL_CG_S\CG-S_T2\GOPR3190.JPG,0.4842,False
Coral Garden\2024_JUL_CG_S\CG-S_T2\GOPR3190,GOPR3190,9,Coral Garden\2024_JUL_CG_S\CG-S_T2\GOPR3190\Coral9.JPG,Coral Garden\2024_JUL_CG_S\CG-S_T2\GOPR3190.JPG,0.364,True
Coral Garden\2024_JUL_CG_S\CG-S_T2\GOPR3190,GOPR3190,12,Coral Garden\2024_JUL_CG_S\CG-S_T2\GOPR3190\Coral12.JPG,Coral Garden\2024_JUL_CG_S\CG-S_T2\GOPR3190.JPG,0.3141,True
Coral Garden\2024_JUL_CG_S\CG-S_T2\GOPR3190,GOPR3190,16,Coral Garden\2024_JUL_CG_S\CG-S_T2\GOPR3190\Coral16.JPG,Coral Garden\2024_JUL_CG_S\CG-S_T2\GOPR3190.JPG,0.2246,True
Coral Garden\2024_JUL_CG_S\CG-S_T2\GOPR3190,GOPR3190,18,Coral Garden\2024_JUL_CG_S\CG-S_T2\GOPR3190\Coral18.JPG,Coral Garden\2024_JUL_CG_S\CG-S_T2\GOPR3190.JPG,0.2089,True
Coral Garden\2024_JUL_CG_S\CG-S_T2\GOPR3190,GOPR3190,21,Coral Garden\2024_JUL_CG_S\CG-S_T2\GOPR3190\Coral21.JPG,Coral Garden\2024_JUL_CG_S\CG-S_T2\GOPR3190.JPG,0.168,True
Coral Garden\2024_JUL_CG_S\CG-S_T2\GOPR3191,GOPR3191,12,Coral Garden\2024_JUL_CG_S\CG-S_T2\GOPR3191\Coral12.JPG,Coral Garden\2024_JUL_CG_S\CG-S_T2\GOPR3191.JPG,0.3535,True
Coral Garden\2024_JUL_CG_S\CG-S_T2\GOPR3191,GOPR3191,16,Coral Garden\2024_JUL_CG_S\CG-S_T2\GOPR3191\Coral16.JPG,Coral Garden\2024_JUL_CG_S\CG-S_T2\GOPR3191.JPG,0.2908,True
Coral Garden\2024_JUL_CG_S\CG-S_T2\GOPR3191,GOPR3191,17,Coral Garden\2024_JUL_CG_S\CG-S_T2\GOPR3191\Coral17.JPG,Coral Garden\2024_JUL_CG_S\CG-S_T2\GOPR3191.JPG,0.2785,False
Coral Garden\2024_JUL_CG_S\CG-S_T2\GOPR3191,GOPR3191,18,Coral Garden\2024_JUL_CG_S\CG-S_T2\GOPR3191\Coral18.JPG,Coral Garden\2024_JUL_CG_S\CG-S_T2\GOPR3191.JPG,0.2711,True
Coral Garden\2024_JUL_CG_S\CG-S_T2\GOPR3191,GOPR3191,21,Coral Garden\2024_JUL_CG_S\CG-S_T2\GOPR3191\Coral21.JPG,Coral Garden\2024_JUL_CG_S\CG-S_T2\GOPR3191.JPG,0.2016,True
Coral Garden\2024_JUL_CG_S\CG-S_T2\GOPR3191,GOPR3191,22,Coral Garden\2024_JUL_CG_S\CG-S_T2\GOPR3191\Coral22.JPG,Coral Garden\2024_JUL_CG_S\CG-S_T2\GOPR3191.JPG,0.1986,True
Coral Garden\2024_JUL_CG_S\CG-S_T2\GOPR3191,GOPR3191,23,Coral Garden\2024_JUL_CG_S\CG-S_T2\GOPR3191\Coral23.JPG,Coral Garden\2024_JUL_CG_S\CG-S_T2\GOPR3191.JPG,0.1933,True
Coral Garden\2024_JUL_CG_S\CG-S_T2\GOPR3191,GOPR3191,24,Coral Garden\2024_JUL_CG_S\CG-S_T2\GOPR3191\Coral24.JPG,Coral Garden\2024_JUL_CG_S\CG-S_T2\GOPR3191.JPG,0.189,False
Coral Garden\2024_JUL_CG_S\CG-S_T2\GOPR3191,GOPR3191,25,Coral Garden\2024_JUL_CG_S\CG-S_T2\GOPR3191\Coral25.JPG,Coral Garden\2024_JUL_CG_S\CG-S_T2\GOPR3191.JPG,0.1821,True
Coral Garden\2024_JUL_CG_S\CG-S_T2\GOPR3191,GOPR3191,26,Coral Garden\2024_JUL_CG_S\CG-S_T2\GOPR3191\Coral26.JPG,Coral Garden\2024_JUL_CG_S\CG-S_T2\GOPR3191.JPG,0.1781,False
Coral Garden\2024_JUL_CG_S\CG-S_T2\GOPR3191,GOPR3191,27,Coral Garden\2024_JUL_CG_S\CG-S_T2\GOPR3191\Coral27.JPG,Coral Garden\2024_JUL_CG_S\CG-S_T2\GOPR3191.JPG,0.1713,False
Coral Garden\2024_JUL_CG_S\CG-S_T2\GOPR3191,GOPR3191,28,Coral Garden\2024_JUL_CG_S\CG-S_T2\GOPR3191\Coral28.JPG,Coral Garden\2024_JUL_CG_S\CG-S_T2\GOPR3191.JPG,0.1667,True
Coral Garden\2024_JUL_CG_S\CG-S_T2\GOPR3191,GOPR3191,29,Coral Garden\2024_JUL_CG_S\CG-S_T2\GOPR3191\Coral29.JPG,Coral Garden\2024_JUL_CG_S\CG-S_T2\GOPR3191.JPG,0.1634,True
Coral Garden\2024_JUL_CG_S\CG-S_T2\GOPR3191,GOPR3191,30,Coral Garden\2024_JUL_CG_S\CG-S_T2\GOPR3191\Coral30.JPG,Coral Garden\2024_JUL_CG_S\CG-S_T2\GOPR3191.JPG,0.1572,True
Coral Garden\2024_JUL_CG_S\CG-S_T2\GOPR3192,GOPR3192,1,Coral Garden\2024_JUL_CG_S\CG-S_T2\GOPR3192\Coral1.JPG,Coral Garden\2024_JUL_CG_S\CG-S_T2\GOPR3192.JPG,0.6981,True
Coral Garden\2024_JUL_CG_S\CG-S_T2\GOPR3192,GOPR3192,9,Coral Garden\2024_JUL_CG_S\CG-S_T2\GOPR3192\Coral9.JPG,Coral Garden\2024_JUL_CG_S\CG-S_T2\GOPR3192.JPG,0.2199,False
Coral Garden\2024_JUL_CG_S\CG-S_T2\GOPR3192,GOPR3192,11,Coral Garden\2024_JUL_CG_S\CG-S_T2\GOPR3192\Coral11.JPG,Coral Garden\2024_JUL_CG_S\CG-S_T2\GOPR3192.JPG,0.2045,True
Coral Garden\2024_JUL_CG_S\CG-S_T2\GOPR3192,GOPR3192,13,Coral Garden\2024_JUL_CG_S\CG-S_T2\GOPR3192\Coral13.JPG,Coral Garden\2024_JUL_CG_S\CG-S_T2\GOPR3192.JPG,0.1634,False
Coral Garden\2024_JUL_CG_S\CG-S_T2\GOPR3193,GOPR3193,4,Coral Garden\2024_JUL_CG_S\CG-S_T2\GOPR3193\Coral4.JPG,Coral Garden\2024_JUL_CG_S\CG-S_T2\GOPR3193.JPG,0.5339,False
Coral Garden\2024_JUL_CG_S\CG-S_T2\GOPR3193,GOPR3193,7,Coral Garden\2024_JUL_CG_S\CG-S_T2\GOPR3193\Coral7.JPG,Coral Garden\2024_JUL_CG_S\CG-S_T2\GOPR3193.JPG,0.4159,False
Coral Garden\2024_JUL_CG_S\CG-S_T2\GOPR3193,GOPR3193,8,Coral Garden\2024_JUL_CG_S\CG-S_T2\GOPR3193\Coral8.JPG,Coral Garden\2024_JUL_CG_S\CG-S_T2\GOPR3193.JPG,0.395,False
Coral Garden\2024_JUL_CG_S\CG-S_T2\GOPR3193,GOPR3193,9,Coral Garden\2024_JUL_CG_S\CG-S_T2\GOPR3193\Coral9.JPG,Coral Garden\2024_JUL_CG_S\CG-S_T2\GOPR3193.JPG,0.3864,True
Coral Garden\2024_JUL_CG_S\CG-S_T2\GOPR3193,GOPR3193,10,Coral Garden\2024_JUL_CG_S\CG-S_T2\GOPR3193\Coral10.JPG,Coral Garden\2024_JUL_CG_S\CG-S_T2\GOPR3193.JPG,0.3581,True
Coral Garden\2024_JUL_CG_S\CG-S_T2\GOPR3193,GOPR3193,12,Coral Garden\2024_JUL_CG_S\CG-S_T2\GOPR3193\Coral12.JPG,Coral Garden\2024_JUL_CG_S\CG-S_T2\GOPR3193.JPG,0.2946,True
Coral Garden\2024_JUL_CG_S\CG-S_T2\GOPR3193,GOPR3193,14,Coral Garden\2024_JUL_CG_S\CG-S_T2\GOPR3193\Coral14.JPG,Coral Garden\2024_JUL_CG_S\CG-S_T2\GOPR3193.JPG,0.2524,False
Coral Garden\2024_JUL_CG_S\CG-S_T2\GOPR3193,GOPR3193,15,Coral Garden\2024_JUL_CG_S\CG-S_T2\GOPR3193\Coral15.JPG,Coral Garden\2024_JUL_CG_S\CG-S_T2\GOPR3193.JPG,0.2522,True
Coral Garden\2024_JUL_CG_S\CG-S_T2\GOPR3193,GOPR3193,16,Coral Garden\2024_JUL_CG_S\CG-S_T2\GOPR3193\Coral16.JPG,Coral Garden\2024_JUL_CG_S\CG-S_T2\GOPR3193.JPG,0.2411,False
Coral Garden\2024_JUL_CG_S\CG-S_T2\GOPR3193,GOPR3193,19,Coral Garden\2024_JUL_CG_S\CG-S_T2\GOPR3193\Coral19.JPG,Coral Garden\2024_JUL_CG_S\CG-S_T2\GOPR3193.JPG,0.1693,True
Coral Garden\2024_JUL_CG_S\CG-S_T2\GOPR3193,GOPR3193,21,Coral Garden\2024_JUL_CG_S\CG-S_T2\GOPR3193\Coral21.JPG,Coral Garden\2024_JUL_CG_S\CG-S_T2\GOPR3193.JPG,0.1566,True
Coral Garden\2024_JUL_CG_S\CG-S_T3\GOPR3199,GOPR3199,6,Coral Garden\2024_JUL_CG_S\CG-S_T3\GOPR3199\Coral6.JPG,Coral Garden\2024_JUL_CG_S\CG-S_T3\GOPR3199.JPG,0.2782,True
Coral Garden\2024_JUL_CG_S\CG-S_T3\GOPR3199,GOPR3199,10,Coral Garden\2024_JUL_CG_S\CG-S_T3\GOPR3199\Coral10.JPG,Coral Garden\2024_JUL_CG_S\CG-S_T3\GOPR3199.JPG,0.1703,False
Coral Garden\2024_JUL_CG_S\CG-S_T3\GOPR3199,GOPR3199,11,Coral Garden\2024_JUL_CG_S\CG-S_T3\GOPR3199\Coral11.JPG,Coral Garden\2024_JUL_CG_S\CG-S_T3\GOPR3199.JPG,0.162,True
Coral Garden\2024_JUL_CG_S\CG-S_T3\GOPR3199,GOPR3199,12,Coral Garden\2024_JUL_CG_S\CG-S_T3\GOPR3199\Coral12.JPG,Coral Garden\2024_JUL_CG_S\CG-S_T3\GOPR3199.JPG,0.1606,False
Coral Garden\2024_JUL_CG_S\CG-S_T3\GOPR3200,GOPR3200,3,Coral Garden\2024_JUL_CG_S\CG-S_T3\GOPR3200\Coral3.JPG,Coral Garden\2024_JUL_CG_S\CG-S_T3\GOPR3200.JPG,0.5187,True
Coral Garden\2024_JUL_CG_S\CG-S_T3\GOPR3200,GOPR3200,5,Coral Garden\2024_JUL_CG_S\CG-S_T3\GOPR3200\Coral5.JPG,Coral Garden\2024_JUL_CG_S\CG-S_T3\GOPR3200.JPG,0.4847,False
Coral Garden\2024_JUL_CG_S\CG-S_T3\GOPR3200,GOPR3200,10,Coral Garden\2024_JUL_CG_S\CG-S_T3\GOPR3200\Coral10.JPG,Coral Garden\2024_JUL_CG_S\CG-S_T3\GOPR3200.JPG,0.3627,False
Coral Garden\2024_JUL_CG_S\CG-S_T3\GOPR3200,GOPR3200,15,Coral Garden\2024_JUL_CG_S\CG-S_T3\GOPR3200\Coral15.JPG,Coral Garden\2024_JUL_CG_S\CG-S_T3\GOPR3200.JPG,0.253,True
Coral Garden\2024_JUL_CG_S\CG-S_T3\GOPR3200,GOPR3200,18,Coral Garden\2024_JUL_CG_S\CG-S_T3\GOPR3200\Coral18.JPG,Coral Garden\2024_JUL_CG_S\CG-S_T3\GOPR3200.JPG,0.2382,False
Coral Garden\2024_JUL_CG_S\CG-S_T3\GOPR3201,GOPR3201,7,Coral Garden\2024_JUL_CG_S\CG-S_T3\GOPR3201\Coral7.JPG,Coral Garden\2024_JUL_CG_S\CG-S_T3\GOPR3201.JPG,0.5057,False
Coral Garden\2024_JUL_CG_S\CG-S_T3\GOPR3201,GOPR3201,9,Coral Garden\2024_JUL_CG_S\CG-S_T3\GOPR3201\Coral9.JPG,Coral Garden\2024_JUL_CG_S\CG-S_T3\GOPR3201.JPG,0.4309,True
Coral Garden\2024_JUL_CG_S\CG-S_T3\GOPR3201,GOPR3201,14,Coral Garden\2024_JUL_CG_S\CG-S_T3\GOPR3201\Coral14.JPG,Coral Garden\2024_JUL_CG_S\CG-S_T3\GOPR3201.JPG,0.2784,True
Coral Garden\2024_JUL_CG_S\CG-S_T3\GOPR3201,GOPR3201,15,Coral Garden\2024_JUL_CG_S\CG-S_T3\GOPR3201\Coral15.JPG,Coral Garden\2024_JUL_CG_S\CG-S_T3\GOPR3201.JPG,0.2655,True
Coral Garden\2024_JUL_CG_S\CG-S_T3\GOPR3201,GOPR3201,16,Coral Garden\2024_JUL_CG_S\CG-S_T3\GOPR3201\Coral16.JPG,Coral Garden\2024_JUL_CG_S\CG-S_T3\GOPR3201.JPG,0.2615,True
Coral Garden\2024_JUL_CG_S\CG-S_T3\GOPR3201,GOPR3201,18,Coral Garden\2024_JUL_CG_S\CG-S_T3\GOPR3201\Coral18.JPG,Coral Garden\2024_JUL_CG_S\CG-S_T3\GOPR3201.JPG,0.2523,True
Coral Garden\2024_JUL_CG_S\CG-S_T3\GOPR3201,GOPR3201,19,Coral Garden\2024_JUL_CG_S\CG-S_T3\GOPR3201\Coral19.JPG,Coral Garden\2024_JUL_CG_S\CG-S_T3\GOPR3201.JPG,0.2165,True
Coral Garden\2024_JUL_CG_S\CG-S_T3\GOPR3201,GOPR3201,21,Coral Garden\2024_JUL_CG_S\CG-S_T3\GOPR3201\Coral21.JPG,Coral Garden\2024_JUL_CG_S\CG-S_T3\GOPR3201.JPG,0.1969,True
Coral Garden\2024_JUL_CG_S\CG-S_T3\GOPR3201,GOPR3201,22,Coral Garden\2024_JUL_CG_S\CG-S_T3\GOPR3201\Coral22.JPG,Coral Garden\2024_JUL_CG_S\CG-S_T3\GOPR3201.JPG,0.1737,True
Coral Garden\2024_JUL_CG_S\CG-S_T3\GOPR3201,GOPR3201,23,Coral Garden\2024_JUL_CG_S\CG-S_T3\GOPR3201\Coral23.JPG,Coral Garden\2024_JUL_CG_S\CG-S_T3\GOPR3201.JPG,0.1718,False
Coral Garden\2024_JUL_CG_S\CG-S_T3\GOPR3201,GOPR3201,25,Coral Garden\2024_JUL_CG_S\CG-S_T3\GOPR3201\Coral25.JPG,Coral Garden\2024_JUL_CG_S\CG-S_T3\GOPR3201.JPG,0.1697,True
Coral Garden\2024_JUL_CG_S\CG-S_T3\GOPR3202,GOPR3202,7,Coral Garden\2024_JUL_CG_S\CG-S_T3\GOPR3202\Coral7.JPG,Coral Garden\2024_JUL_CG_S\CG-S_T3\GOPR3202.JPG,0.4423,True
Coral Garden\2024_JUL_CG_S\CG-S_T3\GOPR3202,GOPR3202,9,Coral Garden\2024_JUL_CG_S\CG-S_T3\GOPR3202\Coral9.JPG,Coral Garden\2024_JUL_CG_S\CG-S_T3\GOPR3202.JPG,0.3903,True
Coral Garden\2024_JUL_CG_S\CG-S_T3\GOPR3202,GOPR3202,10,Coral Garden\2024_JUL_CG_S\CG-S_T3\GOPR3202\Coral10.JPG,Coral Garden\2024_JUL_CG_S\CG-S_T3\GOPR3202.JPG,0.3854,True
Coral Garden\2024_JUL_CG_S\CG-S_T3\GOPR3202,GOPR3202,13,Coral Garden\2024_JUL_CG_S\CG-S_T3\GOPR3202\Coral13.JPG,Coral Garden\2024_JUL_CG_S\CG-S_T3\GOPR3202.JPG,0.3344,False
Coral Garden\2024_JUL_CG_S\CG-S_T3\GOPR3202,GOPR3202,16,Coral Garden\2024_JUL_CG_S\CG-S_T3\GOPR3202\Coral16.JPG,Coral Garden\2024_JUL_CG_S\CG-S_T3\GOPR3202.JPG,0.312,True
Coral Garden\2024_JUL_CG_S\CG-S_T3\GOPR3203,GOPR3203,10,Coral Garden\2024_JUL_CG_S\CG-S_T3\GOPR3203\Coral10.JPG,Coral Garden\2024_JUL_CG_S\CG-S_T3\GOPR3203.JPG,0.4052,False
Coral Garden\2024_JUL_CG_S\CG-S_T3\GOPR3203,GOPR3203,12,Coral Garden\2024_JUL_CG_S\CG-S_T3\GOPR3203\Coral12.JPG,Coral Garden\2024_JUL_CG_S\CG-S_T3\GOPR3203.JPG,0.3494,False
Coral Garden\2024_JUL_CG_S\CG-S_T3\GOPR3203,GOPR3203,13,Coral Garden\2024_JUL_CG_S\CG-S_T3\GOPR3203\Coral13.JPG,Coral Garden\2024_JUL_CG_S\CG-S_T3\GOPR3203.JPG,0.3348,False
Coral Garden\2024_JUL_CG_S\CG-S_T3\GOPR3203,GOPR3203,14,Coral Garden\2024_JUL_CG_S\CG-S_T3\GOPR3203\Coral14.JPG,Coral Garden\2024_JUL_CG_S\CG-S_T3\GOPR3203.JPG,0.3274,True
Coral Garden\2024_JUL_CG_S\CG-S_T3\GOPR3203,GOPR3203,16,Coral Garden\2024_JUL_CG_S\CG-S_T3\GOPR3203\Coral16.JPG,Coral Garden\2024_JUL_CG_S\CG-S_T3\GOPR3203.JPG,0.3079,True
Coral Garden\2024_JUL_CG_S\CG-S_T3\GOPR3203,GOPR3203,19,Coral Garden\2024_JUL_CG_S\CG-S_T3\GOPR3203\Coral19.JPG,Coral Garden\2024_JUL_CG_S\CG-S_T3\GOPR3203.JPG,0.2393,False
Coral Garden\2024_JUL_CG_S\CG-S_T3\GOPR3203,GOPR3203,21,Coral Garden\2024_JUL_CG_S\CG-S_T3\GOPR3203\Coral21.JPG,Coral Garden\2024_JUL_CG_S\CG-S_T3\GOPR3203.JPG,0.2281,True
Coral Garden\2024_JUL_CG_S\CG-S_T3\GOPR3203,GOPR3203,24,Coral Garden\2024_JUL_CG_S\CG-S_T3\GOPR3203\Coral24.JPG,Coral Garden\2024_JUL_CG_S\CG-S_T3\GOPR3203.JPG,0.2205,True
Coral Garden\2024_JUL_CG_S\CG-S_T3\GOPR3203,GOPR3203,25,Coral Garden\2024_JUL_CG_S\CG-S_T3\GOPR3203\Coral25.JPG,Coral Garden\2024_JUL_CG_S\CG-S_T3\GOPR3203.JPG,0.2066,False
Coral Garden\2024_JUL_CG_S\CG-S_T3\GOPR3203,GOPR3203,26,Coral Garden\2024_JUL_CG_S\CG-S_T3\GOPR3203\Coral26.JPG,Coral Garden\2024_JUL_CG_S\CG-S_T3\GOPR3203.JPG,0.2054,True
Coral Garden\2024_JUL_CG_S\CG-S_T3\GOPR3203,GOPR3203,32,Coral Garden\2024_JUL_CG_S\CG-S_T3\GOPR3203\Coral32.JPG,Coral Garden\2024_JUL_CG_S\CG-S_T3\GOPR3203.JPG,0.1754,False
Coral Garden\2024_JUL_CG_S\CG-S_T3\GOPR3204,GOPR3204,16,Coral Garden\2024_JUL_CG_S\CG-S_T3\GOPR3204\Coral16.JPG,Coral Garden\2024_JUL_CG_S\CG-S_T3\GOPR3204.JPG,0.3513,True
Coral Garden\2024_JUL_CG_S\CG-S_T3\GOPR3204,GOPR3204,25,Coral Garden\2024_JUL_CG_S\CG-S_T3\GOPR3204\Coral25.JPG,Coral Garden\2024_JUL_CG_S\CG-S_T3\GOPR3204.JPG,0.2723,False
Coral Garden\2024_JUL_CG_S\CG-S_T3\GOPR3204,GOPR3204,29,Coral Garden\2024_JUL_CG_S\CG-S_T3\GOPR3204\Coral29.JPG,Coral Garden\2024_JUL_CG_S\CG-S_T3\GOPR3204.JPG,0.2322,False
Coral Garden\2024_JUL_CG_S\CG-S_T3\GOPR3204,GOPR3204,30,Coral Garden\2024_JUL_CG_S\CG-S_T3\GOPR3204\Coral30.JPG,Coral Garden\2024_JUL_CG_S\CG-S_T3\GOPR3204.JPG,0.2014,True
Coral Garden\2024_JUL_CG_S\CG-S_T3\GOPR3204,GOPR3204,31,Coral Garden\2024_JUL_CG_S\CG-S_T3\GOPR3204\Coral31.JPG,Coral Garden\2024_JUL_CG_S\CG-S_T3\GOPR3204.JPG,0.1927,False
Coral Garden\2024_JUL_CG_S\CG-S_T3\GOPR3205,GOPR3205,9,Coral Garden\2024_JUL_CG_S\CG-S_T3\GOPR3205\Coral9.JPG,Coral Garden\2024_JUL_CG_S\CG-S_T3\GOPR3205.JPG,0.5801,True
Coral Garden\2024_JUL_CG_S\CG-S_T3\GOPR3205,GOPR3205,12,Coral Garden\2024_JUL_CG_S\CG-S_T3\GOPR3205\Coral12.JPG,Coral Garden\2024_JUL_CG_S\CG-S_T3\GOPR3205.JPG,0.4842,True
Coral Garden\2024_JUL_CG_S\CG-S_T3\GOPR3205,GOPR3205,14,Coral Garden\2024_JUL_CG_S\CG-S_T3\GOPR3205\Coral14.JPG,Coral Garden\2024_JUL_CG_S\CG-S_T3\GOPR3205.JPG,0.3583,False
Coral Garden\2024_JUL_CG_S\CG-S_T3\GOPR3205,GOPR3205,15,Coral Garden\2024_JUL_CG_S\CG-S_T3\GOPR3205\Coral15.JPG,Coral Garden\2024_JUL_CG_S\CG-S_T3\GOPR3205.JPG,0.3386,False
Coral Garden\2024_JUL_CG_S\CG-S_T3\GOPR3205,GOPR3205,16,Coral Garden\2024_JUL_CG_S\CG-S_T3\GOPR3205\Coral16.JPG,Coral Garden\2024_JUL_CG_S\CG-S_T3\GOPR3205.JPG,0.3314,True
Coral Garden\2024_JUL_CG_S\CG-S_T3\GOPR3205,GOPR3205,18,Coral Garden\2024_JUL_CG_S\CG-S_T3\GOPR3205\Coral18.JPG,Coral Garden\2024_JUL_CG_S\CG-S_T3\GOPR3205.JPG,0.3046,False
Coral Garden\2024_JUL_CG_S\CG-S_T3\GOPR3205,GOPR3205,19,Coral Garden\2024_JUL_CG_S\CG-S_T3\GOPR3205\Coral19.JPG,Coral Garden\2024_JUL_CG_S\CG-S_T3\GOPR3205.JPG,0.3022,False
Coral Garden\2024_JUL_CG_S\CG-S_T3\GOPR3205,GOPR3205,20,Coral Garden\2024_JUL_CG_S\CG-S_T3\GOPR3205\Coral20.JPG,Coral Garden\2024_JUL_CG_S\CG-S_T3\GOPR3205.JPG,0.2825,False
Coral Garden\2024_JUL_CG_S\CG-S_T3\GOPR3205,GOPR3205,22,Coral Garden\2024_JUL_CG_S\CG-S_T3\GOPR3205\Coral22.JPG,Coral Garden\2024_JUL_CG_S\CG-S_T3\GOPR3205.JPG,0.2609,False
Coral Garden\2024_JUL_CG_S\CG-S_T3\GOPR3205,GOPR3205,23,Coral Garden\2024_JUL_CG_S\CG-S_T3\GOPR3205\Coral23.JPG,Coral Garden\2024_JUL_CG_S\CG-S_T3\GOPR3205.JPG,0.2608,True
Coral Garden\2024_JUL_CG_S\CG-S_T3\GOPR3205,GOPR3205,25,Coral Garden\2024_JUL_CG_S\CG-S_T3\GOPR3205\Coral25.JPG,Coral Garden\2024_JUL_CG_S\CG-S_T3\GOPR3205.JPG,0.2417,True
Coral Garden\2024_JUL_CG_S\CG-S_T3\GOPR3205,GOPR3205,28,Coral Garden\2024_JUL_CG_S\CG-S_T3\GOPR3205\Coral28.JPG,Coral Garden\2024_JUL_CG_S\CG-S_T3\GOPR3205.JPG,0.2165,False
Coral Garden\2024_JUL_CG_S\CG-S_T3\GOPR3205,GOPR3205,29,Coral Garden\2024_JUL_CG_S\CG-S_T3\GOPR3205\Coral29.JPG,Coral Garden\2024_JUL_CG_S\CG-S_T3\GOPR3205.JPG,0.2161,False
Coral Garden\2024_JUL_CG_S\CG-S_T3\GOPR3205,GOPR3205,30,Coral Garden\2024_JUL_CG_S\CG-S_T3\GOPR3205\Coral30.JPG,Coral Garden\2024_JUL_CG_S\CG-S_T3\GOPR3205.JPG,0.194,False
Coral Garden\2024_JUL_CG_S\CG-S_T3\GOPR3205,GOPR3205,31,Coral Garden\2024_JUL_CG_S\CG-S_T3\GOPR3205\Coral31.JPG,Coral Garden\2024_JUL_CG_S\CG-S_T3\GOPR3205.JPG,0.1872,True
Coral Garden\2024_JUL_CG_S\CG-S_T3\GOPR3205,GOPR3205,32,Coral Garden\2024_JUL_CG_S\CG-S_T3\GOPR3205\Coral32.JPG,Coral Garden\2024_JUL_CG_S\CG-S_T3\GOPR3205.JPG,0.1796,False
Coral Garden\2024_JUL_CG_S\CG-S_T3\GOPR3205,GOPR3205,34,Coral Garden\2024_JUL_CG_S\CG-S_T3\GOPR3205\Coral34.JPG,Coral Garden\2024_JUL_CG_S\CG-S_T3\GOPR3205.JPG,0.1711,False
Coral Garden\2024_JUL_CG_S\CG-S_T3\GOPR3205,GOPR3205,35,Coral Garden\2024_JUL_CG_S\CG-S_T3\GOPR3205\Coral35.JPG,Coral Garden\2024_JUL_CG_S\CG-S_T3\GOPR3205.JPG,0.1611,False
Coral Garden\2024_JUL_CG_S\CG-S_T3\GOPR3205,GOPR3205,36,Coral Garden\2024_JUL_CG_S\CG-S_T3\GOPR3205\Coral36.JPG,Coral Garden\2024_JUL_CG_S\CG-S_T3\GOPR3205.JPG,0.1517,False
Coral Garden\2024_JUL_CG_S\CG-S_T3\GOPR3206,GOPR3206,9,Coral Garden\2024_JUL_CG_S\CG-S_T3\GOPR3206\Coral9.JPG,Coral Garden\2024_JUL_CG_S\CG-S_T3\GOPR3206.JPG,0.4764,True
Coral Garden\2024_JUL_CG_S\CG-S_T3\GOPR3206,GOPR3206,16,Coral Garden\2024_JUL_CG_S\CG-S_T3\GOPR3206\Coral16.JPG,Coral Garden\2024_JUL_CG_S\CG-S_T3\GOPR3206.JPG,0.377,True
Coral Garden\2024_JUL_CG_S\CG-S_T3\GOPR3206,GOPR3206,17,Coral Garden\2024_JUL_CG_S\CG-S_T3\GOPR3206\Coral17.JPG,Coral Garden\2024_JUL_CG_S\CG-S_T3\GOPR3206.JPG,0.3674,True
Coral Garden\2024_JUL_CG_S\CG-S_T3\GOPR3206,GOPR3206,18,Coral Garden\2024_JUL_CG_S\CG-S_T3\GOPR3206\Coral18.JPG,Coral Garden\2024_JUL_CG_S\CG-S_T3\GOPR3206.JPG,0.3522,True
Coral Garden\2024_JUL_CG_S\CG-S_T3\GOPR3206,GOPR3206,19,Coral Garden\2024_JUL_CG_S\CG-S_T3\GOPR3206\Coral19.JPG,Coral Garden\2024_JUL_CG_S\CG-S_T3\GOPR3206.JPG,0.3414,True
Coral Garden\2024_JUL_CG_S\CG-S_T3\GOPR3206,GOPR3206,20,Coral Garden\2024_JUL_CG_S\CG-S_T3\GOPR3206\Coral20.JPG,Coral Garden\2024_JUL_CG_S\CG-S_T3\GOPR3206.JPG,0.3294,True
Coral Garden\2024_JUL_CG_S\CG-S_T3\GOPR3206,GOPR3206,23,Coral Garden\2024_JUL_CG_S\CG-S_T3\GOPR3206\Coral23.JPG,Coral Garden\2024_JUL_CG_S\CG-S_T3\GOPR3206.JPG,0.2715,True
Coral Garden\2024_JUL_CG_S\CG-S_T3\GOPR3206,GOPR3206,29,Coral Garden\2024_JUL_CG_S\CG-S_T3\GOPR3206\Coral29.JPG,Coral Garden\2024_JUL_CG_S\CG-S_T3\GOPR3206.JPG,0.2019,False
Coral Garden\2024_JUL_CG_S\CG-S_T3\GOPR3206,GOPR3206,31,Coral Garden\2024_JUL_CG_S\CG-S_T3\GOPR3206\Coral31.JPG,Coral Garden\2024_JUL_CG_S\CG-S_T3\GOPR3206.JPG,0.1978,False
Coral Garden\2024_JUL_CG_S\CG-S_T3\GOPR3206,GOPR3206,32,Coral Garden\2024_JUL_CG_S\CG-S_T3\GOPR3206\Coral32.JPG,Coral Garden\2024_JUL_CG_S\CG-S_T3\GOPR3206.JPG,0.1922,True
Coral Garden\2024_JUL_CG_S\CG-S_T3\GOPR3206,GOPR3206,34,Coral Garden\2024_JUL_CG_S\CG-S_T3\GOPR3206\Coral34.JPG,Coral Garden\2024_JUL_CG_S\CG-S_T3\GOPR3206.JPG,0.1732,False
Coral Garden\2024_JUL_CG_S\CG-S_T3\GOPR3206,GOPR3206,35,Coral Garden\2024_JUL_CG_S\CG-S_T3\GOPR3206\Coral35.JPG,Coral Garden\2024_JUL_CG_S\CG-S_T3\GOPR3206.JPG,0.171,False
Coral Garden\2024_JUL_CG_S\CG-S_T3\GOPR3207,GOPR3207,11,Coral Garden\2024_JUL_CG_S\CG-S_T3\GOPR3207\Coral11.JPG,Coral Garden\2024_JUL_CG_S\CG-S_T3\GOPR3207.JPG,0.4681,True
Coral Garden\2024_JUL_CG_S\CG-S_T3\GOPR3207,GOPR3207,21,Coral Garden\2024_JUL_CG_S\CG-S_T3\GOPR3207\Coral21.JPG,Coral Garden\2024_JUL_CG_S\CG-S_T3\GOPR3207.JPG,0.3143,True
Coral Garden\2024_JUL_CG_S\CG-S_T3\GOPR3207,GOPR3207,22,Coral Garden\2024_JUL_CG_S\CG-S_T3\GOPR3207\Coral22.JPG,Coral Garden\2024_JUL_CG_S\CG-S_T3\GOPR3207.JPG,0.302,False
Coral Garden\2024_JUL_CG_S\CG-S_T3\GOPR3207,GOPR3207,23,Coral Garden\2024_JUL_CG_S\CG-S_T3\GOPR3207\Coral23.JPG,Coral Garden\2024_JUL_CG_S\CG-S_T3\GOPR3207.JPG,0.291,True
Coral Garden\2024_JUL_CG_S\CG-S_T3\GOPR3207,GOPR3207,24,Coral Garden\2024_JUL_CG_S\CG-S_T3\GOPR3207\Coral24.JPG,Coral Garden\2024_JUL_CG_S\CG-S_T3\GOPR3207.JPG,0.2747,False
Coral Garden\2024_JUL_CG_S\CG-S_T3\GOPR3207,GOPR3207,33,Coral Garden\2024_JUL_CG_S\CG-S_T3\GOPR3207\Coral33.JPG,Coral Garden\2024_JUL_CG_S\CG-S_T3\GOPR3207.JPG,0.2068,False
Coral Garden\2024_JUL_CG_S\CG-S_T3\GOPR3207,GOPR3207,34,Coral Garden\2024_JUL_CG_S\CG-S_T3\GOPR3207\Coral34.JPG,Coral Garden\2024_JUL_CG_S\CG-S_T3\GOPR3207.JPG,0.2053,False
Coral Garden\2024_JUL_CG_S\CG-S_T3\GOPR3207,GOPR3207,36,Coral Garden\2024_JUL_CG_S\CG-S_T3\GOPR3207\Coral36.JPG,Coral Garden\2024_JUL_CG_S\CG-S_T3\GOPR3207.JPG,0.1903,True
Coral Garden\2024_JUL_CG_S\CG-S_T3\GOPR3207,GOPR3207,37,Coral Garden\2024_JUL_CG_S\CG-S_T3\GOPR3207\Coral37.JPG,Coral Garden\2024_JUL_CG_S\CG-S_T3\GOPR3207.JPG,0.1899,True
Coral Garden\2024_JUL_CG_S\CG-S_T3\GOPR3207,GOPR3207,40,Coral Garden\2024_JUL_CG_S\CG-S_T3\GOPR3207\Coral40.JPG,Coral Garden\2024_JUL_CG_S\CG-S_T3\GOPR3207.JPG,0.1758,False
Coral Garden\2024_JUL_CG_S\CG-S_T3\GOPR3207,GOPR3207,41,Coral Garden\2024_JUL_CG_S\CG-S_T3\GOPR3207\Coral41.JPG,Coral Garden\2024_JUL_CG_S\CG-S_T3\GOPR3207.JPG,0.1757,False
Coral Garden\2024_JUL_CG_S\CG-S_T3\GOPR3207,GOPR3207,42,Coral Garden\2024_JUL_CG_S\CG-S_T3\GOPR3207\Coral42.JPG,Coral Garden\2024_JUL_CG_S\CG-S_T3\GOPR3207.JPG,0.1679,False
Coral Garden\2024_JUL_CG_S\CG-S_T3\GOPR3207,GOPR3207,43,Coral Garden\2024_JUL_CG_S\CG-S_T3\GOPR3207\Coral43.JPG,Coral Garden\2024_JUL_CG_S\CG-S_T3\GOPR3207.JPG,0.1583,False
Coral Garden\2024_JUL_CG_S\CG-S_T3\GOPR3207,GOPR3207,44,Coral Garden\2024_JUL_CG_S\CG-S_T3\GOPR3207\Coral44.JPG,Coral Garden\2024_JUL_CG_S\CG-S_T3\GOPR3207.JPG,0.1564,False
Coral Garden\2024_JUL_CG_S\CG-S_T3\GOPR3207,GOPR3207,46,Coral Garden\2024_JUL_CG_S\CG-S_T3\GOPR3207\Coral46.JPG,Coral Garden\2024_JUL_CG_S\CG-S_T3\GOPR3207.JPG,0.1539,False
Coral Garden\2024_JUL_CG_S\CG-S_T3\GOPR3208,GOPR3208,2,Coral Garden\2024_JUL_CG_S\CG-S_T3\GOPR3208\Coral2.JPG,Coral Garden\2024_JUL_CG_S\CG-S_T3\GOPR3208.JPG,0.3623,True
Coral Garden\2024_JUL_CG_S\CG-S_T3\GOPR3208,GOPR3208,5,Coral Garden\2024_JUL_CG_S\CG-S_T3\GOPR3208\Coral5.JPG,Coral Garden\2024_JUL_CG_S\CG-S_T3\GOPR3208.JPG,0.2811,True
Coral Garden\2024_JUL_CG_S\CG-S_T3\GOPR3208,GOPR3208,6,Coral Garden\2024_JUL_CG_S\CG-S_T3\GOPR3208\Coral6.JPG,Coral Garden\2024_JUL_CG_S\CG-S_T3\GOPR3208.JPG,0.2251,True
Coral Garden\2024_JUL_CG_S\CG-S_T3\GOPR3208,GOPR3208,8,Coral Garden\2024_JUL_CG_S\CG-S_T3\GOPR3208\Coral8.JPG,Coral Garden\2024_JUL_CG_S\CG-S_T3\GOPR3208.JPG,0.1824,False
Coral Garden\2024_JUL_CG_S\CG-S_T3\GOPR3208,GOPR3208,9,Coral Garden\2024_JUL_CG_S\CG-S_T3\GOPR3208\Coral9.JPG,Coral Garden\2024_JUL_CG_S\CG-S_T3\GOPR3208.JPG,0.1515,True
Coral Garden\2024_JUL_CG_S\CG-S_T3\GOPR3209,GOPR3209,6,Coral Garden\2024_JUL_CG_S\CG-S_T3\GOPR3209\Coral6.JPG,Coral Garden\2024_JUL_CG_S\CG-S_T3\GOPR3209.JPG,0.1924,True
Coral Garden\2024_JUL_CG_S\CG-S_T3\GOPR3209,GOPR3209,7,Coral Garden\2024_JUL_CG_S\CG-S_T3\GOPR3209\Coral7.JPG,Coral Garden\2024_JUL_CG_S\CG-S_T3\GOPR3209.JPG,0.1813,True
Coral Garden\2024_JUL_CG_S\CG-S_T3\GOPR3209,GOPR3209,8,Coral Garden\2024_JUL_CG_S\CG-S_T3\GOPR3209\Coral8.JPG,Coral Garden\2024_JUL_CG_S\CG-S_T3\GOPR3209.JPG,0.1585,False
Coral Garden\2024_JUL_CG_S\CG-S_T3\GOPR3210,GOPR3210,12,Coral Garden\2024_JUL_CG_S\CG-S_T3\GOPR3210\Coral12.JPG,Coral Garden\2024_JUL_CG_S\CG-S_T3\GOPR3210.JPG,0.1568,False
Coral Garden\2024_JUL_CG_S\CG-S_T3\GOPR3211,GOPR3211,6,Coral Garden\2024_JUL_CG_S\CG-S_T3\GOPR3211\Coral6.JPG,Coral Garden\2024_JUL_CG_S\CG-S_T3\GOPR3211.JPG,0.5729,True
Coral Garden\2024_JUL_CG_S\CG-S_T3\GOPR3212,GOPR3212,2,Coral Garden\2024_JUL_CG_S\CG-S_T3\GOPR3212\Coral2.JPG,Coral Garden\2024_JUL_CG_S\CG-S_T3\GOPR3212.JPG,0.2581,True
Coral Garden\2024_JUL_CG_S\CG-S_T3\GOPR3212,GOPR3212,3,Coral Garden\2024_JUL_CG_S\CG-S_T3\GOPR3212\Coral3.JPG,Coral Garden\2024_JUL_CG_S\CG-S_T3\GOPR3212.JPG,0.2092,True
Coral Garden\2024_JUL_CG_S\CG-S_T3\GOPR3214,GOPR3214,3,Coral Garden\2024_JUL_CG_S\CG-S_T3\GOPR3214\Coral3.JPG,Coral Garden\2024_JUL_CG_S\CG-S_T3\GOPR3214.JPG,0.6783,True
Coral Garden\2024_JUL_CG_S\CG-S_T3\GOPR3214,GOPR3214,5,Coral Garden\2024_JUL_CG_S\CG-S_T3\GOPR3214\Coral5.JPG,Coral Garden\2024_JUL_CG_S\CG-S_T3\GOPR3214.JPG,0.6466,False
Coral Garden\2024_JUL_CG_S\CG-S_T3\GOPR3214,GOPR3214,8,Coral Garden\2024_JUL_CG_S\CG-S_T3\GOPR3214\Coral8.JPG,Coral Garden\2024_JUL_CG_S\CG-S_T3\GOPR3214.JPG,0.4729,True
Coral Garden\2024_JUL_CG_S\CG-S_T3\GOPR3214,GOPR3214,9,Coral Garden\2024_JUL_CG_S\CG-S_T3\GOPR3214\Coral9.JPG,Coral Garden\2024_JUL_CG_S\CG-S_T3\GOPR3214.JPG,0.357,False
Coral Garden\2024_JUL_CG_S\CG-S_T3\GOPR3214,GOPR3214,10,Coral Garden\2024_JUL_CG_S\CG-S_T3\GOPR3214\Coral10.JPG,Coral Garden\2024_JUL_CG_S\CG-S_T3\GOPR3214.JPG,0.3356,True
Coral Garden\2024_JUL_CG_S\CG-S_T3\GOPR3214,GOPR3214,15,Coral Garden\2024_JUL_CG_S\CG-S_T3\GOPR3214\Coral15.JPG,Coral Garden\2024_JUL_CG_S\CG-S_T3\GOPR3214.JPG,0.2658,True
Coral Garden\2024_JUL_CG_S\CG-S_T3\GOPR3214,GOPR3214,18,Coral Garden\2024_JUL_CG_S\CG-S_T3\GOPR3214\Coral18.JPG,Coral Garden\2024_JUL_CG_S\CG-S_T3\GOPR3214.JPG,0.1567,True
Coral Garden\2024_JUL_CG_S\CG-S_T3\GOPR3215,GOPR3215,1,Coral Garden\2024_JUL_CG_S\CG-S_T3\GOPR3215\Coral1.JPG,Coral Garden\2024_JUL_CG_S\CG-S_T3\GOPR3215.JPG,0.6135,True
Coral Garden\2024_JUL_CG_S\CG-S_T3\GOPR3215,GOPR3215,6,Coral Garden\2024_JUL_CG_S\CG-S_T3\GOPR3215\Coral6.JPG,Coral Garden\2024_JUL_CG_S\CG-S_T3\GOPR3215.JPG,0.1919,False
Coral Garden\2024_JUL_CG_S\CG-S_T3\GOPR3215,GOPR3215,7,Coral Garden\2024_JUL_CG_S\CG-S_T3\GOPR3215\Coral7.JPG,Coral Garden\2024_JUL_CG_S\CG-S_T3\GOPR3215.JPG,0.1912,False
Coral Garden\2024_JUL_CG_S\CG-S_T3\GOPR3215,GOPR3215,9,Coral Garden\2024_JUL_CG_S\CG-S_T3\GOPR3215\Coral9.JPG,Coral Garden\2024_JUL_CG_S\CG-S_T3\GOPR3215.JPG,0.1557,True
Coral Garden\2024_JUL_CG_S\CG-S_T3\GOPR3216,GOPR3216,4,Coral Garden\2024_JUL_CG_S\CG-S_T3\GOPR3216\Coral4.JPG,Coral Garden\2024_JUL_CG_S\CG-S_T3\GOPR3216.JPG,0.6384,False
Coral Garden\2024_JUL_CG_S\CG-S_T3\GOPR3216,GOPR3216,5,Coral Garden\2024_JUL_CG_S\CG-S_T3\GOPR3216\Coral5.JPG,Coral Garden\2024_JUL_CG_S\CG-S_T3\GOPR3216.JPG,0.6081,False
Coral Garden\2024_JUL_CG_S\CG-S_T3\GOPR3216,GOPR3216,6,Coral Garden\2024_JUL_CG_S\CG-S_T3\GOPR3216\Coral6.JPG,Coral Garden\2024_JUL_CG_S\CG-S_T3\GOPR3216.JPG,0.5867,False
Coral Garden\2024_JUL_CG_S\CG-S_T3\GOPR3216,GOPR3216,8,Coral Garden\2024_JUL_CG_S\CG-S_T3\GOPR3216\Coral8.JPG,Coral Garden\2024_JUL_CG_S\CG-S_T3\GOPR3216.JPG,0.4949,False
Coral Garden\2024_JUL_CG_S\CG-S_T3\GOPR3216,GOPR3216,11,Coral Garden\2024_JUL_CG_S\CG-S_T3\GOPR3216\Coral11.JPG,Coral Garden\2024_JUL_CG_S\CG-S_T3\GOPR3216.JPG,0.2976,False
Coral Garden\2024_JUL_CG_S\CG-S_T3\GOPR3216,GOPR3216,16,Coral Garden\2024_JUL_CG_S\CG-S_T3\GOPR3216\Coral16.JPG,Coral Garden\2024_JUL_CG_S\CG-S_T3\GOPR3216.JPG,0.2059,True
Coral Garden\2024_JUL_CG_S\CG-S_T3\GOPR3216,GOPR3216,18,Coral Garden\2024_JUL_CG_S\CG-S_T3\GOPR3216\Coral18.JPG,Coral Garden\2024_JUL_CG_S\CG-S_T3\GOPR3216.JPG,0.1989,False
Coral Garden\2024_JUL_CG_S\CG-S_T3\GOPR3216,GOPR3216,19,Coral Garden\2024_JUL_CG_S\CG-S_T3\GOPR3216\Coral19.JPG,Coral Garden\2024_JUL_CG_S\CG-S_T3\GOPR3216.JPG,0.1841,True
Coral Garden\2024_JUL_CG_S\CG-S_T3\GOPR3216,GOPR3216,23,Coral Garden\2024_JUL_CG_S\CG-S_T3\GOPR3216\Coral23.JPG,Coral Garden\2024_JUL_CG_S\CG-S_T3\GOPR3216.JPG,0.1651,True
Coral Garden\2024_JUL_CG_S\CG-S_T3\GOPR3217,GOPR3217,3,Coral Garden\2024_JUL_CG_S\CG-S_T3\GOPR3217\Coral3.JPG,Coral Garden\2024_JUL_CG_S\CG-S_T3\GOPR3217.JPG,0.3191,False
Coral Garden\2024_JUL_CG_S\CG-S_T3\GOPR3217,GOPR3217,4,Coral Garden\2024_JUL_CG_S\CG-S_T3\GOPR3217\Coral4.JPG,Coral Garden\2024_JUL_CG_S\CG-S_T3\GOPR3217.JPG,0.3117,False
Coral Garden\2024_JUL_CG_S\CG-S_T3\GOPR3217,GOPR3217,6,Coral Garden\2024_JUL_CG_S\CG-S_T3\GOPR3217\Coral6.JPG,Coral Garden\2024_JUL_CG_S\CG-S_T3\GOPR3217.JPG,0.2189,False
Coral Garden\2024_JUL_CG_S\CG-S_T3\GOPR3217,GOPR3217,7,Coral Garden\2024_JUL_CG_S\CG-S_T3\GOPR3217\Coral7.JPG,Coral Garden\2024_JUL_CG_S\CG-S_T3\GOPR3217.JPG,0.2022,False
Coral Garden\2024_JUL_CG_S\CG-S_T3\GOPR3218,GOPR3218,5,Coral Garden\2024_JUL_CG_S\CG-S_T3\GOPR3218\Coral5.JPG,Coral Garden\2024_JUL_CG_S\CG-S_T3\GOPR3218.JPG,0.4215,False
Coral Garden\2024_JUL_CG_S\CG-S_T3\GOPR3218,GOPR3218,7,Coral Garden\2024_JUL_CG_S\CG-S_T3\GOPR3218\Coral7.JPG,Coral Garden\2024_JUL_CG_S\CG-S_T3\GOPR3218.JPG,0.4128,True
Coral Garden\2024_JUL_CG_S\CG-S_T3\GOPR3218,GOPR3218,9,Coral Garden\2024_JUL_CG_S\CG-S_T3\GOPR3218\Coral9.JPG,Coral Garden\2024_JUL_CG_S\CG-S_T3\GOPR3218.JPG,0.3878,True
Coral Garden\2024_JUL_CG_S\CG-S_T3\GOPR3218,GOPR3218,13,Coral Garden\2024_JUL_CG_S\CG-S_T3\GOPR3218\Coral13.JPG,Coral Garden\2024_JUL_CG_S\CG-S_T3\GOPR3218.JPG,0.3589,False
Coral Garden\2024_JUL_CG_S\CG-S_T3\GOPR3218,GOPR3218,15,Coral Garden\2024_JUL_CG_S\CG-S_T3\GOPR3218\Coral15.JPG,Coral Garden\2024_JUL_CG_S\CG-S_T3\GOPR3218.JPG,0.316,False
Coral Garden\2024_JUL_CG_S\CG-S_T3\GOPR3218,GOPR3218,18,Coral Garden\2024_JUL_CG_S\CG-S_T3\GOPR3218\Coral18.JPG,Coral Garden\2024_JUL_CG_S\CG-S_T3\GOPR3218.JPG,0.2603,True
Coral Garden\2024_JUL_CG_S\CG-S_T3\GOPR3218,GOPR3218,20,Coral Garden\2024_JUL_CG_S\CG-S_T3\GOPR3218\Coral20.JPG,Coral Garden\2024_JUL_CG_S\CG-S_T3\GOPR3218.JPG,0.2375,False
Coral Garden\2024_JUL_CG_S\CG-S_T3\GOPR3218,GOPR3218,23,Coral Garden\2024_JUL_CG_S\CG-S_T3\GOPR3218\Coral23.JPG,Coral Garden\2024_JUL_CG_S\CG-S_T3\GOPR3218.JPG,0.1755,False
Coral Garden\2024_JUL_CG_S\CG-S_T3\GOPR3219,GOPR3219,6,Coral Garden\2024_JUL_CG_S\CG-S_T3\GOPR3219\Coral6.JPG,Coral Garden\2024_JUL_CG_S\CG-S_T3\GOPR3219.JPG,0.6008,True
Coral Garden\2024_JUL_CG_S\CG-S_T3\GOPR3219,GOPR3219,8,Coral Garden\2024_JUL_CG_S\CG-S_T3\GOPR3219\Coral8.JPG,Coral Garden\2024_JUL_CG_S\CG-S_T3\GOPR3219.JPG,0.5789,False
Coral Garden\2024_JUL_CG_S\CG-S_T3\GOPR3219,GOPR3219,10,Coral Garden\2024_JUL_CG_S\CG-S_T3\GOPR3219\Coral10.JPG,Coral Garden\2024_JUL_CG_S\CG-S_T3\GOPR3219.JPG,0.5382,True
Coral Garden\2024_JUL_CG_S\CG-S_T3\GOPR3219,GOPR3219,14,Coral Garden\2024_JUL_CG_S\CG-S_T3\GOPR3219\Coral14.JPG,Coral Garden\2024_JUL_CG_S\CG-S_T3\GOPR3219.JPG,0.4854,False
Coral Garden\2024_JUL_CG_S\CG-S_T3\GOPR3219,GOPR3219,15,Coral Garden\2024_JUL_CG_S\CG-S_T3\GOPR3219\Coral15.JPG,Coral Garden\2024_JUL_CG_S\CG-S_T3\GOPR3219.JPG,0.4766,False
Coral Garden\2024_JUL_CG_S\CG-S_T3\GOPR3219,GOPR3219,17,Coral Garden\2024_JUL_CG_S\CG-S_T3\GOPR3219\Coral17.JPG,Coral Garden\2024_JUL_CG_S\CG-S_T3\GOPR3219.JPG,0.4392,True
Coral Garden\2024_JUL_CG_S\CG-S_T3\GOPR3219,GOPR3219,20,Coral Garden\2024_JUL_CG_S\CG-S_T3\GOPR3219\Coral20.JPG,Coral Garden\2024_JUL_CG_S\CG-S_T3\GOPR3219.JPG,0.4097,False
Coral Garden\2024_JUL_CG_S\CG-S_T3\GOPR3219,GOPR3219,21,Coral Garden\2024_JUL_CG_S\CG-S_T3\GOPR3219\Coral21.JPG,Coral Garden\2024_JUL_CG_S\CG-S_T3\GOPR3219.JPG,0.4093,False
Coral Garden\2024_JUL_CG_S\CG-S_T3\GOPR3219,GOPR3219,23,Coral Garden\2024_JUL_CG_S\CG-S_T3\GOPR3219\Coral23.JPG,Coral Garden\2024_JUL_CG_S\CG-S_T3\GOPR3219.JPG,0.3303,True
Coral Garden\2024_JUL_CG_S\CG-S_T3\GOPR3219,GOPR3219,25,Coral Garden\2024_JUL_CG_S\CG-S_T3\GOPR3219\Coral25.JPG,Coral Garden\2024_JUL_CG_S\CG-S_T3\GOPR3219.JPG,0.3175,False
Coral Garden\2024_JUL_CG_S\CG-S_T3\GOPR3219,GOPR3219,26,Coral Garden\2024_JUL_CG_S\CG-S_T3\GOPR3219\Coral26.JPG,Coral Garden\2024_JUL_CG_S\CG-S_T3\GOPR3219.JPG,0.2915,False
Coral Garden\2024_JUL_CG_S\CG-S_T3\GOPR3219,GOPR3219,27,Coral Garden\2024_JUL_CG_S\CG-S_T3\GOPR3219\Coral27.JPG,Coral Garden\2024_JUL_CG_S\CG-S_T3\GOPR3219.JPG,0.2624,False
Coral Garden\2024_JUL_CG_S\CG-S_T3\GOPR3219,GOPR3219,30,Coral Garden\2024_JUL_CG_S\CG-S_T3\GOPR3219\Coral30.JPG,Coral Garden\2024_JUL_CG_S\CG-S_T3\GOPR3219.JPG,0.1978,True
Coral Garden\2024_JUL_CG_S\CG-S_T3\GOPR3220,GOPR3220,2,Coral Garden\2024_JUL_CG_S\CG-S_T3\GOPR3220\Coral2.JPG,Coral Garden\2024_JUL_CG_S\CG-S_T3\GOPR3220.JPG,0.3644,True
Coral Garden\2024_JUL_CG_S\CG-S_T3\GOPR3220,GOPR3220,3,Coral Garden\2024_JUL_CG_S\CG-S_T3\GOPR3220\Coral3.JPG,Coral Garden\2024_JUL_CG_S\CG-S_T3\GOPR3220.JPG,0.3422,False
Coral Garden\2024_JUL_CG_S\CG-S_T3\GOPR3220,GOPR3220,6,Coral Garden\2024_JUL_CG_S\CG-S_T3\GOPR3220\Coral6.JPG,Coral Garden\2024_JUL_CG_S\CG-S_T3\GOPR3220.JPG,0.2709,False
Coral Garden\2024_JUL_CG_S\CG-S_T3\GOPR3220,GOPR3220,8,Coral Garden\2024_JUL_CG_S\CG-S_T3\GOPR3220\Coral8.JPG,Coral Garden\2024_JUL_CG_S\CG-S_T3\GOPR3220.JPG,0.2386,False
Coral Garden\2024_JUL_CG_S\CG-S_T3\GOPR3220,GOPR3220,9,Coral Garden\2024_JUL_CG_S\CG-S_T3\GOPR3220\Coral9.JPG,Coral Garden\2024_JUL_CG_S\CG-S_T3\GOPR3220.JPG,0.2348,False
Coral Garden\2024_JUL_CG_S\CG-S_T3\GOPR3220,GOPR3220,10,Coral Garden\2024_JUL_CG_S\CG-S_T3\GOPR3220\Coral10.JPG,Coral Garden\2024_JUL_CG_S\CG-S_T3\GOPR3220.JPG,0.214,False
Coral Garden\2024_JUL_CG_S\CG-S_T3\GOPR3220,GOPR3220,11,Coral Garden\2024_JUL_CG_S\CG-S_T3\GOPR3220\Coral11.JPG,Coral Garden\2024_JUL_CG_S\CG-S_T3\GOPR3220.JPG,0.1958,True
Coral Garden\2024_JUL_CG_S\CG-S_T3\GOPR3220,GOPR3220,12,Coral Garden\2024_JUL_CG_S\CG-S_T3\GOPR3220\Coral12.JPG,Coral Garden\2024_JUL_CG_S\CG-S_T3\GOPR3220.JPG,0.1893,False
Coral Garden\2024_JUL_CG_S\CG-S_T3\GOPR3220,GOPR3220,13,Coral Garden\2024_JUL_CG_S\CG-S_T3\GOPR3220\Coral13.JPG,Coral Garden\2024_JUL_CG_S\CG-S_T3\GOPR3220.JPG,0.1871,False
Coral Garden\2024_JUL_CG_S\CG-S_T3\GOPR3220,GOPR3220,14,Coral Garden\2024_JUL_CG_S\CG-S_T3\GOPR3220\Coral14.JPG,Coral Garden\2024_JUL_CG_S\CG-S_T3\GOPR3220.JPG,0.1608,True
Coral Garden\2024_JUL_CG_S\CG-S_T3\GOPR3220,GOPR3220,15,Coral Garden\2024_JUL_CG_S\CG-S_T3\GOPR3220\Coral15.JPG,Coral Garden\2024_JUL_CG_S\CG-S_T3\GOPR3220.JPG,0.1542,False
Coral Garden\2024_JUL_CG_S\CG-S_T3\GOPR3221,GOPR3221,1,Coral Garden\2024_JUL_CG_S\CG-S_T3\GOPR3221\Coral1.JPG,Coral Garden\2024_JUL_CG_S\CG-S_T3\GOPR3221.JPG,0.2378,True
Coral Garden\2024_JUL_CG_S\CG-S_T3\GOPR3221,GOPR3221,2,Coral Garden\2024_JUL_CG_S\CG-S_T3\GOPR3221\Coral2.JPG,Coral Garden\2024_JUL_CG_S\CG-S_T3\GOPR3221.JPG,0.2363,True
Coral Garden\2024_JUL_CG_S\CG-S_T3\GOPR3221,GOPR3221,3,Coral Garden\2024_JUL_CG_S\CG-S_T3\GOPR3221\Coral3.JPG,Coral Garden\2024_JUL_CG_S\CG-S_T3\GOPR3221.JPG,0.2103,True
Coral Garden\2024_JUL_CG_S\CG-S_T3\GOPR3221,GOPR3221,4,Coral Garden\2024_JUL_CG_S\CG-S_T3\GOPR3221\Coral4.JPG,Coral Garden\2024_JUL_CG_S\CG-S_T3\GOPR3221.JPG,0.2092,False
Coral Garden\2024_JUL_CG_S\CG-S_T3\GOPR3221,GOPR3221,5,Coral Garden\2024_JUL_CG_S\CG-S_T3\GOPR3221\Coral5.JPG,Coral Garden\2024_JUL_CG_S\CG-S_T3\GOPR3221.JPG,0.1819,False
Coral Garden\2024_JUL_CG_S\CG-S_T3\GOPR3221,GOPR3221,7,Coral Garden\2024_JUL_CG_S\CG-S_T3\GOPR3221\Coral7.JPG,Coral Garden\2024_JUL_CG_S\CG-S_T3\GOPR3221.JPG,0.1652,False
Coral Garden\2024_JUL_CG_S\CG-S_T3\GOPR3221,GOPR3221,8,Coral Garden\2024_JUL_CG_S\CG-S_T3\GOPR3221\Coral8.JPG,Coral Garden\2024_JUL_CG_S\CG-S_T3\GOPR3221.JPG,0.1567,False
Coral Garden\2024_JUL_CG_S\CG-S_T3\GOPR3222,GOPR3222,5,Coral Garden\2024_JUL_CG_S\CG-S_T3\GOPR3222\Coral5.JPG,Coral Garden\2024_JUL_CG_S\CG-S_T3\GOPR3222.JPG,0.303,False
Coral Garden\2024_JUL_CG_S\CG-S_T3\GOPR3222,GOPR3222,6,Coral Garden\2024_JUL_CG_S\CG-S_T3\GOPR3222\Coral6.JPG,Coral Garden\2024_JUL_CG_S\CG-S_T3\GOPR3222.JPG,0.2917,False
Coral Garden\2024_JUL_CG_S\CG-S_T3\GOPR3222,GOPR3222,8,Coral Garden\2024_JUL_CG_S\CG-S_T3\GOPR3222\Coral8.JPG,Coral Garden\2024_JUL_CG_S\CG-S_T3\GOPR3222.JPG,0.2211,True
Coral Garden\2024_JUL_CG_S\CG-S_T3\GOPR3222,GOPR3222,10,Coral Garden\2024_JUL_CG_S\CG-S_T3\GOPR3222\Coral10.JPG,Coral Garden\2024_JUL_CG_S\CG-S_T3\GOPR3222.JPG,0.1577,True
Coral Garden\2024_JUL_CG_S\CG-S_T3\GOPR3223,GOPR3223,3,Coral Garden\2024_JUL_CG_S\CG-S_T3\GOPR3223\Coral3.JPG,Coral Garden\2024_JUL_CG_S\CG-S_T3\GOPR3223.JPG,0.2741,False
Coral Garden\2024_JUL_CG_S\CG-S_T3\GOPR3223,GOPR3223,4,Coral Garden\2024_JUL_CG_S\CG-S_T3\GOPR3223\Coral4.JPG,Coral Garden\2024_JUL_CG_S\CG-S_T3\GOPR3223.JPG,0.2456,False
Coral Garden\2024_JUL_CG_S\CG-S_T3\GOPR3223,GOPR3223,6,Coral Garden\2024_JUL_CG_S\CG-S_T3\GOPR3223\Coral6.JPG,Coral Garden\2024_JUL_CG_S\CG-S_T3\GOPR3223.JPG,0.2377,False
Coral Garden\2024_JUL_CG_S\CG-S_T3\GOPR3223,GOPR3223,7,Coral Garden\2024_JUL_CG_S\CG-S_T3\GOPR3223\Coral7.JPG,Coral Garden\2024_JUL_CG_S\CG-S_T3\GOPR3223.JPG,0.1826,True
Coral Garden\2024_JUL_CG_S\CG-S_T3\GOPR3223,GOPR3223,9,Coral Garden\2024_JUL_CG_S\CG-S_T3\GOPR3223\Coral9.JPG,Coral Garden\2024_JUL_CG_S\CG-S_T3\GOPR3223.JPG,0.1505,True
Coral Garden\2024_JUL_CG_S\CG-S_T3\GOPR3224,GOPR3224,1,Coral Garden\2024_JUL_CG_S\CG-S_T3\GOPR3224\Coral1.JPG,Coral Garden\2024_JUL_CG_S\CG-S_T3\GOPR3224.JPG,0.3977,False
Coral Garden\2024_JUL_CG_S\CG-S_T3\GOPR3224,GOPR3224,4,Coral Garden\2024_JUL_CG_S\CG-S_T3\GOPR3224\Coral4.JPG,Coral Garden\2024_JUL_CG_S\CG-S_T3\GOPR3224.JPG,0.3115,False
Coral Garden\2024_JUL_CG_S\CG-S_T3\GOPR3224,GOPR3224,9,Coral Garden\2024_JUL_CG_S\CG-S_T3\GOPR3224\Coral9.JPG,Coral Garden\2024_JUL_CG_S\CG-S_T3\GOPR3224.JPG,0.1932,False
Coral Garden\2024_JUL_CG_S\CG-S_T3\GOPR3224,GOPR3224,11,Coral Garden\2024_JUL_CG_S\CG-S_T3\GOPR3224\Coral11.JPG,Coral Garden\2024_JUL_CG_S\CG-S_T3\GOPR3224.JPG,0.1692,True
Coral Garden\2024_JUL_CG_S\CG-S_T3\GOPR3224,GOPR3224,12,Coral Garden\2024_JUL_CG_S\CG-S_T3\GOPR3224\Coral12.JPG,Coral Garden\2024_JUL_CG_S\CG-S_T3\GOPR3224.JPG,0.1657,True
Coral Garden\2024_JUL_CG_S\CG-S_T3\GOPR3224,GOPR3224,14,Coral Garden\2024_JUL_CG_S\CG-S_T3\GOPR3224\Coral14.JPG,Coral Garden\2024_JUL_CG_S\CG-S_T3\GOPR3224.JPG,0.1602,False
Coral Garden\2024_JUL_CG_S\CG-S_T3\GOPR3225,GOPR3225,1,Coral Garden\2024_JUL_CG_S\CG-S_T3\GOPR3225\Coral1.JPG,Coral Garden\2024_JUL_CG_S\CG-S_T3\GOPR3225.JPG,0.5459,True
Coral Garden\2024_JUL_CG_S\CG-S_T3\GOPR3225,GOPR3225,4,Coral Garden\2024_JUL_CG_S\CG-S_T3\GOPR3225\Coral4.JPG,Coral Garden\2024_JUL_CG_S\CG-S_T3\GOPR3225.JPG,0.3803,True
Coral Garden\2024_JUL_CG_S\CG-S_T3\GOPR3225,GOPR3225,8,Coral Garden\2024_JUL_CG_S\CG-S_T3\GOPR3225\Coral8.JPG,Coral Garden\2024_JUL_CG_S\CG-S_T3\GOPR3225.JPG,0.2242,True
Coral Garden\2024_JUL_CG_S\CG-S_T3\GOPR3225,GOPR3225,9,Coral Garden\2024_JUL_CG_S\CG-S_T3\GOPR3225\Coral9.JPG,Coral Garden\2024_JUL_CG_S\CG-S_T3\GOPR3225.JPG,0.2187,True
Coral Garden\2024_JUL_CG_S\CG-S_T3\GOPR3225,GOPR3225,12,Coral Garden\2024_JUL_CG_S\CG-S_T3\GOPR3225\Coral12.JPG,Coral Garden\2024_JUL_CG_S\CG-S_T3\GOPR3225.JPG,0.1723,True
Coral Garden\2024_JUL_CG_S\CG-S_T3\GOPR3225,GOPR3225,13,Coral Garden\2024_JUL_CG_S\CG-S_T3\GOPR3225\Coral13.JPG,Coral Garden\2024_JUL_CG_S\CG-S_T3\GOPR3225.JPG,0.1718,False
Coral Garden\2024_JUL_CG_S\CG-S_T3\GOPR3225,GOPR3225,15,Coral Garden\2024_JUL_CG_S\CG-S_T3\GOPR3225\Coral15.JPG,Coral Garden\2024_JUL_CG_S\CG-S_T3\GOPR3225.JPG,0.1523,False
Coral Garden\2024_JUL_CG_S\CG-S_T3\GOPR3226,GOPR3226,7,Coral Garden\2024_JUL_CG_S\CG-S_T3\GOPR3226\Coral7.JPG,Coral Garden\2024_JUL_CG_S\CG-S_T3\GOPR3226.JPG,0.3184,True
Coral Garden\2024_JUL_CG_S\CG-S_T3\GOPR3226,GOPR3226,11,Coral Garden\2024_JUL_CG_S\CG-S_T3\GOPR3226\Coral11.JPG,Coral Garden\2024_JUL_CG_S\CG-S_T3\GOPR3226.JPG,0.2262,False
Coral Garden\2024_JUL_CG_S\CG-S_T3\GOPR3226,GOPR3226,12,Coral Garden\2024_JUL_CG_S\CG-S_T3\GOPR3226\Coral12.JPG,Coral Garden\2024_JUL_CG_S\CG-S_T3\GOPR3226.JPG,0.2193,True
Coral Garden\2024_JUL_CG_S\CG-S_T3\GOPR3226,GOPR3226,13,Coral Garden\2024_JUL_CG_S\CG-S_T3\GOPR3226\Coral13.JPG,Coral Garden\2024_JUL_CG_S\CG-S_T3\GOPR3226.JPG,0.2131,False
Coral Garden\2024_JUL_CG_S\CG-S_T3\GOPR3226,GOPR3226,14,Coral Garden\2024_JUL_CG_S\CG-S_T3\GOPR3226\Coral14.JPG,Coral Garden\2024_JUL_CG_S\CG-S_T3\GOPR3226.JPG,0.2093,False
Coral Garden\2024_JUL_CG_S\CG-S_T3\GOPR3226,GOPR3226,16,Coral Garden\2024_JUL_CG_S\CG-S_T3\GOPR3226\Coral16.JPG,Coral Garden\2024_JUL_CG_S\CG-S_T3\GOPR3226.JPG,0.1551,True
Coral Garden\2024_JUL_CG_S\CG-S_T3\GOPR3226,GOPR3226,17,Coral Garden\2024_JUL_CG_S\CG-S_T3\GOPR3226\Coral17.JPG,Coral Garden\2024_JUL_CG_S\CG-S_T3\GOPR3226.JPG,0.1506,True
Coral Garden\2024_JUL_CG_S\CG-S_T3\GOPR3227,GOPR3227,3,Coral Garden\2024_JUL_CG_S\CG-S_T3\GOPR3227\Coral3.JPG,Coral Garden\2024_JUL_CG_S\CG-S_T3\GOPR3227.JPG,0.3826,True
Coral Garden\2024_JUL_CG_S\CG-S_T3\GOPR3227,GOPR3227,5,Coral Garden\2024_JUL_CG_S\CG-S_T3\GOPR3227\Coral5.JPG,Coral Garden\2024_JUL_CG_S\CG-S_T3\GOPR3227.JPG,0.2723,True
Coral Garden\2024_JUL_CG_S\CG-S_T3\GOPR3227,GOPR3227,8,Coral Garden\2024_JUL_CG_S\CG-S_T3\GOPR3227\Coral8.JPG,Coral Garden\2024_JUL_CG_S\CG-S_T3\GOPR3227.JPG,0.257,True
Coral Garden\2024_JUL_CG_S\CG-S_T3\GOPR3227,GOPR3227,9,Coral Garden\2024_JUL_CG_S\CG-S_T3\GOPR3227\Coral9.JPG,Coral Garden\2024_JUL_CG_S\CG-S_T3\GOPR3227.JPG,0.2328,False
Coral Garden\2024_JUL_CG_S\CG-S_T3\GOPR3227,GOPR3227,13,Coral Garden\2024_JUL_CG_S\CG-S_T3\GOPR3227\Coral13.JPG,Coral Garden\2024_JUL_CG_S\CG-S_T3\GOPR3227.JPG,0.1764,False
Coral Garden\2024_JUL_CG_S\CG-S_T3\GOPR3228,GOPR3228,4,Coral Garden\2024_JUL_CG_S\CG-S_T3\GOPR3228\Coral4.JPG,Coral Garden\2024_JUL_CG_S\CG-S_T3\GOPR3228.JPG,0.23,False
Coral Garden\2024_JUL_CG_S\CG-S_T3\GOPR3228,GOPR3228,7,Coral Garden\2024_JUL_CG_S\CG-S_T3\GOPR3228\Coral7.JPG,Coral Garden\2024_JUL_CG_S\CG-S_T3\GOPR3228.JPG,0.1936,False
Coral Garden\2024_JUL_CG_S\CG-S_T3\GOPR3228,GOPR3228,10,Coral Garden\2024_JUL_CG_S\CG-S_T3\GOPR3228\Coral10.JPG,Coral Garden\2024_JUL_CG_S\CG-S_T3\GOPR3228.JPG,0.1583,True
Coral Garden\2024_JUL_CG_S\CG-S_T3\GOPR3228,GOPR3228,11,Coral Garden\2024_JUL_CG_S\CG-S_T3\GOPR3228\Coral11.JPG,Coral Garden\2024_JUL_CG_S\CG-S_T3\GOPR3228.JPG,0.1542,True
Coral Garden\2024_JUL_CG_S\CG-S_T3\GOPR3229,GOPR3229,1,Coral Garden\2024_JUL_CG_S\CG-S_T3\GOPR3229\Coral1.JPG,Coral Garden\2024_JUL_CG_S\CG-S_T3\GOPR3229.JPG,0.3802,True
Coral Garden\2024_JUL_CG_S\CG-S_T3\GOPR3229,GOPR3229,3,Coral Garden\2024_JUL_CG_S\CG-S_T3\GOPR3229\Coral3.JPG,Coral Garden\2024_JUL_CG_S\CG-S_T3\GOPR3229.JPG,0.2504,True
Coral Garden\2024_JUL_CG_S\CG-S_T3\GOPR3229,GOPR3229,6,Coral Garden\2024_JUL_CG_S\CG-S_T3\GOPR3229\Coral6.JPG,Coral Garden\2024_JUL_CG_S\CG-S_T3\GOPR3229.JPG,0.2282,True
Coral Garden\2024_JUL_CG_S\CG-S_T3\GOPR3229,GOPR3229,9,Coral Garden\2024_JUL_CG_S\CG-S_T3\GOPR3229\Coral9.JPG,Coral Garden\2024_JUL_CG_S\CG-S_T3\GOPR3229.JPG,0.2081,False
Coral Garden\2024_JUL_CG_S\CG-S_T3\GOPR3229,GOPR3229,10,Coral Garden\2024_JUL_CG_S\CG-S_T3\GOPR3229\Coral10.JPG,Coral Garden\2024_JUL_CG_S\CG-S_T3\GOPR3229.JPG,0.1769,True
Coral Garden\2024_JUL_CG_S\CG-S_T3\GOPR3230,GOPR3230,3,Coral Garden\2024_JUL_CG_S\CG-S_T3\GOPR3230\Coral3.JPG,Coral Garden\2024_JUL_CG_S\CG-S_T3\GOPR3230.JPG,0.3275,True
Coral Garden\2024_JUL_CG_S\CG-S_T3\GOPR3230,GOPR3230,6,Coral Garden\2024_JUL_CG_S\CG-S_T3\GOPR3230\Coral6.JPG,Coral Garden\2024_JUL_CG_S\CG-S_T3\GOPR3230.JPG,0.2529,True
Coral Garden\2024_JUL_CG_S\CG-S_T3\GOPR3230,GOPR3230,9,Coral Garden\2024_JUL_CG_S\CG-S_T3\GOPR3230\Coral9.JPG,Coral Garden\2024_JUL_CG_S\CG-S_T3\GOPR3230.JPG,0.1559,False
Coral Garden\2024_JUL_CG_S\CG-S_T3\GOPR3230,GOPR3230,10,Coral Garden\2024_JUL_CG_S\CG-S_T3\GOPR3230\Coral10.JPG,Coral Garden\2024_JUL_CG_S\CG-S_T3\GOPR3230.JPG,0.1512,True
Coral Garden\2024_JUL_CG_S\CG-S_T3\GOPR3231,GOPR3231,2,Coral Garden\2024_JUL_CG_S\CG-S_T3\GOPR3231\Coral2.JPG,Coral Garden\2024_JUL_CG_S\CG-S_T3\GOPR3231.JPG,0.6157,True
Coral Garden\2024_JUL_CG_S\CG-S_T3\GOPR3231,GOPR3231,4,Coral Garden\2024_JUL_CG_S\CG-S_T3\GOPR3231\Coral4.JPG,Coral Garden\2024_JUL_CG_S\CG-S_T3\GOPR3231.JPG,0.4742,False
Coral Garden\2024_JUL_CG_S\CG-S_T3\GOPR3231,GOPR3231,10,Coral Garden\2024_JUL_CG_S\CG-S_T3\GOPR3231\Coral10.JPG,Coral Garden\2024_JUL_CG_S\CG-S_T3\GOPR3231.JPG,0.355,True
Coral Garden\2024_JUL_CG_S\CG-S_T3\GOPR3231,GOPR3231,12,Coral Garden\2024_JUL_CG_S\CG-S_T3\GOPR3231\Coral12.JPG,Coral Garden\2024_JUL_CG_S\CG-S_T3\GOPR3231.JPG,0.3108,True
Coral Garden\2024_JUL_CG_S\CG-S_T3\GOPR3231,GOPR3231,13,Coral Garden\2024_JUL_CG_S\CG-S_T3\GOPR3231\Coral13.JPG,Coral Garden\2024_JUL_CG_S\CG-S_T3\GOPR3231.JPG,0.2755,True
Coral Garden\2024_JUL_CG_S\CG-S_T3\GOPR3231,GOPR3231,16,Coral Garden\2024_JUL_CG_S\CG-S_T3\GOPR3231\Coral16.JPG,Coral Garden\2024_JUL_CG_S\CG-S_T3\GOPR3231.JPG,0.2135,True
Coral Garden\2024_JUL_CG_S\CG-S_T3\GOPR3231,GOPR3231,20,Coral Garden\2024_JUL_CG_S\CG-S_T3\GOPR3231\Coral20.JPG,Coral Garden\2024_JUL_CG_S\CG-S_T3\GOPR3231.JPG,0.1778,False
Coral Garden\2024_JUL_CG_S\CG-S_T3\GOPR3231,GOPR3231,21,Coral Garden\2024_JUL_CG_S\CG-S_T3\GOPR3231\Coral21.JPG,Coral Garden\2024_JUL_CG_S\CG-S_T3\GOPR3231.JPG,0.1616,True
Coral Garden\2024_JUL_CG_S\CG-S_T3\GOPR3231,GOPR3231,23,Coral Garden\2024_JUL_CG_S\CG-S_T3\GOPR3231\Coral23.JPG,Coral Garden\2024_JUL_CG_S\CG-S_T3\GOPR3231.JPG,0.153,False
Coral Garden\2024_JUL_CG_S\CG-S_T3\GOPR3232,GOPR3232,2,Coral Garden\2024_JUL_CG_S\CG-S_T3\GOPR3232\Coral2.JPG,Coral Garden\2024_JUL_CG_S\CG-S_T3\GOPR3232.JPG,0.3467,True
Coral Garden\2024_JUL_CG_S\CG-S_T3\GOPR3232,GOPR3232,3,Coral Garden\2024_JUL_CG_S\CG-S_T3\GOPR3232\Coral3.JPG,Coral Garden\2024_JUL_CG_S\CG-S_T3\GOPR3232.JPG,0.3458,True
Coral Garden\2024_JUL_CG_S\CG-S_T3\GOPR3232,GOPR3232,10,Coral Garden\2024_JUL_CG_S\CG-S_T3\GOPR3232\Coral10.JPG,Coral Garden\2024_JUL_CG_S\CG-S_T3\GOPR3232.JPG,0.2236,True
Coral Garden\2024_JUL_CG_S\CG-S_T3\GOPR3232,GOPR3232,11,Coral Garden\2024_JUL_CG_S\CG-S_T3\GOPR3232\Coral11.JPG,Coral Garden\2024_JUL_CG_S\CG-S_T3\GOPR3232.JPG,0.1707,True
Coral Garden\2024_JUL_CG_S\CG-S_T3\GOPR3232,GOPR3232,12,Coral Garden\2024_JUL_CG_S\CG-S_T3\GOPR3232\Coral12.JPG,Coral Garden\2024_JUL_CG_S\CG-S_T3\GOPR3232.JPG,0.1664,False
Coral Garden\2024_JUL_CG_S\CG-S_T3\GOPR3232,GOPR3232,13,Coral Garden\2024_JUL_CG_S\CG-S_T3\GOPR3232\Coral13.JPG,Coral Garden\2024_JUL_CG_S\CG-S_T3\GOPR3232.JPG,0.1613,True
Coral Garden\2024_JUL_CG_S\CG-S_T3\GOPR3233,GOPR3233,4,Coral Garden\2024_JUL_CG_S\CG-S_T3\GOPR3233\Coral4.JPG,Coral Garden\2024_JUL_CG_S\CG-S_T3\GOPR3233.JPG,0.2381,True
Coral Garden\2024_JUL_CG_S\CG-S_T3\GOPR3233,GOPR3233,5,Coral Garden\2024_JUL_CG_S\CG-S_T3\GOPR3233\Coral5.JPG,Coral Garden\2024_JUL_CG_S\CG-S_T3\GOPR3233.JPG,0.1716,False
Coral Garden\2024_JUL_CG_S\CG-S_T3\GOPR3233,GOPR3233,7,Coral Garden\2024_JUL_CG_S\CG-S_T3\GOPR3233\Coral7.JPG,Coral Garden\2024_JUL_CG_S\CG-S_T3\GOPR3233.JPG,0.1696,True
Coral Garden\2024_JUL_CG_S\CG-S_T3\GOPR3234,GOPR3234,1,Coral Garden\2024_JUL_CG_S\CG-S_T3\GOPR3234\Coral1.JPG,Coral Garden\2024_JUL_CG_S\CG-S_T3\GOPR3234.JPG,0.7066,True
Coral Garden\2024_JUL_CG_S\CG-S_T3\GOPR3234,GOPR3234,2,Coral Garden\2024_JUL_CG_S\CG-S_T3\GOPR3234\Coral2.JPG,Coral Garden\2024_JUL_CG_S\CG-S_T3\GOPR3234.JPG,0.3973,True
Coral Garden\2024_JUL_CG_S\CG-S_T3\GOPR3234,GOPR3234,6,Coral Garden\2024_JUL_CG_S\CG-S_T3\GOPR3234\Coral6.JPG,Coral Garden\2024_JUL_CG_S\CG-S_T3\GOPR3234.JPG,0.2197,True
Coral Garden\2024_JUL_CG_S\CG-S_T3\GOPR3235,GOPR3235,3,Coral Garden\2024_JUL_CG_S\CG-S_T3\GOPR3235\Coral3.JPG,Coral Garden\2024_JUL_CG_S\CG-S_T3\GOPR3235.JPG,0.1908,True
Coral Garden\2024_JUL_CG_S\CG-S_T3\GOPR3235,GOPR3235,4,Coral Garden\2024_JUL_CG_S\CG-S_T3\GOPR3235\Coral4.JPG,Coral Garden\2024_JUL_CG_S\CG-S_T3\GOPR3235.JPG,0.1781,False
Coral Garden\2024_JUL_CG_S\CG-S_T3\GOPR3235,GOPR3235,8,Coral Garden\2024_JUL_CG_S\CG-S_T3\GOPR3235\Coral8.JPG,Coral Garden\2024_JUL_CG_S\CG-S_T3\GOPR3235.JPG,0.1527,True
Coral Garden\2024_JUL_CG_S\CG-S_T3\GOPR3236,GOPR3236,2,Coral Garden\2024_JUL_CG_S\CG-S_T3\GOPR3236\Coral2.JPG,Coral Garden\2024_JUL_CG_S\CG-S_T3\GOPR3236.JPG,0.3872,True
Coral Garden\2024_JUL_CG_S\CG-S_T3\GOPR3236,GOPR3236,5,Coral Garden\2024_JUL_CG_S\CG-S_T3\GOPR3236\Coral5.JPG,Coral Garden\2024_JUL_CG_S\CG-S_T3\GOPR3236.JPG,0.2817,True
Coral Garden\2024_JUL_CG_S\CG-S_T3\GOPR3236,GOPR3236,7,Coral Garden\2024_JUL_CG_S\CG-S_T3\GOPR3236\Coral7.JPG,Coral Garden\2024_JUL_CG_S\CG-S_T3\GOPR3236.JPG,0.2155,True
Coral Garden\2024_JUL_CG_S\CG-S_T3\GOPR3236,GOPR3236,8,Coral Garden\2024_JUL_CG_S\CG-S_T3\GOPR3236\Coral8.JPG,Coral Garden\2024_JUL_CG_S\CG-S_T3\GOPR3236.JPG,0.2143,False
Coral Garden\2024_JUL_CG_S\CG-S_T3\GOPR3236,GOPR3236,9,Coral Garden\2024_JUL_CG_S\CG-S_T3\GOPR3236\Coral9.JPG,Coral Garden\2024_JUL_CG_S\CG-S_T3\GOPR3236.JPG,0.1964,False
Coral Garden\2024_JUL_CG_S\CG-S_T3\GOPR3237,GOPR3237,2,Coral Garden\2024_JUL_CG_S\CG-S_T3\GOPR3237\Coral2.JPG,Coral Garden\2024_JUL_CG_S\CG-S_T3\GOPR3237.JPG,0.2638,True
Coral Garden\2024_JUL_CG_S\CG-S_T3\GOPR3237,GOPR3237,5,Coral Garden\2024_JUL_CG_S\CG-S_T3\GOPR3237\Coral5.JPG,Coral Garden\2024_JUL_CG_S\CG-S_T3\GOPR3237.JPG,0.1938,False
Coral Garden\2024_JUL_CG_S\CG-S_T3\GOPR3237,GOPR3237,6,Coral Garden\2024_JUL_CG_S\CG-S_T3\GOPR3237\Coral6.JPG,Coral Garden\2024_JUL_CG_S\CG-S_T3\GOPR3237.JPG,0.1863,True
Coral Garden\2024_JUL_CG_S\CG-S_T3\GOPR3237,GOPR3237,7,Coral Garden\2024_JUL_CG_S\CG-S_T3\GOPR3237\Coral7.JPG,Coral Garden\2024_JUL_CG_S\CG-S_T3\GOPR3237.JPG,0.1738,True
Coral Garden\2024_JUL_CG_S\CG-S_T3\GOPR3237,GOPR3237,8,Coral Garden\2024_JUL_CG_S\CG-S_T3\GOPR3237\Coral8.JPG,Coral Garden\2024_JUL_CG_S\CG-S_T3\GOPR3237.JPG,0.1599,True
Coral Garden\2024_JUL_CG_S\CG-S_T3\GOPR3238,GOPR3238,1,Coral Garden\2024_JUL_CG_S\CG-S_T3\GOPR3238\Coral1.JPG,Coral Garden\2024_JUL_CG_S\CG-S_T3\GOPR3238.JPG,0.1996,True
Coral Garden\2024_JUL_CG_S\CG-S_T3\GOPR3238,GOPR3238,2,Coral Garden\2024_JUL_CG_S\CG-S_T3\GOPR3238\Coral2.JPG,Coral Garden\2024_JUL_CG_S\CG-S_T3\GOPR3238.JPG,0.1688,False
Coral Garden\2024_JUL_CG_S\CG-S_T3\GOPR3238,GOPR3238,3,Coral Garden\2024_JUL_CG_S\CG-S_T3\GOPR3238\Coral3.JPG,Coral Garden\2024_JUL_CG_S\CG-S_T3\GOPR3238.JPG,0.1555,False
Coral Garden\2024_JUL_CG_S\CG-S_T3\GOPR3240,GOPR3240,3,Coral Garden\2024_JUL_CG_S\CG-S_T3\GOPR3240\Coral3.JPG,Coral Garden\2024_JUL_CG_S\CG-S_T3\GOPR3240.JPG,0.2776,False
Coral Garden\2024_JUL_CG_S\CG-S_T3\GOPR3240,GOPR3240,4,Coral Garden\2024_JUL_CG_S\CG-S_T3\GOPR3240\Coral4.JPG,Coral Garden\2024_JUL_CG_S\CG-S_T3\GOPR3240.JPG,0.2415,True
Coral Garden\2024_JUL_CG_S\CG-S_T3\GOPR3240,GOPR3240,5,Coral Garden\2024_JUL_CG_S\CG-S_T3\GOPR3240\Coral5.JPG,Coral Garden\2024_JUL_CG_S\CG-S_T3\GOPR3240.JPG,0.2301,False
Coral Garden\2024_JUL_CG_S\CG-S_T3\GOPR3240,GOPR3240,6,Coral Garden\2024_JUL_CG_S\CG-S_T3\GOPR3240\Coral6.JPG,Coral Garden\2024_JUL_CG_S\CG-S_T3\GOPR3240.JPG,0.2016,True
Coral Garden\2024_JUL_CG_S\CG-S_T3\GOPR3240,GOPR3240,8,Coral Garden\2024_JUL_CG_S\CG-S_T3\GOPR3240\Coral8.JPG,Coral Garden\2024_JUL_CG_S\CG-S_T3\GOPR3240.JPG,0.1611,False
Coral Garden\2024_JUL_CG_S\CG-S_T3\GOPR3241,GOPR3241,1,Coral Garden\2024_JUL_CG_S\CG-S_T3\GOPR3241\Coral1.JPG,Coral Garden\2024_JUL_CG_S\CG-S_T3\GOPR3241.JPG,0.5561,False
Coral Garden\2024_JUL_CG_S\CG-S_T3\GOPR3241,GOPR3241,5,Coral Garden\2024_JUL_CG_S\CG-S_T3\GOPR3241\Coral5.JPG,Coral Garden\2024_JUL_CG_S\CG-S_T3\GOPR3241.JPG,0.2944,False
Coral Garden\2024_JUL_CG_S\CG-S_T3\GOPR3241,GOPR3241,6,Coral Garden\2024_JUL_CG_S\CG-S_T3\GOPR3241\Coral6.JPG,Coral Garden\2024_JUL_CG_S\CG-S_T3\GOPR3241.JPG,0.2835,True
Coral Garden\2024_JUL_CG_S\CG-S_T3\GOPR3241,GOPR3241,7,Coral Garden\2024_JUL_CG_S\CG-S_T3\GOPR3241\Coral7.JPG,Coral Garden\2024_JUL_CG_S\CG-S_T3\GOPR3241.JPG,0.2594,True
Coral Garden\2024_JUL_CG_S\CG-S_T3\GOPR3241,GOPR3241,8,Coral Garden\2024_JUL_CG_S\CG-S_T3\GOPR3241\Coral8.JPG,Coral Garden\2024_JUL_CG_S\CG-S_T3\GOPR3241.JPG,0.2524,True
Coral Garden\2024_JUL_CG_S\CG-S_T3\GOPR3241,GOPR3241,9,Coral Garden\2024_JUL_CG_S\CG-S_T3\GOPR3241\Coral9.JPG,Coral Garden\2024_JUL_CG_S\CG-S_T3\GOPR3241.JPG,0.221,False
Coral Garden\2024_JUL_CG_S\CG-S_T3\GOPR3241,GOPR3241,10,Coral Garden\2024_JUL_CG_S\CG-S_T3\GOPR3241\Coral10.JPG,Coral Garden\2024_JUL_CG_S\CG-S_T3\GOPR3241.JPG,0.2178,False
Coral Garden\2024_JUL_CG_S\CG-S_T3\GOPR3242,GOPR3242,2,Coral Garden\2024_JUL_CG_S\CG-S_T3\GOPR3242\Coral2.JPG,Coral Garden\2024_JUL_CG_S\CG-S_T3\GOPR3242.JPG,0.3306,True
Coral Garden\2024_JUL_CG_S\CG-S_T3\GOPR3242,GOPR3242,3,Coral Garden\2024_JUL_CG_S\CG-S_T3\GOPR3242\Coral3.JPG,Coral Garden\2024_JUL_CG_S\CG-S_T3\GOPR3242.JPG,0.3095,False
Coral Garden\2024_JUL_CG_S\CG-S_T3\GOPR3242,GOPR3242,5,Coral Garden\2024_JUL_CG_S\CG-S_T3\GOPR3242\Coral5.JPG,Coral Garden\2024_JUL_CG_S\CG-S_T3\GOPR3242.JPG,0.2617,True
Coral Garden\2024_JUL_CG_S\CG-S_T3\GOPR3242,GOPR3242,6,Coral Garden\2024_JUL_CG_S\CG-S_T3\GOPR3242\Coral6.JPG,Coral Garden\2024_JUL_CG_S\CG-S_T3\GOPR3242.JPG,0.2443,False
Coral Garden\2024_JUL_CG_S\CG-S_T3\GOPR3242,GOPR3242,7,Coral Garden\2024_JUL_CG_S\CG-S_T3\GOPR3242\Coral7.JPG,Coral Garden\2024_JUL_CG_S\CG-S_T3\GOPR3242.JPG,0.2419,True
Coral Garden\2024_JUL_CG_S\CG-S_T3\GOPR3242,GOPR3242,8,Coral Garden\2024_JUL_CG_S\CG-S_T3\GOPR3242\Coral8.JPG,Coral Garden\2024_JUL_CG_S\CG-S_T3\GOPR3242.JPG,0.2313,True
Coral Garden\2024_JUL_CG_S\CG-S_T3\GOPR3242,GOPR3242,9,Coral Garden\2024_JUL_CG_S\CG-S_T3\GOPR3242\Coral9.JPG,Coral Garden\2024_JUL_CG_S\CG-S_T3\GOPR3242.JPG,0.2283,True
Coral Garden\2024_JUL_CG_S\CG-S_T3\GOPR3242,GOPR3242,10,Coral Garden\2024_JUL_CG_S\CG-S_T3\GOPR3242\Coral10.JPG,Coral Garden\2024_JUL_CG_S\CG-S_T3\GOPR3242.JPG,0.2247,True
Coral Garden\2024_JUL_CG_S\CG-S_T3\GOPR3242,GOPR3242,11,Coral Garden\2024_JUL_CG_S\CG-S_T3\GOPR3242\Coral11.JPG,Coral Garden\2024_JUL_CG_S\CG-S_T3\GOPR3242.JPG,0.2234,True
Coral Garden\2024_JUL_CG_S\CG-S_T3\GOPR3242,GOPR3242,12,Coral Garden\2024_JUL_CG_S\CG-S_T3\GOPR3242\Coral12.JPG,Coral Garden\2024_JUL_CG_S\CG-S_T3\GOPR3242.JPG,0.2177,True
Coral Garden\2024_JUL_CG_S\CG-S_T3\GOPR3242,GOPR3242,13,Coral Garden\2024_JUL_CG_S\CG-S_T3\GOPR3242\Coral13.JPG,Coral Garden\2024_JUL_CG_S\CG-S_T3\GOPR3242.JPG,0.2117,True
Coral Garden\2024_JUL_CG_S\CG-S_T3\GOPR3242,GOPR3242,14,Coral Garden\2024_JUL_CG_S\CG-S_T3\GOPR3242\Coral14.JPG,Coral Garden\2024_JUL_CG_S\CG-S_T3\GOPR3242.JPG,0.1995,False
Coral Garden\2024_JUL_CG_S\CG-S_T3\GOPR3242,GOPR3242,15,Coral Garden\2024_JUL_CG_S\CG-S_T3\GOPR3242\Coral15.JPG,Coral Garden\2024_JUL_CG_S\CG-S_T3\GOPR3242.JPG,0.1993,False
Coral Garden\2024_JUL_CG_S\CG-S_T3\GOPR3242,GOPR3242,16,Coral Garden\2024_JUL_CG_S\CG-S_T3\GOPR3242\Coral16.JPG,Coral Garden\2024_JUL_CG_S\CG-S_T3\GOPR3242.JPG,0.196,False
Coral Garden\2024_JUL_CG_S\CG-S_T3\GOPR3242,GOPR3242,19,Coral Garden\2024_JUL_CG_S\CG-S_T3\GOPR3242\Coral19.JPG,Coral Garden\2024_JUL_CG_S\CG-S_T3\GOPR3242.JPG,0.1846,False
Coral Garden\2024_JUL_CG_S\CG-S_T3\GOPR3242,GOPR3242,20,Coral Garden\2024_JUL_CG_S\CG-S_T3\GOPR3242\Coral20.JPG,Coral Garden\2024_JUL_CG_S\CG-S_T3\GOPR3242.JPG,0.1831,True
Coral Garden\2024_JUL_CG_S\CG-S_T3\GOPR3242,GOPR3242,21,Coral Garden\2024_JUL_CG_S\CG-S_T3\GOPR3242\Coral21.JPG,Coral Garden\2024_JUL_CG_S\CG-S_T3\GOPR3242.JPG,0.1645,True
Coral Garden\2024_JUL_CG_S\CG-S_T3\GOPR3242,GOPR3242,22,Coral Garden\2024_JUL_CG_S\CG-S_T3\GOPR3242\Coral22.JPG,Coral Garden\2024_JUL_CG_S\CG-S_T3\GOPR3242.JPG,0.1595,True
Coral Garden\2024_JUL_CG_S\CG-S_T3\GOPR3242,GOPR3242,23,Coral Garden\2024_JUL_CG_S\CG-S_T3\GOPR3242\Coral23.JPG,Coral Garden\2024_JUL_CG_S\CG-S_T3\GOPR3242.JPG,0.1564,False
Coral Garden\2024_JUL_CG_S\CG-S_T3\GOPR3242,GOPR3242,24,Coral Garden\2024_JUL_CG_S\CG-S_T3\GOPR3242\Coral24.JPG,Coral Garden\2024_JUL_CG_S\CG-S_T3\GOPR3242.JPG,0.1512,True
Coral Garden\2024_JUL_CG_S\CG-S_T3\GOPR3242,GOPR3242,25,Coral Garden\2024_JUL_CG_S\CG-S_T3\GOPR3242\Coral25.JPG,Coral Garden\2024_JUL_CG_S\CG-S_T3\GOPR3242.JPG,0.1502,True
Coral Garden\2024_JUL_CG_S\CG-S_T3\GOPR3243,GOPR3243,1,Coral Garden\2024_JUL_CG_S\CG-S_T3\GOPR3243\Coral1.JPG,Coral Garden\2024_JUL_CG_S\CG-S_T3\GOPR3243.JPG,0.3343,True
Coral Garden\2024_JUL_CG_S\CG-S_T3\GOPR3243,GOPR3243,3,Coral Garden\2024_JUL_CG_S\CG-S_T3\GOPR3243\Coral3.JPG,Coral Garden\2024_JUL_CG_S\CG-S_T3\GOPR3243.JPG,0.2529,False
Coral Garden\2024_JUL_CG_S\CG-S_T3\GOPR3243,GOPR3243,5,Coral Garden\2024_JUL_CG_S\CG-S_T3\GOPR3243\Coral5.JPG,Coral Garden\2024_JUL_CG_S\CG-S_T3\GOPR3243.JPG,0.2339,True
Coral Garden\2024_JUL_CG_S\CG-S_T3\GOPR3243,GOPR3243,7,Coral Garden\2024_JUL_CG_S\CG-S_T3\GOPR3243\Coral7.JPG,Coral Garden\2024_JUL_CG_S\CG-S_T3\GOPR3243.JPG,0.2227,True
Coral Garden\2024_JUL_CG_S\CG-S_T3\GOPR3243,GOPR3243,8,Coral Garden\2024_JUL_CG_S\CG-S_T3\GOPR3243\Coral8.JPG,Coral Garden\2024_JUL_CG_S\CG-S_T3\GOPR3243.JPG,0.2145,True
Coral Garden\2024_JUL_CG_S\CG-S_T3\GOPR3243,GOPR3243,11,Coral Garden\2024_JUL_CG_S\CG-S_T3\GOPR3243\Coral11.JPG,Coral Garden\2024_JUL_CG_S\CG-S_T3\GOPR3243.JPG,0.2032,False
Coral Garden\2024_JUL_CG_S\CG-S_T3\GOPR3243,GOPR3243,12,Coral Garden\2024_JUL_CG_S\CG-S_T3\GOPR3243\Coral12.JPG,Coral Garden\2024_JUL_CG_S\CG-S_T3\GOPR3243.JPG,0.2022,True
Coral Garden\2024_JUL_CG_S\CG-S_T3\GOPR3243,GOPR3243,13,Coral Garden\2024_JUL_CG_S\CG-S_T3\GOPR3243\Coral13.JPG,Coral Garden\2024_JUL_CG_S\CG-S_T3\GOPR3243.JPG,0.1965,True
Coral Garden\2024_JUL_CG_S\CG-S_T3\GOPR3244,GOPR3244,1,Coral Garden\2024_JUL_CG_S\CG-S_T3\GOPR3244\Coral1.JPG,Coral Garden\2024_JUL_CG_S\CG-S_T3\GOPR3244.JPG,0.2607,False
Coral Garden\2024_JUL_CG_S\CG-S_T3\GOPR3244,GOPR3244,2,Coral Garden\2024_JUL_CG_S\CG-S_T3\GOPR3244\Coral2.JPG,Coral Garden\2024_JUL_CG_S\CG-S_T3\GOPR3244.JPG,0.2589,False
Coral Garden\2024_JUL_CG_S\CG-S_T3\GOPR3244,GOPR3244,3,Coral Garden\2024_JUL_CG_S\CG-S_T3\GOPR3244\Coral3.JPG,Coral Garden\2024_JUL_CG_S\CG-S_T3\GOPR3244.JPG,0.2246,True
Coral Garden\2024_JUL_CG_S\CG-S_T3\GOPR3244,GOPR3244,4,Coral Garden\2024_JUL_CG_S\CG-S_T3\GOPR3244\Coral4.JPG,Coral Garden\2024_JUL_CG_S\CG-S_T3\GOPR3244.JPG,0.1959,False
Coral Garden\2024_JUL_CG_S\CG-S_T3\GOPR3244,GOPR3244,5,Coral Garden\2024_JUL_CG_S\CG-S_T3\GOPR3244\Coral5.JPG,Coral Garden\2024_JUL_CG_S\CG-S_T3\GOPR3244.JPG,0.1865,False
Coral Garden\2024_JUL_CG_S\CG-S_T3\GOPR3244,GOPR3244,6,Coral Garden\2024_JUL_CG_S\CG-S_T3\GOPR3244\Coral6.JPG,Coral Garden\2024_JUL_CG_S\CG-S_T3\GOPR3244.JPG,0.1852,False
Coral Garden\2024_JUL_CG_S\CG-S_T3\GOPR3244,GOPR3244,7,Coral Garden\2024_JUL_CG_S\CG-S_T3\GOPR3244\Coral7.JPG,Coral Garden\2024_JUL_CG_S\CG-S_T3\GOPR3244.JPG,0.1765,True
Coral Garden\2024_JUL_CG_S\CG-S_T3\GOPR3244,GOPR3244,8,Coral Garden\2024_JUL_CG_S\CG-S_T3\GOPR3244\Coral8.JPG,Coral Garden\2024_JUL_CG_S\CG-S_T3\GOPR3244.JPG,0.1538,True
Coral Garden\2024_JUL_CG_S\CG-S_T3\GOPR3245,GOPR3245,1,Coral Garden\2024_JUL_CG_S\CG-S_T3\GOPR3245\Coral1.JPG,Coral Garden\2024_JUL_CG_S\CG-S_T3\GOPR3245.JPG,0.3104,True
Coral Garden\2024_JUL_CG_S\CG-S_T3\GOPR3245,GOPR3245,2,Coral Garden\2024_JUL_CG_S\CG-S_T3\GOPR3245\Coral2.JPG,Coral Garden\2024_JUL_CG_S\CG-S_T3\GOPR3245.JPG,0.2953,False
Coral Garden\2024_JUL_CG_S\CG-S_T3\GOPR3245,GOPR3245,3,Coral Garden\2024_JUL_CG_S\CG-S_T3\GOPR3245\Coral3.JPG,Coral Garden\2024_JUL_CG_S\CG-S_T3\GOPR3245.JPG,0.2952,False
Coral Garden\2024_JUL_CG_S\CG-S_T3\GOPR3245,GOPR3245,4,Coral Garden\2024_JUL_CG_S\CG-S_T3\GOPR3245\Coral4.JPG,Coral Garden\2024_JUL_CG_S\CG-S_T3\GOPR3245.JPG,0.2951,False
Coral Garden\2024_JUL_CG_S\CG-S_T3\GOPR3245,GOPR3245,5,Coral Garden\2024_JUL_CG_S\CG-S_T3\GOPR3245\Coral5.JPG,Coral Garden\2024_JUL_CG_S\CG-S_T3\GOPR3245.JPG,0.2823,True
Coral Garden\2024_JUL_CG_S\CG-S_T3\GOPR3245,GOPR3245,6,Coral Garden\2024_JUL_CG_S\CG-S_T3\GOPR3245\Coral6.JPG,Coral Garden\2024_JUL_CG_S\CG-S_T3\GOPR3245.JPG,0.2455,False
Coral Garden\2024_JUL_CG_S\CG-S_T3\GOPR3245,GOPR3245,8,Coral Garden\2024_JUL_CG_S\CG-S_T3\GOPR3245\Coral8.JPG,Coral Garden\2024_JUL_CG_S\CG-S_T3\GOPR3245.JPG,0.2212,True
Coral Garden\2024_JUL_CG_S\CG-S_T3\GOPR3245,GOPR3245,9,Coral Garden\2024_JUL_CG_S\CG-S_T3\GOPR3245\Coral9.JPG,Coral Garden\2024_JUL_CG_S\CG-S_T3\GOPR3245.JPG,0.1996,False
Coral Garden\2024_JUL_CG_S\CG-S_T3\GOPR3245,GOPR3245,11,Coral Garden\2024_JUL_CG_S\CG-S_T3\GOPR3245\Coral11.JPG,Coral Garden\2024_JUL_CG_S\CG-S_T3\GOPR3245.JPG,0.1968,True
Coral Garden\2024_JUL_CG_S\CG-S_T3\GOPR3245,GOPR3245,12,Coral Garden\2024_JUL_CG_S\CG-S_T3\GOPR3245\Coral12.JPG,Coral Garden\2024_JUL_CG_S\CG-S_T3\GOPR3245.JPG,0.1947,False
Coral Garden\2024_JUL_CG_S\CG-S_T3\GOPR3245,GOPR3245,13,Coral Garden\2024_JUL_CG_S\CG-S_T3\GOPR3245\Coral13.JPG,Coral Garden\2024_JUL_CG_S\CG-S_T3\GOPR3245.JPG,0.1817,True
Coral Garden\2024_JUL_CG_S\CG-S_T3\GOPR3245,GOPR3245,14,Coral Garden\2024_JUL_CG_S\CG-S_T3\GOPR3245\Coral14.JPG,Coral Garden\2024_JUL_CG_S\CG-S_T3\GOPR3245.JPG,0.1787,False
Coral Garden\2024_JUL_CG_S\CG-S_T3\GOPR3245,GOPR3245,15,Coral Garden\2024_JUL_CG_S\CG-S_T3\GOPR3245\Coral15.JPG,Coral Garden\2024_JUL_CG_S\CG-S_T3\GOPR3245.JPG,0.1674,False
Coral Garden\2024_JUL_CG_S\CG-S_T3\GOPR3245,GOPR3245,16,Coral Garden\2024_JUL_CG_S\CG-S_T3\GOPR3245\Coral16.JPG,Coral Garden\2024_JUL_CG_S\CG-S_T3\GOPR3245.JPG,0.1646,True
Coral Garden\2024_JUL_CG_S\CG-S_T3\GOPR3245,GOPR3245,17,Coral Garden\2024_JUL_CG_S\CG-S_T3\GOPR3245\Coral17.JPG,Coral Garden\2024_JUL_CG_S\CG-S_T3\GOPR3245.JPG,0.1577,True
Coral Garden\2024_JUL_CG_S\CG-S_T3\GOPR3246,GOPR3246,1,Coral Garden\2024_JUL_CG_S\CG-S_T3\GOPR3246\Coral1.JPG,Coral Garden\2024_JUL_CG_S\CG-S_T3\GOPR3246.JPG,0.4133,False
Coral Garden\2024_JUL_CG_S\CG-S_T3\GOPR3246,GOPR3246,4,Coral Garden\2024_JUL_CG_S\CG-S_T3\GOPR3246\Coral4.JPG,Coral Garden\2024_JUL_CG_S\CG-S_T3\GOPR3246.JPG,0.3597,True
Coral Garden\2024_JUL_CG_S\CG-S_T3\GOPR3246,GOPR3246,5,Coral Garden\2024_JUL_CG_S\CG-S_T3\GOPR3246\Coral5.JPG,Coral Garden\2024_JUL_CG_S\CG-S_T3\GOPR3246.JPG,0.3352,False
Coral Garden\2024_JUL_CG_S\CG-S_T3\GOPR3246,GOPR3246,6,Coral Garden\2024_JUL_CG_S\CG-S_T3\GOPR3246\Coral6.JPG,Coral Garden\2024_JUL_CG_S\CG-S_T3\GOPR3246.JPG,0.3258,False
Coral Garden\2024_JUL_CG_S\CG-S_T3\GOPR3246,GOPR3246,7,Coral Garden\2024_JUL_CG_S\CG-S_T3\GOPR3246\Coral7.JPG,Coral Garden\2024_JUL_CG_S\CG-S_T3\GOPR3246.JPG,0.2654,False
Coral Garden\2024_JUL_CG_S\CG-S_T3\GOPR3246,GOPR3246,8,Coral Garden\2024_JUL_CG_S\CG-S_T3\GOPR3246\Coral8.JPG,Coral Garden\2024_JUL_CG_S\CG-S_T3\GOPR3246.JPG,0.2576,False
Coral Garden\2024_JUL_CG_S\CG-S_T3\GOPR3246,GOPR3246,11,Coral Garden\2024_JUL_CG_S\CG-S_T3\GOPR3246\Coral11.JPG,Coral Garden\2024_JUL_CG_S\CG-S_T3\GOPR3246.JPG,0.2147,True
Coral Garden\2024_JUL_CG_S\CG-S_T3\GOPR3246,GOPR3246,12,Coral Garden\2024_JUL_CG_S\CG-S_T3\GOPR3246\Coral12.JPG,Coral Garden\2024_JUL_CG_S\CG-S_T3\GOPR3246.JPG,0.2017,False
Coral Garden\2024_JUL_CG_S\CG-S_T3\GOPR3246,GOPR3246,13,Coral Garden\2024_JUL_CG_S\CG-S_T3\GOPR3246\Coral13.JPG,Coral Garden\2024_JUL_CG_S\CG-S_T3\GOPR3246.JPG,0.1935,False
Coral Garden\2024_JUL_CG_S\CG-S_T3\GOPR3246,GOPR3246,17,Coral Garden\2024_JUL_CG_S\CG-S_T3\GOPR3246\Coral17.JPG,Coral Garden\2024_JUL_CG_S\CG-S_T3\GOPR3246.JPG,0.1624,False
Coral Garden\2024_JUL_CG_S\CG-S_T3\GOPR3247,GOPR3247,1,Coral Garden\2024_JUL_CG_S\CG-S_T3\GOPR3247\Coral1.JPG,Coral Garden\2024_JUL_CG_S\CG-S_T3\GOPR3247.JPG,0.4288,False
Coral Garden\2024_JUL_CG_S\CG-S_T3\GOPR3247,GOPR3247,2,Coral Garden\2024_JUL_CG_S\CG-S_T3\GOPR3247\Coral2.JPG,Coral Garden\2024_JUL_CG_S\CG-S_T3\GOPR3247.JPG,0.3986,False
Coral Garden\2024_JUL_CG_S\CG-S_T3\GOPR3247,GOPR3247,3,Coral Garden\2024_JUL_CG_S\CG-S_T3\GOPR3247\Coral3.JPG,Coral Garden\2024_JUL_CG_S\CG-S_T3\GOPR3247.JPG,0.3599,False
Coral Garden\2024_JUL_CG_S\CG-S_T3\GOPR3247,GOPR3247,4,Coral Garden\2024_JUL_CG_S\CG-S_T3\GOPR3247\Coral4.JPG,Coral Garden\2024_JUL_CG_S\CG-S_T3\GOPR3247.JPG,0.3448,False
Coral Garden\2024_JUL_CG_S\CG-S_T3\GOPR3247,GOPR3247,5,Coral Garden\2024_JUL_CG_S\CG-S_T3\GOPR3247\Coral5.JPG,Coral Garden\2024_JUL_CG_S\CG-S_T3\GOPR3247.JPG,0.3363,True
Coral Garden\2024_JUL_CG_S\CG-S_T3\GOPR3247,GOPR3247,6,Coral Garden\2024_JUL_CG_S\CG-S_T3\GOPR3247\Coral6.JPG,Coral Garden\2024_JUL_CG_S\CG-S_T3\GOPR3247.JPG,0.3141,False
Coral Garden\2024_JUL_CG_S\CG-S_T3\GOPR3247,GOPR3247,7,Coral Garden\2024_JUL_CG_S\CG-S_T3\GOPR3247\Coral7.JPG,Coral Garden\2024_JUL_CG_S\CG-S_T3\GOPR3247.JPG,0.2958,True
Coral Garden\2024_JUL_CG_S\CG-S_T3\GOPR3247,GOPR3247,8,Coral Garden\2024_JUL_CG_S\CG-S_T3\GOPR3247\Coral8.JPG,Coral Garden\2024_JUL_CG_S\CG-S_T3\GOPR3247.JPG,0.2845,False
Coral Garden\2024_JUL_CG_S\CG-S_T3\GOPR3247,GOPR3247,9,Coral Garden\2024_JUL_CG_S\CG-S_T3\GOPR3247\Coral9.JPG,Coral Garden\2024_JUL_CG_S\CG-S_T3\GOPR3247.JPG,0.28,False
Coral Garden\2024_JUL_CG_S\CG-S_T3\GOPR3247,GOPR3247,10,Coral Garden\2024_JUL_CG_S\CG-S_T3\GOPR3247\Coral10.JPG,Coral Garden\2024_JUL_CG_S\CG-S_T3\GOPR3247.JPG,0.2768,False
Coral Garden\2024_JUL_CG_S\CG-S_T3\GOPR3247,GOPR3247,11,Coral Garden\2024_JUL_CG_S\CG-S_T3\GOPR3247\Coral11.JPG,Coral Garden\2024_JUL_CG_S\CG-S_T3\GOPR3247.JPG,0.2663,False
Coral Garden\2024_JUL_CG_S\CG-S_T3\GOPR3247,GOPR3247,12,Coral Garden\2024_JUL_CG_S\CG-S_T3\GOPR3247\Coral12.JPG,Coral Garden\2024_JUL_CG_S\CG-S_T3\GOPR3247.JPG,0.2479,False
Coral Garden\2024_JUL_CG_S\CG-S_T3\GOPR3247,GOPR3247,13,Coral Garden\2024_JUL_CG_S\CG-S_T3\GOPR3247\Coral13.JPG,Coral Garden\2024_JUL_CG_S\CG-S_T3\GOPR3247.JPG,0.2449,True
Coral Garden\2024_JUL_CG_S\CG-S_T3\GOPR3247,GOPR3247,14,Coral Garden\2024_JUL_CG_S\CG-S_T3\GOPR3247\Coral14.JPG,Coral Garden\2024_JUL_CG_S\CG-S_T3\GOPR3247.JPG,0.2447,False
Coral Garden\2024_JUL_CG_S\CG-S_T3\GOPR3247,GOPR3247,15,Coral Garden\2024_JUL_CG_S\CG-S_T3\GOPR3247\Coral15.JPG,Coral Garden\2024_JUL_CG_S\CG-S_T3\GOPR3247.JPG,0.2364,False
Coral Garden\2024_JUL_CG_S\CG-S_T3\GOPR3247,GOPR3247,16,Coral Garden\2024_JUL_CG_S\CG-S_T3\GOPR3247\Coral16.JPG,Coral Garden\2024_JUL_CG_S\CG-S_T3\GOPR3247.JPG,0.2357,False
Coral Garden\2024_JUL_CG_S\CG-S_T3\GOPR3247,GOPR3247,17,Coral Garden\2024_JUL_CG_S\CG-S_T3\GOPR3247\Coral17.JPG,Coral Garden\2024_JUL_CG_S\CG-S_T3\GOPR3247.JPG,0.231,False
Coral Garden\2024_JUL_CG_S\CG-S_T3\GOPR3247,GOPR3247,18,Coral Garden\2024_JUL_CG_S\CG-S_T3\GOPR3247\Coral18.JPG,Coral Garden\2024_JUL_CG_S\CG-S_T3\GOPR3247.JPG,0.2152,False
Coral Garden\2024_JUL_CG_S\CG-S_T3\GOPR3247,GOPR3247,19,Coral Garden\2024_JUL_CG_S\CG-S_T3\GOPR3247\Coral19.JPG,Coral Garden\2024_JUL_CG_S\CG-S_T3\GOPR3247.JPG,0.2035,True
Coral Garden\2024_JUL_CG_S\CG-S_T3\GOPR3247,GOPR3247,20,Coral Garden\2024_JUL_CG_S\CG-S_T3\GOPR3247\Coral20.JPG,Coral Garden\2024_JUL_CG_S\CG-S_T3\GOPR3247.JPG,0.2034,True
Coral Garden\2024_JUL_CG_S\CG-S_T3\GOPR3247,GOPR3247,21,Coral Garden\2024_JUL_CG_S\CG-S_T3\GOPR3247\Coral21.JPG,Coral Garden\2024_JUL_CG_S\CG-S_T3\GOPR3247.JPG,0.1839,True
Coral Garden\2024_JUL_CG_S\CG-S_T3\GOPR3247,GOPR3247,23,Coral Garden\2024_JUL_CG_S\CG-S_T3\GOPR3247\Coral23.JPG,Coral Garden\2024_JUL_CG_S\CG-S_T3\GOPR3247.JPG,0.1707,False
Coral Garden\2024_JUL_CG_S\CG-S_T3\GOPR3247,GOPR3247,24,Coral Garden\2024_JUL_CG_S\CG-S_T3\GOPR3247\Coral24.JPG,Coral Garden\2024_JUL_CG_S\CG-S_T3\GOPR3247.JPG,0.16,True
Coral Garden\2024_JUL_CG_S\CG-S_T3\GOPR3248,GOPR3248,1,Coral Garden\2024_JUL_CG_S\CG-S_T3\GOPR3248\Coral1.JPG,Coral Garden\2024_JUL_CG_S\CG-S_T3\GOPR3248.JPG,0.471,True
Coral Garden\2024_JUL_CG_S\CG-S_T3\GOPR3248,GOPR3248,2,Coral Garden\2024_JUL_CG_S\CG-S_T3\GOPR3248\Coral2.JPG,Coral Garden\2024_JUL_CG_S\CG-S_T3\GOPR3248.JPG,0.3623,True
Coral Garden\2024_JUL_CG_S\CG-S_T3\GOPR3248,GOPR3248,3,Coral Garden\2024_JUL_CG_S\CG-S_T3\GOPR3248\Coral3.JPG,Coral Garden\2024_JUL_CG_S\CG-S_T3\GOPR3248.JPG,0.359,False
Coral Garden\2024_JUL_CG_S\CG-S_T3\GOPR3248,GOPR3248,4,Coral Garden\2024_JUL_CG_S\CG-S_T3\GOPR3248\Coral4.JPG,Coral Garden\2024_JUL_CG_S\CG-S_T3\GOPR3248.JPG,0.3365,False
Coral Garden\2024_JUL_CG_S\CG-S_T3\GOPR3248,GOPR3248,5,Coral Garden\2024_JUL_CG_S\CG-S_T3\GOPR3248\Coral5.JPG,Coral Garden\2024_JUL_CG_S\CG-S_T3\GOPR3248.JPG,0.3301,False
Coral Garden\2024_JUL_CG_S\CG-S_T3\GOPR3248,GOPR3248,6,Coral Garden\2024_JUL_CG_S\CG-S_T3\GOPR3248\Coral6.JPG,Coral Garden\2024_JUL_CG_S\CG-S_T3\GOPR3248.JPG,0.3045,False
Coral Garden\2024_JUL_CG_S\CG-S_T3\GOPR3248,GOPR3248,7,Coral Garden\2024_JUL_CG_S\CG-S_T3\GOPR3248\Coral7.JPG,Coral Garden\2024_JUL_CG_S\CG-S_T3\GOPR3248.JPG,0.2881,False
Coral Garden\2024_JUL_CG_S\CG-S_T3\GOPR3248,GOPR3248,8,Coral Garden\2024_JUL_CG_S\CG-S_T3\GOPR3248\Coral8.JPG,Coral Garden\2024_JUL_CG_S\CG-S_T3\GOPR3248.JPG,0.2874,False
Coral Garden\2024_JUL_CG_S\CG-S_T3\GOPR3248,GOPR3248,9,Coral Garden\2024_JUL_CG_S\CG-S_T3\GOPR3248\Coral9.JPG,Coral Garden\2024_JUL_CG_S\CG-S_T3\GOPR3248.JPG,0.2818,False
Coral Garden\2024_JUL_CG_S\CG-S_T3\GOPR3248,GOPR3248,10,Coral Garden\2024_JUL_CG_S\CG-S_T3\GOPR3248\Coral10.JPG,Coral Garden\2024_JUL_CG_S\CG-S_T3\GOPR3248.JPG,0.2715,False
Coral Garden\2024_JUL_CG_S\CG-S_T3\GOPR3248,GOPR3248,11,Coral Garden\2024_JUL_CG_S\CG-S_T3\GOPR3248\Coral11.JPG,Coral Garden\2024_JUL_CG_S\CG-S_T3\GOPR3248.JPG,0.2709,False
Coral Garden\2024_JUL_CG_S\CG-S_T3\GOPR3248,GOPR3248,12,Coral Garden\2024_JUL_CG_S\CG-S_T3\GOPR3248\Coral12.JPG,Coral Garden\2024_JUL_CG_S\CG-S_T3\GOPR3248.JPG,0.2269,False
Coral Garden\2024_JUL_CG_S\CG-S_T3\GOPR3248,GOPR3248,13,Coral Garden\2024_JUL_CG_S\CG-S_T3\GOPR3248\Coral13.JPG,Coral Garden\2024_JUL_CG_S\CG-S_T3\GOPR3248.JPG,0.2245,False
Coral Garden\2024_JUL_CG_S\CG-S_T3\GOPR3248,GOPR3248,14,Coral Garden\2024_JUL_CG_S\CG-S_T3\GOPR3248\Coral14.JPG,Coral Garden\2024_JUL_CG_S\CG-S_T3\GOPR3248.JPG,0.2148,False
Coral Garden\2024_JUL_CG_S\CG-S_T3\GOPR3248,GOPR3248,15,Coral Garden\2024_JUL_CG_S\CG-S_T3\GOPR3248\Coral15.JPG,Coral Garden\2024_JUL_CG_S\CG-S_T3\GOPR3248.JPG,0.2144,False
Coral Garden\2024_JUL_CG_S\CG-S_T3\GOPR3248,GOPR3248,16,Coral Garden\2024_JUL_CG_S\CG-S_T3\GOPR3248\Coral16.JPG,Coral Garden\2024_JUL_CG_S\CG-S_T3\GOPR3248.JPG,0.2132,True
Coral Garden\2024_JUL_CG_S\CG-S_T3\GOPR3248,GOPR3248,17,Coral Garden\2024_JUL_CG_S\CG-S_T3\GOPR3248\Coral17.JPG,Coral Garden\2024_JUL_CG_S\CG-S_T3\GOPR3248.JPG,0.2131,False
Coral Garden\2024_JUL_CG_S\CG-S_T3\GOPR3248,GOPR3248,18,Coral Garden\2024_JUL_CG_S\CG-S_T3\GOPR3248\Coral18.JPG,Coral Garden\2024_JUL_CG_S\CG-S_T3\GOPR3248.JPG,0.2118,True
Coral Garden\2024_JUL_CG_S\CG-S_T3\GOPR3248,GOPR3248,19,Coral Garden\2024_JUL_CG_S\CG-S_T3\GOPR3248\Coral19.JPG,Coral Garden\2024_JUL_CG_S\CG-S_T3\GOPR3248.JPG,0.2071,True
Coral Garden\2024_JUL_CG_S\CG-S_T3\GOPR3248,GOPR3248,20,Coral Garden\2024_JUL_CG_S\CG-S_T3\GOPR3248\Coral20.JPG,Coral Garden\2024_JUL_CG_S\CG-S_T3\GOPR3248.JPG,0.1844,False
Coral Garden\2024_JUL_CG_S\CG-S_T3\GOPR3248,GOPR3248,21,Coral Garden\2024_JUL_CG_S\CG-S_T3\GOPR3248\Coral21.JPG,Coral Garden\2024_JUL_CG_S\CG-S_T3\GOPR3248.JPG,0.1836,True
Coral Garden\2024_JUL_CG_S\CG-S_T3\GOPR3248,GOPR3248,22,Coral Garden\2024_JUL_CG_S\CG-S_T3\GOPR3248\Coral22.JPG,Coral Garden\2024_JUL_CG_S\CG-S_T3\GOPR3248.JPG,0.1778,False
Coral Garden\2024_JUL_CG_S\CG-S_T3\GOPR3248,GOPR3248,23,Coral Garden\2024_JUL_CG_S\CG-S_T3\GOPR3248\Coral23.JPG,Coral Garden\2024_JUL_CG_S\CG-S_T3\GOPR3248.JPG,0.167,True
Coral Garden\2024_JUL_CG_S\CG-S_T3\GOPR3248,GOPR3248,24,Coral Garden\2024_JUL_CG_S\CG-S_T3\GOPR3248\Coral24.JPG,Coral Garden\2024_JUL_CG_S\CG-S_T3\GOPR3248.JPG,0.1666,False
Coral Garden\2024_JUL_CG_S\CG-S_T3\GOPR3248,GOPR3248,25,Coral Garden\2024_JUL_CG_S\CG-S_T3\GOPR3248\Coral25.JPG,Coral Garden\2024_JUL_CG_S\CG-S_T3\GOPR3248.JPG,0.1612,False
Coral Garden\2024_JUL_CG_S\CG-S_T3\GOPR3248,GOPR3248,26,Coral Garden\2024_JUL_CG_S\CG-S_T3\GOPR3248\Coral26.JPG,Coral Garden\2024_JUL_CG_S\CG-S_T3\GOPR3248.JPG,0.1541,False
Coral Garden\2024_JUL_CG_S\CG-S_T3\GOPR3248,GOPR3248,27,Coral Garden\2024_JUL_CG_S\CG-S_T3\GOPR3248\Coral27.JPG,Coral Garden\2024_JUL_CG_S\CG-S_T3\GOPR3248.JPG,0.1509,True
Coral Garden\JULY 2024_CG_D\CG-D_T1\GOPR2916,GOPR2916,15,Coral Garden\JULY 2024_CG_D\CG-D_T1\GOPR2916\Coral15.JPG,Coral Garden\JULY 2024_CG_D\CG-D_T1\GOPR2916.JPG,0.1877,True
Coral Garden\JULY 2024_CG_D\CG-D_T1\GOPR2918,GOPR2918,9,Coral Garden\JULY 2024_CG_D\CG-D_T1\GOPR2918\Coral9.JPG,Coral Garden\JULY 2024_CG_D\CG-D_T1\GOPR2918.JPG,0.4439,True
Coral Garden\JULY 2024_CG_D\CG-D_T1\GOPR2918,GOPR2918,16,Coral Garden\JULY 2024_CG_D\CG-D_T1\GOPR2918\Coral16.JPG,Coral Garden\JULY 2024_CG_D\CG-D_T1\GOPR2918.JPG,0.3366,True
Coral Garden\JULY 2024_CG_D\CG-D_T1\GOPR2918,GOPR2918,18,Coral Garden\JULY 2024_CG_D\CG-D_T1\GOPR2918\Coral18.JPG,Coral Garden\JULY 2024_CG_D\CG-D_T1\GOPR2918.JPG,0.2599,True
Coral Garden\JULY 2024_CG_D\CG-D_T1\GOPR2918,GOPR2918,19,Coral Garden\JULY 2024_CG_D\CG-D_T1\GOPR2918\Coral19.JPG,Coral Garden\JULY 2024_CG_D\CG-D_T1\GOPR2918.JPG,0.2196,True
Coral Garden\JULY 2024_CG_D\CG-D_T1\GOPR2918,GOPR2918,27,Coral Garden\JULY 2024_CG_D\CG-D_T1\GOPR2918\Coral27.JPG,Coral Garden\JULY 2024_CG_D\CG-D_T1\GOPR2918.JPG,0.18,True
Coral Garden\JULY 2024_CG_D\CG-D_T1\GOPR2918,GOPR2918,30,Coral Garden\JULY 2024_CG_D\CG-D_T1\GOPR2918\Coral30.JPG,Coral Garden\JULY 2024_CG_D\CG-D_T1\GOPR2918.JPG,0.1764,True
Coral Garden\JULY 2024_CG_D\CG-D_T1\GOPR2918,GOPR2918,36,Coral Garden\JULY 2024_CG_D\CG-D_T1\GOPR2918\Coral36.JPG,Coral Garden\JULY 2024_CG_D\CG-D_T1\GOPR2918.JPG,0.1524,True
Coral Garden\JULY 2024_CG_D\CG-D_T1\GOPR2919,GOPR2919,11,Coral Garden\JULY 2024_CG_D\CG-D_T1\GOPR2919\Coral11.JPG,Coral Garden\JULY 2024_CG_D\CG-D_T1\GOPR2919.JPG,0.3799,True
Coral Garden\JULY 2024_CG_D\CG-D_T1\GOPR2919,GOPR2919,13,Coral Garden\JULY 2024_CG_D\CG-D_T1\GOPR2919\Coral13.JPG,Coral Garden\JULY 2024_CG_D\CG-D_T1\GOPR2919.JPG,0.3283,True
Coral Garden\JULY 2024_CG_D\CG-D_T1\GOPR2919,GOPR2919,15,Coral Garden\JULY 2024_CG_D\CG-D_T1\GOPR2919\Coral15.JPG,Coral Garden\JULY 2024_CG_D\CG-D_T1\GOPR2919.JPG,0.2856,False
Coral Garden\JULY 2024_CG_D\CG-D_T1\GOPR2919,GOPR2919,16,Coral Garden\JULY 2024_CG_D\CG-D_T1\GOPR2919\Coral16.JPG,Coral Garden\JULY 2024_CG_D\CG-D_T1\GOPR2919.JPG,0.2655,False
Coral Garden\JULY 2024_CG_D\CG-D_T1\GOPR2919,GOPR2919,18,Coral Garden\JULY 2024_CG_D\CG-D_T1\GOPR2919\Coral18.JPG,Coral Garden\JULY 2024_CG_D\CG-D_T1\GOPR2919.JPG,0.2366,True
Coral Garden\JULY 2024_CG_D\CG-D_T1\GOPR2919,GOPR2919,20,Coral Garden\JULY 2024_CG_D\CG-D_T1\GOPR2919\Coral20.JPG,Coral Garden\JULY 2024_CG_D\CG-D_T1\GOPR2919.JPG,0.2252,False
Coral Garden\JULY 2024_CG_D\CG-D_T1\GOPR2919,GOPR2919,27,Coral Garden\JULY 2024_CG_D\CG-D_T1\GOPR2919\Coral27.JPG,Coral Garden\JULY 2024_CG_D\CG-D_T1\GOPR2919.JPG,0.1638,True
Coral Garden\JULY 2024_CG_D\CG-D_T1\GOPR2919,GOPR2919,28,Coral Garden\JULY 2024_CG_D\CG-D_T1\GOPR2919\Coral28.JPG,Coral Garden\JULY 2024_CG_D\CG-D_T1\GOPR2919.JPG,0.1516,True
Coral Garden\JULY 2024_CG_D\CG-D_T1\GOPR2923,GOPR2923,7,Coral Garden\JULY 2024_CG_D\CG-D_T1\GOPR2923\Coral7.JPG,Coral Garden\JULY 2024_CG_D\CG-D_T1\GOPR2923.JPG,0.2362,True
Coral Garden\JULY 2024_CG_D\CG-D_T1\GOPR2924,GOPR2924,1,Coral Garden\JULY 2024_CG_D\CG-D_T1\GOPR2924\Coral1.JPG,Coral Garden\JULY 2024_CG_D\CG-D_T1\GOPR2924.JPG,0.806,True
Coral Garden\JULY 2024_CG_D\CG-D_T1\GOPR2924,GOPR2924,18,Coral Garden\JULY 2024_CG_D\CG-D_T1\GOPR2924\Coral18.JPG,Coral Garden\JULY 2024_CG_D\CG-D_T1\GOPR2924.JPG,0.3518,True
Coral Garden\JULY 2024_CG_D\CG-D_T1\GOPR2924,GOPR2924,22,Coral Garden\JULY 2024_CG_D\CG-D_T1\GOPR2924\Coral22.JPG,Coral Garden\JULY 2024_CG_D\CG-D_T1\GOPR2924.JPG,0.2967,False
Coral Garden\JULY 2024_CG_D\CG-D_T1\GOPR2924,GOPR2924,28,Coral Garden\JULY 2024_CG_D\CG-D_T1\GOPR2924\Coral28.JPG,Coral Garden\JULY 2024_CG_D\CG-D_T1\GOPR2924.JPG,0.2423,False
Coral Garden\JULY 2024_CG_D\CG-D_T1\GOPR2924,GOPR2924,29,Coral Garden\JULY 2024_CG_D\CG-D_T1\GOPR2924\Coral29.JPG,Coral Garden\JULY 2024_CG_D\CG-D_T1\GOPR2924.JPG,0.2392,False
Coral Garden\JULY 2024_CG_D\CG-D_T1\GOPR2924,GOPR2924,31,Coral Garden\JULY 2024_CG_D\CG-D_T1\GOPR2924\Coral31.JPG,Coral Garden\JULY 2024_CG_D\CG-D_T1\GOPR2924.JPG,0.2332,False
Coral Garden\JULY 2024_CG_D\CG-D_T1\GOPR2924,GOPR2924,32,Coral Garden\JULY 2024_CG_D\CG-D_T1\GOPR2924\Coral32.JPG,Coral Garden\JULY 2024_CG_D\CG-D_T1\GOPR2924.JPG,0.2036,False
Coral Garden\JULY 2024_CG_D\CG-D_T1\GOPR2924,GOPR2924,34,Coral Garden\JULY 2024_CG_D\CG-D_T1\GOPR2924\Coral34.JPG,Coral Garden\JULY 2024_CG_D\CG-D_T1\GOPR2924.JPG,0.1777,True
Coral Garden\JULY 2024_CG_D\CG-D_T1\GOPR2924,GOPR2924,35,Coral Garden\JULY 2024_CG_D\CG-D_T1\GOPR2924\Coral35.JPG,Coral Garden\JULY 2024_CG_D\CG-D_T1\GOPR2924.JPG,0.1655,True
Coral Garden\JULY 2024_CG_D\CG-D_T1\GOPR2924,GOPR2924,36,Coral Garden\JULY 2024_CG_D\CG-D_T1\GOPR2924\Coral36.JPG,Coral Garden\JULY 2024_CG_D\CG-D_T1\GOPR2924.JPG,0.1646,False
Coral Garden\JULY 2024_CG_D\CG-D_T1\GOPR2931,GOPR2931,1,Coral Garden\JULY 2024_CG_D\CG-D_T1\GOPR2931\Coral1.JPG,Coral Garden\JULY 2024_CG_D\CG-D_T1\GOPR2931.JPG,0.4425,True
Coral Garden\JULY 2024_CG_D\CG-D_T1\GOPR2931,GOPR2931,2,Coral Garden\JULY 2024_CG_D\CG-D_T1\GOPR2931\Coral2.JPG,Coral Garden\JULY 2024_CG_D\CG-D_T1\GOPR2931.JPG,0.4047,True
Coral Garden\JULY 2024_CG_D\CG-D_T1\GOPR2931,GOPR2931,5,Coral Garden\JULY 2024_CG_D\CG-D_T1\GOPR2931\Coral5.JPG,Coral Garden\JULY 2024_CG_D\CG-D_T1\GOPR2931.JPG,0.2693,True
Coral Garden\JULY 2024_CG_D\CG-D_T1\GOPR2931,GOPR2931,7,Coral Garden\JULY 2024_CG_D\CG-D_T1\GOPR2931\Coral7.JPG,Coral Garden\JULY 2024_CG_D\CG-D_T1\GOPR2931.JPG,0.1649,False
Coral Garden\JULY 2024_CG_D\CG-D_T1\GOPR2931,GOPR2931,8,Coral Garden\JULY 2024_CG_D\CG-D_T1\GOPR2931\Coral8.JPG,Coral Garden\JULY 2024_CG_D\CG-D_T1\GOPR2931.JPG,0.1614,True
Coral Garden\JULY 2024_CG_D\CG-D_T1\GOPR2931,GOPR2931,9,Coral Garden\JULY 2024_CG_D\CG-D_T1\GOPR2931\Coral9.JPG,Coral Garden\JULY 2024_CG_D\CG-D_T1\GOPR2931.JPG,0.1589,False
Coral Garden\JULY 2024_CG_D\CG-D_T1\GOPR2932,GOPR2932,23,Coral Garden\JULY 2024_CG_D\CG-D_T1\GOPR2932\Coral23.JPG,Coral Garden\JULY 2024_CG_D\CG-D_T1\GOPR2932.JPG,0.4411,False
Coral Garden\JULY 2024_CG_D\CG-D_T1\GOPR2932,GOPR2932,27,Coral Garden\JULY 2024_CG_D\CG-D_T1\GOPR2932\Coral27.JPG,Coral Garden\JULY 2024_CG_D\CG-D_T1\GOPR2932.JPG,0.4216,True
Coral Garden\JULY 2024_CG_D\CG-D_T1\GOPR2932,GOPR2932,32,Coral Garden\JULY 2024_CG_D\CG-D_T1\GOPR2932\Coral32.JPG,Coral Garden\JULY 2024_CG_D\CG-D_T1\GOPR2932.JPG,0.3518,True
Coral Garden\JULY 2024_CG_D\CG-D_T1\GOPR2932,GOPR2932,42,Coral Garden\JULY 2024_CG_D\CG-D_T1\GOPR2932\Coral42.JPG,Coral Garden\JULY 2024_CG_D\CG-D_T1\GOPR2932.JPG,0.2556,False
Coral Garden\JULY 2024_CG_D\CG-D_T1\GOPR2932,GOPR2932,52,Coral Garden\JULY 2024_CG_D\CG-D_T1\GOPR2932\Coral52.JPG,Coral Garden\JULY 2024_CG_D\CG-D_T1\GOPR2932.JPG,0.2129,True
Coral Garden\JULY 2024_CG_D\CG-D_T1\GOPR2932,GOPR2932,55,Coral Garden\JULY 2024_CG_D\CG-D_T1\GOPR2932\Coral55.JPG,Coral Garden\JULY 2024_CG_D\CG-D_T1\GOPR2932.JPG,0.2082,False
Coral Garden\JULY 2024_CG_D\CG-D_T1\GOPR2932,GOPR2932,58,Coral Garden\JULY 2024_CG_D\CG-D_T1\GOPR2932\Coral58.JPG,Coral Garden\JULY 2024_CG_D\CG-D_T1\GOPR2932.JPG,0.1918,True
Coral Garden\JULY 2024_CG_D\CG-D_T1\GOPR2932,GOPR2932,59,Coral Garden\JULY 2024_CG_D\CG-D_T1\GOPR2932\Coral59.JPG,Coral Garden\JULY 2024_CG_D\CG-D_T1\GOPR2932.JPG,0.1887,False
Coral Garden\JULY 2024_CG_D\CG-D_T1\GOPR2932,GOPR2932,61,Coral Garden\JULY 2024_CG_D\CG-D_T1\GOPR2932\Coral61.JPG,Coral Garden\JULY 2024_CG_D\CG-D_T1\GOPR2932.JPG,0.183,False
Coral Garden\JULY 2024_CG_D\CG-D_T1\GOPR2932,GOPR2932,62,Coral Garden\JULY 2024_CG_D\CG-D_T1\GOPR2932\Coral62.JPG,Coral Garden\JULY 2024_CG_D\CG-D_T1\GOPR2932.JPG,0.1668,True
Coral Garden\JULY 2024_CG_D\CG-D_T1\GOPR2932,GOPR2932,64,Coral Garden\JULY 2024_CG_D\CG-D_T1\GOPR2932\Coral64.JPG,Coral Garden\JULY 2024_CG_D\CG-D_T1\GOPR2932.JPG,0.1544,False
Coral Garden\JULY 2024_CG_D\CG-D_T1\GOPR2933,GOPR2933,11,Coral Garden\JULY 2024_CG_D\CG-D_T1\GOPR2933\Coral11.JPG,Coral Garden\JULY 2024_CG_D\CG-D_T1\GOPR2933.JPG,0.2976,True
Coral Garden\JULY 2024_CG_D\CG-D_T1\GOPR2933,GOPR2933,14,Coral Garden\JULY 2024_CG_D\CG-D_T1\GOPR2933\Coral14.JPG,Coral Garden\JULY 2024_CG_D\CG-D_T1\GOPR2933.JPG,0.2524,True
Coral Garden\JULY 2024_CG_D\CG-D_T1\GOPR2933,GOPR2933,15,Coral Garden\JULY 2024_CG_D\CG-D_T1\GOPR2933\Coral15.JPG,Coral Garden\JULY 2024_CG_D\CG-D_T1\GOPR2933.JPG,0.2391,False
Coral Garden\JULY 2024_CG_D\CG-D_T1\GOPR2933,GOPR2933,17,Coral Garden\JULY 2024_CG_D\CG-D_T1\GOPR2933\Coral17.JPG,Coral Garden\JULY 2024_CG_D\CG-D_T1\GOPR2933.JPG,0.1864,True
Coral Garden\JULY 2024_CG_D\CG-D_T1\GOPR2933,GOPR2933,20,Coral Garden\JULY 2024_CG_D\CG-D_T1\GOPR2933\Coral20.JPG,Coral Garden\JULY 2024_CG_D\CG-D_T1\GOPR2933.JPG,0.1642,True
Coral Garden\JULY 2024_CG_D\CG-D_T1\GOPR2934,GOPR2934,6,Coral Garden\JULY 2024_CG_D\CG-D_T1\GOPR2934\Coral6.JPG,Coral Garden\JULY 2024_CG_D\CG-D_T1\GOPR2934.JPG,0.2673,False
Coral Garden\JULY 2024_CG_D\CG-D_T1\GOPR2934,GOPR2934,7,Coral Garden\JULY 2024_CG_D\CG-D_T1\GOPR2934\Coral7.JPG,Coral Garden\JULY 2024_CG_D\CG-D_T1\GOPR2934.JPG,0.2602,False
Coral Garden\JULY 2024_CG_D\CG-D_T1\GOPR2934,GOPR2934,9,Coral Garden\JULY 2024_CG_D\CG-D_T1\GOPR2934\Coral9.JPG,Coral Garden\JULY 2024_CG_D\CG-D_T1\GOPR2934.JPG,0.191,True
Coral Garden\JULY 2024_CG_D\CG-D_T1\GOPR2934,GOPR2934,11,Coral Garden\JULY 2024_CG_D\CG-D_T1\GOPR2934\Coral11.JPG,Coral Garden\JULY 2024_CG_D\CG-D_T1\GOPR2934.JPG,0.154,True
Coral Garden\JULY 2024_CG_D\CG-D_T1\GOPR2935,GOPR2935,5,Coral Garden\JULY 2024_CG_D\CG-D_T1\GOPR2935\Coral5.JPG,Coral Garden\JULY 2024_CG_D\CG-D_T1\GOPR2935.JPG,0.3103,False
Coral Garden\JULY 2024_CG_D\CG-D_T1\GOPR2935,GOPR2935,8,Coral Garden\JULY 2024_CG_D\CG-D_T1\GOPR2935\Coral8.JPG,Coral Garden\JULY 2024_CG_D\CG-D_T1\GOPR2935.JPG,0.181,True
Coral Garden\JULY 2024_CG_D\CG-D_T1\GOPR2935,GOPR2935,9,Coral Garden\JULY 2024_CG_D\CG-D_T1\GOPR2935\Coral9.JPG,Coral Garden\JULY 2024_CG_D\CG-D_T1\GOPR2935.JPG,0.1803,True
Coral Garden\JULY 2024_CG_D\CG-D_T1\GOPR2935,GOPR2935,10,Coral Garden\JULY 2024_CG_D\CG-D_T1\GOPR2935\Coral10.JPG,Coral Garden\JULY 2024_CG_D\CG-D_T1\GOPR2935.JPG,0.1795,True
Coral Garden\JULY 2024_CG_D\CG-D_T1\GOPR2935,GOPR2935,11,Coral Garden\JULY 2024_CG_D\CG-D_T1\GOPR2935\Coral11.JPG,Coral Garden\JULY 2024_CG_D\CG-D_T1\GOPR2935.JPG,0.1502,True
Coral Garden\JULY 2024_CG_D\CG-D_T1\GOPR2936,GOPR2936,4,Coral Garden\JULY 2024_CG_D\CG-D_T1\GOPR2936\Coral4.JPG,Coral Garden\JULY 2024_CG_D\CG-D_T1\GOPR2936.JPG,0.469,True
Coral Garden\JULY 2024_CG_D\CG-D_T1\GOPR2936,GOPR2936,7,Coral Garden\JULY 2024_CG_D\CG-D_T1\GOPR2936\Coral7.JPG,Coral Garden\JULY 2024_CG_D\CG-D_T1\GOPR2936.JPG,0.4196,True
Coral Garden\JULY 2024_CG_D\CG-D_T1\GOPR2936,GOPR2936,11,Coral Garden\JULY 2024_CG_D\CG-D_T1\GOPR2936\Coral11.JPG,Coral Garden\JULY 2024_CG_D\CG-D_T1\GOPR2936.JPG,0.3345,True
Coral Garden\JULY 2024_CG_D\CG-D_T1\GOPR2936,GOPR2936,12,Coral Garden\JULY 2024_CG_D\CG-D_T1\GOPR2936\Coral12.JPG,Coral Garden\JULY 2024_CG_D\CG-D_T1\GOPR2936.JPG,0.3163,False
Coral Garden\JULY 2024_CG_D\CG-D_T1\GOPR2936,GOPR2936,14,Coral Garden\JULY 2024_CG_D\CG-D_T1\GOPR2936\Coral14.JPG,Coral Garden\JULY 2024_CG_D\CG-D_T1\GOPR2936.JPG,0.2755,True
Coral Garden\JULY 2024_CG_D\CG-D_T1\GOPR2936,GOPR2936,15,Coral Garden\JULY 2024_CG_D\CG-D_T1\GOPR2936\Coral15.JPG,Coral Garden\JULY 2024_CG_D\CG-D_T1\GOPR2936.JPG,0.2751,True
Coral Garden\JULY 2024_CG_D\CG-D_T1\GOPR2936,GOPR2936,19,Coral Garden\JULY 2024_CG_D\CG-D_T1\GOPR2936\Coral19.JPG,Coral Garden\JULY 2024_CG_D\CG-D_T1\GOPR2936.JPG,0.2596,True
Coral Garden\JULY 2024_CG_D\CG-D_T1\GOPR2936,GOPR2936,27,Coral Garden\JULY 2024_CG_D\CG-D_T1\GOPR2936\Coral27.JPG,Coral Garden\JULY 2024_CG_D\CG-D_T1\GOPR2936.JPG,0.1729,True
Coral Garden\JULY 2024_CG_D\CG-D_T1\GOPR2936,GOPR2936,28,Coral Garden\JULY 2024_CG_D\CG-D_T1\GOPR2936\Coral28.JPG,Coral Garden\JULY 2024_CG_D\CG-D_T1\GOPR2936.JPG,0.1675,True
Coral Garden\JULY 2024_CG_D\CG-D_T1\GOPR2937,GOPR2937,15,Coral Garden\JULY 2024_CG_D\CG-D_T1\GOPR2937\Coral15.JPG,Coral Garden\JULY 2024_CG_D\CG-D_T1\GOPR2937.JPG,0.2897,True
Coral Garden\JULY 2024_CG_D\CG-D_T1\GOPR2937,GOPR2937,18,Coral Garden\JULY 2024_CG_D\CG-D_T1\GOPR2937\Coral18.JPG,Coral Garden\JULY 2024_CG_D\CG-D_T1\GOPR2937.JPG,0.2677,True
Coral Garden\JULY 2024_CG_D\CG-D_T1\GOPR2937,GOPR2937,22,Coral Garden\JULY 2024_CG_D\CG-D_T1\GOPR2937\Coral22.JPG,Coral Garden\JULY 2024_CG_D\CG-D_T1\GOPR2937.JPG,0.1929,True
Coral Garden\JULY 2024_CG_D\CG-D_T1\GOPR2937,GOPR2937,23,Coral Garden\JULY 2024_CG_D\CG-D_T1\GOPR2937\Coral23.JPG,Coral Garden\JULY 2024_CG_D\CG-D_T1\GOPR2937.JPG,0.1871,False
Coral Garden\JULY 2024_CG_D\CG-D_T1\GOPR2937,GOPR2937,25,Coral Garden\JULY 2024_CG_D\CG-D_T1\GOPR2937\Coral25.JPG,Coral Garden\JULY 2024_CG_D\CG-D_T1\GOPR2937.JPG,0.1769,True
Coral Garden\JULY 2024_CG_D\CG-D_T1\GOPR2937,GOPR2937,26,Coral Garden\JULY 2024_CG_D\CG-D_T1\GOPR2937\Coral26.JPG,Coral Garden\JULY 2024_CG_D\CG-D_T1\GOPR2937.JPG,0.1702,False
Coral Garden\JULY 2024_CG_D\CG-D_T1\GOPR2937,GOPR2937,27,Coral Garden\JULY 2024_CG_D\CG-D_T1\GOPR2937\Coral27.JPG,Coral Garden\JULY 2024_CG_D\CG-D_T1\GOPR2937.JPG,0.1683,True
Coral Garden\JULY 2024_CG_D\CG-D_T1\GOPR2937,GOPR2937,29,Coral Garden\JULY 2024_CG_D\CG-D_T1\GOPR2937\Coral29.JPG,Coral Garden\JULY 2024_CG_D\CG-D_T1\GOPR2937.JPG,0.1629,True
Coral Garden\JULY 2024_CG_D\CG-D_T1\GOPR2938,GOPR2938,18,Coral Garden\JULY 2024_CG_D\CG-D_T1\GOPR2938\Coral18.JPG,Coral Garden\JULY 2024_CG_D\CG-D_T1\GOPR2938.JPG,0.2481,True
Coral Garden\JULY 2024_CG_D\CG-D_T1\GOPR2938,GOPR2938,19,Coral Garden\JULY 2024_CG_D\CG-D_T1\GOPR2938\Coral19.JPG,Coral Garden\JULY 2024_CG_D\CG-D_T1\GOPR2938.JPG,0.231,True
Coral Garden\JULY 2024_CG_D\CG-D_T1\GOPR2938,GOPR2938,20,Coral Garden\JULY 2024_CG_D\CG-D_T1\GOPR2938\Coral20.JPG,Coral Garden\JULY 2024_CG_D\CG-D_T1\GOPR2938.JPG,0.2227,True
Coral Garden\JULY 2024_CG_D\CG-D_T1\GOPR2938,GOPR2938,21,Coral Garden\JULY 2024_CG_D\CG-D_T1\GOPR2938\Coral21.JPG,Coral Garden\JULY 2024_CG_D\CG-D_T1\GOPR2938.JPG,0.2083,True
Coral Garden\JULY 2024_CG_D\CG-D_T1\GOPR2938,GOPR2938,23,Coral Garden\JULY 2024_CG_D\CG-D_T1\GOPR2938\Coral23.JPG,Coral Garden\JULY 2024_CG_D\CG-D_T1\GOPR2938.JPG,0.1676,True
Coral Garden\JULY 2024_CG_D\CG-D_T1\GOPR2938,GOPR2938,24,Coral Garden\JULY 2024_CG_D\CG-D_T1\GOPR2938\Coral24.JPG,Coral Garden\JULY 2024_CG_D\CG-D_T1\GOPR2938.JPG,0.1629,True
Coral Garden\JULY 2024_CG_D\CG-D_T1\GOPR2938,GOPR2938,25,Coral Garden\JULY 2024_CG_D\CG-D_T1\GOPR2938\Coral25.JPG,Coral Garden\JULY 2024_CG_D\CG-D_T1\GOPR2938.JPG,0.1525,True
Coral Garden\JULY 2024_CG_D\CG-D_T1\GOPR2939,GOPR2939,1,Coral Garden\JULY 2024_CG_D\CG-D_T1\GOPR2939\Coral1.JPG,Coral Garden\JULY 2024_CG_D\CG-D_T1\GOPR2939.JPG,0.5886,True
Coral Garden\JULY 2024_CG_D\CG-D_T1\GOPR2939,GOPR2939,3,Coral Garden\JULY 2024_CG_D\CG-D_T1\GOPR2939\Coral3.JPG,Coral Garden\JULY 2024_CG_D\CG-D_T1\GOPR2939.JPG,0.4708,True
Coral Garden\JULY 2024_CG_D\CG-D_T1\GOPR2939,GOPR2939,4,Coral Garden\JULY 2024_CG_D\CG-D_T1\GOPR2939\Coral4.JPG,Coral Garden\JULY 2024_CG_D\CG-D_T1\GOPR2939.JPG,0.3436,True
Coral Garden\JULY 2024_CG_D\CG-D_T1\GOPR2939,GOPR2939,6,Coral Garden\JULY 2024_CG_D\CG-D_T1\GOPR2939\Coral6.JPG,Coral Garden\JULY 2024_CG_D\CG-D_T1\GOPR2939.JPG,0.3114,True
Coral Garden\JULY 2024_CG_D\CG-D_T1\GOPR2939,GOPR2939,9,Coral Garden\JULY 2024_CG_D\CG-D_T1\GOPR2939\Coral9.JPG,Coral Garden\JULY 2024_CG_D\CG-D_T1\GOPR2939.JPG,0.273,False
Coral Garden\JULY 2024_CG_D\CG-D_T1\GOPR2939,GOPR2939,11,Coral Garden\JULY 2024_CG_D\CG-D_T1\GOPR2939\Coral11.JPG,Coral Garden\JULY 2024_CG_D\CG-D_T1\GOPR2939.JPG,0.1923,False
Coral Garden\JULY 2024_CG_D\CG-D_T1\GOPR2939,GOPR2939,12,Coral Garden\JULY 2024_CG_D\CG-D_T1\GOPR2939\Coral12.JPG,Coral Garden\JULY 2024_CG_D\CG-D_T1\GOPR2939.JPG,0.1768,True
Coral Garden\JULY 2024_CG_D\CG-D_T1\GOPR2940,GOPR2940,10,Coral Garden\JULY 2024_CG_D\CG-D_T1\GOPR2940\Coral10.JPG,Coral Garden\JULY 2024_CG_D\CG-D_T1\GOPR2940.JPG,0.4449,True
Coral Garden\JULY 2024_CG_D\CG-D_T1\GOPR2940,GOPR2940,11,Coral Garden\JULY 2024_CG_D\CG-D_T1\GOPR2940\Coral11.JPG,Coral Garden\JULY 2024_CG_D\CG-D_T1\GOPR2940.JPG,0.4083,True
Coral Garden\JULY 2024_CG_D\CG-D_T1\GOPR2940,GOPR2940,12,Coral Garden\JULY 2024_CG_D\CG-D_T1\GOPR2940\Coral12.JPG,Coral Garden\JULY 2024_CG_D\CG-D_T1\GOPR2940.JPG,0.3556,True
Coral Garden\JULY 2024_CG_D\CG-D_T1\GOPR2940,GOPR2940,13,Coral Garden\JULY 2024_CG_D\CG-D_T1\GOPR2940\Coral13.JPG,Coral Garden\JULY 2024_CG_D\CG-D_T1\GOPR2940.JPG,0.3397,True
Coral Garden\JULY 2024_CG_D\CG-D_T1\GOPR2940,GOPR2940,14,Coral Garden\JULY 2024_CG_D\CG-D_T1\GOPR2940\Coral14.JPG,Coral Garden\JULY 2024_CG_D\CG-D_T1\GOPR2940.JPG,0.319,True
Coral Garden\JULY 2024_CG_D\CG-D_T1\GOPR2940,GOPR2940,15,Coral Garden\JULY 2024_CG_D\CG-D_T1\GOPR2940\Coral15.JPG,Coral Garden\JULY 2024_CG_D\CG-D_T1\GOPR2940.JPG,0.3172,True
Coral Garden\JULY 2024_CG_D\CG-D_T1\GOPR2940,GOPR2940,16,Coral Garden\JULY 2024_CG_D\CG-D_T1\GOPR2940\Coral16.JPG,Coral Garden\JULY 2024_CG_D\CG-D_T1\GOPR2940.JPG,0.2784,True
Coral Garden\JULY 2024_CG_D\CG-D_T1\GOPR2940,GOPR2940,19,Coral Garden\JULY 2024_CG_D\CG-D_T1\GOPR2940\Coral19.JPG,Coral Garden\JULY 2024_CG_D\CG-D_T1\GOPR2940.JPG,0.2585,False
Coral Garden\JULY 2024_CG_D\CG-D_T1\GOPR2940,GOPR2940,20,Coral Garden\JULY 2024_CG_D\CG-D_T1\GOPR2940\Coral20.JPG,Coral Garden\JULY 2024_CG_D\CG-D_T1\GOPR2940.JPG,0.2565,True
Coral Garden\JULY 2024_CG_D\CG-D_T1\GOPR2940,GOPR2940,22,Coral Garden\JULY 2024_CG_D\CG-D_T1\GOPR2940\Coral22.JPG,Coral Garden\JULY 2024_CG_D\CG-D_T1\GOPR2940.JPG,0.2251,True
Coral Garden\JULY 2024_CG_D\CG-D_T1\GOPR2940,GOPR2940,24,Coral Garden\JULY 2024_CG_D\CG-D_T1\GOPR2940\Coral24.JPG,Coral Garden\JULY 2024_CG_D\CG-D_T1\GOPR2940.JPG,0.1752,True
Coral Garden\JULY 2024_CG_D\CG-D_T1\GOPR2940,GOPR2940,25,Coral Garden\JULY 2024_CG_D\CG-D_T1\GOPR2940\Coral25.JPG,Coral Garden\JULY 2024_CG_D\CG-D_T1\GOPR2940.JPG,0.1681,False
Coral Garden\JULY 2024_CG_D\CG-D_T1\GOPR2940,GOPR2940,26,Coral Garden\JULY 2024_CG_D\CG-D_T1\GOPR2940\Coral26.JPG,Coral Garden\JULY 2024_CG_D\CG-D_T1\GOPR2940.JPG,0.1644,True
Coral Garden\JULY 2024_CG_D\CG-D_T1\GOPR2941,GOPR2941,8,Coral Garden\JULY 2024_CG_D\CG-D_T1\GOPR2941\Coral8.JPG,Coral Garden\JULY 2024_CG_D\CG-D_T1\GOPR2941.JPG,0.3049,True
Coral Garden\JULY 2024_CG_D\CG-D_T1\GOPR2941,GOPR2941,9,Coral Garden\JULY 2024_CG_D\CG-D_T1\GOPR2941\Coral9.JPG,Coral Garden\JULY 2024_CG_D\CG-D_T1\GOPR2941.JPG,0.3033,True
Coral Garden\JULY 2024_CG_D\CG-D_T1\GOPR2941,GOPR2941,11,Coral Garden\JULY 2024_CG_D\CG-D_T1\GOPR2941\Coral11.JPG,Coral Garden\JULY 2024_CG_D\CG-D_T1\GOPR2941.JPG,0.1849,False
Coral Garden\JULY 2024_CG_D\CG-D_T1\GOPR2941,GOPR2941,12,Coral Garden\JULY 2024_CG_D\CG-D_T1\GOPR2941\Coral12.JPG,Coral Garden\JULY 2024_CG_D\CG-D_T1\GOPR2941.JPG,0.1813,True
Coral Garden\JULY 2024_CG_D\CG-D_T1\GOPR2942,GOPR2942,24,Coral Garden\JULY 2024_CG_D\CG-D_T1\GOPR2942\Coral24.JPG,Coral Garden\JULY 2024_CG_D\CG-D_T1\GOPR2942.JPG,0.2281,True
Coral Garden\JULY 2024_CG_D\CG-D_T1\GOPR2942,GOPR2942,25,Coral Garden\JULY 2024_CG_D\CG-D_T1\GOPR2942\Coral25.JPG,Coral Garden\JULY 2024_CG_D\CG-D_T1\GOPR2942.JPG,0.2022,False
Coral Garden\JULY 2024_CG_D\CG-D_T1\GOPR2942,GOPR2942,26,Coral Garden\JULY 2024_CG_D\CG-D_T1\GOPR2942\Coral26.JPG,Coral Garden\JULY 2024_CG_D\CG-D_T1\GOPR2942.JPG,0.2012,False
Coral Garden\JULY 2024_CG_D\CG-D_T1\GOPR2942,GOPR2942,28,Coral Garden\JULY 2024_CG_D\CG-D_T1\GOPR2942\Coral28.JPG,Coral Garden\JULY 2024_CG_D\CG-D_T1\GOPR2942.JPG,0.194,True
Coral Garden\JULY 2024_CG_D\CG-D_T1\GOPR2942,GOPR2942,29,Coral Garden\JULY 2024_CG_D\CG-D_T1\GOPR2942\Coral29.JPG,Coral Garden\JULY 2024_CG_D\CG-D_T1\GOPR2942.JPG,0.1825,False
Coral Garden\JULY 2024_CG_D\CG-D_T1\GOPR2942,GOPR2942,31,Coral Garden\JULY 2024_CG_D\CG-D_T1\GOPR2942\Coral31.JPG,Coral Garden\JULY 2024_CG_D\CG-D_T1\GOPR2942.JPG,0.1691,False
Coral Garden\JULY 2024_CG_D\CG-D_T1\GOPR2942,GOPR2942,33,Coral Garden\JULY 2024_CG_D\CG-D_T1\GOPR2942\Coral33.JPG,Coral Garden\JULY 2024_CG_D\CG-D_T1\GOPR2942.JPG,0.1593,False
Coral Garden\JULY 2024_CG_D\CG-D_T1\GOPR2942,GOPR2942,34,Coral Garden\JULY 2024_CG_D\CG-D_T1\GOPR2942\Coral34.JPG,Coral Garden\JULY 2024_CG_D\CG-D_T1\GOPR2942.JPG,0.1554,False
Coral Garden\JULY 2024_CG_D\CG-D_T1\GOPR2942,GOPR2942,35,Coral Garden\JULY 2024_CG_D\CG-D_T1\GOPR2942\Coral35.JPG,Coral Garden\JULY 2024_CG_D\CG-D_T1\GOPR2942.JPG,0.1546,True
Coral Garden\JULY 2024_CG_D\CG-D_T1\GOPR2942,GOPR2942,36,Coral Garden\JULY 2024_CG_D\CG-D_T1\GOPR2942\Coral36.JPG,Coral Garden\JULY 2024_CG_D\CG-D_T1\GOPR2942.JPG,0.1535,True
Coral Garden\JULY 2024_CG_D\CG-D_T1\GOPR2943,GOPR2943,10,Coral Garden\JULY 2024_CG_D\CG-D_T1\GOPR2943\Coral10.JPG,Coral Garden\JULY 2024_CG_D\CG-D_T1\GOPR2943.JPG,0.237,True
Coral Garden\JULY 2024_CG_D\CG-D_T1\GOPR2943,GOPR2943,13,Coral Garden\JULY 2024_CG_D\CG-D_T1\GOPR2943\Coral13.JPG,Coral Garden\JULY 2024_CG_D\CG-D_T1\GOPR2943.JPG,0.1895,True
Coral Garden\JULY 2024_CG_D\CG-D_T1\GOPR2943,GOPR2943,15,Coral Garden\JULY 2024_CG_D\CG-D_T1\GOPR2943\Coral15.JPG,Coral Garden\JULY 2024_CG_D\CG-D_T1\GOPR2943.JPG,0.1826,False
Coral Garden\JULY 2024_CG_D\CG-D_T1\GOPR2943,GOPR2943,16,Coral Garden\JULY 2024_CG_D\CG-D_T1\GOPR2943\Coral16.JPG,Coral Garden\JULY 2024_CG_D\CG-D_T1\GOPR2943.JPG,0.1823,True
Coral Garden\JULY 2024_CG_D\CG-D_T1\GOPR2943,GOPR2943,17,Coral Garden\JULY 2024_CG_D\CG-D_T1\GOPR2943\Coral17.JPG,Coral Garden\JULY 2024_CG_D\CG-D_T1\GOPR2943.JPG,0.1775,False
Coral Garden\JULY 2024_CG_D\CG-D_T1\GOPR2943,GOPR2943,18,Coral Garden\JULY 2024_CG_D\CG-D_T1\GOPR2943\Coral18.JPG,Coral Garden\JULY 2024_CG_D\CG-D_T1\GOPR2943.JPG,0.154,True
Coral Garden\JULY 2024_CG_D\CG-D_T1\GOPR2943,GOPR2943,19,Coral Garden\JULY 2024_CG_D\CG-D_T1\GOPR2943\Coral19.JPG,Coral Garden\JULY 2024_CG_D\CG-D_T1\GOPR2943.JPG,0.1539,True
Coral Garden\JULY 2024_CG_D\CG-D_T1\GOPR2944,GOPR2944,22,Coral Garden\JULY 2024_CG_D\CG-D_T1\GOPR2944\Coral22.JPG,Coral Garden\JULY 2024_CG_D\CG-D_T1\GOPR2944.JPG,0.2819,False
Coral Garden\JULY 2024_CG_D\CG-D_T1\GOPR2944,GOPR2944,23,Coral Garden\JULY 2024_CG_D\CG-D_T1\GOPR2944\Coral23.JPG,Coral Garden\JULY 2024_CG_D\CG-D_T1\GOPR2944.JPG,0.1993,True
Coral Garden\JULY 2024_CG_D\CG-D_T1\GOPR2944,GOPR2944,24,Coral Garden\JULY 2024_CG_D\CG-D_T1\GOPR2944\Coral24.JPG,Coral Garden\JULY 2024_CG_D\CG-D_T1\GOPR2944.JPG,0.1965,False
Coral Garden\JULY 2024_CG_D\CG-D_T1\GOPR2944,GOPR2944,25,Coral Garden\JULY 2024_CG_D\CG-D_T1\GOPR2944\Coral25.JPG,Coral Garden\JULY 2024_CG_D\CG-D_T1\GOPR2944.JPG,0.1895,False
Coral Garden\JULY 2024_CG_D\CG-D_T1\GOPR2944,GOPR2944,28,Coral Garden\JULY 2024_CG_D\CG-D_T1\GOPR2944\Coral28.JPG,Coral Garden\JULY 2024_CG_D\CG-D_T1\GOPR2944.JPG,0.1753,True
Coral Garden\JULY 2024_CG_D\CG-D_T1\GOPR2944,GOPR2944,29,Coral Garden\JULY 2024_CG_D\CG-D_T1\GOPR2944\Coral29.JPG,Coral Garden\JULY 2024_CG_D\CG-D_T1\GOPR2944.JPG,0.1565,True
Coral Garden\JULY 2024_CG_D\CG-D_T1\GOPR2945,GOPR2945,7,Coral Garden\JULY 2024_CG_D\CG-D_T1\GOPR2945\Coral7.JPG,Coral Garden\JULY 2024_CG_D\CG-D_T1\GOPR2945.JPG,0.2642,True
Coral Garden\JULY 2024_CG_D\CG-D_T1\GOPR2947,GOPR2947,11,Coral Garden\JULY 2024_CG_D\CG-D_T1\GOPR2947\Coral11.JPG,Coral Garden\JULY 2024_CG_D\CG-D_T1\GOPR2947.JPG,0.3913,True
Coral Garden\JULY 2024_CG_D\CG-D_T1\GOPR2947,GOPR2947,17,Coral Garden\JULY 2024_CG_D\CG-D_T1\GOPR2947\Coral17.JPG,Coral Garden\JULY 2024_CG_D\CG-D_T1\GOPR2947.JPG,0.3398,False
Coral Garden\JULY 2024_CG_D\CG-D_T1\GOPR2947,GOPR2947,21,Coral Garden\JULY 2024_CG_D\CG-D_T1\GOPR2947\Coral21.JPG,Coral Garden\JULY 2024_CG_D\CG-D_T1\GOPR2947.JPG,0.2521,True
Coral Garden\JULY 2024_CG_D\CG-D_T1\GOPR2947,GOPR2947,22,Coral Garden\JULY 2024_CG_D\CG-D_T1\GOPR2947\Coral22.JPG,Coral Garden\JULY 2024_CG_D\CG-D_T1\GOPR2947.JPG,0.2515,True
Coral Garden\JULY 2024_CG_D\CG-D_T1\GOPR2947,GOPR2947,24,Coral Garden\JULY 2024_CG_D\CG-D_T1\GOPR2947\Coral24.JPG,Coral Garden\JULY 2024_CG_D\CG-D_T1\GOPR2947.JPG,0.2233,True
Coral Garden\JULY 2024_CG_D\CG-D_T1\GOPR2947,GOPR2947,26,Coral Garden\JULY 2024_CG_D\CG-D_T1\GOPR2947\Coral26.JPG,Coral Garden\JULY 2024_CG_D\CG-D_T1\GOPR2947.JPG,0.2092,True
Coral Garden\JULY 2024_CG_D\CG-D_T1\GOPR2947,GOPR2947,27,Coral Garden\JULY 2024_CG_D\CG-D_T1\GOPR2947\Coral27.JPG,Coral Garden\JULY 2024_CG_D\CG-D_T1\GOPR2947.JPG,0.2019,False
Coral Garden\JULY 2024_CG_D\CG-D_T1\GOPR2947,GOPR2947,28,Coral Garden\JULY 2024_CG_D\CG-D_T1\GOPR2947\Coral28.JPG,Coral Garden\JULY 2024_CG_D\CG-D_T1\GOPR2947.JPG,0.1883,True
Coral Garden\JULY 2024_CG_D\CG-D_T1\GOPR2947,GOPR2947,34,Coral Garden\JULY 2024_CG_D\CG-D_T1\GOPR2947\Coral34.JPG,Coral Garden\JULY 2024_CG_D\CG-D_T1\GOPR2947.JPG,0.1534,True
Coral Garden\JULY 2024_CG_D\CG-D_T1\GOPR2947,GOPR2947,35,Coral Garden\JULY 2024_CG_D\CG-D_T1\GOPR2947\Coral35.JPG,Coral Garden\JULY 2024_CG_D\CG-D_T1\GOPR2947.JPG,0.1501,True
Coral Garden\JULY 2024_CG_D\CG-D_T1\GOPR2948,GOPR2948,2,Coral Garden\JULY 2024_CG_D\CG-D_T1\GOPR2948\Coral2.JPG,Coral Garden\JULY 2024_CG_D\CG-D_T1\GOPR2948.JPG,0.4867,True
Coral Garden\JULY 2024_CG_D\CG-D_T1\GOPR2948,GOPR2948,3,Coral Garden\JULY 2024_CG_D\CG-D_T1\GOPR2948\Coral3.JPG,Coral Garden\JULY 2024_CG_D\CG-D_T1\GOPR2948.JPG,0.4818,True
Coral Garden\JULY 2024_CG_D\CG-D_T1\GOPR2949,GOPR2949,8,Coral Garden\JULY 2024_CG_D\CG-D_T1\GOPR2949\Coral8.JPG,Coral Garden\JULY 2024_CG_D\CG-D_T1\GOPR2949.JPG,0.1504,True
Coral Garden\JULY 2024_CG_D\CG-D_T1\GOPR2950,GOPR2950,7,Coral Garden\JULY 2024_CG_D\CG-D_T1\GOPR2950\Coral7.JPG,Coral Garden\JULY 2024_CG_D\CG-D_T1\GOPR2950.JPG,0.1988,True
Coral Garden\JULY 2024_CG_D\CG-D_T1\GOPR2951,GOPR2951,1,Coral Garden\JULY 2024_CG_D\CG-D_T1\GOPR2951\Coral1.JPG,Coral Garden\JULY 2024_CG_D\CG-D_T1\GOPR2951.JPG,0.6399,True
Coral Garden\JULY 2024_CG_D\CG-D_T1\GOPR2952,GOPR2952,1,Coral Garden\JULY 2024_CG_D\CG-D_T1\GOPR2952\Coral1.JPG,Coral Garden\JULY 2024_CG_D\CG-D_T1\GOPR2952.JPG,0.76,True
Coral Garden\JULY 2024_CG_D\CG-D_T1\GOPR2952,GOPR2952,18,Coral Garden\JULY 2024_CG_D\CG-D_T1\GOPR2952\Coral18.JPG,Coral Garden\JULY 2024_CG_D\CG-D_T1\GOPR2952.JPG,0.4298,True
Coral Garden\JULY 2024_CG_D\CG-D_T1\GOPR2952,GOPR2952,26,Coral Garden\JULY 2024_CG_D\CG-D_T1\GOPR2952\Coral26.JPG,Coral Garden\JULY 2024_CG_D\CG-D_T1\GOPR2952.JPG,0.3455,True
Coral Garden\JULY 2024_CG_D\CG-D_T1\GOPR2952,GOPR2952,27,Coral Garden\JULY 2024_CG_D\CG-D_T1\GOPR2952\Coral27.JPG,Coral Garden\JULY 2024_CG_D\CG-D_T1\GOPR2952.JPG,0.3363,True
Coral Garden\JULY 2024_CG_D\CG-D_T1\GOPR2952,GOPR2952,41,Coral Garden\JULY 2024_CG_D\CG-D_T1\GOPR2952\Coral41.JPG,Coral Garden\JULY 2024_CG_D\CG-D_T1\GOPR2952.JPG,0.2037,False
Coral Garden\JULY 2024_CG_D\CG-D_T1\GOPR2952,GOPR2952,42,Coral Garden\JULY 2024_CG_D\CG-D_T1\GOPR2952\Coral42.JPG,Coral Garden\JULY 2024_CG_D\CG-D_T1\GOPR2952.JPG,0.1985,False
Coral Garden\JULY 2024_CG_D\CG-D_T1\GOPR2952,GOPR2952,43,Coral Garden\JULY 2024_CG_D\CG-D_T1\GOPR2952\Coral43.JPG,Coral Garden\JULY 2024_CG_D\CG-D_T1\GOPR2952.JPG,0.1913,False
Coral Garden\JULY 2024_CG_D\CG-D_T1\GOPR2952,GOPR2952,46,Coral Garden\JULY 2024_CG_D\CG-D_T1\GOPR2952\Coral46.JPG,Coral Garden\JULY 2024_CG_D\CG-D_T1\GOPR2952.JPG,0.1715,False
Coral Garden\JULY 2024_CG_D\CG-D_T1\GOPR2952,GOPR2952,47,Coral Garden\JULY 2024_CG_D\CG-D_T1\GOPR2952\Coral47.JPG,Coral Garden\JULY 2024_CG_D\CG-D_T1\GOPR2952.JPG,0.1537,False
Coral Garden\JULY 2024_CG_D\CG-D_T1\GOPR2952,GOPR2952,48,Coral Garden\JULY 2024_CG_D\CG-D_T1\GOPR2952\Coral48.JPG,Coral Garden\JULY 2024_CG_D\CG-D_T1\GOPR2952.JPG,0.1514,True
Coral Garden\JULY 2024_CG_D\CG-D_T1\GOPR2952,GOPR2952,49,Coral Garden\JULY 2024_CG_D\CG-D_T1\GOPR2952\Coral49.JPG,Coral Garden\JULY 2024_CG_D\CG-D_T1\GOPR2952.JPG,0.1508,False
Coral Garden\JULY 2024_CG_D\CG-D_T1\GOPR2953,GOPR2953,2,Coral Garden\JULY 2024_CG_D\CG-D_T1\GOPR2953\Coral2.JPG,Coral Garden\JULY 2024_CG_D\CG-D_T1\GOPR2953.JPG,0.6755,True
Coral Garden\JULY 2024_CG_D\CG-D_T1\GOPR2953,GOPR2953,4,Coral Garden\JULY 2024_CG_D\CG-D_T1\GOPR2953\Coral4.JPG,Coral Garden\JULY 2024_CG_D\CG-D_T1\GOPR2953.JPG,0.6026,True
Coral Garden\JULY 2024_CG_D\CG-D_T1\GOPR2953,GOPR2953,9,Coral Garden\JULY 2024_CG_D\CG-D_T1\GOPR2953\Coral9.JPG,Coral Garden\JULY 2024_CG_D\CG-D_T1\GOPR2953.JPG,0.4525,True
Coral Garden\JULY 2024_CG_D\CG-D_T1\GOPR2953,GOPR2953,15,Coral Garden\JULY 2024_CG_D\CG-D_T1\GOPR2953\Coral15.JPG,Coral Garden\JULY 2024_CG_D\CG-D_T1\GOPR2953.JPG,0.2259,True
Coral Garden\JULY 2024_CG_D\CG-D_T1\GOPR2953,GOPR2953,16,Coral Garden\JULY 2024_CG_D\CG-D_T1\GOPR2953\Coral16.JPG,Coral Garden\JULY 2024_CG_D\CG-D_T1\GOPR2953.JPG,0.2072,False
Coral Garden\JULY 2024_CG_D\CG-D_T1\GOPR2953,GOPR2953,18,Coral Garden\JULY 2024_CG_D\CG-D_T1\GOPR2953\Coral18.JPG,Coral Garden\JULY 2024_CG_D\CG-D_T1\GOPR2953.JPG,0.1956,False
Coral Garden\JULY 2024_CG_D\CG-D_T1\GOPR2954,GOPR2954,4,Coral Garden\JULY 2024_CG_D\CG-D_T1\GOPR2954\Coral4.JPG,Coral Garden\JULY 2024_CG_D\CG-D_T1\GOPR2954.JPG,0.6201,True
Coral Garden\JULY 2024_CG_D\CG-D_T1\GOPR2954,GOPR2954,7,Coral Garden\JULY 2024_CG_D\CG-D_T1\GOPR2954\Coral7.JPG,Coral Garden\JULY 2024_CG_D\CG-D_T1\GOPR2954.JPG,0.406,True
Coral Garden\JULY 2024_CG_D\CG-D_T1\GOPR2954,GOPR2954,8,Coral Garden\JULY 2024_CG_D\CG-D_T1\GOPR2954\Coral8.JPG,Coral Garden\JULY 2024_CG_D\CG-D_T1\GOPR2954.JPG,0.3643,False
Coral Garden\JULY 2024_CG_D\CG-D_T1\GOPR2954,GOPR2954,13,Coral Garden\JULY 2024_CG_D\CG-D_T1\GOPR2954\Coral13.JPG,Coral Garden\JULY 2024_CG_D\CG-D_T1\GOPR2954.JPG,0.3174,False
Coral Garden\JULY 2024_CG_D\CG-D_T1\GOPR2954,GOPR2954,15,Coral Garden\JULY 2024_CG_D\CG-D_T1\GOPR2954\Coral15.JPG,Coral Garden\JULY 2024_CG_D\CG-D_T1\GOPR2954.JPG,0.2635,False
Coral Garden\JULY 2024_CG_D\CG-D_T1\GOPR2954,GOPR2954,19,Coral Garden\JULY 2024_CG_D\CG-D_T1\GOPR2954\Coral19.JPG,Coral Garden\JULY 2024_CG_D\CG-D_T1\GOPR2954.JPG,0.2129,True
Coral Garden\JULY 2024_CG_D\CG-D_T1\GOPR2954,GOPR2954,20,Coral Garden\JULY 2024_CG_D\CG-D_T1\GOPR2954\Coral20.JPG,Coral Garden\JULY 2024_CG_D\CG-D_T1\GOPR2954.JPG,0.2018,False
Coral Garden\JULY 2024_CG_D\CG-D_T1\GOPR2954,GOPR2954,21,Coral Garden\JULY 2024_CG_D\CG-D_T1\GOPR2954\Coral21.JPG,Coral Garden\JULY 2024_CG_D\CG-D_T1\GOPR2954.JPG,0.1977,True
Coral Garden\JULY 2024_CG_D\CG-D_T1\GOPR2954,GOPR2954,22,Coral Garden\JULY 2024_CG_D\CG-D_T1\GOPR2954\Coral22.JPG,Coral Garden\JULY 2024_CG_D\CG-D_T1\GOPR2954.JPG,0.1812,True
Coral Garden\JULY 2024_CG_D\CG-D_T1\GOPR2954,GOPR2954,23,Coral Garden\JULY 2024_CG_D\CG-D_T1\GOPR2954\Coral23.JPG,Coral Garden\JULY 2024_CG_D\CG-D_T1\GOPR2954.JPG,0.1617,True
Coral Garden\JULY 2024_CG_D\CG-D_T1\GOPR2954,GOPR2954,24,Coral Garden\JULY 2024_CG_D\CG-D_T1\GOPR2954\Coral24.JPG,Coral Garden\JULY 2024_CG_D\CG-D_T1\GOPR2954.JPG,0.1597,False
Coral Garden\JULY 2024_CG_D\CG-D_T1\GOPR2955,GOPR2955,12,Coral Garden\JULY 2024_CG_D\CG-D_T1\GOPR2955\Coral12.JPG,Coral Garden\JULY 2024_CG_D\CG-D_T1\GOPR2955.JPG,0.4386,True
Coral Garden\JULY 2024_CG_D\CG-D_T1\GOPR2955,GOPR2955,14,Coral Garden\JULY 2024_CG_D\CG-D_T1\GOPR2955\Coral14.JPG,Coral Garden\JULY 2024_CG_D\CG-D_T1\GOPR2955.JPG,0.3468,False
Coral Garden\JULY 2024_CG_D\CG-D_T1\GOPR2955,GOPR2955,22,Coral Garden\JULY 2024_CG_D\CG-D_T1\GOPR2955\Coral22.JPG,Coral Garden\JULY 2024_CG_D\CG-D_T1\GOPR2955.JPG,0.2301,False
Coral Garden\JULY 2024_CG_D\CG-D_T1\GOPR2955,GOPR2955,25,Coral Garden\JULY 2024_CG_D\CG-D_T1\GOPR2955\Coral25.JPG,Coral Garden\JULY 2024_CG_D\CG-D_T1\GOPR2955.JPG,0.2096,False
Coral Garden\JULY 2024_CG_D\CG-D_T1\GOPR2955,GOPR2955,26,Coral Garden\JULY 2024_CG_D\CG-D_T1\GOPR2955\Coral26.JPG,Coral Garden\JULY 2024_CG_D\CG-D_T1\GOPR2955.JPG,0.2093,True
Coral Garden\JULY 2024_CG_D\CG-D_T1\GOPR2955,GOPR2955,35,Coral Garden\JULY 2024_CG_D\CG-D_T1\GOPR2955\Coral35.JPG,Coral Garden\JULY 2024_CG_D\CG-D_T1\GOPR2955.JPG,0.1568,False
Coral Garden\JULY 2024_CG_D\CG-D_T1\GOPR2956,GOPR2956,27,Coral Garden\JULY 2024_CG_D\CG-D_T1\GOPR2956\Coral27.JPG,Coral Garden\JULY 2024_CG_D\CG-D_T1\GOPR2956.JPG,0.1721,True
Coral Garden\JULY 2024_CG_D\CG-D_T1\GOPR2957,GOPR2957,7,Coral Garden\JULY 2024_CG_D\CG-D_T1\GOPR2957\Coral7.JPG,Coral Garden\JULY 2024_CG_D\CG-D_T1\GOPR2957.JPG,0.1802,True
Coral Garden\JULY 2024_CG_D\CG-D_T1\GOPR2965,GOPR2965,7,Coral Garden\JULY 2024_CG_D\CG-D_T1\GOPR2965\Coral7.JPG,Coral Garden\JULY 2024_CG_D\CG-D_T1\GOPR2965.JPG,0.5146,False
Coral Garden\JULY 2024_CG_D\CG-D_T1\GOPR2966,GOPR2966,8,Coral Garden\JULY 2024_CG_D\CG-D_T1\GOPR2966\Coral8.JPG,Coral Garden\JULY 2024_CG_D\CG-D_T1\GOPR2966.JPG,0.2647,False
Coral Garden\JULY 2024_CG_D\CG-D_T1\GOPR2966,GOPR2966,10,Coral Garden\JULY 2024_CG_D\CG-D_T1\GOPR2966\Coral10.JPG,Coral Garden\JULY 2024_CG_D\CG-D_T1\GOPR2966.JPG,0.2268,True
Coral Garden\JULY 2024_CG_D\CG-D_T1\GOPR2966,GOPR2966,11,Coral Garden\JULY 2024_CG_D\CG-D_T1\GOPR2966\Coral11.JPG,Coral Garden\JULY 2024_CG_D\CG-D_T1\GOPR2966.JPG,0.2132,True
Coral Garden\JULY 2024_CG_D\CG-D_T1\GOPR2966,GOPR2966,13,Coral Garden\JULY 2024_CG_D\CG-D_T1\GOPR2966\Coral13.JPG,Coral Garden\JULY 2024_CG_D\CG-D_T1\GOPR2966.JPG,0.2043,False
Coral Garden\JULY 2024_CG_D\CG-D_T1\GOPR2966,GOPR2966,14,Coral Garden\JULY 2024_CG_D\CG-D_T1\GOPR2966\Coral14.JPG,Coral Garden\JULY 2024_CG_D\CG-D_T1\GOPR2966.JPG,0.1816,True
Coral Garden\JULY 2024_CG_D\CG-D_T1\GOPR2966,GOPR2966,17,Coral Garden\JULY 2024_CG_D\CG-D_T1\GOPR2966\Coral17.JPG,Coral Garden\JULY 2024_CG_D\CG-D_T1\GOPR2966.JPG,0.1555,False
Coral Garden\JULY 2024_CG_D\CG-D_T2\GOPR2970,GOPR2970,33,Coral Garden\JULY 2024_CG_D\CG-D_T2\GOPR2970\Coral33.JPG,Coral Garden\JULY 2024_CG_D\CG-D_T2\GOPR2970.JPG,0.1837,False
Coral Garden\JULY 2024_CG_D\CG-D_T2\GOPR2972,GOPR2972,7,Coral Garden\JULY 2024_CG_D\CG-D_T2\GOPR2972\Coral7.JPG,Coral Garden\JULY 2024_CG_D\CG-D_T2\GOPR2972.JPG,0.1946,True
Coral Garden\JULY 2024_CG_D\CG-D_T2\GOPR2972,GOPR2972,8,Coral Garden\JULY 2024_CG_D\CG-D_T2\GOPR2972\Coral8.JPG,Coral Garden\JULY 2024_CG_D\CG-D_T2\GOPR2972.JPG,0.1887,True
Coral Garden\JULY 2024_CG_D\CG-D_T2\GOPR2976,GOPR2976,4,Coral Garden\JULY 2024_CG_D\CG-D_T2\GOPR2976\Coral4.JPG,Coral Garden\JULY 2024_CG_D\CG-D_T2\GOPR2976.JPG,0.2186,True
