source_image_relpath,patch_relpath,patch_index,confidence,monitoring_station,transect,assigned_annotator
Coral Garden\2024_AUG_CG_S\2024_AUG_CG_S_T1\GOPR4851.JPG,Coral Garden\2024_AUG_CG_S\2024_AUG_CG_S_T1\GOPR4851\Coral4.JPG,4,0.65,Coral Garden S,T1,4
Coral Garden\2024_JUL_CG_S\CG-S_T1\GOPR3133.JPG,Coral Garden\2024_JUL_CG_S\CG-S_T1\GOPR3133\Coral8.JPG,8,0.1874,Coral Garden S,T1,4
Coral Garden\2024_JUL_CG_S\CG-S_T1\GOPR3111.JPG,Coral Garden\2024_JUL_CG_S\CG-S_T1\GOPR3111\Coral13.JPG,13,0.3531,Coral Garden S,T1,4
Coral Garden\2024_AUG_CG_S\2024_AUG_CG_S_T1\GOPR4861.JPG,Coral Garden\2024_AUG_CG_S\2024_AUG_CG_S_T1\GOPR4861\Coral19.JPG,19,0.1851,Coral Garden S,T1,4
Coral Garden\2024_JUL_CG_S\CG-S_T1\GOPR3102.JPG,Coral Garden\2024_JUL_CG_S\CG-S_T1\GOPR3102\Coral13.JPG,13,0.2955,Coral Garden S,T1,4
Coral Garden\2024_JUL_CG_S\CG-S_T1\GOPR3109.JPG,Coral Garden\2024_JUL_CG_S\CG-S_T1\GOPR3109\Coral22.JPG,22,0.2187,Coral Garden S,T1,4
Coral Garden\2024_JUL_CG_S\CG-S_T1\GOPR3123.JPG,Coral Garden\2024_JUL_CG_S\CG-S_T1\GOPR3123\Coral4.JPG,4,0.6415,Coral Garden S,T1,4
Coral Garden\2024_AUG_CG_S\2024_AUG_CG_S_T1\GOPR4859.JPG,Coral Garden\2024_AUG_CG_S\2024_AUG_CG_S_T1\GOPR4859\Coral9.JPG,9,0.2866,Coral Garden S,T1,4
Coral Garden\2024_JUL_CG_S\CG-S_T1\GOPR3128.JPG,Coral Garden\2024_JUL_CG_S\CG-S_T1\GOPR3128\Coral1.JPG,1,0.8419,Coral Garden S,T1,4
Coral Garden\2024_JUL_CG_S\CG-S_T1\GOPR3100.JPG,Coral Garden\2024_JUL_CG_S\CG-S_T1\GOPR3100\Coral19.JPG,19,0.2291,Coral Garden S,T1,4
Coral Garden\2024_AUG_CG_S\2024_AUG_CG_S_T1\GOPR4863.JPG,Coral Garden\2024_AUG_CG_S\2024_AUG_CG_S_T1\GOPR4863\Coral15.JPG,15,0.344,Coral Garden S,T1,4
Coral Garden\2024_AUG_CG_S\2024_AUG_CG_S_T1\GOPR4853.JPG,Coral Garden\2024_AUG_CG_S\2024_AUG_CG_S_T1\GOPR4853\Coral3.JPG,3,0.8042,Coral Garden S,T1,4
Coral Garden\2024_AUG_CG_S\2024_AUG_CG_S_T1\GOPR4836.JPG,Coral Garden\2024_AUG_CG_S\2024_AUG_CG_S_T1\GOPR4836\Coral1.JPG,1,0.8478,Coral Garden S,T1,4
Coral Garden\2024_AUG_CG_S\2024_AUG_CG_S_T1\GOPR4881.JPG,Coral Garden\2024_AUG_CG_S\2024_AUG_CG_S_T1\GOPR4881\Coral10.JPG,10,0.3219,Coral Garden S,T1,4
Coral Garden\2024_AUG_CG_S\2024_AUG_CG_S_T1\GOPR4883.JPG,Coral Garden\2024_AUG_CG_S\2024_AUG_CG_S_T1\GOPR4883\Coral10.JPG,10,0.2461,Coral Garden S,T1,4
Coral Garden\2024_AUG_CG_S\2024_AUG_CG_S_T1\GOPR4842.JPG,Coral Garden\2024_AUG_CG_S\2024_AUG_CG_S_T1\GOPR4842\Coral22.JPG,22,0.1618,Coral Garden S,T1,4
Coral Garden\2024_AUG_CG_S\2024_AUG_CG_S_T1\GOPR4869.JPG,Coral Garden\2024_AUG_CG_S\2024_AUG_CG_S_T1\GOPR4869\Coral1.JPG,1,0.1673,Coral Garden S,T1,4
Coral Garden\2024_AUG_CG_S\2024_AUG_CG_S_T1\GOPR4885.JPG,Coral Garden\2024_AUG_CG_S\2024_AUG_CG_S_T1\GOPR4885\Coral11.JPG,11,0.2367,Coral Garden S,T1,4
Coral Garden\2024_JUL_CG_S\CG-S_T1\GOPR3095.JPG,Coral Garden\2024_JUL_CG_S\CG-S_T1\GOPR3095\Coral8.JPG,8,0.3073,Coral Garden S,T1,4
Coral Garden\2024_JUL_CG_S\CG-S_T1\GOPR3098.JPG,Coral Garden\2024_JUL_CG_S\CG-S_T1\GOPR3098\Coral27.JPG,27,0.2034,Coral Garden S,T1,4
Coral Garden\2024_AUG_CG_S\2024_AUG_CG_S_T1\GOPR4847.JPG,Coral Garden\2024_AUG_CG_S\2024_AUG_CG_S_T1\GOPR4847\Coral1.JPG,1,0.7821,Coral Garden S,T1,4
Coral Garden\2024_AUG_CG_S\2024_AUG_CG_S_T1\GOPR4844.JPG,Coral Garden\2024_AUG_CG_S\2024_AUG_CG_S_T1\GOPR4844\Coral5.JPG,5,0.2496,Coral Garden S,T1,4
Coral Garden\2024_JUL_CG_S\CG-S_T1\GOPR3099.JPG,Coral Garden\2024_JUL_CG_S\CG-S_T1\GOPR3099\Coral1.JPG,1,0.7197,Coral Garden S,T1,4
Coral Garden\2024_JUL_CG_S\CG-S_T1\GOPR3106.JPG,Coral Garden\2024_JUL_CG_S\CG-S_T1\GOPR3106\Coral6.JPG,6,0.4706,Coral Garden S,T1,4
Coral Garden\2024_AUG_CG_S\2024_AUG_CG_S_T1\GOPR4851.JPG,Coral Garden\2024_AUG_CG_S\2024_AUG_CG_S_T1\GOPR4851\Coral32.JPG,32,0.1658,Coral Garden S,T1,4
Coral Garden\2024_JUL_CG_S\CG-S_T1\GOPR3102.JPG,Coral Garden\2024_JUL_CG_S\CG-S_T1\GOPR3102\Coral3.JPG,3,0.6237,Coral Garden S,T1,4
Coral Garden\2024_AUG_CG_S\2024_AUG_CG_S_T1\GOPR4868.JPG,Coral Garden\2024_AUG_CG_S\2024_AUG_CG_S_T1\GOPR4868\Coral2.JPG,2,0.2779,Coral Garden S,T1,4
Coral Garden\2024_JUL_CG_S\CG-S_T1\GOPR3135.JPG,Coral Garden\2024_JUL_CG_S\CG-S_T1\GOPR3135\Coral1.JPG,1,0.4591,Coral Garden S,T1,4
Coral Garden\2024_JUL_CG_S\CG-S_T1\GOPR3103.JPG,Coral Garden\2024_JUL_CG_S\CG-S_T1\GOPR3103\Coral27.JPG,27,0.2318,Coral Garden S,T1,4
Coral Garden\2024_AUG_CG_S\2024_AUG_CG_S_T1\GOPR4863.JPG,Coral Garden\2024_AUG_CG_S\2024_AUG_CG_S_T1\GOPR4863\Coral5.JPG,5,0.5237,Coral Garden S,T1,4
Coral Garden\2024_AUG_CG_S\2024_AUG_CG_S_T1\GOPR4839.JPG,Coral Garden\2024_AUG_CG_S\2024_AUG_CG_S_T1\GOPR4839\Coral8.JPG,8,0.2521,Coral Garden S,T1,4
Coral Garden\2024_AUG_CG_S\2024_AUG_CG_S_T1\GOPR4836.JPG,Coral Garden\2024_AUG_CG_S\2024_AUG_CG_S_T1\GOPR4836\Coral7.JPG,7,0.4594,Coral Garden S,T1,4
Coral Garden\2024_JUL_CG_S\CG-S_T1\GOPR3116.JPG,Coral Garden\2024_JUL_CG_S\CG-S_T1\GOPR3116\Coral14.JPG,14,0.2911,Coral Garden S,T1,4
Coral Garden\2024_JUL_CG_S\CG-S_T1\GOPR3112.JPG,Coral Garden\2024_JUL_CG_S\CG-S_T1\GOPR3112\Coral9.JPG,9,0.6153,Coral Garden S,T1,4
Coral Garden\2024_JUL_CG_S\CG-S_T1\GOPR3090.JPG,Coral Garden\2024_JUL_CG_S\CG-S_T1\GOPR3090\Coral18.JPG,18,0.3294,Coral Garden S,T1,4
Coral Garden\2024_AUG_CG_S\2024_AUG_CG_S_T1\GOPR4825.JPG,Coral Garden\2024_AUG_CG_S\2024_AUG_CG_S_T1\GOPR4825\Coral18.JPG,18,0.1735,Coral Garden S,T1,4
Coral Garden\2024_JUL_CG_S\CG-S_T1\GOPR3101.JPG,Coral Garden\2024_JUL_CG_S\CG-S_T1\GOPR3101\Coral7.JPG,7,0.4904,Coral Garden S,T1,4
Coral Garden\2024_JUL_CG_S\CG-S_T1\GOPR3093.JPG,Coral Garden\2024_JUL_CG_S\CG-S_T1\GOPR3093\Coral4.JPG,4,0.4474,Coral Garden S,T1,4
Coral Garden\2024_AUG_CG_S\2024_AUG_CG_S_T1\GOPR4882.JPG,Coral Garden\2024_AUG_CG_S\2024_AUG_CG_S_T1\GOPR4882\Coral2.JPG,2,0.158,Coral Garden S,T1,4
Coral Garden\2024_AUG_CG_S\2024_AUG_CG_S_T1\GOPR4862.JPG,Coral Garden\2024_AUG_CG_S\2024_AUG_CG_S_T1\GOPR4862\Coral16.JPG,16,0.1567,Coral Garden S,T1,4
Coral Garden\2024_JUL_CG_S\CG-S_T1\GOPR3102.JPG,Coral Garden\2024_JUL_CG_S\CG-S_T1\GOPR3102\Coral12.JPG,12,0.2957,Coral Garden S,T1,4
Coral Garden\2024_JUL_CG_S\CG-S_T1\GOPR3119.JPG,Coral Garden\2024_JUL_CG_S\CG-S_T1\GOPR3119\Coral7.JPG,7,0.3142,Coral Garden S,T1,4
Coral Garden\2024_AUG_CG_S\2024_AUG_CG_S_T1\GOPR4864.JPG,Coral Garden\2024_AUG_CG_S\2024_AUG_CG_S_T1\GOPR4864\Coral4.JPG,4,0.3808,Coral Garden S,T1,4
Coral Garden\2024_AUG_CG_S\2024_AUG_CG_S_T1\GOPR4854.JPG,Coral Garden\2024_AUG_CG_S\2024_AUG_CG_S_T1\GOPR4854\Coral1.JPG,1,0.7797,Coral Garden S,T1,4
Coral Garden\2024_JUL_CG_S\CG-S_T1\GOPR3094.JPG,Coral Garden\2024_JUL_CG_S\CG-S_T1\GOPR3094\Coral20.JPG,20,0.1891,Coral Garden S,T1,4
Coral Garden\2024_AUG_CG_S\2024_AUG_CG_S_T1\GOPR4839.JPG,Coral Garden\2024_AUG_CG_S\2024_AUG_CG_S_T1\GOPR4839\Coral7.JPG,7,0.2963,Coral Garden S,T1,4
Coral Garden\2024_JUL_CG_S\CG-S_T1\GOPR3125.JPG,Coral Garden\2024_JUL_CG_S\CG-S_T1\GOPR3125\Coral11.JPG,11,0.3788,Coral Garden S,T1,4
Coral Garden\2024_JUL_CG_S\CG-S_T1\GOPR3120.JPG,Coral Garden\2024_JUL_CG_S\CG-S_T1\GOPR3120\Coral8.JPG,8,0.303,Coral Garden S,T1,4
Coral Garden\2024_JUL_CG_S\CG-S_T1\GOPR3136.JPG,Coral Garden\2024_JUL_CG_S\CG-S_T1\GOPR3136\Coral10.JPG,10,0.1826,Coral Garden S,T1,4
Coral Garden\2024_AUG_CG_S\2024_AUG_CG_S_T1\GOPR4883.JPG,Coral Garden\2024_AUG_CG_S\2024_AUG_CG_S_T1\GOPR4883\Coral7.JPG,7,0.3078,Coral Garden S,T1,4
Coral Garden\2024_JUL_CG_S\CG-S_T1\GOPR3129.JPG,Coral Garden\2024_JUL_CG_S\CG-S_T1\GOPR3129\Coral34.JPG,34,0.2351,Coral Garden S,T1,4
Coral Garden\2024_JUL_CG_S\CG-S_T1\GOPR3118.JPG,Coral Garden\2024_JUL_CG_S\CG-S_T1\GOPR3118\Coral7.JPG,7,0.2512,Coral Garden S,T1,4
Coral Garden\2024_JUL_CG_S\CG-S_T1\GOPR3132.JPG,Coral Garden\2024_JUL_CG_S\CG-S_T1\GOPR3132\Coral18.JPG,18,0.2895,Coral Garden S,T1,4
Coral Garden\2024_JUL_CG_S\CG-S_T1\GOPR3112.JPG,Coral Garden\2024_JUL_CG_S\CG-S_T1\GOPR3112\Coral28.JPG,28,0.1579,Coral Garden S,T1,4
Coral Garden\2024_JUL_CG_S\CG-S_T1\GOPR3108.JPG,Coral Garden\2024_JUL_CG_S\CG-S_T1\GOPR3108\Coral17.JPG,17,0.2414,Coral Garden S,T1,4
Coral Garden\2024_JUL_CG_S\CG-S_T1\GOPR3089.JPG,Coral Garden\2024_JUL_CG_S\CG-S_T1\GOPR3089\Coral26.JPG,26,0.2236,Coral Garden S,T1,4
Coral Garden\2024_JUL_CG_S\CG-S_T1\GOPR3131.JPG,Coral Garden\2024_JUL_CG_S\CG-S_T1\GOPR3131\Coral5.JPG,5,0.6989,Coral Garden S,T1,4
Coral Garden\2024_JUL_CG_S\CG-S_T1\GOPR3101.JPG,Coral Garden\2024_JUL_CG_S\CG-S_T1\GOPR3101\Coral33.JPG,33,0.176,Coral Garden S,T1,4
Coral Garden\2024_JUL_CG_S\CG-S_T1\GOPR3095.JPG,Coral Garden\2024_JUL_CG_S\CG-S_T1\GOPR3095\Coral12.JPG,12,0.1801,Coral Garden S,T1,4
Coral Garden\2024_AUG_CG_S\2024_AUG_CG_S_T1\GOPR4862.JPG,Coral Garden\2024_AUG_CG_S\2024_AUG_CG_S_T1\GOPR4862\Coral7.JPG,7,0.3161,Coral Garden S,T1,4
Coral Garden\2024_AUG_CG_S\2024_AUG_CG_S_T1\GOPR4830.JPG,Coral Garden\2024_AUG_CG_S\2024_AUG_CG_S_T1\GOPR4830\Coral2.JPG,2,0.2312,Coral Garden S,T1,4
Coral Garden\2024_JUL_CG_S\CG-S_T1\GOPR3106.JPG,Coral Garden\2024_JUL_CG_S\CG-S_T1\GOPR3106\Coral3.JPG,3,0.6381,Coral Garden S,T1,4
Coral Garden\2024_JUL_CG_S\CG-S_T1\GOPR3106.JPG,Coral Garden\2024_JUL_CG_S\CG-S_T1\GOPR3106\Coral1.JPG,1,0.7008,Coral Garden S,T1,4
Coral Garden\2024_JUL_CG_S\CG-S_T1\GOPR3106.JPG,Coral Garden\2024_JUL_CG_S\CG-S_T1\GOPR3106\Coral4.JPG,4,0.4966,Coral Garden S,T1,4
Coral Garden\2024_JUL_CG_S\CG-S_T1\GOPR3106.JPG,Coral Garden\2024_JUL_CG_S\CG-S_T1\GOPR3106\Coral7.JPG,7,0.3979,Coral Garden S,T1,4
Coral Garden\2024_AUG_CG_S\2024_AUG_CG_S_T1\GOPR4851.JPG,Coral Garden\2024_AUG_CG_S\2024_AUG_CG_S_T1\GOPR4851\Coral1.JPG,1,0.7346,Coral Garden S,T1,4
Coral Garden\2024_AUG_CG_S\2024_AUG_CG_S_T1\GOPR4851.JPG,Coral Garden\2024_AUG_CG_S\2024_AUG_CG_S_T1\GOPR4851\Coral11.JPG,11,0.4675,Coral Garden S,T1,4
Coral Garden\2024_AUG_CG_S\2024_AUG_CG_S_T1\GOPR4851.JPG,Coral Garden\2024_AUG_CG_S\2024_AUG_CG_S_T1\GOPR4851\Coral27.JPG,27,0.2153,Coral Garden S,T1,4
Coral Garden\2024_AUG_CG_S\2024_AUG_CG_S_T1\GOPR4851.JPG,Coral Garden\2024_AUG_CG_S\2024_AUG_CG_S_T1\GOPR4851\Coral28.JPG,28,0.2081,Coral Garden S,T1,4
Coral Garden\2024_AUG_CG_S\2024_AUG_CG_S_T1\GOPR4851.JPG,Coral Garden\2024_AUG_CG_S\2024_AUG_CG_S_T1\GOPR4851\Coral29.JPG,29,0.2024,Coral Garden S,T1,4
Coral Garden\2024_JUL_CG_S\CG-S_T1\GOPR3111.JPG,Coral Garden\2024_JUL_CG_S\CG-S_T1\GOPR3111\Coral19.JPG,19,0.1918,Coral Garden S,T1,4
Coral Garden\2024_AUG_CG_S\2024_AUG_CG_S_T1\GOPR4861.JPG,Coral Garden\2024_AUG_CG_S\2024_AUG_CG_S_T1\GOPR4861\Coral15.JPG,15,0.2012,Coral Garden S,T1,4
Coral Garden\2024_AUG_CG_S\2024_AUG_CG_S_T1\GOPR4861.JPG,Coral Garden\2024_AUG_CG_S\2024_AUG_CG_S_T1\GOPR4861\Coral1.JPG,1,0.726,Coral Garden S,T1,4
Coral Garden\2024_JUL_CG_S\CG-S_T1\GOPR3102.JPG,Coral Garden\2024_JUL_CG_S\CG-S_T1\GOPR3102\Coral24.JPG,24,0.1752,Coral Garden S,T1,4
Coral Garden\2024_JUL_CG_S\CG-S_T1\GOPR3102.JPG,Coral Garden\2024_JUL_CG_S\CG-S_T1\GOPR3102\Coral19.JPG,19,0.2198,Coral Garden S,T1,4
Coral Garden\2024_JUL_CG_S\CG-S_T1\GOPR3102.JPG,Coral Garden\2024_JUL_CG_S\CG-S_T1\GOPR3102\Coral16.JPG,16,0.2449,Coral Garden S,T1,4
Coral Garden\2024_JUL_CG_S\CG-S_T1\GOPR3102.JPG,Coral Garden\2024_JUL_CG_S\CG-S_T1\GOPR3102\Coral20.JPG,20,0.2149,Coral Garden S,T1,4
Coral Garden\2024_JUL_CG_S\CG-S_T1\GOPR3104.JPG,Coral Garden\2024_JUL_CG_S\CG-S_T1\GOPR3104\Coral4.JPG,4,0.6224,Coral Garden S,T1,4
Coral Garden\2024_JUL_CG_S\CG-S_T1\GOPR3104.JPG,Coral Garden\2024_JUL_CG_S\CG-S_T1\GOPR3104\Coral13.JPG,13,0.3708,Coral Garden S,T1,4
Coral Garden\2024_JUL_CG_S\CG-S_T1\GOPR3104.JPG,Coral Garden\2024_JUL_CG_S\CG-S_T1\GOPR3104\Coral6.JPG,6,0.5529,Coral Garden S,T1,4
Coral Garden\2024_AUG_CG_S\2024_AUG_CG_S_T1\GOPR4852.JPG,Coral Garden\2024_AUG_CG_S\2024_AUG_CG_S_T1\GOPR4852\Coral13.JPG,13,0.1655,Coral Garden S,T1,4
Coral Garden\2024_JUL_CG_S\CG-S_T1\GOPR3110.JPG,Coral Garden\2024_JUL_CG_S\CG-S_T1\GOPR3110\Coral22.JPG,22,0.3839,Coral Garden S,T1,4
Coral Garden\2024_JUL_CG_S\CG-S_T1\GOPR3110.JPG,Coral Garden\2024_JUL_CG_S\CG-S_T1\GOPR3110\Coral9.JPG,9,0.5948,Coral Garden S,T1,4
Coral Garden\2024_JUL_CG_S\CG-S_T1\GOPR3110.JPG,Coral Garden\2024_JUL_CG_S\CG-S_T1\GOPR3110\Coral33.JPG,33,0.2157,Coral Garden S,T1,4
Coral Garden\2024_JUL_CG_S\CG-S_T1\GOPR3110.JPG,Coral Garden\2024_JUL_CG_S\CG-S_T1\GOPR3110\Coral3.JPG,3,0.733,Coral Garden S,T1,4
Coral Garden\2024_JUL_CG_S\CG-S_T1\GOPR3110.JPG,Coral Garden\2024_JUL_CG_S\CG-S_T1\GOPR3110\Coral8.JPG,8,0.6229,Coral Garden S,T1,4
Coral Garden\2024_JUL_CG_S\CG-S_T1\GOPR3119.JPG,Coral Garden\2024_JUL_CG_S\CG-S_T1\GOPR3119\Coral12.JPG,12,0.2488,Coral Garden S,T1,4
Coral Garden\2024_JUL_CG_S\CG-S_T1\GOPR3113.JPG,Coral Garden\2024_JUL_CG_S\CG-S_T1\GOPR3113\Coral17.JPG,17,0.4387,Coral Garden S,T1,4
Coral Garden\2024_JUL_CG_S\CG-S_T1\GOPR3113.JPG,Coral Garden\2024_JUL_CG_S\CG-S_T1\GOPR3113\Coral32.JPG,32,0.2284,Coral Garden S,T1,4
Coral Garden\2024_JUL_CG_S\CG-S_T1\GOPR3113.JPG,Coral Garden\2024_JUL_CG_S\CG-S_T1\GOPR3113\Coral21.JPG,21,0.3939,Coral Garden S,T1,4
Coral Garden\2024_JUL_CG_S\CG-S_T1\GOPR3113.JPG,Coral Garden\2024_JUL_CG_S\CG-S_T1\GOPR3113\Coral25.JPG,25,0.3419,Coral Garden S,T1,4
Coral Garden\2024_AUG_CG_S\2024_AUG_CG_S_T1\GOPR4886.JPG,Coral Garden\2024_AUG_CG_S\2024_AUG_CG_S_T1\GOPR4886\Coral14.JPG,14,0.3232,Coral Garden S,T1,4
Coral Garden\2024_AUG_CG_S\2024_AUG_CG_S_T1\GOPR4886.JPG,Coral Garden\2024_AUG_CG_S\2024_AUG_CG_S_T1\GOPR4886\Coral19.JPG,19,0.2512,Coral Garden S,T1,4
Coral Garden\2024_AUG_CG_S\2024_AUG_CG_S_T1\GOPR4886.JPG,Coral Garden\2024_AUG_CG_S\2024_AUG_CG_S_T1\GOPR4886\Coral10.JPG,10,0.428,Coral Garden S,T1,4
Coral Garden\2024_AUG_CG_S\2024_AUG_CG_S_T1\GOPR4886.JPG,Coral Garden\2024_AUG_CG_S\2024_AUG_CG_S_T1\GOPR4886\Coral18.JPG,18,0.3056,Coral Garden S,T1,4
Coral Garden\2024_AUG_CG_S\2024_AUG_CG_S_T1\GOPR4886.JPG,Coral Garden\2024_AUG_CG_S\2024_AUG_CG_S_T1\GOPR4886\Coral13.JPG,13,0.3625,Coral Garden S,T1,4
Coral Garden\2024_AUG_CG_S\2024_AUG_CG_S_T1\GOPR4886.JPG,Coral Garden\2024_AUG_CG_S\2024_AUG_CG_S_T1\GOPR4886\Coral25.JPG,25,0.16,Coral Garden S,T1,4
Coral Garden\2024_AUG_CG_S\2024_AUG_CG_S_T1\GOPR4864.JPG,Coral Garden\2024_AUG_CG_S\2024_AUG_CG_S_T1\GOPR4864\Coral8.JPG,8,0.1576,Coral Garden S,T1,4
Coral Garden\2024_AUG_CG_S\2024_AUG_CG_S_T1\GOPR4864.JPG,Coral Garden\2024_AUG_CG_S\2024_AUG_CG_S_T1\GOPR4864\Coral3.JPG,3,0.3841,Coral Garden S,T1,4
Coral Garden\2024_JUL_CG_S\CG-S_T1\GOPR3092.JPG,Coral Garden\2024_JUL_CG_S\CG-S_T1\GOPR3092\Coral12.JPG,12,0.5389,Coral Garden S,T1,4
Coral Garden\2024_JUL_CG_S\CG-S_T1\GOPR3092.JPG,Coral Garden\2024_JUL_CG_S\CG-S_T1\GOPR3092\Coral16.JPG,16,0.4407,Coral Garden S,T1,4
Coral Garden\2024_JUL_CG_S\CG-S_T1\GOPR3092.JPG,Coral Garden\2024_JUL_CG_S\CG-S_T1\GOPR3092\Coral39.JPG,39,0.16,Coral Garden S,T1,4
Coral Garden\2024_JUL_CG_S\CG-S_T1\GOPR3092.JPG,Coral Garden\2024_JUL_CG_S\CG-S_T1\GOPR3092\Coral11.JPG,11,0.5683,Coral Garden S,T1,4
Coral Garden\2024_JUL_CG_S\CG-S_T1\GOPR3092.JPG,Coral Garden\2024_JUL_CG_S\CG-S_T1\GOPR3092\Coral27.JPG,27,0.2442,Coral Garden S,T1,4
Coral Garden\2024_JUL_CG_S\CG-S_T1\GOPR3092.JPG,Coral Garden\2024_JUL_CG_S\CG-S_T1\GOPR3092\Coral32.JPG,32,0.2009,Coral Garden S,T1,4
Coral Garden\2024_JUL_CG_S\CG-S_T1\GOPR3092.JPG,Coral Garden\2024_JUL_CG_S\CG-S_T1\GOPR3092\Coral21.JPG,21,0.3464,Coral Garden S,T1,4
Coral Garden\2024_AUG_CG_S\2024_AUG_CG_S_T1\GOPR4845.JPG,Coral Garden\2024_AUG_CG_S\2024_AUG_CG_S_T1\GOPR4845\Coral4.JPG,4,0.4341,Coral Garden S,T1,4
Coral Garden\2024_AUG_CG_S\2024_AUG_CG_S_T1\GOPR4845.JPG,Coral Garden\2024_AUG_CG_S\2024_AUG_CG_S_T1\GOPR4845\Coral3.JPG,3,0.4468,Coral Garden S,T1,4
Coral Garden\2024_JUL_CG_S\CG-S_T1\GOPR3109.JPG,Coral Garden\2024_JUL_CG_S\CG-S_T1\GOPR3109\Coral5.JPG,5,0.512,Coral Garden S,T1,4
Coral Garden\2024_JUL_CG_S\CG-S_T1\GOPR3109.JPG,Coral Garden\2024_JUL_CG_S\CG-S_T1\GOPR3109\Coral28.JPG,28,0.1905,Coral Garden S,T1,4
Coral Garden\2024_JUL_CG_S\CG-S_T1\GOPR3109.JPG,Coral Garden\2024_JUL_CG_S\CG-S_T1\GOPR3109\Coral31.JPG,31,0.1642,Coral Garden S,T1,4
Coral Garden\2024_AUG_CG_S\2024_AUG_CG_S_T2\GOPR4913.JPG,Coral Garden\2024_AUG_CG_S\2024_AUG_CG_S_T2\GOPR4913\Coral5.JPG,5,0.3459,Coral Garden S,T2,4
Coral Garden\2024_AUG_CG_S\2024_AUG_CG_S_T2\GOPR4937.JPG,Coral Garden\2024_AUG_CG_S\2024_AUG_CG_S_T2\GOPR4937\Coral9.JPG,9,0.3138,Coral Garden S,T2,4
Coral Garden\2024_JUL_CG_S\CG-S_T2\GOPR3149.JPG,Coral Garden\2024_JUL_CG_S\CG-S_T2\GOPR3149\Coral13.JPG,13,0.2359,Coral Garden S,T2,4
Coral Garden\2024_AUG_CG_S\2024_AUG_CG_S_T2\GOPR4905.JPG,Coral Garden\2024_AUG_CG_S\2024_AUG_CG_S_T2\GOPR4905\Coral41.JPG,41,0.2119,Coral Garden S,T2,4
Coral Garden\2024_JUL_CG_S\CG-S_T2\GOPR3151.JPG,Coral Garden\2024_JUL_CG_S\CG-S_T2\GOPR3151\Coral13.JPG,13,0.2251,Coral Garden S,T2,4
Coral Garden\2024_AUG_CG_S\2024_AUG_CG_S_T2\GOPR4924.JPG,Coral Garden\2024_AUG_CG_S\2024_AUG_CG_S_T2\GOPR4924\Coral8.JPG,8,0.1906,Coral Garden S,T2,4
Coral Garden\2024_JUL_CG_S\CG-S_T2\GOPR3161.JPG,Coral Garden\2024_JUL_CG_S\CG-S_T2\GOPR3161\Coral3.JPG,3,0.3126,Coral Garden S,T2,4
Coral Garden\2024_JUL_CG_S\CG-S_T2\GOPR3158.JPG,Coral Garden\2024_JUL_CG_S\CG-S_T2\GOPR3158\Coral7.JPG,7,0.5168,Coral Garden S,T2,4
Coral Garden\2024_JUL_CG_S\CG-S_T2\GOPR3181.JPG,Coral Garden\2024_JUL_CG_S\CG-S_T2\GOPR3181\Coral13.JPG,13,0.2444,Coral Garden S,T2,4
Coral Garden\2024_JUL_CG_S\CG-S_T2\GOPR3182.JPG,Coral Garden\2024_JUL_CG_S\CG-S_T2\GOPR3182\Coral16.JPG,16,0.243,Coral Garden S,T2,4
Coral Garden\2024_JUL_CG_S\CG-S_T2\GOPR3192.JPG,Coral Garden\2024_JUL_CG_S\CG-S_T2\GOPR3192\Coral10.JPG,10,0.2045,Coral Garden S,T2,4
Coral Garden\2024_AUG_CG_S\2024_AUG_CG_S_T2\GOPR4900.JPG,Coral Garden\2024_AUG_CG_S\2024_AUG_CG_S_T2\GOPR4900\Coral13.JPG,13,0.2054,Coral Garden S,T2,4
Coral Garden\2024_AUG_CG_S\2024_AUG_CG_S_T2\GOPR4917.JPG,Coral Garden\2024_AUG_CG_S\2024_AUG_CG_S_T2\GOPR4917\Coral5.JPG,5,0.4557,Coral Garden S,T2,4
Coral Garden\2024_JUL_CG_S\CG-S_T2\GOPR3154.JPG,Coral Garden\2024_JUL_CG_S\CG-S_T2\GOPR3154\Coral10.JPG,10,0.3219,Coral Garden S,T2,4
Coral Garden\2024_JUL_CG_S\CG-S_T2\GOPR3144.JPG,Coral Garden\2024_JUL_CG_S\CG-S_T2\GOPR3144\Coral8.JPG,8,0.1516,Coral Garden S,T2,4
Coral Garden\2024_JUL_CG_S\CG-S_T2\GOPR3191.JPG,Coral Garden\2024_JUL_CG_S\CG-S_T2\GOPR3191\Coral3.JPG,3,0.6586,Coral Garden S,T2,4
Coral Garden\2024_AUG_CG_S\2024_AUG_CG_S_T2\GOPR4941.JPG,Coral Garden\2024_AUG_CG_S\2024_AUG_CG_S_T2\GOPR4941\Coral29.JPG,29,0.17,Coral Garden S,T2,4
Coral Garden\2024_JUL_CG_S\CG-S_T2\GOPR3156.JPG,Coral Garden\2024_JUL_CG_S\CG-S_T2\GOPR3156\Coral7.JPG,7,0.254,Coral Garden S,T2,4
Coral Garden\2024_AUG_CG_S\2024_AUG_CG_S_T2\GOPR4930.JPG,Coral Garden\2024_AUG_CG_S\2024_AUG_CG_S_T2\GOPR4930\Coral3.JPG,3,0.1792,Coral Garden S,T2,4
Coral Garden\2024_AUG_CG_S\2024_AUG_CG_S_T2\GOPR4901.JPG,Coral Garden\2024_AUG_CG_S\2024_AUG_CG_S_T2\GOPR4901\Coral8.JPG,8,0.2806,Coral Garden S,T2,4
Coral Garden\2024_AUG_CG_S\2024_AUG_CG_S_T2\GOPR4894.JPG,Coral Garden\2024_AUG_CG_S\2024_AUG_CG_S_T2\GOPR4894\Coral10.JPG,10,0.212,Coral Garden S,T2,4
Coral Garden\2024_JUL_CG_S\CG-S_T2\GOPR3146.JPG,Coral Garden\2024_JUL_CG_S\CG-S_T2\GOPR3146\Coral13.JPG,13,0.1655,Coral Garden S,T2,4
Coral Garden\2024_JUL_CG_S\CG-S_T2\GOPR3174.JPG,Coral Garden\2024_JUL_CG_S\CG-S_T2\GOPR3174\Coral2.JPG,2,0.3249,Coral Garden S,T2,4
Coral Garden\2024_JUL_CG_S\CG-S_T2\GOPR3184.JPG,Coral Garden\2024_JUL_CG_S\CG-S_T2\GOPR3184\Coral2.JPG,2,0.438,Coral Garden S,T2,4
Coral Garden\2024_AUG_CG_S\2024_AUG_CG_S_T2\GOPR4912.JPG,Coral Garden\2024_AUG_CG_S\2024_AUG_CG_S_T2\GOPR4912\Coral10.JPG,10,0.4941,Coral Garden S,T2,4
Coral Garden\2024_JUL_CG_S\CG-S_T2\GOPR3180.JPG,Coral Garden\2024_JUL_CG_S\CG-S_T2\GOPR3180\Coral9.JPG,9,0.2954,Coral Garden S,T2,4
Coral Garden\2024_JUL_CG_S\CG-S_T2\GOPR3173.JPG,Coral Garden\2024_JUL_CG_S\CG-S_T2\GOPR3173\Coral9.JPG,9,0.2097,Coral Garden S,T2,4
Coral Garden\2024_JUL_CG_S\CG-S_T2\GOPR3151.JPG,Coral Garden\2024_JUL_CG_S\CG-S_T2\GOPR3151\Coral5.JPG,5,0.3922,Coral Garden S,T2,4
Coral Garden\2024_AUG_CG_S\2024_AUG_CG_S_T2\GOPR4909.JPG,Coral Garden\2024_AUG_CG_S\2024_AUG_CG_S_T2\GOPR4909\Coral14.JPG,14,0.1765,Coral Garden S,T2,4
Coral Garden\2024_AUG_CG_S\2024_AUG_CG_S_T2\GOPR4946.JPG,Coral Garden\2024_AUG_CG_S\2024_AUG_CG_S_T2\GOPR4946\Coral20.JPG,20,0.3479,Coral Garden S,T2,4
Coral Garden\2024_JUL_CG_S\CG-S_T2\GOPR3158.JPG,Coral Garden\2024_JUL_CG_S\CG-S_T2\GOPR3158\Coral20.JPG,20,0.1944,Coral Garden S,T2,4
Coral Garden\2024_AUG_CG_S\2024_AUG_CG_S_T2\GOPR4925.JPG,Coral Garden\2024_AUG_CG_S\2024_AUG_CG_S_T2\GOPR4925\Coral17.JPG,17,0.1598,Coral Garden S,T2,4
Coral Garden\2024_AUG_CG_S\2024_AUG_CG_S_T2\GOPR4919.JPG,Coral Garden\2024_AUG_CG_S\2024_AUG_CG_S_T2\GOPR4919\Coral17.JPG,17,0.2347,Coral Garden S,T2,4
Coral Garden\2024_AUG_CG_S\2024_AUG_CG_S_T2\GOPR4917.JPG,Coral Garden\2024_AUG_CG_S\2024_AUG_CG_S_T2\GOPR4917\Coral14.JPG,14,0.1852,Coral Garden S,T2,4
Coral Garden\2024_JUL_CG_S\CG-S_T2\GOPR3179.JPG,Coral Garden\2024_JUL_CG_S\CG-S_T2\GOPR3179\Coral1.JPG,1,0.6944,Coral Garden S,T2,4
Coral Garden\2024_JUL_CG_S\CG-S_T2\GOPR3163.JPG,Coral Garden\2024_JUL_CG_S\CG-S_T2\GOPR3163\Coral26.JPG,26,0.1593,Coral Garden S,T2,4
Coral Garden\2024_AUG_CG_S\2024_AUG_CG_S_T2\GOPR4941.JPG,Coral Garden\2024_AUG_CG_S\2024_AUG_CG_S_T2\GOPR4941\Coral1.JPG,1,0.8496,Coral Garden S,T2,4
Coral Garden\2024_AUG_CG_S\2024_AUG_CG_S_T2\GOPR4918.JPG,Coral Garden\2024_AUG_CG_S\2024_AUG_CG_S_T2\GOPR4918\Coral12.JPG,12,0.2728,Coral Garden S,T2,4
Coral Garden\2024_JUL_CG_S\CG-S_T2\GOPR3172.JPG,Coral Garden\2024_JUL_CG_S\CG-S_T2\GOPR3172\Coral11.JPG,11,0.1805,Coral Garden S,T2,4
Coral Garden\2024_AUG_CG_S\2024_AUG_CG_S_T2\GOPR4894.JPG,Coral Garden\2024_AUG_CG_S\2024_AUG_CG_S_T2\GOPR4894\Coral5.JPG,5,0.3644,Coral Garden S,T2,4
Coral Garden\2024_AUG_CG_S\2024_AUG_CG_S_T2\GOPR4926.JPG,Coral Garden\2024_AUG_CG_S\2024_AUG_CG_S_T2\GOPR4926\Coral13.JPG,13,0.1544,Coral Garden S,T2,4
Coral Garden\2024_AUG_CG_S\2024_AUG_CG_S_T2\GOPR4907.JPG,Coral Garden\2024_AUG_CG_S\2024_AUG_CG_S_T2\GOPR4907\Coral16.JPG,16,0.2198,Coral Garden S,T2,4
Coral Garden\2024_AUG_CG_S\2024_AUG_CG_S_T2\GOPR4912.JPG,Coral Garden\2024_AUG_CG_S\2024_AUG_CG_S_T2\GOPR4912\Coral25.JPG,25,0.2867,Coral Garden S,T2,4
Coral Garden\2024_JUL_CG_S\CG-S_T2\GOPR3152.JPG,Coral Garden\2024_JUL_CG_S\CG-S_T2\GOPR3152\Coral34.JPG,34,0.1519,Coral Garden S,T2,4
Coral Garden\2024_AUG_CG_S\2024_AUG_CG_S_T2\GOPR4937.JPG,Coral Garden\2024_AUG_CG_S\2024_AUG_CG_S_T2\GOPR4937\Coral4.JPG,4,0.4727,Coral Garden S,T2,4
Coral Garden\2024_JUL_CG_S\CG-S_T2\GOPR3185.JPG,Coral Garden\2024_JUL_CG_S\CG-S_T2\GOPR3185\Coral12.JPG,12,0.1704,Coral Garden S,T2,4
Coral Garden\2024_AUG_CG_S\2024_AUG_CG_S_T2\GOPR4922.JPG,Coral Garden\2024_AUG_CG_S\2024_AUG_CG_S_T2\GOPR4922\Coral6.JPG,6,0.4951,Coral Garden S,T2,4
Coral Garden\2024_AUG_CG_S\2024_AUG_CG_S_T2\GOPR4946.JPG,Coral Garden\2024_AUG_CG_S\2024_AUG_CG_S_T2\GOPR4946\Coral24.JPG,24,0.2882,Coral Garden S,T2,4
Coral Garden\2024_AUG_CG_S\2024_AUG_CG_S_T2\GOPR4925.JPG,Coral Garden\2024_AUG_CG_S\2024_AUG_CG_S_T2\GOPR4925\Coral16.JPG,16,0.161,Coral Garden S,T2,4
Coral Garden\2024_AUG_CG_S\2024_AUG_CG_S_T2\GOPR4903.JPG,Coral Garden\2024_AUG_CG_S\2024_AUG_CG_S_T2\GOPR4903\Coral3.JPG,3,0.1607,Coral Garden S,T2,4
Coral Garden\2024_JUL_CG_S\CG-S_T2\GOPR3155.JPG,Coral Garden\2024_JUL_CG_S\CG-S_T2\GOPR3155\Coral19.JPG,19,0.1822,Coral Garden S,T2,4
Coral Garden\2024_JUL_CG_S\CG-S_T2\GOPR3157.JPG,Coral Garden\2024_JUL_CG_S\CG-S_T2\GOPR3157\Coral1.JPG,1,0.6243,Coral Garden S,T2,4
Coral Garden\2024_JUL_CG_S\CG-S_T2\GOPR3178.JPG,Coral Garden\2024_JUL_CG_S\CG-S_T2\GOPR3178\Coral6.JPG,6,0.499,Coral Garden S,T2,4
Coral Garden\2024_JUL_CG_S\CG-S_T2\GOPR3175.JPG,Coral Garden\2024_JUL_CG_S\CG-S_T2\GOPR3175\Coral5.JPG,5,0.1687,Coral Garden S,T2,4
Coral Garden\2024_AUG_CG_S\2024_AUG_CG_S_T2\GOPR4927.JPG,Coral Garden\2024_AUG_CG_S\2024_AUG_CG_S_T2\GOPR4927\Coral15.JPG,15,0.2294,Coral Garden S,T2,4
Coral Garden\2024_JUL_CG_S\CG-S_T2\GOPR3162.JPG,Coral Garden\2024_JUL_CG_S\CG-S_T2\GOPR3162\Coral5.JPG,5,0.2554,Coral Garden S,T2,4
Coral Garden\2024_AUG_CG_S\2024_AUG_CG_S_T2\GOPR4918.JPG,Coral Garden\2024_AUG_CG_S\2024_AUG_CG_S_T2\GOPR4918\Coral1.JPG,1,0.8244,Coral Garden S,T2,4
Coral Garden\2024_JUL_CG_S\CG-S_T2\GOPR3186.JPG,Coral Garden\2024_JUL_CG_S\CG-S_T2\GOPR3186\Coral3.JPG,3,0.6646,Coral Garden S,T2,4
Coral Garden\2024_JUL_CG_S\CG-S_T2\GOPR3186.JPG,Coral Garden\2024_JUL_CG_S\CG-S_T2\GOPR3186\Coral19.JPG,19,0.1761,Coral Garden S,T2,4
Coral Garden\2024_JUL_CG_S\CG-S_T2\GOPR3186.JPG,Coral Garden\2024_JUL_CG_S\CG-S_T2\GOPR3186\Coral24.JPG,24,0.1599,Coral Garden S,T2,4
Coral Garden\2024_JUL_CG_S\CG-S_T2\GOPR3186.JPG,Coral Garden\2024_JUL_CG_S\CG-S_T2\GOPR3186\Coral2.JPG,2,0.7024,Coral Garden S,T2,4
Coral Garden\2024_JUL_CG_S\CG-S_T2\GOPR3186.JPG,Coral Garden\2024_JUL_CG_S\CG-S_T2\GOPR3186\Coral25.JPG,25,0.1575,Coral Garden S,T2,4
Coral Garden\2024_JUL_CG_S\CG-S_T2\GOPR3186.JPG,Coral Garden\2024_JUL_CG_S\CG-S_T2\GOPR3186\Coral5.JPG,5,0.582,Coral Garden S,T2,4
Coral Garden\2024_JUL_CG_S\CG-S_T2\GOPR3146.JPG,Coral Garden\2024_JUL_CG_S\CG-S_T2\GOPR3146\Coral3.JPG,3,0.3187,Coral Garden S,T2,4
Coral Garden\2024_JUL_CG_S\CG-S_T2\GOPR3146.JPG,Coral Garden\2024_JUL_CG_S\CG-S_T2\GOPR3146\Coral12.JPG,12,0.1735,Coral Garden S,T2,4
Coral Garden\2024_JUL_CG_S\CG-S_T2\GOPR3146.JPG,Coral Garden\2024_JUL_CG_S\CG-S_T2\GOPR3146\Coral10.JPG,10,0.1891,Coral Garden S,T2,4
Coral Garden\2024_JUL_CG_S\CG-S_T2\GOPR3159.JPG,Coral Garden\2024_JUL_CG_S\CG-S_T2\GOPR3159\Coral26.JPG,26,0.1622,Coral Garden S,T2,4
Coral Garden\2024_JUL_CG_S\CG-S_T2\GOPR3159.JPG,Coral Garden\2024_JUL_CG_S\CG-S_T2\GOPR3159\Coral19.JPG,19,0.2608,Coral Garden S,T2,4
Coral Garden\2024_JUL_CG_S\CG-S_T2\GOPR3167.JPG,Coral Garden\2024_JUL_CG_S\CG-S_T2\GOPR3167\Coral14.JPG,14,0.6283,Coral Garden S,T2,4
Coral Garden\2024_JUL_CG_S\CG-S_T2\GOPR3167.JPG,Coral Garden\2024_JUL_CG_S\CG-S_T2\GOPR3167\Coral11.JPG,11,0.6854,Coral Garden S,T2,4
Coral Garden\2024_JUL_CG_S\CG-S_T2\GOPR3167.JPG,Coral Garden\2024_JUL_CG_S\CG-S_T2\GOPR3167\Coral26.JPG,26,0.4454,Coral Garden S,T2,4
Coral Garden\2024_JUL_CG_S\CG-S_T2\GOPR3167.JPG,Coral Garden\2024_JUL_CG_S\CG-S_T2\GOPR3167\Coral16.JPG,16,0.5895,Coral Garden S,T2,4
Coral Garden\2024_JUL_CG_S\CG-S_T2\GOPR3167.JPG,Coral Garden\2024_JUL_CG_S\CG-S_T2\GOPR3167\Coral1.JPG,1,0.7931,Coral Garden S,T2,4
Coral Garden\2024_JUL_CG_S\CG-S_T2\GOPR3167.JPG,Coral Garden\2024_JUL_CG_S\CG-S_T2\GOPR3167\Coral4.JPG,4,0.7358,Coral Garden S,T2,4
Coral Garden\2024_JUL_CG_S\CG-S_T2\GOPR3167.JPG,Coral Garden\2024_JUL_CG_S\CG-S_T2\GOPR3167\Coral13.JPG,13,0.6303,Coral Garden S,T2,4
Coral Garden\2024_JUL_CG_S\CG-S_T2\GOPR3167.JPG,Coral Garden\2024_JUL_CG_S\CG-S_T2\GOPR3167\Coral35.JPG,35,0.3317,Coral Garden S,T2,4
Coral Garden\2024_JUL_CG_S\CG-S_T2\GOPR3167.JPG,Coral Garden\2024_JUL_CG_S\CG-S_T2\GOPR3167\Coral31.JPG,31,0.3904,Coral Garden S,T2,4
Coral Garden\2024_JUL_CG_S\CG-S_T2\GOPR3184.JPG,Coral Garden\2024_JUL_CG_S\CG-S_T2\GOPR3184\Coral10.JPG,10,0.1912,Coral Garden S,T2,4
Coral Garden\2024_AUG_CG_S\2024_AUG_CG_S_T2\GOPR4907.JPG,Coral Garden\2024_AUG_CG_S\2024_AUG_CG_S_T2\GOPR4907\Coral17.JPG,17,0.219,Coral Garden S,T2,4
Coral Garden\2024_AUG_CG_S\2024_AUG_CG_S_T2\GOPR4907.JPG,Coral Garden\2024_AUG_CG_S\2024_AUG_CG_S_T2\GOPR4907\Coral23.JPG,23,0.155,Coral Garden S,T2,4
Coral Garden\2024_AUG_CG_S\2024_AUG_CG_S_T2\GOPR4907.JPG,Coral Garden\2024_AUG_CG_S\2024_AUG_CG_S_T2\GOPR4907\Coral1.JPG,1,0.6685,Coral Garden S,T2,4
Coral Garden\2024_AUG_CG_S\2024_AUG_CG_S_T2\GOPR4907.JPG,Coral Garden\2024_AUG_CG_S\2024_AUG_CG_S_T2\GOPR4907\Coral18.JPG,18,0.1978,Coral Garden S,T2,4
Coral Garden\2024_AUG_CG_S\2024_AUG_CG_S_T2\GOPR4907.JPG,Coral Garden\2024_AUG_CG_S\2024_AUG_CG_S_T2\GOPR4907\Coral20.JPG,20,0.1833,Coral Garden S,T2,4
Coral Garden\2024_JUL_CG_S\CG-S_T2\GOPR3160.JPG,Coral Garden\2024_JUL_CG_S\CG-S_T2\GOPR3160\Coral10.JPG,10,0.1909,Coral Garden S,T2,4
Coral Garden\2024_JUL_CG_S\CG-S_T2\GOPR3160.JPG,Coral Garden\2024_JUL_CG_S\CG-S_T2\GOPR3160\Coral4.JPG,4,0.3786,Coral Garden S,T2,4
Coral Garden\2024_AUG_CG_S\2024_AUG_CG_S_T2\GOPR4921.JPG,Coral Garden\2024_AUG_CG_S\2024_AUG_CG_S_T2\GOPR4921\Coral10.JPG,10,0.2375,Coral Garden S,T2,4
Coral Garden\2024_AUG_CG_S\2024_AUG_CG_S_T2\GOPR4921.JPG,Coral Garden\2024_AUG_CG_S\2024_AUG_CG_S_T2\GOPR4921\Coral2.JPG,2,0.5902,Coral Garden S,T2,4
Coral Garden\2024_AUG_CG_S\2024_AUG_CG_S_T2\GOPR4921.JPG,Coral Garden\2024_AUG_CG_S\2024_AUG_CG_S_T2\GOPR4921\Coral3.JPG,3,0.5901,Coral Garden S,T2,4
Coral Garden\2024_AUG_CG_S\2024_AUG_CG_S_T2\GOPR4921.JPG,Coral Garden\2024_AUG_CG_S\2024_AUG_CG_S_T2\GOPR4921\Coral18.JPG,18,0.1526,Coral Garden S,T2,4
Coral Garden\2024_AUG_CG_S\2024_AUG_CG_S_T2\GOPR4921.JPG,Coral Garden\2024_AUG_CG_S\2024_AUG_CG_S_T2\GOPR4921\Coral16.JPG,16,0.1582,Coral Garden S,T2,4
Coral Garden\2024_AUG_CG_S\2024_AUG_CG_S_T2\GOPR4912.JPG,Coral Garden\2024_AUG_CG_S\2024_AUG_CG_S_T2\GOPR4912\Coral31.JPG,31,0.234,Coral Garden S,T2,4
Coral Garden\2024_AUG_CG_S\2024_AUG_CG_S_T2\GOPR4912.JPG,Coral Garden\2024_AUG_CG_S\2024_AUG_CG_S_T2\GOPR4912\Coral29.JPG,29,0.236,Coral Garden S,T2,4
Coral Garden\2024_AUG_CG_S\2024_AUG_CG_S_T2\GOPR4912.JPG,Coral Garden\2024_AUG_CG_S\2024_AUG_CG_S_T2\GOPR4912\Coral16.JPG,16,0.3783,Coral Garden S,T2,4
Coral Garden\2024_AUG_CG_S\2024_AUG_CG_S_T2\GOPR4912.JPG,Coral Garden\2024_AUG_CG_S\2024_AUG_CG_S_T2\GOPR4912\Coral1.JPG,1,0.6885,Coral Garden S,T2,4
Coral Garden\2024_AUG_CG_S\2024_AUG_CG_S_T2\GOPR4912.JPG,Coral Garden\2024_AUG_CG_S\2024_AUG_CG_S_T2\GOPR4912\Coral33.JPG,33,0.2131,Coral Garden S,T2,4
Coral Garden\2024_AUG_CG_S\2024_AUG_CG_S_T2\GOPR4912.JPG,Coral Garden\2024_AUG_CG_S\2024_AUG_CG_S_T2\GOPR4912\Coral21.JPG,21,0.3389,Coral Garden S,T2,4
Coral Garden\2024_AUG_CG_S\2024_AUG_CG_S_T2\GOPR4912.JPG,Coral Garden\2024_AUG_CG_S\2024_AUG_CG_S_T2\GOPR4912\Coral18.JPG,18,0.3532,Coral Garden S,T2,4
Coral Garden\2024_JUL_CG_S\CG-S_T2\GOPR3152.JPG,Coral Garden\2024_JUL_CG_S\CG-S_T2\GOPR3152\Coral17.JPG,17,0.3567,Coral Garden S,T2,4
Coral Garden\2024_JUL_CG_S\CG-S_T2\GOPR3152.JPG,Coral Garden\2024_JUL_CG_S\CG-S_T2\GOPR3152\Coral7.JPG,7,0.5535,Coral Garden S,T2,4
Coral Garden\2024_JUL_CG_S\CG-S_T2\GOPR3152.JPG,Coral Garden\2024_JUL_CG_S\CG-S_T2\GOPR3152\Coral9.JPG,9,0.525,Coral Garden S,T2,4
Coral Garden\2024_JUL_CG_S\CG-S_T2\GOPR3152.JPG,Coral Garden\2024_JUL_CG_S\CG-S_T2\GOPR3152\Coral30.JPG,30,0.1612,Coral Garden S,T2,4
Coral Garden\2024_JUL_CG_S\CG-S_T2\GOPR3152.JPG,Coral Garden\2024_JUL_CG_S\CG-S_T2\GOPR3152\Coral33.JPG,33,0.1531,Coral Garden S,T2,4
Coral Garden\2024_AUG_CG_S\2024_AUG_CG_S_T2\GOPR4937.JPG,Coral Garden\2024_AUG_CG_S\2024_AUG_CG_S_T2\GOPR4937\Coral5.JPG,5,0.4565,Coral Garden S,T2,4
Coral Garden\2024_AUG_CG_S\2024_AUG_CG_S_T2\GOPR4937.JPG,Coral Garden\2024_AUG_CG_S\2024_AUG_CG_S_T2\GOPR4937\Coral6.JPG,6,0.415,Coral Garden S,T2,4
Coral Garden\2024_JUL_CG_S\CG-S_T2\GOPR3149.JPG,Coral Garden\2024_JUL_CG_S\CG-S_T2\GOPR3149\Coral12.JPG,12,0.2431,Coral Garden S,T2,4
Coral Garden\2024_JUL_CG_S\CG-S_T2\GOPR3149.JPG,Coral Garden\2024_JUL_CG_S\CG-S_T2\GOPR3149\Coral11.JPG,11,0.2513,Coral Garden S,T2,4
Coral Garden\2024_JUL_CG_S\CG-S_T2\GOPR3149.JPG,Coral Garden\2024_JUL_CG_S\CG-S_T2\GOPR3149\Coral7.JPG,7,0.4472,Coral Garden S,T2,4
Coral Garden\2024_JUL_CG_S\CG-S_T2\GOPR3185.JPG,Coral Garden\2024_JUL_CG_S\CG-S_T2\GOPR3185\Coral4.JPG,4,0.2486,Coral Garden S,T2,4
Coral Garden\2024_JUL_CG_S\CG-S_T2\GOPR3171.JPG,Coral Garden\2024_JUL_CG_S\CG-S_T2\GOPR3171\Coral14.JPG,14,0.1563,Coral Garden S,T2,4
Coral Garden\2024_JUL_CG_S\CG-S_T2\GOPR3171.JPG,Coral Garden\2024_JUL_CG_S\CG-S_T2\GOPR3171\Coral2.JPG,2,0.5842,Coral Garden S,T2,4
Coral Garden\2024_JUL_CG_S\CG-S_T2\GOPR3171.JPG,Coral Garden\2024_JUL_CG_S\CG-S_T2\GOPR3171\Coral13.JPG,13,0.167,Coral Garden S,T2,4
Coral Garden\2024_AUG_CG_S\2024_AUG_CG_S_T3\GOPR4984.JPG,Coral Garden\2024_AUG_CG_S\2024_AUG_CG_S_T3\GOPR4984\Coral20.JPG,20,0.178,Coral Garden S,T3,4
Coral Garden\2024_AUG_CG_S\2024_AUG_CG_S_T3\GOPR4982.JPG,Coral Garden\2024_AUG_CG_S\2024_AUG_CG_S_T3\GOPR4982\Coral25.JPG,25,0.1619,Coral Garden S,T3,4
Coral Garden\2024_AUG_CG_S\2024_AUG_CG_S_T3\GOPR5002.JPG,Coral Garden\2024_AUG_CG_S\2024_AUG_CG_S_T3\GOPR5002\Coral6.JPG,6,0.4685,Coral Garden S,T3,4
Coral Garden\2024_AUG_CG_S\2024_AUG_CG_S_T3\GOPR4971.JPG,Coral Garden\2024_AUG_CG_S\2024_AUG_CG_S_T3\GOPR4971\Coral14.JPG,14,0.168,Coral Garden S,T3,4
Coral Garden\2024_AUG_CG_S\2024_AUG_CG_S_T3\GOPR4993.JPG,Coral Garden\2024_AUG_CG_S\2024_AUG_CG_S_T3\GOPR4993\Coral5.JPG,5,0.1953,Coral Garden S,T3,4
Coral Garden\2024_AUG_CG_S\2024_AUG_CG_S_T3\GOPR4996.JPG,Coral Garden\2024_AUG_CG_S\2024_AUG_CG_S_T3\GOPR4996\Coral6.JPG,6,0.2667,Coral Garden S,T3,4
Coral Garden\2024_AUG_CG_S\2024_AUG_CG_S_T3\GOPR4985.JPG,Coral Garden\2024_AUG_CG_S\2024_AUG_CG_S_T3\GOPR4985\Coral2.JPG,2,0.555,Coral Garden S,T3,4
Coral Garden\2024_JUL_CG_S\CG-S_T3\GOPR3226.JPG,Coral Garden\2024_JUL_CG_S\CG-S_T3\GOPR3226\Coral9.JPG,9,0.2327,Coral Garden S,T3,4
Coral Garden\2024_AUG_CG_S\2024_AUG_CG_S_T3\GOPR4995.JPG,Coral Garden\2024_AUG_CG_S\2024_AUG_CG_S_T3\GOPR4995\Coral5.JPG,5,0.1999,Coral Garden S,T3,4
Coral Garden\2024_JUL_CG_S\CG-S_T3\GOPR3235.JPG,Coral Garden\2024_JUL_CG_S\CG-S_T3\GOPR3235\Coral5.JPG,5,0.175,Coral Garden S,T3,4
Coral Garden\2024_JUL_CG_S\CG-S_T3\GOPR3240.JPG,Coral Garden\2024_JUL_CG_S\CG-S_T3\GOPR3240\Coral7.JPG,7,0.1793,Coral Garden S,T3,4
Coral Garden\2024_AUG_CG_S\2024_AUG_CG_S_T3\GOPR4970.JPG,Coral Garden\2024_AUG_CG_S\2024_AUG_CG_S_T3\GOPR4970\Coral4.JPG,4,0.2778,Coral Garden S,T3,4
Coral Garden\2024_AUG_CG_S\2024_AUG_CG_S_T3\GOPR4999.JPG,Coral Garden\2024_AUG_CG_S\2024_AUG_CG_S_T3\GOPR4999\Coral7.JPG,7,0.2329,Coral Garden S,T3,4
Coral Garden\2024_JUL_CG_S\CG-S_T3\GOPR3216.JPG,Coral Garden\2024_JUL_CG_S\CG-S_T3\GOPR3216\Coral15.JPG,15,0.2127,Coral Garden S,T3,4
Coral Garden\2024_JUL_CG_S\CG-S_T3\GOPR3203.JPG,Coral Garden\2024_JUL_CG_S\CG-S_T3\GOPR3203\Coral3.JPG,3,0.7235,Coral Garden S,T3,4
Coral Garden\2024_AUG_CG_S\2024_AUG_CG_S_T3\GOPR4979.JPG,Coral Garden\2024_AUG_CG_S\2024_AUG_CG_S_T3\GOPR4979\Coral18.JPG,18,0.1679,Coral Garden S,T3,4
Coral Garden\2024_AUG_CG_S\2024_AUG_CG_S_T3\GOPR5000.JPG,Coral Garden\2024_AUG_CG_S\2024_AUG_CG_S_T3\GOPR5000\Coral1.JPG,1,0.5065,Coral Garden S,T3,4
Coral Garden\2024_JUL_CG_S\CG-S_T3\GOPR3201.JPG,Coral Garden\2024_JUL_CG_S\CG-S_T3\GOPR3201\Coral5.JPG,5,0.5933,Coral Garden S,T3,4
Coral Garden\2024_AUG_CG_S\2024_AUG_CG_S_T3\GOPR4982.JPG,Coral Garden\2024_AUG_CG_S\2024_AUG_CG_S_T3\GOPR4982\Coral7.JPG,7,0.5674,Coral Garden S,T3,4
Coral Garden\2024_AUG_CG_S\2024_AUG_CG_S_T3\GOPR4990.JPG,Coral Garden\2024_AUG_CG_S\2024_AUG_CG_S_T3\GOPR4990\Coral9.JPG,9,0.2024,Coral Garden S,T3,4
Coral Garden\2024_JUL_CG_S\CG-S_T3\GOPR3199.JPG,Coral Garden\2024_JUL_CG_S\CG-S_T3\GOPR3199\Coral1.JPG,1,0.4554,Coral Garden S,T3,4
Coral Garden\2024_AUG_CG_S\2024_AUG_CG_S_T3\GOPR4954.JPG,Coral Garden\2024_AUG_CG_S\2024_AUG_CG_S_T3\GOPR4954\Coral21.JPG,21,0.3682,Coral Garden S,T3,4
Coral Garden\2024_JUL_CG_S\CG-S_T3\GOPR3245.JPG,Coral Garden\2024_JUL_CG_S\CG-S_T3\GOPR3245\Coral10.JPG,10,0.1992,Coral Garden S,T3,4
Coral Garden\2024_AUG_CG_S\2024_AUG_CG_S_T3\GOPR4956.JPG,Coral Garden\2024_AUG_CG_S\2024_AUG_CG_S_T3\GOPR4956\Coral21.JPG,21,0.2146,Coral Garden S,T3,4
Coral Garden\2024_AUG_CG_S\2024_AUG_CG_S_T3\GOPR4971.JPG,Coral Garden\2024_AUG_CG_S\2024_AUG_CG_S_T3\GOPR4971\Coral15.JPG,15,0.1564,Coral Garden S,T3,4
Coral Garden\2024_JUL_CG_S\CG-S_T3\GOPR3217.JPG,Coral Garden\2024_JUL_CG_S\CG-S_T3\GOPR3217\Coral10.JPG,10,0.1562,Coral Garden S,T3,4
Coral Garden\2024_JUL_CG_S\CG-S_T3\GOPR3223.JPG,Coral Garden\2024_JUL_CG_S\CG-S_T3\GOPR3223\Coral1.JPG,1,0.496,Coral Garden S,T3,4
Coral Garden\2024_AUG_CG_S\2024_AUG_CG_S_T3\GOPR4970.JPG,Coral Garden\2024_AUG_CG_S\2024_AUG_CG_S_T3\GOPR4970\Coral2.JPG,2,0.3041,Coral Garden S,T3,4
Coral Garden\2024_JUL_CG_S\CG-S_T3\GOPR3218.JPG,Coral Garden\2024_JUL_CG_S\CG-S_T3\GOPR3218\Coral2.JPG,2,0.5755,Coral Garden S,T3,4
Coral Garden\2024_JUL_CG_S\CG-S_T3\GOPR3237.JPG,Coral Garden\2024_JUL_CG_S\CG-S_T3\GOPR3237\Coral3.JPG,3,0.2246,Coral Garden S,T3,4
Coral Garden\2024_AUG_CG_S\2024_AUG_CG_S_T3\GOPR4983.JPG,Coral Garden\2024_AUG_CG_S\2024_AUG_CG_S_T3\GOPR4983\Coral17.JPG,17,0.2364,Coral Garden S,T3,4
Coral Garden\2024_AUG_CG_S\2024_AUG_CG_S_T3\GOPR5007.JPG,Coral Garden\2024_AUG_CG_S\2024_AUG_CG_S_T3\GOPR5007\Coral1.JPG,1,0.4758,Coral Garden S,T3,4
Coral Garden\2024_AUG_CG_S\2024_AUG_CG_S_T3\GOPR4976.JPG,Coral Garden\2024_AUG_CG_S\2024_AUG_CG_S_T3\GOPR4976\Coral3.JPG,3,0.7568,Coral Garden S,T3,4
Coral Garden\2024_JUL_CG_S\CG-S_T3\GOPR3220.JPG,Coral Garden\2024_JUL_CG_S\CG-S_T3\GOPR3220\Coral7.JPG,7,0.2411,Coral Garden S,T3,4
Coral Garden\2024_JUL_CG_S\CG-S_T3\GOPR3236.JPG,Coral Garden\2024_JUL_CG_S\CG-S_T3\GOPR3236\Coral10.JPG,10,0.1939,Coral Garden S,T3,4
Coral Garden\2024_AUG_CG_S\2024_AUG_CG_S_T3\GOPR5004.JPG,Coral Garden\2024_AUG_CG_S\2024_AUG_CG_S_T3\GOPR5004\Coral20.JPG,20,0.2244,Coral Garden S,T3,4
Coral Garden\2024_AUG_CG_S\2024_AUG_CG_S_T3\GOPR4966.JPG,Coral Garden\2024_AUG_CG_S\2024_AUG_CG_S_T3\GOPR4966\Coral36.JPG,36,0.2061,Coral Garden S,T3,4
Coral Garden\2024_AUG_CG_S\2024_AUG_CG_S_T3\GOPR4956.JPG,Coral Garden\2024_AUG_CG_S\2024_AUG_CG_S_T3\GOPR4956\Coral5.JPG,5,0.4545,Coral Garden S,T3,4
Coral Garden\2024_AUG_CG_S\2024_AUG_CG_S_T3\GOPR4993.JPG,Coral Garden\2024_AUG_CG_S\2024_AUG_CG_S_T3\GOPR4993\Coral7.JPG,7,0.15,Coral Garden S,T3,4
Coral Garden\2024_AUG_CG_S\2024_AUG_CG_S_T3\GOPR4973.JPG,Coral Garden\2024_AUG_CG_S\2024_AUG_CG_S_T3\GOPR4973\Coral25.JPG,25,0.1576,Coral Garden S,T3,4
Coral Garden\2024_JUL_CG_S\CG-S_T3\GOPR3214.JPG,Coral Garden\2024_JUL_CG_S\CG-S_T3\GOPR3214\Coral17.JPG,17,0.2118,Coral Garden S,T3,4
Coral Garden\2024_AUG_CG_S\2024_AUG_CG_S_T3\GOPR4958.JPG,Coral Garden\2024_AUG_CG_S\2024_AUG_CG_S_T3\GOPR4958\Coral4.JPG,4,0.5746,Coral Garden S,T3,4
Coral Garden\2024_AUG_CG_S\2024_AUG_CG_S_T3\GOPR5006.JPG,Coral Garden\2024_AUG_CG_S\2024_AUG_CG_S_T3\GOPR5006\Coral2.JPG,2,0.4022,Coral Garden S,T3,4
Coral Garden\2024_JUL_CG_S\CG-S_T3\GOPR3219.JPG,Coral Garden\2024_JUL_CG_S\CG-S_T3\GOPR3219\Coral22.JPG,22,0.3952,Coral Garden S,T3,4
Coral Garden\2024_JUL_CG_S\CG-S_T3\GOPR3232.JPG,Coral Garden\2024_JUL_CG_S\CG-S_T3\GOPR3232\Coral4.JPG,4,0.3415,Coral Garden S,T3,4
Coral Garden\2024_AUG_CG_S\2024_AUG_CG_S_T3\GOPR4998.JPG,Coral Garden\2024_AUG_CG_S\2024_AUG_CG_S_T3\GOPR4998\Coral2.JPG,2,0.3592,Coral Garden S,T3,4
Coral Garden\2024_AUG_CG_S\2024_AUG_CG_S_T3\GOPR4978.JPG,Coral Garden\2024_AUG_CG_S\2024_AUG_CG_S_T3\GOPR4978\Coral7.JPG,7,0.1674,Coral Garden S,T3,4
Coral Garden\2024_JUL_CG_S\CG-S_T3\GOPR3209.JPG,Coral Garden\2024_JUL_CG_S\CG-S_T3\GOPR3209\Coral5.JPG,5,0.2606,Coral Garden S,T3,4
Coral Garden\2024_JUL_CG_S\CG-S_T3\GOPR3200.JPG,Coral Garden\2024_JUL_CG_S\CG-S_T3\GOPR3200\Coral9.JPG,9,0.3708,Coral Garden S,T3,4
Coral Garden\2024_JUL_CG_S\CG-S_T3\GOPR3208.JPG,Coral Garden\2024_JUL_CG_S\CG-S_T3\GOPR3208\Coral3.JPG,3,0.35,Coral Garden S,T3,4
Coral Garden\2024_AUG_CG_S\2024_AUG_CG_S_T3\GOPR5007.JPG,Coral Garden\2024_AUG_CG_S\2024_AUG_CG_S_T3\GOPR5007\Coral8.JPG,8,0.2463,Coral Garden S,T3,4
Coral Garden\2024_AUG_CG_S\2024_AUG_CG_S_T3\GOPR5007.JPG,Coral Garden\2024_AUG_CG_S\2024_AUG_CG_S_T3\GOPR5007\Coral2.JPG,2,0.3664,Coral Garden S,T3,4
Coral Garden\2024_AUG_CG_S\2024_AUG_CG_S_T3\GOPR5007.JPG,Coral Garden\2024_AUG_CG_S\2024_AUG_CG_S_T3\GOPR5007\Coral9.JPG,9,0.1704,Coral Garden S,T3,4
Coral Garden\2024_JUL_CG_S\CG-S_T3\GOPR3204.JPG,Coral Garden\2024_JUL_CG_S\CG-S_T3\GOPR3204\Coral27.JPG,27,0.2585,Coral Garden S,T3,4
Coral Garden\2024_JUL_CG_S\CG-S_T3\GOPR3204.JPG,Coral Garden\2024_JUL_CG_S\CG-S_T3\GOPR3204\Coral33.JPG,33,0.1763,Coral Garden S,T3,4
Coral Garden\2024_JUL_CG_S\CG-S_T3\GOPR3204.JPG,Coral Garden\2024_JUL_CG_S\CG-S_T3\GOPR3204\Coral1.JPG,1,0.6933,Coral Garden S,T3,4
Coral Garden\2024_JUL_CG_S\CG-S_T3\GOPR3204.JPG,Coral Garden\2024_JUL_CG_S\CG-S_T3\GOPR3204\Coral34.JPG,34,0.173,Coral Garden S,T3,4
Coral Garden\2024_JUL_CG_S\CG-S_T3\GOPR3204.JPG,Coral Garden\2024_JUL_CG_S\CG-S_T3\GOPR3204\Coral17.JPG,17,0.3329,Coral Garden S,T3,4
Coral Garden\2024_JUL_CG_S\CG-S_T3\GOPR3204.JPG,Coral Garden\2024_JUL_CG_S\CG-S_T3\GOPR3204\Coral8.JPG,8,0.5105,Coral Garden S,T3,4
Coral Garden\2024_AUG_CG_S\2024_AUG_CG_S_T3\GOPR4981.JPG,Coral Garden\2024_AUG_CG_S\2024_AUG_CG_S_T3\GOPR4981\Coral5.JPG,5,0.6437,Coral Garden S,T3,4
Coral Garden\2024_AUG_CG_S\2024_AUG_CG_S_T3\GOPR4981.JPG,Coral Garden\2024_AUG_CG_S\2024_AUG_CG_S_T3\GOPR4981\Coral7.JPG,7,0.4916,Coral Garden S,T3,4
Coral Garden\2024_AUG_CG_S\2024_AUG_CG_S_T3\GOPR4981.JPG,Coral Garden\2024_AUG_CG_S\2024_AUG_CG_S_T3\GOPR4981\Coral15.JPG,15,0.3851,Coral Garden S,T3,4
Coral Garden\2024_AUG_CG_S\2024_AUG_CG_S_T3\GOPR4981.JPG,Coral Garden\2024_AUG_CG_S\2024_AUG_CG_S_T3\GOPR4981\Coral1.JPG,1,0.6872,Coral Garden S,T3,4
Coral Garden\2024_AUG_CG_S\2024_AUG_CG_S_T3\GOPR4981.JPG,Coral Garden\2024_AUG_CG_S\2024_AUG_CG_S_T3\GOPR4981\Coral19.JPG,19,0.3309,Coral Garden S,T3,4
Coral Garden\2024_AUG_CG_S\2024_AUG_CG_S_T3\GOPR4981.JPG,Coral Garden\2024_AUG_CG_S\2024_AUG_CG_S_T3\GOPR4981\Coral20.JPG,20,0.3088,Coral Garden S,T3,4
Coral Garden\2024_AUG_CG_S\2024_AUG_CG_S_T3\GOPR4981.JPG,Coral Garden\2024_AUG_CG_S\2024_AUG_CG_S_T3\GOPR4981\Coral29.JPG,29,0.1639,Coral Garden S,T3,4
Coral Garden\2024_AUG_CG_S\2024_AUG_CG_S_T3\GOPR4981.JPG,Coral Garden\2024_AUG_CG_S\2024_AUG_CG_S_T3\GOPR4981\Coral9.JPG,9,0.4544,Coral Garden S,T3,4
Coral Garden\2024_AUG_CG_S\2024_AUG_CG_S_T3\GOPR4981.JPG,Coral Garden\2024_AUG_CG_S\2024_AUG_CG_S_T3\GOPR4981\Coral14.JPG,14,0.4015,Coral Garden S,T3,4
Coral Garden\2024_AUG_CG_S\2024_AUG_CG_S_T3\GOPR4981.JPG,Coral Garden\2024_AUG_CG_S\2024_AUG_CG_S_T3\GOPR4981\Coral16.JPG,16,0.3677,Coral Garden S,T3,4
Coral Garden\2024_AUG_CG_S\2024_AUG_CG_S_T3\GOPR4981.JPG,Coral Garden\2024_AUG_CG_S\2024_AUG_CG_S_T3\GOPR4981\Coral26.JPG,26,0.2203,Coral Garden S,T3,4
Coral Garden\2024_AUG_CG_S\2024_AUG_CG_S_T3\GOPR4976.JPG,Coral Garden\2024_AUG_CG_S\2024_AUG_CG_S_T3\GOPR4976\Coral4.JPG,4,0.6387,Coral Garden S,T3,4
Coral Garden\2024_AUG_CG_S\2024_AUG_CG_S_T3\GOPR4976.JPG,Coral Garden\2024_AUG_CG_S\2024_AUG_CG_S_T3\GOPR4976\Coral2.JPG,2,0.8176,Coral Garden S,T3,4
Coral Garden\2024_AUG_CG_S\2024_AUG_CG_S_T3\GOPR4976.JPG,Coral Garden\2024_AUG_CG_S\2024_AUG_CG_S_T3\GOPR4976\Coral12.JPG,12,0.2907,Coral Garden S,T3,4
Coral Garden\2024_AUG_CG_S\2024_AUG_CG_S_T3\GOPR4976.JPG,Coral Garden\2024_AUG_CG_S\2024_AUG_CG_S_T3\GOPR4976\Coral9.JPG,9,0.3382,Coral Garden S,T3,4
Coral Garden\2024_AUG_CG_S\2024_AUG_CG_S_T3\GOPR4984.JPG,Coral Garden\2024_AUG_CG_S\2024_AUG_CG_S_T3\GOPR4984\Coral16.JPG,16,0.2302,Coral Garden S,T3,4
Coral Garden\2024_AUG_CG_S\2024_AUG_CG_S_T3\GOPR4984.JPG,Coral Garden\2024_AUG_CG_S\2024_AUG_CG_S_T3\GOPR4984\Coral17.JPG,17,0.2244,Coral Garden S,T3,4
Coral Garden\2024_AUG_CG_S\2024_AUG_CG_S_T3\GOPR4984.JPG,Coral Garden\2024_AUG_CG_S\2024_AUG_CG_S_T3\GOPR4984\Coral4.JPG,4,0.4208,Coral Garden S,T3,4
Coral Garden\2024_AUG_CG_S\2024_AUG_CG_S_T3\GOPR4984.JPG,Coral Garden\2024_AUG_CG_S\2024_AUG_CG_S_T3\GOPR4984\Coral6.JPG,6,0.3843,Coral Garden S,T3,4
Coral Garden\2024_AUG_CG_S\2024_AUG_CG_S_T3\GOPR4984.JPG,Coral Garden\2024_AUG_CG_S\2024_AUG_CG_S_T3\GOPR4984\Coral18.JPG,18,0.2075,Coral Garden S,T3,4
Coral Garden\2024_AUG_CG_S\2024_AUG_CG_S_T3\GOPR4984.JPG,Coral Garden\2024_AUG_CG_S\2024_AUG_CG_S_T3\GOPR4984\Coral10.JPG,10,0.3,Coral Garden S,T3,4
Coral Garden\2024_AUG_CG_S\2024_AUG_CG_S_T3\GOPR4997.JPG,Coral Garden\2024_AUG_CG_S\2024_AUG_CG_S_T3\GOPR4997\Coral7.JPG,7,0.2104,Coral Garden S,T3,4
Coral Garden\2024_AUG_CG_S\2024_AUG_CG_S_T3\GOPR4957.JPG,Coral Garden\2024_AUG_CG_S\2024_AUG_CG_S_T3\GOPR4957\Coral6.JPG,6,0.5428,Coral Garden S,T3,4
Coral Garden\2024_AUG_CG_S\2024_AUG_CG_S_T3\GOPR4957.JPG,Coral Garden\2024_AUG_CG_S\2024_AUG_CG_S_T3\GOPR4957\Coral29.JPG,29,0.1722,Coral Garden S,T3,4
Coral Garden\2024_AUG_CG_S\2024_AUG_CG_S_T3\GOPR4957.JPG,Coral Garden\2024_AUG_CG_S\2024_AUG_CG_S_T3\GOPR4957\Coral22.JPG,22,0.2345,Coral Garden S,T3,4
Coral Garden\2024_AUG_CG_S\2024_AUG_CG_S_T3\GOPR4957.JPG,Coral Garden\2024_AUG_CG_S\2024_AUG_CG_S_T3\GOPR4957\Coral1.JPG,1,0.6659,Coral Garden S,T3,4
Coral Garden\2024_AUG_CG_S\2024_AUG_CG_S_T3\GOPR4957.JPG,Coral Garden\2024_AUG_CG_S\2024_AUG_CG_S_T3\GOPR4957\Coral14.JPG,14,0.324,Coral Garden S,T3,4
Coral Garden\2024_AUG_CG_S\2024_AUG_CG_S_T3\GOPR4957.JPG,Coral Garden\2024_AUG_CG_S\2024_AUG_CG_S_T3\GOPR4957\Coral7.JPG,7,0.5398,Coral Garden S,T3,4
Coral Garden\2024_AUG_CG_S\2024_AUG_CG_S_T3\GOPR4957.JPG,Coral Garden\2024_AUG_CG_S\2024_AUG_CG_S_T3\GOPR4957\Coral32.JPG,32,0.1542,Coral Garden S,T3,4
Coral Garden\2024_AUG_CG_S\2024_AUG_CG_S_T3\GOPR5000.JPG,Coral Garden\2024_AUG_CG_S\2024_AUG_CG_S_T3\GOPR5000\Coral7.JPG,7,0.2096,Coral Garden S,T3,4
Coral Garden\2024_AUG_CG_S\2024_AUG_CG_S_T3\GOPR5000.JPG,Coral Garden\2024_AUG_CG_S\2024_AUG_CG_S_T3\GOPR5000\Coral3.JPG,3,0.2934,Coral Garden S,T3,4
Coral Garden\2024_AUG_CG_S\2024_AUG_CG_S_T3\GOPR5000.JPG,Coral Garden\2024_AUG_CG_S\2024_AUG_CG_S_T3\GOPR5000\Coral2.JPG,2,0.4134,Coral Garden S,T3,4
Coral Garden\2024_JUL_CG_S\CG-S_T3\GOPR3201.JPG,Coral Garden\2024_JUL_CG_S\CG-S_T3\GOPR3201\Coral1.JPG,1,0.7527,Coral Garden S,T3,4
Coral Garden\2024_JUL_CG_S\CG-S_T3\GOPR3201.JPG,Coral Garden\2024_JUL_CG_S\CG-S_T3\GOPR3201\Coral20.JPG,20,0.2118,Coral Garden S,T3,4
Coral Garden\2024_JUL_CG_S\CG-S_T3\GOPR3231.JPG,Coral Garden\2024_JUL_CG_S\CG-S_T3\GOPR3231\Coral11.JPG,11,0.3139,Coral Garden S,T3,4
Coral Garden\2024_JUL_CG_S\CG-S_T3\GOPR3213.JPG,Coral Garden\2024_JUL_CG_S\CG-S_T3\GOPR3213\Coral9.JPG,9,0.2407,Coral Garden S,T3,4
Coral Garden\2024_JUL_CG_S\CG-S_T3\GOPR3213.JPG,Coral Garden\2024_JUL_CG_S\CG-S_T3\GOPR3213\Coral6.JPG,6,0.4223,Coral Garden S,T3,4
Coral Garden\2024_JUL_CG_S\CG-S_T3\GOPR3213.JPG,Coral Garden\2024_JUL_CG_S\CG-S_T3\GOPR3213\Coral3.JPG,3,0.4688,Coral Garden S,T3,4
Coral Garden\2024_JUL_CG_S\CG-S_T3\GOPR3220.JPG,Coral Garden\2024_JUL_CG_S\CG-S_T3\GOPR3220\Coral4.JPG,4,0.3401,Coral Garden S,T3,4
Coral Garden\2024_AUG_CG_S\2024_AUG_CG_S_T3\GOPR4992.JPG,Coral Garden\2024_AUG_CG_S\2024_AUG_CG_S_T3\GOPR4992\Coral3.JPG,3,0.5688,Coral Garden S,T3,4
Coral Garden\2024_AUG_CG_S\2024_AUG_CG_S_T3\GOPR4992.JPG,Coral Garden\2024_AUG_CG_S\2024_AUG_CG_S_T3\GOPR4992\Coral6.JPG,6,0.3933,Coral Garden S,T3,4
Coral Garden\2024_AUG_CG_S\2024_AUG_CG_S_T3\GOPR4982.JPG,Coral Garden\2024_AUG_CG_S\2024_AUG_CG_S_T3\GOPR4982\Coral9.JPG,9,0.4507,Coral Garden S,T3,4
Coral Garden\2024_AUG_CG_S\2024_AUG_CG_S_T3\GOPR4982.JPG,Coral Garden\2024_AUG_CG_S\2024_AUG_CG_S_T3\GOPR4982\Coral11.JPG,11,0.3717,Coral Garden S,T3,4
Coral Garden\2024_AUG_CG_S\2024_AUG_CG_S_T3\GOPR4982.JPG,Coral Garden\2024_AUG_CG_S\2024_AUG_CG_S_T3\GOPR4982\Coral23.JPG,23,0.1868,Coral Garden S,T3,4
Coral Garden\2024_AUG_CG_S\2024_AUG_CG_S_T3\GOPR4982.JPG,Coral Garden\2024_AUG_CG_S\2024_AUG_CG_S_T3\GOPR4982\Coral27.JPG,27,0.1609,Coral Garden S,T3,4
Coral Garden\2024_AUG_CG_S\2024_AUG_CG_S_T3\GOPR4953.JPG,Coral Garden\2024_AUG_CG_S\2024_AUG_CG_S_T3\GOPR4953\Coral7.JPG,7,0.4766,Coral Garden S,T3,4
Coral Garden\2024_AUG_CG_S\2024_AUG_CG_S_T3\GOPR4953.JPG,Coral Garden\2024_AUG_CG_S\2024_AUG_CG_S_T3\GOPR4953\Coral9.JPG,9,0.4244,Coral Garden S,T3,4
Coral Garden\2024_AUG_CG_S\2024_AUG_CG_S_T3\GOPR4980.JPG,Coral Garden\2024_AUG_CG_S\2024_AUG_CG_S_T3\GOPR4980\Coral13.JPG,13,0.3081,Coral Garden S,T3,4
Coral Garden\2024_AUG_CG_S\2024_AUG_CG_S_T3\GOPR4980.JPG,Coral Garden\2024_AUG_CG_S\2024_AUG_CG_S_T3\GOPR4980\Coral20.JPG,20,0.2093,Coral Garden S,T3,4
Coral Garden\2024_AUG_CG_S\2024_AUG_CG_S_T3\GOPR4980.JPG,Coral Garden\2024_AUG_CG_S\2024_AUG_CG_S_T3\GOPR4980\Coral21.JPG,21,0.2045,Coral Garden S,T3,4
Coral Garden\2024_AUG_CG_S\2024_AUG_CG_S_T3\GOPR4980.JPG,Coral Garden\2024_AUG_CG_S\2024_AUG_CG_S_T3\GOPR4980\Coral5.JPG,5,0.5086,Coral Garden S,T3,4
Coral Garden\2024_AUG_CG_S\2024_AUG_CG_S_T3\GOPR4980.JPG,Coral Garden\2024_AUG_CG_S\2024_AUG_CG_S_T3\GOPR4980\Coral14.JPG,14,0.283,Coral Garden S,T3,4
Coral Garden\JULY 2024_CG_D\CG-D_T1\GOPR2920.JPG,Coral Garden\JULY 2024_CG_D\CG-D_T1\GOPR2920\Coral5.JPG,5,0.5414,Coral Garden D,T1,4
Coral Garden\JULY 2024_CG_D\CG-D_T1\GOPR2921.JPG,Coral Garden\JULY 2024_CG_D\CG-D_T1\GOPR2921\Coral6.JPG,6,0.3577,Coral Garden D,T1,4
Coral Garden\AUG 2024_CG_D\AUG_2024_CG_D_T1\GOPR4574.JPG,Coral Garden\AUG 2024_CG_D\AUG_2024_CG_D_T1\GOPR4574\Coral28.JPG,28,0.1913,Coral Garden D,T1,4
Coral Garden\JULY 2024_CG_D\CG-D_T1\GOPR2916.JPG,Coral Garden\JULY 2024_CG_D\CG-D_T1\GOPR2916\Coral11.JPG,11,0.2402,Coral Garden D,T1,4
Coral Garden\AUG 2024_CG_D\AUG_2024_CG_D_T1\GOPR4553.JPG,Coral Garden\AUG 2024_CG_D\AUG_2024_CG_D_T1\GOPR4553\Coral22.JPG,22,0.292,Coral Garden D,T1,4
Coral Garden\JULY 2024_CG_D\CG-D_T1\GOPR2935.JPG,Coral Garden\JULY 2024_CG_D\CG-D_T1\GOPR2935\Coral4.JPG,4,0.3264,Coral Garden D,T1,4
Coral Garden\JULY 2024_CG_D\CG-D_T1\GOPR2957.JPG,Coral Garden\JULY 2024_CG_D\CG-D_T1\GOPR2957\Coral1.JPG,1,0.5902,Coral Garden D,T1,4
Coral Garden\AUG 2024_CG_D\AUG_2024_CG_D_T1\GOPR4572.JPG,Coral Garden\AUG 2024_CG_D\AUG_2024_CG_D_T1\GOPR4572\Coral1.JPG,1,0.7257,Coral Garden D,T1,4
Coral Garden\JULY 2024_CG_D\CG-D_T1\GOPR2922.JPG,Coral Garden\JULY 2024_CG_D\CG-D_T1\GOPR2922\Coral4.JPG,4,0.1577,Coral Garden D,T1,4
Coral Garden\JULY 2024_CG_D\CG-D_T1\GOPR2933.JPG,Coral Garden\JULY 2024_CG_D\CG-D_T1\GOPR2933\Coral7.JPG,7,0.4005,Coral Garden D,T1,4
Coral Garden\AUG 2024_CG_D\AUG_2024_CG_D_T1\GOPR4571.JPG,Coral Garden\AUG 2024_CG_D\AUG_2024_CG_D_T1\GOPR4571\Coral7.JPG,7,0.3026,Coral Garden D,T1,4
Coral Garden\AUG 2024_CG_D\AUG_2024_CG_D_T1\GOPR4527.JPG,Coral Garden\AUG 2024_CG_D\AUG_2024_CG_D_T1\GOPR4527\Coral35.JPG,35,0.1988,Coral Garden D,T1,4
Coral Garden\JULY 2024_CG_D\CG-D_T1\GOPR2939.JPG,Coral Garden\JULY 2024_CG_D\CG-D_T1\GOPR2939\Coral5.JPG,5,0.32,Coral Garden D,T1,4
Coral Garden\JULY 2024_CG_D\CG-D_T1\GOPR2936.JPG,Coral Garden\JULY 2024_CG_D\CG-D_T1\GOPR2936\Coral23.JPG,23,0.2182,Coral Garden D,T1,4
Coral Garden\JULY 2024_CG_D\CG-D_T1\GOPR2927.JPG,Coral Garden\JULY 2024_CG_D\CG-D_T1\GOPR2927\Coral1.JPG,1,0.3812,Coral Garden D,T1,4
Coral Garden\JULY 2024_CG_D\CG-D_T1\GOPR2925.JPG,Coral Garden\JULY 2024_CG_D\CG-D_T1\GOPR2925\Coral3.JPG,3,0.6503,Coral Garden D,T1,4
Coral Garden\AUG 2024_CG_D\AUG_2024_CG_D_T1\GOPR4551.JPG,Coral Garden\AUG 2024_CG_D\AUG_2024_CG_D_T1\GOPR4551\Coral25.JPG,25,0.1768,Coral Garden D,T1,4
Coral Garden\JULY 2024_CG_D\CG-D_T1\GOPR2924.JPG,Coral Garden\JULY 2024_CG_D\CG-D_T1\GOPR2924\Coral15.JPG,15,0.4517,Coral Garden D,T1,4
Coral Garden\JULY 2024_CG_D\CG-D_T1\GOPR2919.JPG,Coral Garden\JULY 2024_CG_D\CG-D_T1\GOPR2919\Coral9.JPG,9,0.4516,Coral Garden D,T1,4
Coral Garden\AUG 2024_CG_D\AUG_2024_CG_D_T1\GOPR4555.JPG,Coral Garden\AUG 2024_CG_D\AUG_2024_CG_D_T1\GOPR4555\Coral3.JPG,3,0.5507,Coral Garden D,T1,4
Coral Garden\AUG 2024_CG_D\AUG_2024_CG_D_T1\GOPR4529.JPG,Coral Garden\AUG 2024_CG_D\AUG_2024_CG_D_T1\GOPR4529\Coral1.JPG,1,0.4913,Coral Garden D,T1,4
Coral Garden\JULY 2024_CG_D\CG-D_T1\GOPR2940.JPG,Coral Garden\JULY 2024_CG_D\CG-D_T1\GOPR2940\Coral18.JPG,18,0.275,Coral Garden D,T1,4
Coral Garden\JULY 2024_CG_D\CG-D_T1\GOPR2942.JPG,Coral Garden\JULY 2024_CG_D\CG-D_T1\GOPR2942\Coral13.JPG,13,0.458,Coral Garden D,T1,4
Coral Garden\AUG 2024_CG_D\AUG_2024_CG_D_T1\GOPR4569.JPG,Coral Garden\AUG 2024_CG_D\AUG_2024_CG_D_T1\GOPR4569\Coral3.JPG,3,0.2834,Coral Garden D,T1,4
Coral Garden\AUG 2024_CG_D\AUG_2024_CG_D_T1\GOPR4556.JPG,Coral Garden\AUG 2024_CG_D\AUG_2024_CG_D_T1\GOPR4556\Coral12.JPG,12,0.1957,Coral Garden D,T1,4
Coral Garden\JULY 2024_CG_D\CG-D_T1\GOPR2948.JPG,Coral Garden\JULY 2024_CG_D\CG-D_T1\GOPR2948\Coral6.JPG,6,0.2273,Coral Garden D,T1,4
Coral Garden\JULY 2024_CG_D\CG-D_T1\GOPR2935.JPG,Coral Garden\JULY 2024_CG_D\CG-D_T1\GOPR2935\Coral1.JPG,1,0.4739,Coral Garden D,T1,4
Coral Garden\AUG 2024_CG_D\AUG_2024_CG_D_T1\GOPR4572.JPG,Coral Garden\AUG 2024_CG_D\AUG_2024_CG_D_T1\GOPR4572\Coral2.JPG,2,0.6208,Coral Garden D,T1,4
Coral Garden\JULY 2024_CG_D\CG-D_T1\GOPR2944.JPG,Coral Garden\JULY 2024_CG_D\CG-D_T1\GOPR2944\Coral7.JPG,7,0.5901,Coral Garden D,T1,4
Coral Garden\JULY 2024_CG_D\CG-D_T1\GOPR2945.JPG,Coral Garden\JULY 2024_CG_D\CG-D_T1\GOPR2945\Coral2.JPG,2,0.6101,Coral Garden D,T1,4
Coral Garden\AUG 2024_CG_D\AUG_2024_CG_D_T1\GOPR4573.JPG,Coral Garden\AUG 2024_CG_D\AUG_2024_CG_D_T1\GOPR4573\Coral3.JPG,3,0.4656,Coral Garden D,T1,4
Coral Garden\AUG 2024_CG_D\AUG_2024_CG_D_T1\GOPR4581.JPG,Coral Garden\AUG 2024_CG_D\AUG_2024_CG_D_T1\GOPR4581\Coral8.JPG,8,0.2646,Coral Garden D,T1,4
Coral Garden\JULY 2024_CG_D\CG-D_T1\GOPR2939.JPG,Coral Garden\JULY 2024_CG_D\CG-D_T1\GOPR2939\Coral10.JPG,10,0.2574,Coral Garden D,T1,4
Coral Garden\JULY 2024_CG_D\CG-D_T1\GOPR2938.JPG,Coral Garden\JULY 2024_CG_D\CG-D_T1\GOPR2938\Coral22.JPG,22,0.1886,Coral Garden D,T1,4
Coral Garden\JULY 2024_CG_D\CG-D_T1\GOPR2956.JPG,Coral Garden\JULY 2024_CG_D\CG-D_T1\GOPR2956\Coral10.JPG,10,0.3961,Coral Garden D,T1,4
Coral Garden\AUG 2024_CG_D\AUG_2024_CG_D_T1\GOPR4585.JPG,Coral Garden\AUG 2024_CG_D\AUG_2024_CG_D_T1\GOPR4585\Coral5.JPG,5,0.1737,Coral Garden D,T1,4
Coral Garden\AUG 2024_CG_D\AUG_2024_CG_D_T1\GOPR4552.JPG,Coral Garden\AUG 2024_CG_D\AUG_2024_CG_D_T1\GOPR4552\Coral11.JPG,11,0.4632,Coral Garden D,T1,4
Coral Garden\AUG 2024_CG_D\AUG_2024_CG_D_T1\GOPR4575.JPG,Coral Garden\AUG 2024_CG_D\AUG_2024_CG_D_T1\GOPR4575\Coral2.JPG,2,0.2596,Coral Garden D,T1,4
Coral Garden\JULY 2024_CG_D\CG-D_T1\GOPR2923.JPG,Coral Garden\JULY 2024_CG_D\CG-D_T1\GOPR2923\Coral4.JPG,4,0.2878,Coral Garden D,T1,4
Coral Garden\JULY 2024_CG_D\CG-D_T1\GOPR2964.JPG,Coral Garden\JULY 2024_CG_D\CG-D_T1\GOPR2964\Coral3.JPG,3,0.2426,Coral Garden D,T1,4
Coral Garden\AUG 2024_CG_D\AUG_2024_CG_D_T1\GOPR4556.JPG,Coral Garden\AUG 2024_CG_D\AUG_2024_CG_D_T1\GOPR4556\Coral9.JPG,9,0.2154,Coral Garden D,T1,4
Coral Garden\JULY 2024_CG_D\CG-D_T1\GOPR2948.JPG,Coral Garden\JULY 2024_CG_D\CG-D_T1\GOPR2948\Coral1.JPG,1,0.6566,Coral Garden D,T1,4
Coral Garden\AUG 2024_CG_D\AUG_2024_CG_D_T1\GOPR4560.JPG,Coral Garden\AUG 2024_CG_D\AUG_2024_CG_D_T1\GOPR4560\Coral25.JPG,25,0.183,Coral Garden D,T1,4
Coral Garden\JULY 2024_CG_D\CG-D_T1\GOPR2950.JPG,Coral Garden\JULY 2024_CG_D\CG-D_T1\GOPR2950\Coral6.JPG,6,0.2261,Coral Garden D,T1,4
Coral Garden\AUG 2024_CG_D\AUG_2024_CG_D_T1\GOPR4527.JPG,Coral Garden\AUG 2024_CG_D\AUG_2024_CG_D_T1\GOPR4527\Coral3.JPG,3,0.6764,Coral Garden D,T1,4
Coral Garden\JULY 2024_CG_D\CG-D_T1\GOPR2938.JPG,Coral Garden\JULY 2024_CG_D\CG-D_T1\GOPR2938\Coral12.JPG,12,0.3468,Coral Garden D,T1,4
Coral Garden\AUG 2024_CG_D\AUG_2024_CG_D_T1\GOPR4563.JPG,Coral Garden\AUG 2024_CG_D\AUG_2024_CG_D_T1\GOPR4563\Coral2.JPG,2,0.4966,Coral Garden D,T1,4
Coral Garden\AUG 2024_CG_D\AUG_2024_CG_D_T1\GOPR4551.JPG,Coral Garden\AUG 2024_CG_D\AUG_2024_CG_D_T1\GOPR4551\Coral14.JPG,14,0.284,Coral Garden D,T1,4
Coral Garden\JULY 2024_CG_D\CG-D_T1\GOPR2919.JPG,Coral Garden\JULY 2024_CG_D\CG-D_T1\GOPR2919\Coral26.JPG,26,0.1805,Coral Garden D,T1,4
Coral Garden\JULY 2024_CG_D\CG-D_T1\GOPR2919.JPG,Coral Garden\JULY 2024_CG_D\CG-D_T1\GOPR2919\Coral23.JPG,23,0.1871,Coral Garden D,T1,4
Coral Garden\JULY 2024_CG_D\CG-D_T1\GOPR2919.JPG,Coral Garden\JULY 2024_CG_D\CG-D_T1\GOPR2919\Coral19.JPG,19,0.2324,Coral Garden D,T1,4
Coral Garden\JULY 2024_CG_D\CG-D_T1\GOPR2919.JPG,Coral Garden\JULY 2024_CG_D\CG-D_T1\GOPR2919\Coral12.JPG,12,0.3757,Coral Garden D,T1,4
Coral Garden\AUG 2024_CG_D\AUG_2024_CG_D_T1\GOPR4552.JPG,Coral Garden\AUG 2024_CG_D\AUG_2024_CG_D_T1\GOPR4552\Coral8.JPG,8,0.5167,Coral Garden D,T1,4
Coral Garden\AUG 2024_CG_D\AUG_2024_CG_D_T1\GOPR4552.JPG,Coral Garden\AUG 2024_CG_D\AUG_2024_CG_D_T1\GOPR4552\Coral37.JPG,37,0.22,Coral Garden D,T1,4
Coral Garden\AUG 2024_CG_D\AUG_2024_CG_D_T1\GOPR4552.JPG,Coral Garden\AUG 2024_CG_D\AUG_2024_CG_D_T1\GOPR4552\Coral32.JPG,32,0.2371,Coral Garden D,T1,4
Coral Garden\AUG 2024_CG_D\AUG_2024_CG_D_T1\GOPR4552.JPG,Coral Garden\AUG 2024_CG_D\AUG_2024_CG_D_T1\GOPR4552\Coral2.JPG,2,0.6609,Coral Garden D,T1,4
Coral Garden\AUG 2024_CG_D\AUG_2024_CG_D_T1\GOPR4552.JPG,Coral Garden\AUG 2024_CG_D\AUG_2024_CG_D_T1\GOPR4552\Coral42.JPG,42,0.1991,Coral Garden D,T1,4
Coral Garden\AUG 2024_CG_D\AUG_2024_CG_D_T1\GOPR4552.JPG,Coral Garden\AUG 2024_CG_D\AUG_2024_CG_D_T1\GOPR4552\Coral35.JPG,35,0.2282,Coral Garden D,T1,4
Coral Garden\AUG 2024_CG_D\AUG_2024_CG_D_T1\GOPR4552.JPG,Coral Garden\AUG 2024_CG_D\AUG_2024_CG_D_T1\GOPR4552\Coral24.JPG,24,0.3091,Coral Garden D,T1,4
Coral Garden\AUG 2024_CG_D\AUG_2024_CG_D_T1\GOPR4552.JPG,Coral Garden\AUG 2024_CG_D\AUG_2024_CG_D_T1\GOPR4552\Coral5.JPG,5,0.5646,Coral Garden D,T1,4
Coral Garden\AUG 2024_CG_D\AUG_2024_CG_D_T1\GOPR4552.JPG,Coral Garden\AUG 2024_CG_D\AUG_2024_CG_D_T1\GOPR4552\Coral39.JPG,39,0.2174,Coral Garden D,T1,4
Coral Garden\AUG 2024_CG_D\AUG_2024_CG_D_T1\GOPR4552.JPG,Coral Garden\AUG 2024_CG_D\AUG_2024_CG_D_T1\GOPR4552\Coral25.JPG,25,0.3023,Coral Garden D,T1,4
Coral Garden\AUG 2024_CG_D\AUG_2024_CG_D_T1\GOPR4552.JPG,Coral Garden\AUG 2024_CG_D\AUG_2024_CG_D_T1\GOPR4552\Coral28.JPG,28,0.284,Coral Garden D,T1,4
Coral Garden\AUG 2024_CG_D\AUG_2024_CG_D_T1\GOPR4552.JPG,Coral Garden\AUG 2024_CG_D\AUG_2024_CG_D_T1\GOPR4552\Coral48.JPG,48,0.1549,Coral Garden D,T1,4
Coral Garden\AUG 2024_CG_D\AUG_2024_CG_D_T1\GOPR4552.JPG,Coral Garden\AUG 2024_CG_D\AUG_2024_CG_D_T1\GOPR4552\Coral47.JPG,47,0.1675,Coral Garden D,T1,4
Coral Garden\AUG 2024_CG_D\AUG_2024_CG_D_T1\GOPR4552.JPG,Coral Garden\AUG 2024_CG_D\AUG_2024_CG_D_T1\GOPR4552\Coral29.JPG,29,0.2787,Coral Garden D,T1,4
Coral Garden\AUG 2024_CG_D\AUG_2024_CG_D_T1\GOPR4552.JPG,Coral Garden\AUG 2024_CG_D\AUG_2024_CG_D_T1\GOPR4552\Coral31.JPG,31,0.2396,Coral Garden D,T1,4
Coral Garden\JULY 2024_CG_D\CG-D_T1\GOPR2955.JPG,Coral Garden\JULY 2024_CG_D\CG-D_T1\GOPR2955\Coral1.JPG,1,0.8165,Coral Garden D,T1,4
Coral Garden\JULY 2024_CG_D\CG-D_T1\GOPR2955.JPG,Coral Garden\JULY 2024_CG_D\CG-D_T1\GOPR2955\Coral28.JPG,28,0.1901,Coral Garden D,T1,4
Coral Garden\JULY 2024_CG_D\CG-D_T1\GOPR2955.JPG,Coral Garden\JULY 2024_CG_D\CG-D_T1\GOPR2955\Coral31.JPG,31,0.1692,Coral Garden D,T1,4
Coral Garden\JULY 2024_CG_D\CG-D_T1\GOPR2955.JPG,Coral Garden\JULY 2024_CG_D\CG-D_T1\GOPR2955\Coral17.JPG,17,0.3182,Coral Garden D,T1,4
Coral Garden\JULY 2024_CG_D\CG-D_T1\GOPR2955.JPG,Coral Garden\JULY 2024_CG_D\CG-D_T1\GOPR2955\Coral33.JPG,33,0.1662,Coral Garden D,T1,4
Coral Garden\AUG 2024_CG_D\AUG_2024_CG_D_T1\GOPR4531.JPG,Coral Garden\AUG 2024_CG_D\AUG_2024_CG_D_T1\GOPR4531\Coral29.JPG,29,0.1579,Coral Garden D,T1,4
Coral Garden\AUG 2024_CG_D\AUG_2024_CG_D_T1\GOPR4531.JPG,Coral Garden\AUG 2024_CG_D\AUG_2024_CG_D_T1\GOPR4531\Coral23.JPG,23,0.1785,Coral Garden D,T1,4
Coral Garden\AUG 2024_CG_D\AUG_2024_CG_D_T1\GOPR4531.JPG,Coral Garden\AUG 2024_CG_D\AUG_2024_CG_D_T1\GOPR4531\Coral8.JPG,8,0.4206,Coral Garden D,T1,4
Coral Garden\AUG 2024_CG_D\AUG_2024_CG_D_T1\GOPR4531.JPG,Coral Garden\AUG 2024_CG_D\AUG_2024_CG_D_T1\GOPR4531\Coral11.JPG,11,0.3833,Coral Garden D,T1,4
Coral Garden\AUG 2024_CG_D\AUG_2024_CG_D_T1\GOPR4531.JPG,Coral Garden\AUG 2024_CG_D\AUG_2024_CG_D_T1\GOPR4531\Coral5.JPG,5,0.4764,Coral Garden D,T1,4
Coral Garden\JULY 2024_CG_D\CG-D_T1\GOPR2920.JPG,Coral Garden\JULY 2024_CG_D\CG-D_T1\GOPR2920\Coral12.JPG,12,0.176,Coral Garden D,T1,4
Coral Garden\JULY 2024_CG_D\CG-D_T1\GOPR2921.JPG,Coral Garden\JULY 2024_CG_D\CG-D_T1\GOPR2921\Coral11.JPG,11,0.1697,Coral Garden D,T1,4
Coral Garden\JULY 2024_CG_D\CG-D_T1\GOPR2921.JPG,Coral Garden\JULY 2024_CG_D\CG-D_T1\GOPR2921\Coral7.JPG,7,0.2797,Coral Garden D,T1,4
Coral Garden\AUG 2024_CG_D\AUG_2024_CG_D_T1\GOPR4574.JPG,Coral Garden\AUG 2024_CG_D\AUG_2024_CG_D_T1\GOPR4574\Coral26.JPG,26,0.2267,Coral Garden D,T1,4
Coral Garden\AUG 2024_CG_D\AUG_2024_CG_D_T1\GOPR4574.JPG,Coral Garden\AUG 2024_CG_D\AUG_2024_CG_D_T1\GOPR4574\Coral16.JPG,16,0.3317,Coral Garden D,T1,4
Coral Garden\AUG 2024_CG_D\AUG_2024_CG_D_T1\GOPR4574.JPG,Coral Garden\AUG 2024_CG_D\AUG_2024_CG_D_T1\GOPR4574\Coral13.JPG,13,0.3704,Coral Garden D,T1,4
Coral Garden\AUG 2024_CG_D\AUG_2024_CG_D_T1\GOPR4574.JPG,Coral Garden\AUG 2024_CG_D\AUG_2024_CG_D_T1\GOPR4574\Coral5.JPG,5,0.5647,Coral Garden D,T1,4
Coral Garden\AUG 2024_CG_D\AUG_2024_CG_D_T1\GOPR4574.JPG,Coral Garden\AUG 2024_CG_D\AUG_2024_CG_D_T1\GOPR4574\Coral20.JPG,20,0.2875,Coral Garden D,T1,4
Coral Garden\AUG 2024_CG_D\AUG_2024_CG_D_T1\GOPR4574.JPG,Coral Garden\AUG 2024_CG_D\AUG_2024_CG_D_T1\GOPR4574\Coral1.JPG,1,0.7294,Coral Garden D,T1,4
Coral Garden\AUG 2024_CG_D\AUG_2024_CG_D_T1\GOPR4574.JPG,Coral Garden\AUG 2024_CG_D\AUG_2024_CG_D_T1\GOPR4574\Coral21.JPG,21,0.2762,Coral Garden D,T1,4
Coral Garden\AUG 2024_CG_D\AUG_2024_CG_D_T1\GOPR4555.JPG,Coral Garden\AUG 2024_CG_D\AUG_2024_CG_D_T1\GOPR4555\Coral16.JPG,16,0.1957,Coral Garden D,T1,4
Coral Garden\AUG 2024_CG_D\AUG_2024_CG_D_T1\GOPR4555.JPG,Coral Garden\AUG 2024_CG_D\AUG_2024_CG_D_T1\GOPR4555\Coral4.JPG,4,0.4679,Coral Garden D,T1,4
Coral Garden\AUG 2024_CG_D\AUG_2024_CG_D_T1\GOPR4555.JPG,Coral Garden\AUG 2024_CG_D\AUG_2024_CG_D_T1\GOPR4555\Coral9.JPG,9,0.3358,Coral Garden D,T1,4
Coral Garden\AUG 2024_CG_D\AUG_2024_CG_D_T1\GOPR4555.JPG,Coral Garden\AUG 2024_CG_D\AUG_2024_CG_D_T1\GOPR4555\Coral6.JPG,6,0.4382,Coral Garden D,T1,4
Coral Garden\AUG 2024_CG_D\AUG_2024_CG_D_T1\GOPR4562.JPG,Coral Garden\AUG 2024_CG_D\AUG_2024_CG_D_T1\GOPR4562\Coral8.JPG,8,0.4571,Coral Garden D,T1,4
Coral Garden\AUG 2024_CG_D\AUG_2024_CG_D_T1\GOPR4562.JPG,Coral Garden\AUG 2024_CG_D\AUG_2024_CG_D_T1\GOPR4562\Coral3.JPG,3,0.6395,Coral Garden D,T1,4
Coral Garden\AUG 2024_CG_D\AUG_2024_CG_D_T1\GOPR4562.JPG,Coral Garden\AUG 2024_CG_D\AUG_2024_CG_D_T1\GOPR4562\Coral2.JPG,2,0.7224,Coral Garden D,T1,4
Coral Garden\AUG 2024_CG_D\AUG_2024_CG_D_T1\GOPR4562.JPG,Coral Garden\AUG 2024_CG_D\AUG_2024_CG_D_T1\GOPR4562\Coral14.JPG,14,0.3342,Coral Garden D,T1,4
Coral Garden\AUG 2024_CG_D\AUG_2024_CG_D_T1\GOPR4562.JPG,Coral Garden\AUG 2024_CG_D\AUG_2024_CG_D_T1\GOPR4562\Coral45.JPG,45,0.1527,Coral Garden D,T1,4
Coral Garden\AUG 2024_CG_D\AUG_2024_CG_D_T1\GOPR4562.JPG,Coral Garden\AUG 2024_CG_D\AUG_2024_CG_D_T1\GOPR4562\Coral29.JPG,29,0.2175,Coral Garden D,T1,4
Coral Garden\AUG 2024_CG_D\AUG_2024_CG_D_T1\GOPR4562.JPG,Coral Garden\AUG 2024_CG_D\AUG_2024_CG_D_T1\GOPR4562\Coral40.JPG,40,0.164,Coral Garden D,T1,4
Coral Garden\AUG 2024_CG_D\AUG_2024_CG_D_T1\GOPR4562.JPG,Coral Garden\AUG 2024_CG_D\AUG_2024_CG_D_T1\GOPR4562\Coral12.JPG,12,0.3483,Coral Garden D,T1,4
Coral Garden\AUG 2024_CG_D\AUG_2024_CG_D_T1\GOPR4562.JPG,Coral Garden\AUG 2024_CG_D\AUG_2024_CG_D_T1\GOPR4562\Coral19.JPG,19,0.2752,Coral Garden D,T1,4
Coral Garden\AUG 2024_CG_D\AUG_2024_CG_D_T1\GOPR4562.JPG,Coral Garden\AUG 2024_CG_D\AUG_2024_CG_D_T1\GOPR4562\Coral31.JPG,31,0.2028,Coral Garden D,T1,4
Coral Garden\AUG 2024_CG_D\AUG_2024_CG_D_T1\GOPR4529.JPG,Coral Garden\AUG 2024_CG_D\AUG_2024_CG_D_T1\GOPR4529\Coral14.JPG,14,0.2756,Coral Garden D,T1,4
Coral Garden\AUG 2024_CG_D\AUG_2024_CG_D_T1\GOPR4529.JPG,Coral Garden\AUG 2024_CG_D\AUG_2024_CG_D_T1\GOPR4529\Coral11.JPG,11,0.295,Coral Garden D,T1,4
Coral Garden\JULY 2024_CG_D\CG-D_T1\GOPR2940.JPG,Coral Garden\JULY 2024_CG_D\CG-D_T1\GOPR2940\Coral8.JPG,8,0.5097,Coral Garden D,T1,4
Coral Garden\JULY 2024_CG_D\CG-D_T1\GOPR2940.JPG,Coral Garden\JULY 2024_CG_D\CG-D_T1\GOPR2940\Coral17.JPG,17,0.2783,Coral Garden D,T1,4
Coral Garden\JULY 2024_CG_D\CG-D_T1\GOPR2940.JPG,Coral Garden\JULY 2024_CG_D\CG-D_T1\GOPR2940\Coral7.JPG,7,0.521,Coral Garden D,T1,4
Coral Garden\AUG 2024_CG_D\AUG_2024_CG_D_T1\GOPR4582.JPG,Coral Garden\AUG 2024_CG_D\AUG_2024_CG_D_T1\GOPR4582\Coral3.JPG,3,0.4033,Coral Garden D,T1,4
Coral Garden\JULY 2024_CG_D\CG-D_T1\GOPR2942.JPG,Coral Garden\JULY 2024_CG_D\CG-D_T1\GOPR2942\Coral17.JPG,17,0.3666,Coral Garden D,T1,4
Coral Garden\JULY 2024_CG_D\CG-D_T1\GOPR2942.JPG,Coral Garden\JULY 2024_CG_D\CG-D_T1\GOPR2942\Coral1.JPG,1,0.7738,Coral Garden D,T1,4
Coral Garden\JULY 2024_CG_D\CG-D_T1\GOPR2942.JPG,Coral Garden\JULY 2024_CG_D\CG-D_T1\GOPR2942\Coral14.JPG,14,0.4321,Coral Garden D,T1,4
Coral Garden\AUG 2024_CG_D\AUG_2024_CG_D_T1\GOPR4569.JPG,Coral Garden\AUG 2024_CG_D\AUG_2024_CG_D_T1\GOPR4569\Coral6.JPG,6,0.2196,Coral Garden D,T1,4
Coral Garden\JULY 2024_CG_D\CG-D_T2\GOPR2994.JPG,Coral Garden\JULY 2024_CG_D\CG-D_T2\GOPR2994\Coral15.JPG,15,0.4486,Coral Garden D,T2,4
Coral Garden\JULY 2024_CG_D\CG-D_T2\GOPR2974.JPG,Coral Garden\JULY 2024_CG_D\CG-D_T2\GOPR2974\Coral2.JPG,2,0.3055,Coral Garden D,T2,4
Coral Garden\AUG 2024_CG_D\AUG_2024_CG_D_T2\GOPR4602.JPG,Coral Garden\AUG 2024_CG_D\AUG_2024_CG_D_T2\GOPR4602\Coral1.JPG,1,0.7257,Coral Garden D,T2,4
Coral Garden\AUG 2024_CG_D\AUG_2024_CG_D_T2\GOPR4592.JPG,Coral Garden\AUG 2024_CG_D\AUG_2024_CG_D_T2\GOPR4592\Coral7.JPG,7,0.2808,Coral Garden D,T2,4
Coral Garden\AUG 2024_CG_D\AUG_2024_CG_D_T2\GOPR4617.JPG,Coral Garden\AUG 2024_CG_D\AUG_2024_CG_D_T2\GOPR4617\Coral30.JPG,30,0.2489,Coral Garden D,T2,4
Coral Garden\AUG 2024_CG_D\AUG_2024_CG_D_T2\GOPR4626.JPG,Coral Garden\AUG 2024_CG_D\AUG_2024_CG_D_T2\GOPR4626\Coral12.JPG,12,0.4222,Coral Garden D,T2,4
Coral Garden\AUG 2024_CG_D\AUG_2024_CG_D_T2\GOPR4634.JPG,Coral Garden\AUG 2024_CG_D\AUG_2024_CG_D_T2\GOPR4634\Coral29.JPG,29,0.2401,Coral Garden D,T2,4
Coral Garden\JULY 2024_CG_D\CG-D_T2\GOPR3007.JPG,Coral Garden\JULY 2024_CG_D\CG-D_T2\GOPR3007\Coral10.JPG,10,0.4009,Coral Garden D,T2,4
Coral Garden\JULY 2024_CG_D\CG-D_T2\GOPR3016.JPG,Coral Garden\JULY 2024_CG_D\CG-D_T2\GOPR3016\Coral5.JPG,5,0.2806,Coral Garden D,T2,4
Coral Garden\AUG 2024_CG_D\AUG_2024_CG_D_T2\GOPR4596.JPG,Coral Garden\AUG 2024_CG_D\AUG_2024_CG_D_T2\GOPR4596\Coral4.JPG,4,0.2333,Coral Garden D,T2,4
Coral Garden\JULY 2024_CG_D\CG-D_T2\GOPR3014.JPG,Coral Garden\JULY 2024_CG_D\CG-D_T2\GOPR3014\Coral7.JPG,7,0.4434,Coral Garden D,T2,4
Coral Garden\JULY 2024_CG_D\CG-D_T2\GOPR2995.JPG,Coral Garden\JULY 2024_CG_D\CG-D_T2\GOPR2995\Coral20.JPG,20,0.1745,Coral Garden D,T2,4
Coral Garden\JULY 2024_CG_D\CG-D_T2\GOPR2983.JPG,Coral Garden\JULY 2024_CG_D\CG-D_T2\GOPR2983\Coral2.JPG,2,0.7492,Coral Garden D,T2,4
Coral Garden\JULY 2024_CG_D\CG-D_T2\GOPR3021.JPG,Coral Garden\JULY 2024_CG_D\CG-D_T2\GOPR3021\Coral2.JPG,2,0.5141,Coral Garden D,T2,4
Coral Garden\JULY 2024_CG_D\CG-D_T2\GOPR2997.JPG,Coral Garden\JULY 2024_CG_D\CG-D_T2\GOPR2997\Coral3.JPG,3,0.176,Coral Garden D,T2,4
Coral Garden\JULY 2024_CG_D\CG-D_T2\GOPR2989.JPG,Coral Garden\JULY 2024_CG_D\CG-D_T2\GOPR2989\Coral14.JPG,14,0.1669,Coral Garden D,T2,4
Coral Garden\JULY 2024_CG_D\CG-D_T2\GOPR3011.JPG,Coral Garden\JULY 2024_CG_D\CG-D_T2\GOPR3011\Coral6.JPG,6,0.4748,Coral Garden D,T2,4
Coral Garden\AUG 2024_CG_D\AUG_2024_CG_D_T2\GOPR4591.JPG,Coral Garden\AUG 2024_CG_D\AUG_2024_CG_D_T2\GOPR4591\Coral5.JPG,5,0.1504,Coral Garden D,T2,4
Coral Garden\JULY 2024_CG_D\CG-D_T2\GOPR2994.JPG,Coral Garden\JULY 2024_CG_D\CG-D_T2\GOPR2994\Coral17.JPG,17,0.4163,Coral Garden D,T2,4
Coral Garden\AUG 2024_CG_D\AUG_2024_CG_D_T2\GOPR4620.JPG,Coral Garden\AUG 2024_CG_D\AUG_2024_CG_D_T2\GOPR4620\Coral3.JPG,3,0.4018,Coral Garden D,T2,4
Coral Garden\AUG 2024_CG_D\AUG_2024_CG_D_T2\GOPR4629.JPG,Coral Garden\AUG 2024_CG_D\AUG_2024_CG_D_T2\GOPR4629\Coral7.JPG,7,0.6438,Coral Garden D,T2,4
Coral Garden\AUG 2024_CG_D\AUG_2024_CG_D_T2\GOPR4593.JPG,Coral Garden\AUG 2024_CG_D\AUG_2024_CG_D_T2\GOPR4593\Coral2.JPG,2,0.4034,Coral Garden D,T2,4
Coral Garden\AUG 2024_CG_D\AUG_2024_CG_D_T2\GOPR4619.JPG,Coral Garden\AUG 2024_CG_D\AUG_2024_CG_D_T2\GOPR4619\Coral5.JPG,5,0.207,Coral Garden D,T2,4
Coral Garden\JULY 2024_CG_D\CG-D_T2\GOPR2999.JPG,Coral Garden\JULY 2024_CG_D\CG-D_T2\GOPR2999\Coral1.JPG,1,0.7042,Coral Garden D,T2,4
Coral Garden\AUG 2024_CG_D\AUG_2024_CG_D_T2\GOPR4603.JPG,Coral Garden\AUG 2024_CG_D\AUG_2024_CG_D_T2\GOPR4603\Coral7.JPG,7,0.1973,Coral Garden D,T2,4
Coral Garden\AUG 2024_CG_D\AUG_2024_CG_D_T2\GOPR4626.JPG,Coral Garden\AUG 2024_CG_D\AUG_2024_CG_D_T2\GOPR4626\Coral13.JPG,13,0.3966,Coral Garden D,T2,4
Coral Garden\AUG 2024_CG_D\AUG_2024_CG_D_T2\GOPR4604.JPG,Coral Garden\AUG 2024_CG_D\AUG_2024_CG_D_T2\GOPR4604\Coral11.JPG,11,0.1807,Coral Garden D,T2,4
Coral Garden\JULY 2024_CG_D\CG-D_T2\GOPR2977.JPG,Coral Garden\JULY 2024_CG_D\CG-D_T2\GOPR2977\Coral5.JPG,5,0.1776,Coral Garden D,T2,4
Coral Garden\AUG 2024_CG_D\AUG_2024_CG_D_T2\GOPR4610.JPG,Coral Garden\AUG 2024_CG_D\AUG_2024_CG_D_T2\GOPR4610\Coral2.JPG,2,0.2196,Coral Garden D,T2,4
Coral Garden\AUG 2024_CG_D\AUG_2024_CG_D_T2\GOPR4597.JPG,Coral Garden\AUG 2024_CG_D\AUG_2024_CG_D_T2\GOPR4597\Coral18.JPG,18,0.1906,Coral Garden D,T2,4
Coral Garden\JULY 2024_CG_D\CG-D_T2\GOPR3021.JPG,Coral Garden\JULY 2024_CG_D\CG-D_T2\GOPR3021\Coral5.JPG,5,0.4655,Coral Garden D,T2,4
Coral Garden\JULY 2024_CG_D\CG-D_T2\GOPR2991.JPG,Coral Garden\JULY 2024_CG_D\CG-D_T2\GOPR2991\Coral10.JPG,10,0.2088,Coral Garden D,T2,4
Coral Garden\JULY 2024_CG_D\CG-D_T2\GOPR2982.JPG,Coral Garden\JULY 2024_CG_D\CG-D_T2\GOPR2982\Coral14.JPG,14,0.3834,Coral Garden D,T2,4
Coral Garden\AUG 2024_CG_D\AUG_2024_CG_D_T2\GOPR4632.JPG,Coral Garden\AUG 2024_CG_D\AUG_2024_CG_D_T2\GOPR4632\Coral4.JPG,4,0.5203,Coral Garden D,T2,4
Coral Garden\AUG 2024_CG_D\AUG_2024_CG_D_T2\GOPR4633.JPG,Coral Garden\AUG 2024_CG_D\AUG_2024_CG_D_T2\GOPR4633\Coral13.JPG,13,0.4806,Coral Garden D,T2,4
Coral Garden\AUG 2024_CG_D\AUG_2024_CG_D_T2\GOPR4605.JPG,Coral Garden\AUG 2024_CG_D\AUG_2024_CG_D_T2\GOPR4605\Coral8.JPG,8,0.2003,Coral Garden D,T2,4
Coral Garden\AUG 2024_CG_D\AUG_2024_CG_D_T2\GOPR4625.JPG,Coral Garden\AUG 2024_CG_D\AUG_2024_CG_D_T2\GOPR4625\Coral5.JPG,5,0.1638,Coral Garden D,T2,4
Coral Garden\AUG 2024_CG_D\AUG_2024_CG_D_T2\GOPR4620.JPG,Coral Garden\AUG 2024_CG_D\AUG_2024_CG_D_T2\GOPR4620\Coral4.JPG,4,0.1829,Coral Garden D,T2,4
Coral Garden\JULY 2024_CG_D\CG-D_T2\GOPR3015.JPG,Coral Garden\JULY 2024_CG_D\CG-D_T2\GOPR3015\Coral1.JPG,1,0.6149,Coral Garden D,T2,4
Coral Garden\AUG 2024_CG_D\AUG_2024_CG_D_T2\GOPR4603.JPG,Coral Garden\AUG 2024_CG_D\AUG_2024_CG_D_T2\GOPR4603\Coral1.JPG,1,0.7856,Coral Garden D,T2,4
Coral Garden\AUG 2024_CG_D\AUG_2024_CG_D_T2\GOPR4617.JPG,Coral Garden\AUG 2024_CG_D\AUG_2024_CG_D_T2\GOPR4617\Coral40.JPG,40,0.1738,Coral Garden D,T2,4
Coral Garden\AUG 2024_CG_D\AUG_2024_CG_D_T2\GOPR4614.JPG,Coral Garden\AUG 2024_CG_D\AUG_2024_CG_D_T2\GOPR4614\Coral14.JPG,14,0.2407,Coral Garden D,T2,4
Coral Garden\JULY 2024_CG_D\CG-D_T2\GOPR2977.JPG,Coral Garden\JULY 2024_CG_D\CG-D_T2\GOPR2977\Coral1.JPG,1,0.701,Coral Garden D,T2,4
Coral Garden\JULY 2024_CG_D\CG-D_T2\GOPR3019.JPG,Coral Garden\JULY 2024_CG_D\CG-D_T2\GOPR3019\Coral13.JPG,13,0.4579,Coral Garden D,T2,4
Coral Garden\AUG 2024_CG_D\AUG_2024_CG_D_T2\GOPR4634.JPG,Coral Garden\AUG 2024_CG_D\AUG_2024_CG_D_T2\GOPR4634\Coral33.JPG,33,0.2189,Coral Garden D,T2,4
Coral Garden\JULY 2024_CG_D\CG-D_T2\GOPR3007.JPG,Coral Garden\JULY 2024_CG_D\CG-D_T2\GOPR3007\Coral12.JPG,12,0.3225,Coral Garden D,T2,4
Coral Garden\AUG 2024_CG_D\AUG_2024_CG_D_T2\GOPR4627.JPG,Coral Garden\AUG 2024_CG_D\AUG_2024_CG_D_T2\GOPR4627\Coral13.JPG,13,0.4051,Coral Garden D,T2,4
Coral Garden\JULY 2024_CG_D\CG-D_T2\GOPR3009.JPG,Coral Garden\JULY 2024_CG_D\CG-D_T2\GOPR3009\Coral9.JPG,9,0.4211,Coral Garden D,T2,4
Coral Garden\JULY 2024_CG_D\CG-D_T2\GOPR3021.JPG,Coral Garden\JULY 2024_CG_D\CG-D_T2\GOPR3021\Coral15.JPG,15,0.1938,Coral Garden D,T2,4
Coral Garden\AUG 2024_CG_D\AUG_2024_CG_D_T2\GOPR4632.JPG,Coral Garden\AUG 2024_CG_D\AUG_2024_CG_D_T2\GOPR4632\Coral1.JPG,1,0.8086,Coral Garden D,T2,4
Coral Garden\JULY 2024_CG_D\CG-D_T2\GOPR3002.JPG,Coral Garden\JULY 2024_CG_D\CG-D_T2\GOPR3002\Coral2.JPG,2,0.5577,Coral Garden D,T2,4
Coral Garden\JULY 2024_CG_D\CG-D_T2\GOPR2984.JPG,Coral Garden\JULY 2024_CG_D\CG-D_T2\GOPR2984\Coral28.JPG,28,0.1612,Coral Garden D,T2,4
Coral Garden\JULY 2024_CG_D\CG-D_T2\GOPR2985.JPG,Coral Garden\JULY 2024_CG_D\CG-D_T2\GOPR2985\Coral1.JPG,1,0.7687,Coral Garden D,T2,4
Coral Garden\JULY 2024_CG_D\CG-D_T2\GOPR2985.JPG,Coral Garden\JULY 2024_CG_D\CG-D_T2\GOPR2985\Coral15.JPG,15,0.2687,Coral Garden D,T2,4
Coral Garden\JULY 2024_CG_D\CG-D_T2\GOPR3008.JPG,Coral Garden\JULY 2024_CG_D\CG-D_T2\GOPR3008\Coral6.JPG,6,0.6115,Coral Garden D,T2,4
Coral Garden\JULY 2024_CG_D\CG-D_T2\GOPR3008.JPG,Coral Garden\JULY 2024_CG_D\CG-D_T2\GOPR3008\Coral8.JPG,8,0.5245,Coral Garden D,T2,4
Coral Garden\AUG 2024_CG_D\AUG_2024_CG_D_T2\GOPR4618.JPG,Coral Garden\AUG 2024_CG_D\AUG_2024_CG_D_T2\GOPR4618\Coral9.JPG,9,0.2158,Coral Garden D,T2,4
Coral Garden\AUG 2024_CG_D\AUG_2024_CG_D_T2\GOPR4618.JPG,Coral Garden\AUG 2024_CG_D\AUG_2024_CG_D_T2\GOPR4618\Coral5.JPG,5,0.3456,Coral Garden D,T2,4
Coral Garden\AUG 2024_CG_D\AUG_2024_CG_D_T2\GOPR4618.JPG,Coral Garden\AUG 2024_CG_D\AUG_2024_CG_D_T2\GOPR4618\Coral7.JPG,7,0.2636,Coral Garden D,T2,4
Coral Garden\AUG 2024_CG_D\AUG_2024_CG_D_T2\GOPR4618.JPG,Coral Garden\AUG 2024_CG_D\AUG_2024_CG_D_T2\GOPR4618\Coral1.JPG,1,0.6957,Coral Garden D,T2,4
Coral Garden\JULY 2024_CG_D\CG-D_T2\GOPR2994.JPG,Coral Garden\JULY 2024_CG_D\CG-D_T2\GOPR2994\Coral12.JPG,12,0.5396,Coral Garden D,T2,4
Coral Garden\JULY 2024_CG_D\CG-D_T2\GOPR2994.JPG,Coral Garden\JULY 2024_CG_D\CG-D_T2\GOPR2994\Coral2.JPG,2,0.7213,Coral Garden D,T2,4
Coral Garden\JULY 2024_CG_D\CG-D_T2\GOPR2994.JPG,Coral Garden\JULY 2024_CG_D\CG-D_T2\GOPR2994\Coral25.JPG,25,0.3165,Coral Garden D,T2,4
Coral Garden\JULY 2024_CG_D\CG-D_T2\GOPR2994.JPG,Coral Garden\JULY 2024_CG_D\CG-D_T2\GOPR2994\Coral7.JPG,7,0.6436,Coral Garden D,T2,4
Coral Garden\JULY 2024_CG_D\CG-D_T2\GOPR2994.JPG,Coral Garden\JULY 2024_CG_D\CG-D_T2\GOPR2994\Coral42.JPG,42,0.1944,Coral Garden D,T2,4
Coral Garden\JULY 2024_CG_D\CG-D_T2\GOPR2986.JPG,Coral Garden\JULY 2024_CG_D\CG-D_T2\GOPR2986\Coral13.JPG,13,0.3486,Coral Garden D,T2,4
Coral Garden\JULY 2024_CG_D\CG-D_T2\GOPR2986.JPG,Coral Garden\JULY 2024_CG_D\CG-D_T2\GOPR2986\Coral11.JPG,11,0.3849,Coral Garden D,T2,4
Coral Garden\JULY 2024_CG_D\CG-D_T2\GOPR2986.JPG,Coral Garden\JULY 2024_CG_D\CG-D_T2\GOPR2986\Coral6.JPG,6,0.551,Coral Garden D,T2,4
Coral Garden\JULY 2024_CG_D\CG-D_T2\GOPR2986.JPG,Coral Garden\JULY 2024_CG_D\CG-D_T2\GOPR2986\Coral8.JPG,8,0.4472,Coral Garden D,T2,4
Coral Garden\JULY 2024_CG_D\CG-D_T2\GOPR2986.JPG,Coral Garden\JULY 2024_CG_D\CG-D_T2\GOPR2986\Coral2.JPG,2,0.7014,Coral Garden D,T2,4
Coral Garden\AUG 2024_CG_D\AUG_2024_CG_D_T2\GOPR4620.JPG,Coral Garden\AUG 2024_CG_D\AUG_2024_CG_D_T2\GOPR4620\Coral2.JPG,2,0.6719,Coral Garden D,T2,4
Coral Garden\AUG 2024_CG_D\AUG_2024_CG_D_T2\GOPR4598.JPG,Coral Garden\AUG 2024_CG_D\AUG_2024_CG_D_T2\GOPR4598\Coral11.JPG,11,0.3357,Coral Garden D,T2,4
Coral Garden\AUG 2024_CG_D\AUG_2024_CG_D_T2\GOPR4598.JPG,Coral Garden\AUG 2024_CG_D\AUG_2024_CG_D_T2\GOPR4598\Coral27.JPG,27,0.1733,Coral Garden D,T2,4
Coral Garden\AUG 2024_CG_D\AUG_2024_CG_D_T2\GOPR4598.JPG,Coral Garden\AUG 2024_CG_D\AUG_2024_CG_D_T2\GOPR4598\Coral18.JPG,18,0.22,Coral Garden D,T2,4
Coral Garden\AUG 2024_CG_D\AUG_2024_CG_D_T2\GOPR4598.JPG,Coral Garden\AUG 2024_CG_D\AUG_2024_CG_D_T2\GOPR4598\Coral8.JPG,8,0.4233,Coral Garden D,T2,4
Coral Garden\AUG 2024_CG_D\AUG_2024_CG_D_T2\GOPR4598.JPG,Coral Garden\AUG 2024_CG_D\AUG_2024_CG_D_T2\GOPR4598\Coral14.JPG,14,0.2654,Coral Garden D,T2,4
Coral Garden\AUG 2024_CG_D\AUG_2024_CG_D_T2\GOPR4598.JPG,Coral Garden\AUG 2024_CG_D\AUG_2024_CG_D_T2\GOPR4598\Coral3.JPG,3,0.511,Coral Garden D,T2,4
Coral Garden\AUG 2024_CG_D\AUG_2024_CG_D_T2\GOPR4598.JPG,Coral Garden\AUG 2024_CG_D\AUG_2024_CG_D_T2\GOPR4598\Coral6.JPG,6,0.4363,Coral Garden D,T2,4
Coral Garden\AUG 2024_CG_D\AUG_2024_CG_D_T2\GOPR4598.JPG,Coral Garden\AUG 2024_CG_D\AUG_2024_CG_D_T2\GOPR4598\Coral20.JPG,20,0.2087,Coral Garden D,T2,4
Coral Garden\AUG 2024_CG_D\AUG_2024_CG_D_T2\GOPR4598.JPG,Coral Garden\AUG 2024_CG_D\AUG_2024_CG_D_T2\GOPR4598\Coral29.JPG,29,0.1605,Coral Garden D,T2,4
Coral Garden\AUG 2024_CG_D\AUG_2024_CG_D_T2\GOPR4629.JPG,Coral Garden\AUG 2024_CG_D\AUG_2024_CG_D_T2\GOPR4629\Coral11.JPG,11,0.4106,Coral Garden D,T2,4
Coral Garden\AUG 2024_CG_D\AUG_2024_CG_D_T2\GOPR4629.JPG,Coral Garden\AUG 2024_CG_D\AUG_2024_CG_D_T2\GOPR4629\Coral33.JPG,33,0.1711,Coral Garden D,T2,4
Coral Garden\AUG 2024_CG_D\AUG_2024_CG_D_T2\GOPR4629.JPG,Coral Garden\AUG 2024_CG_D\AUG_2024_CG_D_T2\GOPR4629\Coral31.JPG,31,0.1828,Coral Garden D,T2,4
Coral Garden\AUG 2024_CG_D\AUG_2024_CG_D_T2\GOPR4629.JPG,Coral Garden\AUG 2024_CG_D\AUG_2024_CG_D_T2\GOPR4629\Coral28.JPG,28,0.2006,Coral Garden D,T2,4
Coral Garden\AUG 2024_CG_D\AUG_2024_CG_D_T2\GOPR4629.JPG,Coral Garden\AUG 2024_CG_D\AUG_2024_CG_D_T2\GOPR4629\Coral12.JPG,12,0.3294,Coral Garden D,T2,4
Coral Garden\JULY 2024_CG_D\CG-D_T2\GOPR3000.JPG,Coral Garden\JULY 2024_CG_D\CG-D_T2\GOPR3000\Coral18.JPG,18,0.192,Coral Garden D,T2,4
Coral Garden\JULY 2024_CG_D\CG-D_T2\GOPR2972.JPG,Coral Garden\JULY 2024_CG_D\CG-D_T2\GOPR2972\Coral2.JPG,2,0.6123,Coral Garden D,T2,4
Coral Garden\AUG 2024_CG_D\AUG_2024_CG_D_T2\GOPR4602.JPG,Coral Garden\AUG 2024_CG_D\AUG_2024_CG_D_T2\GOPR4602\Coral5.JPG,5,0.3109,Coral Garden D,T2,4
Coral Garden\JULY 2024_CG_D\CG-D_T2\GOPR3015.JPG,Coral Garden\JULY 2024_CG_D\CG-D_T2\GOPR3015\Coral12.JPG,12,0.2189,Coral Garden D,T2,4
Coral Garden\JULY 2024_CG_D\CG-D_T2\GOPR3022.JPG,Coral Garden\JULY 2024_CG_D\CG-D_T2\GOPR3022\Coral14.JPG,14,0.3566,Coral Garden D,T2,4
Coral Garden\JULY 2024_CG_D\CG-D_T2\GOPR3022.JPG,Coral Garden\JULY 2024_CG_D\CG-D_T2\GOPR3022\Coral23.JPG,23,0.1664,Coral Garden D,T2,4
Coral Garden\JULY 2024_CG_D\CG-D_T2\GOPR3022.JPG,Coral Garden\JULY 2024_CG_D\CG-D_T2\GOPR3022\Coral3.JPG,3,0.684,Coral Garden D,T2,4
Coral Garden\JULY 2024_CG_D\CG-D_T2\GOPR3017.JPG,Coral Garden\JULY 2024_CG_D\CG-D_T2\GOPR3017\Coral15.JPG,15,0.1882,Coral Garden D,T2,4
Coral Garden\JULY 2024_CG_D\CG-D_T2\GOPR3017.JPG,Coral Garden\JULY 2024_CG_D\CG-D_T2\GOPR3017\Coral11.JPG,11,0.2137,Coral Garden D,T2,4
Coral Garden\JULY 2024_CG_D\CG-D_T2\GOPR3017.JPG,Coral Garden\JULY 2024_CG_D\CG-D_T2\GOPR3017\Coral14.JPG,14,0.1994,Coral Garden D,T2,4
Coral Garden\AUG 2024_CG_D\AUG_2024_CG_D_T2\GOPR4592.JPG,Coral Garden\AUG 2024_CG_D\AUG_2024_CG_D_T2\GOPR4592\Coral16.JPG,16,0.1829,Coral Garden D,T2,4
Coral Garden\AUG 2024_CG_D\AUG_2024_CG_D_T2\GOPR4592.JPG,Coral Garden\AUG 2024_CG_D\AUG_2024_CG_D_T2\GOPR4592\Coral11.JPG,11,0.2043,Coral Garden D,T2,4
Coral Garden\AUG 2024_CG_D\AUG_2024_CG_D_T2\GOPR4592.JPG,Coral Garden\AUG 2024_CG_D\AUG_2024_CG_D_T2\GOPR4592\Coral3.JPG,3,0.7429,Coral Garden D,T2,4
Coral Garden\AUG 2024_CG_D\AUG_2024_CG_D_T2\GOPR4592.JPG,Coral Garden\AUG 2024_CG_D\AUG_2024_CG_D_T2\GOPR4592\Coral14.JPG,14,0.1862,Coral Garden D,T2,4
Coral Garden\AUG 2024_CG_D\AUG_2024_CG_D_T2\GOPR4603.JPG,Coral Garden\AUG 2024_CG_D\AUG_2024_CG_D_T2\GOPR4603\Coral5.JPG,5,0.2362,Coral Garden D,T2,4
Coral Garden\AUG 2024_CG_D\AUG_2024_CG_D_T2\GOPR4617.JPG,Coral Garden\AUG 2024_CG_D\AUG_2024_CG_D_T2\GOPR4617\Coral25.JPG,25,0.2616,Coral Garden D,T2,4
Coral Garden\AUG 2024_CG_D\AUG_2024_CG_D_T2\GOPR4617.JPG,Coral Garden\AUG 2024_CG_D\AUG_2024_CG_D_T2\GOPR4617\Coral21.JPG,21,0.3972,Coral Garden D,T2,4
Coral Garden\AUG 2024_CG_D\AUG_2024_CG_D_T2\GOPR4617.JPG,Coral Garden\AUG 2024_CG_D\AUG_2024_CG_D_T2\GOPR4617\Coral26.JPG,26,0.2583,Coral Garden D,T2,4
Coral Garden\AUG 2024_CG_D\AUG_2024_CG_D_T2\GOPR4617.JPG,Coral Garden\AUG 2024_CG_D\AUG_2024_CG_D_T2\GOPR4617\Coral35.JPG,35,0.1981,Coral Garden D,T2,4
Coral Garden\AUG 2024_CG_D\AUG_2024_CG_D_T2\GOPR4617.JPG,Coral Garden\AUG 2024_CG_D\AUG_2024_CG_D_T2\GOPR4617\Coral43.JPG,43,0.1666,Coral Garden D,T2,4
Coral Garden\AUG 2024_CG_D\AUG_2024_CG_D_T2\GOPR4617.JPG,Coral Garden\AUG 2024_CG_D\AUG_2024_CG_D_T2\GOPR4617\Coral31.JPG,31,0.2378,Coral Garden D,T2,4
Coral Garden\AUG 2024_CG_D\AUG_2024_CG_D_T2\GOPR4617.JPG,Coral Garden\AUG 2024_CG_D\AUG_2024_CG_D_T2\GOPR4617\Coral36.JPG,36,0.198,Coral Garden D,T2,4
Coral Garden\AUG 2024_CG_D\AUG_2024_CG_D_T2\GOPR4617.JPG,Coral Garden\AUG 2024_CG_D\AUG_2024_CG_D_T2\GOPR4617\Coral24.JPG,24,0.2831,Coral Garden D,T2,4
Coral Garden\AUG 2024_CG_D\AUG_2024_CG_D_T2\GOPR4617.JPG,Coral Garden\AUG 2024_CG_D\AUG_2024_CG_D_T2\GOPR4617\Coral23.JPG,23,0.3531,Coral Garden D,T2,4
Coral Garden\AUG 2024_CG_D\AUG_2024_CG_D_T2\GOPR4617.JPG,Coral Garden\AUG 2024_CG_D\AUG_2024_CG_D_T2\GOPR4617\Coral44.JPG,44,0.1631,Coral Garden D,T2,4
Coral Garden\AUG 2024_CG_D\AUG_2024_CG_D_T2\GOPR4617.JPG,Coral Garden\AUG 2024_CG_D\AUG_2024_CG_D_T2\GOPR4617\Coral14.JPG,14,0.4935,Coral Garden D,T2,4
Coral Garden\JULY 2024_CG_D\CG-D_T3\GOPR3042.JPG,Coral Garden\JULY 2024_CG_D\CG-D_T3\GOPR3042\Coral4.JPG,4,0.4228,Coral Garden D,T3,4
Coral Garden\JULY 2024_CG_D\CG-D_T3\GOPR3071.JPG,Coral Garden\JULY 2024_CG_D\CG-D_T3\GOPR3071\Coral3.JPG,3,0.4283,Coral Garden D,T3,4
Coral Garden\AUG 2024_CG_D\AUG_2024_CG_D_T3\GOPR4663.JPG,Coral Garden\AUG 2024_CG_D\AUG_2024_CG_D_T3\GOPR4663\Coral5.JPG,5,0.1585,Coral Garden D,T3,4
Coral Garden\AUG 2024_CG_D\AUG_2024_CG_D_T3\GOPR4676.JPG,Coral Garden\AUG 2024_CG_D\AUG_2024_CG_D_T3\GOPR4676\Coral2.JPG,2,0.5346,Coral Garden D,T3,4
Coral Garden\JULY 2024_CG_D\CG-D_T3\GOPR3028.JPG,Coral Garden\JULY 2024_CG_D\CG-D_T3\GOPR3028\Coral4.JPG,4,0.6405,Coral Garden D,T3,4
Coral Garden\AUG 2024_CG_D\AUG_2024_CG_D_T3\GOPR4693.JPG,Coral Garden\AUG 2024_CG_D\AUG_2024_CG_D_T3\GOPR4693\Coral5.JPG,5,0.2673,Coral Garden D,T3,4
Coral Garden\AUG 2024_CG_D\AUG_2024_CG_D_T3\GOPR4691.JPG,Coral Garden\AUG 2024_CG_D\AUG_2024_CG_D_T3\GOPR4691\Coral21.JPG,21,0.1805,Coral Garden D,T3,4
Coral Garden\AUG 2024_CG_D\AUG_2024_CG_D_T3\GOPR4664.JPG,Coral Garden\AUG 2024_CG_D\AUG_2024_CG_D_T3\GOPR4664\Coral9.JPG,9,0.2127,Coral Garden D,T3,4
Coral Garden\JULY 2024_CG_D\CG-D_T3\GOPR3027.JPG,Coral Garden\JULY 2024_CG_D\CG-D_T3\GOPR3027\Coral3.JPG,3,0.5487,Coral Garden D,T3,4
Coral Garden\JULY 2024_CG_D\CG-D_T3\GOPR3074.JPG,Coral Garden\JULY 2024_CG_D\CG-D_T3\GOPR3074\Coral3.JPG,3,0.2247,Coral Garden D,T3,4
Coral Garden\AUG 2024_CG_D\AUG_2024_CG_D_T3\GOPR4690.JPG,Coral Garden\AUG 2024_CG_D\AUG_2024_CG_D_T3\GOPR4690\Coral6.JPG,6,0.3329,Coral Garden D,T3,4
Coral Garden\AUG 2024_CG_D\AUG_2024_CG_D_T3\GOPR4655.JPG,Coral Garden\AUG 2024_CG_D\AUG_2024_CG_D_T3\GOPR4655\Coral6.JPG,6,0.1684,Coral Garden D,T3,4
Coral Garden\JULY 2024_CG_D\CG-D_T3\GOPR3043.JPG,Coral Garden\JULY 2024_CG_D\CG-D_T3\GOPR3043\Coral10.JPG,10,0.2551,Coral Garden D,T3,4
Coral Garden\AUG 2024_CG_D\AUG_2024_CG_D_T3\GOPR4678.JPG,Coral Garden\AUG 2024_CG_D\AUG_2024_CG_D_T3\GOPR4678\Coral20.JPG,20,0.1586,Coral Garden D,T3,4
Coral Garden\AUG 2024_CG_D\AUG_2024_CG_D_T3\GOPR4669.JPG,Coral Garden\AUG 2024_CG_D\AUG_2024_CG_D_T3\GOPR4669\Coral16.JPG,16,0.1899,Coral Garden D,T3,4
Coral Garden\JULY 2024_CG_D\CG-D_T3\GOPR3044.JPG,Coral Garden\JULY 2024_CG_D\CG-D_T3\GOPR3044\Coral3.JPG,3,0.4526,Coral Garden D,T3,4
Coral Garden\AUG 2024_CG_D\AUG_2024_CG_D_T3\GOPR4689.JPG,Coral Garden\AUG 2024_CG_D\AUG_2024_CG_D_T3\GOPR4689\Coral6.JPG,6,0.2458,Coral Garden D,T3,4
Coral Garden\JULY 2024_CG_D\CG-D_T3\GOPR3045.JPG,Coral Garden\JULY 2024_CG_D\CG-D_T3\GOPR3045\Coral8.JPG,8,0.2653,Coral Garden D,T3,4
Coral Garden\AUG 2024_CG_D\AUG_2024_CG_D_T3\GOPR4653.JPG,Coral Garden\AUG 2024_CG_D\AUG_2024_CG_D_T3\GOPR4653\Coral1.JPG,1,0.2209,Coral Garden D,T3,4
Coral Garden\JULY 2024_CG_D\CG-D_T3\GOPR3054.JPG,Coral Garden\JULY 2024_CG_D\CG-D_T3\GOPR3054\Coral3.JPG,3,0.3668,Coral Garden D,T3,4
Coral Garden\AUG 2024_CG_D\AUG_2024_CG_D_T3\GOPR4650.JPG,Coral Garden\AUG 2024_CG_D\AUG_2024_CG_D_T3\GOPR4650\Coral2.JPG,2,0.1862,Coral Garden D,T3,4
Coral Garden\JULY 2024_CG_D\CG-D_T3\GOPR3070.JPG,Coral Garden\JULY 2024_CG_D\CG-D_T3\GOPR3070\Coral2.JPG,2,0.2093,Coral Garden D,T3,4
Coral Garden\JULY 2024_CG_D\CG-D_T3\GOPR3071.JPG,Coral Garden\JULY 2024_CG_D\CG-D_T3\GOPR3071\Coral5.JPG,5,0.3813,Coral Garden D,T3,4
Coral Garden\AUG 2024_CG_D\AUG_2024_CG_D_T3\GOPR4679.JPG,Coral Garden\AUG 2024_CG_D\AUG_2024_CG_D_T3\GOPR4679\Coral2.JPG,2,0.5143,Coral Garden D,T3,4
Coral Garden\JULY 2024_CG_D\CG-D_T3\GOPR3062.JPG,Coral Garden\JULY 2024_CG_D\CG-D_T3\GOPR3062\Coral5.JPG,5,0.3758,Coral Garden D,T3,4
Coral Garden\JULY 2024_CG_D\CG-D_T3\GOPR3046.JPG,Coral Garden\JULY 2024_CG_D\CG-D_T3\GOPR3046\Coral6.JPG,6,0.4798,Coral Garden D,T3,4
Coral Garden\AUG 2024_CG_D\AUG_2024_CG_D_T3\GOPR4693.JPG,Coral Garden\AUG 2024_CG_D\AUG_2024_CG_D_T3\GOPR4693\Coral14.JPG,14,0.1655,Coral Garden D,T3,4
Coral Garden\AUG 2024_CG_D\AUG_2024_CG_D_T3\GOPR4691.JPG,Coral Garden\AUG 2024_CG_D\AUG_2024_CG_D_T3\GOPR4691\Coral22.JPG,22,0.1801,Coral Garden D,T3,4
Coral Garden\JULY 2024_CG_D\CG-D_T3\GOPR3033.JPG,Coral Garden\JULY 2024_CG_D\CG-D_T3\GOPR3033\Coral1.JPG,1,0.6015,Coral Garden D,T3,4
Coral Garden\JULY 2024_CG_D\CG-D_T3\GOPR3027.JPG,Coral Garden\JULY 2024_CG_D\CG-D_T3\GOPR3027\Coral6.JPG,6,0.3044,Coral Garden D,T3,4
Coral Garden\JULY 2024_CG_D\CG-D_T3\GOPR3051.JPG,Coral Garden\JULY 2024_CG_D\CG-D_T3\GOPR3051\Coral6.JPG,6,0.3089,Coral Garden D,T3,4
Coral Garden\AUG 2024_CG_D\AUG_2024_CG_D_T3\GOPR4668.JPG,Coral Garden\AUG 2024_CG_D\AUG_2024_CG_D_T3\GOPR4668\Coral3.JPG,3,0.5643,Coral Garden D,T3,4
Coral Garden\AUG 2024_CG_D\AUG_2024_CG_D_T3\GOPR4654.JPG,Coral Garden\AUG 2024_CG_D\AUG_2024_CG_D_T3\GOPR4654\Coral1.JPG,1,0.6504,Coral Garden D,T3,4
Coral Garden\JULY 2024_CG_D\CG-D_T3\GOPR3074.JPG,Coral Garden\JULY 2024_CG_D\CG-D_T3\GOPR3074\Coral14.JPG,14,0.1657,Coral Garden D,T3,4
Coral Garden\AUG 2024_CG_D\AUG_2024_CG_D_T3\GOPR4690.JPG,Coral Garden\AUG 2024_CG_D\AUG_2024_CG_D_T3\GOPR4690\Coral8.JPG,8,0.2751,Coral Garden D,T3,4
Coral Garden\AUG 2024_CG_D\AUG_2024_CG_D_T3\GOPR4671.JPG,Coral Garden\AUG 2024_CG_D\AUG_2024_CG_D_T3\GOPR4671\Coral13.JPG,13,0.308,Coral Garden D,T3,4
Coral Garden\AUG 2024_CG_D\AUG_2024_CG_D_T3\GOPR4655.JPG,Coral Garden\AUG 2024_CG_D\AUG_2024_CG_D_T3\GOPR4655\Coral2.JPG,2,0.4931,Coral Garden D,T3,4
Coral Garden\AUG 2024_CG_D\AUG_2024_CG_D_T3\GOPR4695.JPG,Coral Garden\AUG 2024_CG_D\AUG_2024_CG_D_T3\GOPR4695\Coral2.JPG,2,0.3737,Coral Garden D,T3,4
Coral Garden\AUG 2024_CG_D\AUG_2024_CG_D_T3\GOPR4652.JPG,Coral Garden\AUG 2024_CG_D\AUG_2024_CG_D_T3\GOPR4652\Coral1.JPG,1,0.367,Coral Garden D,T3,4
Coral Garden\JULY 2024_CG_D\CG-D_T3\GOPR3034.JPG,Coral Garden\JULY 2024_CG_D\CG-D_T3\GOPR3034\Coral6.JPG,6,0.3291,Coral Garden D,T3,4
Coral Garden\JULY 2024_CG_D\CG-D_T3\GOPR3059.JPG,Coral Garden\JULY 2024_CG_D\CG-D_T3\GOPR3059\Coral6.JPG,6,0.4636,Coral Garden D,T3,4
Coral Garden\JULY 2024_CG_D\CG-D_T3\GOPR3045.JPG,Coral Garden\JULY 2024_CG_D\CG-D_T3\GOPR3045\Coral3.JPG,3,0.6027,Coral Garden D,T3,4
Coral Garden\JULY 2024_CG_D\CG-D_T3\GOPR3039.JPG,Coral Garden\JULY 2024_CG_D\CG-D_T3\GOPR3039\Coral2.JPG,2,0.2556,Coral Garden D,T3,4
Coral Garden\JULY 2024_CG_D\CG-D_T3\GOPR3065.JPG,Coral Garden\JULY 2024_CG_D\CG-D_T3\GOPR3065\Coral1.JPG,1,0.3883,Coral Garden D,T3,4
Coral Garden\AUG 2024_CG_D\AUG_2024_CG_D_T3\GOPR4675.JPG,Coral Garden\AUG 2024_CG_D\AUG_2024_CG_D_T3\GOPR4675\Coral15.JPG,15,0.4046,Coral Garden D,T3,4
Coral Garden\JULY 2024_CG_D\CG-D_T3\GOPR3054.JPG,Coral Garden\JULY 2024_CG_D\CG-D_T3\GOPR3054\Coral6.JPG,6,0.2377,Coral Garden D,T3,4
Coral Garden\JULY 2024_CG_D\CG-D_T3\GOPR3066.JPG,Coral Garden\JULY 2024_CG_D\CG-D_T3\GOPR3066\Coral6.JPG,6,0.2807,Coral Garden D,T3,4
Coral Garden\JULY 2024_CG_D\CG-D_T3\GOPR3070.JPG,Coral Garden\JULY 2024_CG_D\CG-D_T3\GOPR3070\Coral3.JPG,3,0.2061,Coral Garden D,T3,4
Coral Garden\JULY 2024_CG_D\CG-D_T3\GOPR3071.JPG,Coral Garden\JULY 2024_CG_D\CG-D_T3\GOPR3071\Coral13.JPG,13,0.2728,Coral Garden D,T3,4
Coral Garden\JULY 2024_CG_D\CG-D_T3\GOPR3055.JPG,Coral Garden\JULY 2024_CG_D\CG-D_T3\GOPR3055\Coral6.JPG,6,0.3203,Coral Garden D,T3,4
Coral Garden\JULY 2024_CG_D\CG-D_T3\GOPR3048.JPG,Coral Garden\JULY 2024_CG_D\CG-D_T3\GOPR3048\Coral4.JPG,4,0.4715,Coral Garden D,T3,4
Coral Garden\AUG 2024_CG_D\AUG_2024_CG_D_T3\GOPR4682.JPG,Coral Garden\AUG 2024_CG_D\AUG_2024_CG_D_T3\GOPR4682\Coral5.JPG,5,0.7233,Coral Garden D,T3,4
Coral Garden\JULY 2024_CG_D\CG-D_T3\GOPR3067.JPG,Coral Garden\JULY 2024_CG_D\CG-D_T3\GOPR3067\Coral2.JPG,2,0.3662,Coral Garden D,T3,4
Coral Garden\AUG 2024_CG_D\AUG_2024_CG_D_T3\GOPR4671.JPG,Coral Garden\AUG 2024_CG_D\AUG_2024_CG_D_T3\GOPR4671\Coral1.JPG,1,0.623,Coral Garden D,T3,4
Coral Garden\AUG 2024_CG_D\AUG_2024_CG_D_T3\GOPR4655.JPG,Coral Garden\AUG 2024_CG_D\AUG_2024_CG_D_T3\GOPR4655\Coral5.JPG,5,0.2086,Coral Garden D,T3,4
Coral Garden\AUG 2024_CG_D\AUG_2024_CG_D_T3\GOPR4694.JPG,Coral Garden\AUG 2024_CG_D\AUG_2024_CG_D_T3\GOPR4694\Coral7.JPG,7,0.1917,Coral Garden D,T3,4
Coral Garden\JULY 2024_CG_D\CG-D_T3\GOPR3030.JPG,Coral Garden\JULY 2024_CG_D\CG-D_T3\GOPR3030\Coral4.JPG,4,0.2723,Coral Garden D,T3,4
Coral Garden\JULY 2024_CG_D\CG-D_T3\GOPR3045.JPG,Coral Garden\JULY 2024_CG_D\CG-D_T3\GOPR3045\Coral7.JPG,7,0.313,Coral Garden D,T3,4
Coral Garden\JULY 2024_CG_D\CG-D_T3\GOPR3039.JPG,Coral Garden\JULY 2024_CG_D\CG-D_T3\GOPR3039\Coral8.JPG,8,0.1793,Coral Garden D,T3,4
Coral Garden\AUG 2024_CG_D\AUG_2024_CG_D_T3\GOPR4670.JPG,Coral Garden\AUG 2024_CG_D\AUG_2024_CG_D_T3\GOPR4670\Coral9.JPG,9,0.3512,Coral Garden D,T3,4
Coral Garden\AUG 2024_CG_D\AUG_2024_CG_D_T3\GOPR4675.JPG,Coral Garden\AUG 2024_CG_D\AUG_2024_CG_D_T3\GOPR4675\Coral8.JPG,8,0.5763,Coral Garden D,T3,4
Coral Garden\JULY 2024_CG_D\CG-D_T3\GOPR3054.JPG,Coral Garden\JULY 2024_CG_D\CG-D_T3\GOPR3054\Coral7.JPG,7,0.2372,Coral Garden D,T3,4
Coral Garden\JULY 2024_CG_D\CG-D_T3\GOPR3061.JPG,Coral Garden\JULY 2024_CG_D\CG-D_T3\GOPR3061\Coral17.JPG,17,0.1629,Coral Garden D,T3,4
Coral Garden\AUG 2024_CG_D\AUG_2024_CG_D_T3\GOPR4643.JPG,Coral Garden\AUG 2024_CG_D\AUG_2024_CG_D_T3\GOPR4643\Coral4.JPG,4,0.6126,Coral Garden D,T3,4
Coral Garden\AUG 2024_CG_D\AUG_2024_CG_D_T3\GOPR4643.JPG,Coral Garden\AUG 2024_CG_D\AUG_2024_CG_D_T3\GOPR4643\Coral9.JPG,9,0.2231,Coral Garden D,T3,4
Coral Garden\AUG 2024_CG_D\AUG_2024_CG_D_T3\GOPR4643.JPG,Coral Garden\AUG 2024_CG_D\AUG_2024_CG_D_T3\GOPR4643\Coral8.JPG,8,0.2647,Coral Garden D,T3,4
Coral Garden\JULY 2024_CG_D\CG-D_T3\GOPR3042.JPG,Coral Garden\JULY 2024_CG_D\CG-D_T3\GOPR3042\Coral11.JPG,11,0.2678,Coral Garden D,T3,4
Coral Garden\JULY 2024_CG_D\CG-D_T3\GOPR3042.JPG,Coral Garden\JULY 2024_CG_D\CG-D_T3\GOPR3042\Coral21.JPG,21,0.155,Coral Garden D,T3,4
Coral Garden\JULY 2024_CG_D\CG-D_T3\GOPR3042.JPG,Coral Garden\JULY 2024_CG_D\CG-D_T3\GOPR3042\Coral5.JPG,5,0.3885,Coral Garden D,T3,4
Coral Garden\AUG 2024_CG_D\AUG_2024_CG_D_T3\GOPR4666.JPG,Coral Garden\AUG 2024_CG_D\AUG_2024_CG_D_T3\GOPR4666\Coral3.JPG,3,0.4123,Coral Garden D,T3,4
Coral Garden\AUG 2024_CG_D\AUG_2024_CG_D_T3\GOPR4666.JPG,Coral Garden\AUG 2024_CG_D\AUG_2024_CG_D_T3\GOPR4666\Coral2.JPG,2,0.5471,Coral Garden D,T3,4
Coral Garden\JULY 2024_CG_D\CG-D_T3\GOPR3066.JPG,Coral Garden\JULY 2024_CG_D\CG-D_T3\GOPR3066\Coral8.JPG,8,0.2168,Coral Garden D,T3,4
Coral Garden\JULY 2024_CG_D\CG-D_T3\GOPR3041.JPG,Coral Garden\JULY 2024_CG_D\CG-D_T3\GOPR3041\Coral12.JPG,12,0.2393,Coral Garden D,T3,4
Coral Garden\JULY 2024_CG_D\CG-D_T3\GOPR3041.JPG,Coral Garden\JULY 2024_CG_D\CG-D_T3\GOPR3041\Coral18.JPG,18,0.1813,Coral Garden D,T3,4
Coral Garden\JULY 2024_CG_D\CG-D_T3\GOPR3071.JPG,Coral Garden\JULY 2024_CG_D\CG-D_T3\GOPR3071\Coral1.JPG,1,0.4926,Coral Garden D,T3,4
Coral Garden\JULY 2024_CG_D\CG-D_T3\GOPR3071.JPG,Coral Garden\JULY 2024_CG_D\CG-D_T3\GOPR3071\Coral9.JPG,9,0.3389,Coral Garden D,T3,4
Coral Garden\JULY 2024_CG_D\CG-D_T3\GOPR3071.JPG,Coral Garden\JULY 2024_CG_D\CG-D_T3\GOPR3071\Coral14.JPG,14,0.2647,Coral Garden D,T3,4
Coral Garden\JULY 2024_CG_D\CG-D_T3\GOPR3071.JPG,Coral Garden\JULY 2024_CG_D\CG-D_T3\GOPR3071\Coral20.JPG,20,0.1741,Coral Garden D,T3,4
Coral Garden\JULY 2024_CG_D\CG-D_T3\GOPR3052.JPG,Coral Garden\JULY 2024_CG_D\CG-D_T3\GOPR3052\Coral12.JPG,12,0.1529,Coral Garden D,T3,4
Coral Garden\AUG 2024_CG_D\AUG_2024_CG_D_T3\GOPR4674.JPG,Coral Garden\AUG 2024_CG_D\AUG_2024_CG_D_T3\GOPR4674\Coral10.JPG,10,0.4304,Coral Garden D,T3,4
Coral Garden\AUG 2024_CG_D\AUG_2024_CG_D_T3\GOPR4674.JPG,Coral Garden\AUG 2024_CG_D\AUG_2024_CG_D_T3\GOPR4674\Coral8.JPG,8,0.5041,Coral Garden D,T3,4
Coral Garden\AUG 2024_CG_D\AUG_2024_CG_D_T3\GOPR4674.JPG,Coral Garden\AUG 2024_CG_D\AUG_2024_CG_D_T3\GOPR4674\Coral17.JPG,17,0.3142,Coral Garden D,T3,4
Coral Garden\AUG 2024_CG_D\AUG_2024_CG_D_T3\GOPR4674.JPG,Coral Garden\AUG 2024_CG_D\AUG_2024_CG_D_T3\GOPR4674\Coral1.JPG,1,0.8588,Coral Garden D,T3,4
Coral Garden\AUG 2024_CG_D\AUG_2024_CG_D_T3\GOPR4674.JPG,Coral Garden\AUG 2024_CG_D\AUG_2024_CG_D_T3\GOPR4674\Coral23.JPG,23,0.2375,Coral Garden D,T3,4
Coral Garden\AUG 2024_CG_D\AUG_2024_CG_D_T3\GOPR4674.JPG,Coral Garden\AUG 2024_CG_D\AUG_2024_CG_D_T3\GOPR4674\Coral14.JPG,14,0.3532,Coral Garden D,T3,4
Coral Garden\AUG 2024_CG_D\AUG_2024_CG_D_T3\GOPR4674.JPG,Coral Garden\AUG 2024_CG_D\AUG_2024_CG_D_T3\GOPR4674\Coral15.JPG,15,0.3506,Coral Garden D,T3,4
Coral Garden\AUG 2024_CG_D\AUG_2024_CG_D_T3\GOPR4674.JPG,Coral Garden\AUG 2024_CG_D\AUG_2024_CG_D_T3\GOPR4674\Coral12.JPG,12,0.4106,Coral Garden D,T3,4
Coral Garden\JULY 2024_CG_D\CG-D_T3\GOPR3064.JPG,Coral Garden\JULY 2024_CG_D\CG-D_T3\GOPR3064\Coral11.JPG,11,0.3498,Coral Garden D,T3,4
Coral Garden\JULY 2024_CG_D\CG-D_T3\GOPR3064.JPG,Coral Garden\JULY 2024_CG_D\CG-D_T3\GOPR3064\Coral9.JPG,9,0.3596,Coral Garden D,T3,4
Coral Garden\JULY 2024_CG_D\CG-D_T3\GOPR3064.JPG,Coral Garden\JULY 2024_CG_D\CG-D_T3\GOPR3064\Coral8.JPG,8,0.4614,Coral Garden D,T3,4
Coral Garden\JULY 2024_CG_D\CG-D_T3\GOPR3064.JPG,Coral Garden\JULY 2024_CG_D\CG-D_T3\GOPR3064\Coral16.JPG,16,0.2522,Coral Garden D,T3,4
Coral Garden\JULY 2024_CG_D\CG-D_T3\GOPR3064.JPG,Coral Garden\JULY 2024_CG_D\CG-D_T3\GOPR3064\Coral2.JPG,2,0.7087,Coral Garden D,T3,4
Coral Garden\JULY 2024_CG_D\CG-D_T3\GOPR3072.JPG,Coral Garden\JULY 2024_CG_D\CG-D_T3\GOPR3072\Coral4.JPG,4,0.5587,Coral Garden D,T3,4
Coral Garden\AUG 2024_CG_D\AUG_2024_CG_D_T3\GOPR4676.JPG,Coral Garden\AUG 2024_CG_D\AUG_2024_CG_D_T3\GOPR4676\Coral20.JPG,20,0.1829,Coral Garden D,T3,4
Coral Garden\AUG 2024_CG_D\AUG_2024_CG_D_T3\GOPR4676.JPG,Coral Garden\AUG 2024_CG_D\AUG_2024_CG_D_T3\GOPR4676\Coral11.JPG,11,0.2424,Coral Garden D,T3,4
Coral Garden\AUG 2024_CG_D\AUG_2024_CG_D_T3\GOPR4656.JPG,Coral Garden\AUG 2024_CG_D\AUG_2024_CG_D_T3\GOPR4656\Coral1.JPG,1,0.6505,Coral Garden D,T3,4
Coral Garden\AUG 2024_CG_D\AUG_2024_CG_D_T3\GOPR4656.JPG,Coral Garden\AUG 2024_CG_D\AUG_2024_CG_D_T3\GOPR4656\Coral16.JPG,16,0.3451,Coral Garden D,T3,4
Coral Garden\AUG 2024_CG_D\AUG_2024_CG_D_T3\GOPR4656.JPG,Coral Garden\AUG 2024_CG_D\AUG_2024_CG_D_T3\GOPR4656\Coral9.JPG,9,0.4477,Coral Garden D,T3,4
Coral Garden\AUG 2024_CG_D\AUG_2024_CG_D_T3\GOPR4656.JPG,Coral Garden\AUG 2024_CG_D\AUG_2024_CG_D_T3\GOPR4656\Coral22.JPG,22,0.2522,Coral Garden D,T3,4
Coral Garden\AUG 2024_CG_D\AUG_2024_CG_D_T3\GOPR4656.JPG,Coral Garden\AUG 2024_CG_D\AUG_2024_CG_D_T3\GOPR4656\Coral21.JPG,21,0.3031,Coral Garden D,T3,4
Coral Garden\AUG 2024_CG_D\AUG_2024_CG_D_T3\GOPR4692.JPG,Coral Garden\AUG 2024_CG_D\AUG_2024_CG_D_T3\GOPR4692\Coral16.JPG,16,0.27,Coral Garden D,T3,4
Coral Garden\AUG 2024_CG_D\AUG_2024_CG_D_T3\GOPR4692.JPG,Coral Garden\AUG 2024_CG_D\AUG_2024_CG_D_T3\GOPR4692\Coral5.JPG,5,0.4764,Coral Garden D,T3,4
Coral Garden\JULY 2024_CG_D\CG-D_T3\GOPR3028.JPG,Coral Garden\JULY 2024_CG_D\CG-D_T3\GOPR3028\Coral13.JPG,13,0.3189,Coral Garden D,T3,4
Coral Garden\JULY 2024_CG_D\CG-D_T3\GOPR3028.JPG,Coral Garden\JULY 2024_CG_D\CG-D_T3\GOPR3028\Coral8.JPG,8,0.4566,Coral Garden D,T3,4
Coral Garden\JULY 2024_CG_D\CG-D_T3\GOPR3028.JPG,Coral Garden\JULY 2024_CG_D\CG-D_T3\GOPR3028\Coral9.JPG,9,0.3652,Coral Garden D,T3,4
Coral Garden\JULY 2024_CG_D\CG-D_T3\GOPR3028.JPG,Coral Garden\JULY 2024_CG_D\CG-D_T3\GOPR3028\Coral18.JPG,18,0.2344,Coral Garden D,T3,4
Coral Garden\JULY 2024_CG_D\CG-D_T3\GOPR3028.JPG,Coral Garden\JULY 2024_CG_D\CG-D_T3\GOPR3028\Coral23.JPG,23,0.1881,Coral Garden D,T3,4
Coral Garden\JULY 2024_CG_D\CG-D_T3\GOPR3055.JPG,Coral Garden\JULY 2024_CG_D\CG-D_T3\GOPR3055\Coral1.JPG,1,0.4414,Coral Garden D,T3,4
Coral Garden\AUG 2024_CG_D\AUG_2024_CG_D_T3\GOPR4696.JPG,Coral Garden\AUG 2024_CG_D\AUG_2024_CG_D_T3\GOPR4696\Coral7.JPG,7,0.3322,Coral Garden D,T3,4
Coral Garden\AUG 2024_CG_D\AUG_2024_CG_D_T3\GOPR4696.JPG,Coral Garden\AUG 2024_CG_D\AUG_2024_CG_D_T3\GOPR4696\Coral1.JPG,1,0.6593,Coral Garden D,T3,4
Coral Garden\AUG 2024_CG_D\AUG_2024_CG_D_T3\GOPR4696.JPG,Coral Garden\AUG 2024_CG_D\AUG_2024_CG_D_T3\GOPR4696\Coral13.JPG,13,0.2768,Coral Garden D,T3,4
Giant Clam (Shallow Only)\2024_JUL_GC_D\2024_JUL_GC-D_T1\GOPR3390.JPG,Giant Clam (Shallow Only)\2024_JUL_GC_D\2024_JUL_GC-D_T1\GOPR3390\Coral18.JPG,18,0.4141,Giant Clam,T1,4
Giant Clam (Shallow Only)\2024_AUG_GC_D\2024_AUG_GC_T1\GOPR4376.JPG,Giant Clam (Shallow Only)\2024_AUG_GC_D\2024_AUG_GC_T1\GOPR4376\Coral5.JPG,5,0.1586,Giant Clam,T1,4
Giant Clam (Shallow Only)\2024_JUL_GC_D\2024_JUL_GC-D_T1\GOPR3413.JPG,Giant Clam (Shallow Only)\2024_JUL_GC_D\2024_JUL_GC-D_T1\GOPR3413\Coral29.JPG,29,0.3285,Giant Clam,T1,4
Giant Clam (Shallow Only)\2024_AUG_GC_D\2024_AUG_GC_T1\GOPR4371.JPG,Giant Clam (Shallow Only)\2024_AUG_GC_D\2024_AUG_GC_T1\GOPR4371\Coral1.JPG,1,0.6874,Giant Clam,T1,4
Giant Clam (Shallow Only)\2024_JUL_GC_D\2024_JUL_GC-D_T1\GOPR3401.JPG,Giant Clam (Shallow Only)\2024_JUL_GC_D\2024_JUL_GC-D_T1\GOPR3401\Coral1.JPG,1,0.5485,Giant Clam,T1,4
Giant Clam (Shallow Only)\2024_JUL_GC_D\2024_JUL_GC-D_T1\GOPR3378.JPG,Giant Clam (Shallow Only)\2024_JUL_GC_D\2024_JUL_GC-D_T1\GOPR3378\Coral7.JPG,7,0.5189,Giant Clam,T1,4
Giant Clam (Shallow Only)\2024_JUL_GC_D\2024_JUL_GC-D_T1\GOPR3380.JPG,Giant Clam (Shallow Only)\2024_JUL_GC_D\2024_JUL_GC-D_T1\GOPR3380\Coral1.JPG,1,0.8446,Giant Clam,T1,4
Giant Clam (Shallow Only)\2024_AUG_GC_D\2024_AUG_GC_T1\GOPR4405.JPG,Giant Clam (Shallow Only)\2024_AUG_GC_D\2024_AUG_GC_T1\GOPR4405\Coral6.JPG,6,0.2647,Giant Clam,T1,4
Giant Clam (Shallow Only)\2024_JUL_GC_D\2024_JUL_GC-D_T1\GOPR3389.JPG,Giant Clam (Shallow Only)\2024_JUL_GC_D\2024_JUL_GC-D_T1\GOPR3389\Coral13.JPG,13,0.2683,Giant Clam,T1,4
Giant Clam (Shallow Only)\2024_AUG_GC_D\2024_AUG_GC_T1\GOPR4402.JPG,Giant Clam (Shallow Only)\2024_AUG_GC_D\2024_AUG_GC_T1\GOPR4402\Coral17.JPG,17,0.1694,Giant Clam,T1,4
Giant Clam (Shallow Only)\2024_AUG_GC_D\2024_AUG_GC_T1\GOPR4399.JPG,Giant Clam (Shallow Only)\2024_AUG_GC_D\2024_AUG_GC_T1\GOPR4399\Coral17.JPG,17,0.2177,Giant Clam,T1,4
Giant Clam (Shallow Only)\2024_AUG_GC_D\2024_AUG_GC_T1\GOPR4406.JPG,Giant Clam (Shallow Only)\2024_AUG_GC_D\2024_AUG_GC_T1\GOPR4406\Coral13.JPG,13,0.2156,Giant Clam,T1,4
Giant Clam (Shallow Only)\2024_AUG_GC_D\2024_AUG_GC_T1\GOPR4412.JPG,Giant Clam (Shallow Only)\2024_AUG_GC_D\2024_AUG_GC_T1\GOPR4412\Coral7.JPG,7,0.5022,Giant Clam,T1,4
Giant Clam (Shallow Only)\2024_AUG_GC_D\2024_AUG_GC_T1\GOPR4409.JPG,Giant Clam (Shallow Only)\2024_AUG_GC_D\2024_AUG_GC_T1\GOPR4409\Coral2.JPG,2,0.65,Giant Clam,T1,4
Giant Clam (Shallow Only)\2024_AUG_GC_D\2024_AUG_GC_T1\GOPR4392.JPG,Giant Clam (Shallow Only)\2024_AUG_GC_D\2024_AUG_GC_T1\GOPR4392\Coral1.JPG,1,0.5332,Giant Clam,T1,4
Giant Clam (Shallow Only)\2024_AUG_GC_D\2024_AUG_GC_T1\GOPR4370.JPG,Giant Clam (Shallow Only)\2024_AUG_GC_D\2024_AUG_GC_T1\GOPR4370\Coral3.JPG,3,0.492,Giant Clam,T1,4
Giant Clam (Shallow Only)\2024_JUL_GC_D\2024_JUL_GC-D_T1\GOPR3388.JPG,Giant Clam (Shallow Only)\2024_JUL_GC_D\2024_JUL_GC-D_T1\GOPR3388\Coral6.JPG,6,0.3276,Giant Clam,T1,4
Giant Clam (Shallow Only)\2024_JUL_GC_D\2024_JUL_GC-D_T1\GOPR3425.JPG,Giant Clam (Shallow Only)\2024_JUL_GC_D\2024_JUL_GC-D_T1\GOPR3425\Coral6.JPG,6,0.5866,Giant Clam,T1,4
Giant Clam (Shallow Only)\2024_AUG_GC_D\2024_AUG_GC_T1\GOPR4391.JPG,Giant Clam (Shallow Only)\2024_AUG_GC_D\2024_AUG_GC_T1\GOPR4391\Coral11.JPG,11,0.2009,Giant Clam,T1,4
Giant Clam (Shallow Only)\2024_JUL_GC_D\2024_JUL_GC-D_T1\GOPR3399.JPG,Giant Clam (Shallow Only)\2024_JUL_GC_D\2024_JUL_GC-D_T1\GOPR3399\Coral15.JPG,15,0.3006,Giant Clam,T1,4
Giant Clam (Shallow Only)\2024_JUL_GC_D\2024_JUL_GC-D_T1\GOPR3417.JPG,Giant Clam (Shallow Only)\2024_JUL_GC_D\2024_JUL_GC-D_T1\GOPR3417\Coral8.JPG,8,0.5126,Giant Clam,T1,4
Giant Clam (Shallow Only)\2024_JUL_GC_D\2024_JUL_GC-D_T1\GOPR3384.JPG,Giant Clam (Shallow Only)\2024_JUL_GC_D\2024_JUL_GC-D_T1\GOPR3384\Coral6.JPG,6,0.7079,Giant Clam,T1,4
Giant Clam (Shallow Only)\2024_AUG_GC_D\2024_AUG_GC_T1\GOPR4374.JPG,Giant Clam (Shallow Only)\2024_AUG_GC_D\2024_AUG_GC_T1\GOPR4374\Coral2.JPG,2,0.4879,Giant Clam,T1,4
Giant Clam (Shallow Only)\2024_AUG_GC_D\2024_AUG_GC_T1\GOPR4375.JPG,Giant Clam (Shallow Only)\2024_AUG_GC_D\2024_AUG_GC_T1\GOPR4375\Coral5.JPG,5,0.3005,Giant Clam,T1,4
Giant Clam (Shallow Only)\2024_AUG_GC_D\2024_AUG_GC_T1\GOPR4390.JPG,Giant Clam (Shallow Only)\2024_AUG_GC_D\2024_AUG_GC_T1\GOPR4390\Coral11.JPG,11,0.2511,Giant Clam,T1,4
Giant Clam (Shallow Only)\2024_JUL_GC_D\2024_JUL_GC-D_T1\GOPR3413.JPG,Giant Clam (Shallow Only)\2024_JUL_GC_D\2024_JUL_GC-D_T1\GOPR3413\Coral5.JPG,5,0.6065,Giant Clam,T1,4
Giant Clam (Shallow Only)\2024_AUG_GC_D\2024_AUG_GC_T1\GOPR4371.JPG,Giant Clam (Shallow Only)\2024_AUG_GC_D\2024_AUG_GC_T1\GOPR4371\Coral7.JPG,7,0.332,Giant Clam,T1,4
Giant Clam (Shallow Only)\2024_JUL_GC_D\2024_JUL_GC-D_T1\GOPR3397.JPG,Giant Clam (Shallow Only)\2024_JUL_GC_D\2024_JUL_GC-D_T1\GOPR3397\Coral5.JPG,5,0.3335,Giant Clam,T1,4
Giant Clam (Shallow Only)\2024_AUG_GC_D\2024_AUG_GC_T1\GOPR4388.JPG,Giant Clam (Shallow Only)\2024_AUG_GC_D\2024_AUG_GC_T1\GOPR4388\Coral6.JPG,6,0.1973,Giant Clam,T1,4
Giant Clam (Shallow Only)\2024_JUL_GC_D\2024_JUL_GC-D_T1\GOPR3395.JPG,Giant Clam (Shallow Only)\2024_JUL_GC_D\2024_JUL_GC-D_T1\GOPR3395\Coral20.JPG,20,0.1719,Giant Clam,T1,4
Giant Clam (Shallow Only)\2024_JUL_GC_D\2024_JUL_GC-D_T1\GOPR3414.JPG,Giant Clam (Shallow Only)\2024_JUL_GC_D\2024_JUL_GC-D_T1\GOPR3414\Coral18.JPG,18,0.3039,Giant Clam,T1,4
Giant Clam (Shallow Only)\2024_JUL_GC_D\2024_JUL_GC-D_T1\GOPR3419.JPG,Giant Clam (Shallow Only)\2024_JUL_GC_D\2024_JUL_GC-D_T1\GOPR3419\Coral39.JPG,39,0.1578,Giant Clam,T1,4
Giant Clam (Shallow Only)\2024_AUG_GC_D\2024_AUG_GC_T1\GOPR4405.JPG,Giant Clam (Shallow Only)\2024_AUG_GC_D\2024_AUG_GC_T1\GOPR4405\Coral5.JPG,5,0.2719,Giant Clam,T1,4
Giant Clam (Shallow Only)\2024_JUL_GC_D\2024_JUL_GC-D_T1\GOPR3426.JPG,Giant Clam (Shallow Only)\2024_JUL_GC_D\2024_JUL_GC-D_T1\GOPR3426\Coral20.JPG,20,0.2266,Giant Clam,T1,4
Giant Clam (Shallow Only)\2024_AUG_GC_D\2024_AUG_GC_T1\GOPR4404.JPG,Giant Clam (Shallow Only)\2024_AUG_GC_D\2024_AUG_GC_T1\GOPR4404\Coral27.JPG,27,0.1715,Giant Clam,T1,4
Giant Clam (Shallow Only)\2024_JUL_GC_D\2024_JUL_GC-D_T1\GOPR3393.JPG,Giant Clam (Shallow Only)\2024_JUL_GC_D\2024_JUL_GC-D_T1\GOPR3393\Coral12.JPG,12,0.3185,Giant Clam,T1,4
Giant Clam (Shallow Only)\2024_JUL_GC_D\2024_JUL_GC-D_T1\GOPR3404.JPG,Giant Clam (Shallow Only)\2024_JUL_GC_D\2024_JUL_GC-D_T1\GOPR3404\Coral3.JPG,3,0.4898,Giant Clam,T1,4
Giant Clam (Shallow Only)\2024_JUL_GC_D\2024_JUL_GC-D_T1\GOPR3410.JPG,Giant Clam (Shallow Only)\2024_JUL_GC_D\2024_JUL_GC-D_T1\GOPR3410\Coral1.JPG,1,0.7819,Giant Clam,T1,4
Giant Clam (Shallow Only)\2024_JUL_GC_D\2024_JUL_GC-D_T1\GOPR3384.JPG,Giant Clam (Shallow Only)\2024_JUL_GC_D\2024_JUL_GC-D_T1\GOPR3384\Coral3.JPG,3,0.7759,Giant Clam,T1,4
Giant Clam (Shallow Only)\2024_AUG_GC_D\2024_AUG_GC_T1\GOPR4385.JPG,Giant Clam (Shallow Only)\2024_AUG_GC_D\2024_AUG_GC_T1\GOPR4385\Coral10.JPG,10,0.2152,Giant Clam,T1,4
Giant Clam (Shallow Only)\2024_AUG_GC_D\2024_AUG_GC_T1\GOPR4383.JPG,Giant Clam (Shallow Only)\2024_AUG_GC_D\2024_AUG_GC_T1\GOPR4383\Coral20.JPG,20,0.2357,Giant Clam,T1,4
Giant Clam (Shallow Only)\2024_AUG_GC_D\2024_AUG_GC_T1\GOPR4380.JPG,Giant Clam (Shallow Only)\2024_AUG_GC_D\2024_AUG_GC_T1\GOPR4380\Coral1.JPG,1,0.589,Giant Clam,T1,4
Giant Clam (Shallow Only)\2024_AUG_GC_D\2024_AUG_GC_T1\GOPR4403.JPG,Giant Clam (Shallow Only)\2024_AUG_GC_D\2024_AUG_GC_T1\GOPR4403\Coral9.JPG,9,0.3279,Giant Clam,T1,4
Giant Clam (Shallow Only)\2024_JUL_GC_D\2024_JUL_GC-D_T1\GOPR3413.JPG,Giant Clam (Shallow Only)\2024_JUL_GC_D\2024_JUL_GC-D_T1\GOPR3413\Coral41.JPG,41,0.1948,Giant Clam,T1,4
Giant Clam (Shallow Only)\2024_AUG_GC_D\2024_AUG_GC_T1\GOPR4371.JPG,Giant Clam (Shallow Only)\2024_AUG_GC_D\2024_AUG_GC_T1\GOPR4371\Coral5.JPG,5,0.4283,Giant Clam,T1,4
Giant Clam (Shallow Only)\2024_JUL_GC_D\2024_JUL_GC-D_T1\GOPR3386.JPG,Giant Clam (Shallow Only)\2024_JUL_GC_D\2024_JUL_GC-D_T1\GOPR3386\Coral18.JPG,18,0.1518,Giant Clam,T1,4
Giant Clam (Shallow Only)\2024_JUL_GC_D\2024_JUL_GC-D_T1\GOPR3402.JPG,Giant Clam (Shallow Only)\2024_JUL_GC_D\2024_JUL_GC-D_T1\GOPR3402\Coral4.JPG,4,0.507,Giant Clam,T1,4
Giant Clam (Shallow Only)\2024_JUL_GC_D\2024_JUL_GC-D_T1\GOPR3416.JPG,Giant Clam (Shallow Only)\2024_JUL_GC_D\2024_JUL_GC-D_T1\GOPR3416\Coral7.JPG,7,0.5077,Giant Clam,T1,4
Giant Clam (Shallow Only)\2024_JUL_GC_D\2024_JUL_GC-D_T1\GOPR3394.JPG,Giant Clam (Shallow Only)\2024_JUL_GC_D\2024_JUL_GC-D_T1\GOPR3394\Coral25.JPG,25,0.1936,Giant Clam,T1,4
Giant Clam (Shallow Only)\2024_JUL_GC_D\2024_JUL_GC-D_T1\GOPR3422.JPG,Giant Clam (Shallow Only)\2024_JUL_GC_D\2024_JUL_GC-D_T1\GOPR3422\Coral5.JPG,5,0.7068,Giant Clam,T1,4
Giant Clam (Shallow Only)\2024_JUL_GC_D\2024_JUL_GC-D_T1\GOPR3419.JPG,Giant Clam (Shallow Only)\2024_JUL_GC_D\2024_JUL_GC-D_T1\GOPR3419\Coral35.JPG,35,0.1926,Giant Clam,T1,4
Giant Clam (Shallow Only)\2024_AUG_GC_D\2024_AUG_GC_T1\GOPR4402.JPG,Giant Clam (Shallow Only)\2024_AUG_GC_D\2024_AUG_GC_T1\GOPR4402\Coral13.JPG,13,0.2054,Giant Clam,T1,4
Giant Clam (Shallow Only)\2024_AUG_GC_D\2024_AUG_GC_T1\GOPR4399.JPG,Giant Clam (Shallow Only)\2024_AUG_GC_D\2024_AUG_GC_T1\GOPR4399\Coral4.JPG,4,0.4564,Giant Clam,T1,4
Giant Clam (Shallow Only)\2024_AUG_GC_D\2024_AUG_GC_T1\GOPR4404.JPG,Giant Clam (Shallow Only)\2024_AUG_GC_D\2024_AUG_GC_T1\GOPR4404\Coral7.JPG,7,0.4662,Giant Clam,T1,4
Giant Clam (Shallow Only)\2024_JUL_GC_D\2024_JUL_GC-D_T1\GOPR3387.JPG,Giant Clam (Shallow Only)\2024_JUL_GC_D\2024_JUL_GC-D_T1\GOPR3387\Coral6.JPG,6,0.3942,Giant Clam,T1,4
Giant Clam (Shallow Only)\2024_AUG_GC_D\2024_AUG_GC_T1\GOPR4373.JPG,Giant Clam (Shallow Only)\2024_AUG_GC_D\2024_AUG_GC_T1\GOPR4373\Coral6.JPG,6,0.6861,Giant Clam,T1,4
Giant Clam (Shallow Only)\2024_JUL_GC_D\2024_JUL_GC-D_T1\GOPR3410.JPG,Giant Clam (Shallow Only)\2024_JUL_GC_D\2024_JUL_GC-D_T1\GOPR3410\Coral14.JPG,14,0.3179,Giant Clam,T1,4
Giant Clam (Shallow Only)\2024_AUG_GC_D\2024_AUG_GC_T1\GOPR4384.JPG,Giant Clam (Shallow Only)\2024_AUG_GC_D\2024_AUG_GC_T1\GOPR4384\Coral12.JPG,12,0.2412,Giant Clam,T1,4
Giant Clam (Shallow Only)\2024_AUG_GC_D\2024_AUG_GC_T1\GOPR4394.JPG,Giant Clam (Shallow Only)\2024_AUG_GC_D\2024_AUG_GC_T1\GOPR4394\Coral21.JPG,21,0.254,Giant Clam,T1,4
Giant Clam (Shallow Only)\2024_JUL_GC_D\2024_JUL_GC-D_T1\GOPR3379.JPG,Giant Clam (Shallow Only)\2024_JUL_GC_D\2024_JUL_GC-D_T1\GOPR3379\Coral28.JPG,28,0.1726,Giant Clam,T1,4
Giant Clam (Shallow Only)\2024_JUL_GC_D\2024_JUL_GC-D_T1\GOPR3384.JPG,Giant Clam (Shallow Only)\2024_JUL_GC_D\2024_JUL_GC-D_T1\GOPR3384\Coral20.JPG,20,0.3927,Giant Clam,T1,4
Giant Clam (Shallow Only)\2024_AUG_GC_D\2024_AUG_GC_T1\GOPR4378.JPG,Giant Clam (Shallow Only)\2024_AUG_GC_D\2024_AUG_GC_T1\GOPR4378\Coral4.JPG,4,0.2846,Giant Clam,T1,4
Giant Clam (Shallow Only)\2024_JUL_GC_D\2024_JUL_GC-D_T1\GOPR3390.JPG,Giant Clam (Shallow Only)\2024_JUL_GC_D\2024_JUL_GC-D_T1\GOPR3390\Coral19.JPG,19,0.354,Giant Clam,T1,4
Giant Clam (Shallow Only)\2024_JUL_GC_D\2024_JUL_GC-D_T1\GOPR3390.JPG,Giant Clam (Shallow Only)\2024_JUL_GC_D\2024_JUL_GC-D_T1\GOPR3390\Coral21.JPG,21,0.2702,Giant Clam,T1,4
Giant Clam (Shallow Only)\2024_JUL_GC_D\2024_JUL_GC-D_T1\GOPR3390.JPG,Giant Clam (Shallow Only)\2024_JUL_GC_D\2024_JUL_GC-D_T1\GOPR3390\Coral32.JPG,32,0.151,Giant Clam,T1,4
Giant Clam (Shallow Only)\2024_JUL_GC_D\2024_JUL_GC-D_T1\GOPR3390.JPG,Giant Clam (Shallow Only)\2024_JUL_GC_D\2024_JUL_GC-D_T1\GOPR3390\Coral27.JPG,27,0.2116,Giant Clam,T1,4
Giant Clam (Shallow Only)\2024_JUL_GC_D\2024_JUL_GC-D_T1\GOPR3390.JPG,Giant Clam (Shallow Only)\2024_JUL_GC_D\2024_JUL_GC-D_T1\GOPR3390\Coral8.JPG,8,0.6738,Giant Clam,T1,4
Giant Clam (Shallow Only)\2024_AUG_GC_D\2024_AUG_GC_T1\GOPR4398.JPG,Giant Clam (Shallow Only)\2024_AUG_GC_D\2024_AUG_GC_T1\GOPR4398\Coral6.JPG,6,0.3891,Giant Clam,T1,4
Giant Clam (Shallow Only)\2024_JUL_GC_D\2024_JUL_GC-D_T1\GOPR3392.JPG,Giant Clam (Shallow Only)\2024_JUL_GC_D\2024_JUL_GC-D_T1\GOPR3392\Coral14.JPG,14,0.2805,Giant Clam,T1,4
Giant Clam (Shallow Only)\2024_JUL_GC_D\2024_JUL_GC-D_T1\GOPR3392.JPG,Giant Clam (Shallow Only)\2024_JUL_GC_D\2024_JUL_GC-D_T1\GOPR3392\Coral17.JPG,17,0.2317,Giant Clam,T1,4
Giant Clam (Shallow Only)\2024_JUL_GC_D\2024_JUL_GC-D_T1\GOPR3392.JPG,Giant Clam (Shallow Only)\2024_JUL_GC_D\2024_JUL_GC-D_T1\GOPR3392\Coral4.JPG,4,0.5279,Giant Clam,T1,4
Giant Clam (Shallow Only)\2024_JUL_GC_D\2024_JUL_GC-D_T1\GOPR3392.JPG,Giant Clam (Shallow Only)\2024_JUL_GC_D\2024_JUL_GC-D_T1\GOPR3392\Coral5.JPG,5,0.4266,Giant Clam,T1,4
Giant Clam (Shallow Only)\2024_JUL_GC_D\2024_JUL_GC-D_T1\GOPR3392.JPG,Giant Clam (Shallow Only)\2024_JUL_GC_D\2024_JUL_GC-D_T1\GOPR3392\Coral18.JPG,18,0.1816,Giant Clam,T1,4
Giant Clam (Shallow Only)\2024_JUL_GC_D\2024_JUL_GC-D_T1\GOPR3398.JPG,Giant Clam (Shallow Only)\2024_JUL_GC_D\2024_JUL_GC-D_T1\GOPR3398\Coral6.JPG,6,0.2451,Giant Clam,T1,4
Giant Clam (Shallow Only)\2024_AUG_GC_D\2024_AUG_GC_T1\GOPR4376.JPG,Giant Clam (Shallow Only)\2024_AUG_GC_D\2024_AUG_GC_T1\GOPR4376\Coral1.JPG,1,0.6537,Giant Clam,T1,4
Giant Clam (Shallow Only)\2024_AUG_GC_D\2024_AUG_GC_T1\GOPR4390.JPG,Giant Clam (Shallow Only)\2024_AUG_GC_D\2024_AUG_GC_T1\GOPR4390\Coral13.JPG,13,0.1937,Giant Clam,T1,4
Giant Clam (Shallow Only)\2024_AUG_GC_D\2024_AUG_GC_T1\GOPR4390.JPG,Giant Clam (Shallow Only)\2024_AUG_GC_D\2024_AUG_GC_T1\GOPR4390\Coral2.JPG,2,0.7112,Giant Clam,T1,4
Giant Clam (Shallow Only)\2024_AUG_GC_D\2024_AUG_GC_T1\GOPR4380.JPG,Giant Clam (Shallow Only)\2024_AUG_GC_D\2024_AUG_GC_T1\GOPR4380\Coral6.JPG,6,0.1977,Giant Clam,T1,4
Giant Clam (Shallow Only)\2024_AUG_GC_D\2024_AUG_GC_T1\GOPR4380.JPG,Giant Clam (Shallow Only)\2024_AUG_GC_D\2024_AUG_GC_T1\GOPR4380\Coral3.JPG,3,0.413,Giant Clam,T1,4
Giant Clam (Shallow Only)\2024_AUG_GC_D\2024_AUG_GC_T1\GOPR4403.JPG,Giant Clam (Shallow Only)\2024_AUG_GC_D\2024_AUG_GC_T1\GOPR4403\Coral19.JPG,19,0.1744,Giant Clam,T1,4
Giant Clam (Shallow Only)\2024_AUG_GC_D\2024_AUG_GC_T1\GOPR4403.JPG,Giant Clam (Shallow Only)\2024_AUG_GC_D\2024_AUG_GC_T1\GOPR4403\Coral5.JPG,5,0.4297,Giant Clam,T1,4
Giant Clam (Shallow Only)\2024_AUG_GC_D\2024_AUG_GC_T1\GOPR4403.JPG,Giant Clam (Shallow Only)\2024_AUG_GC_D\2024_AUG_GC_T1\GOPR4403\Coral14.JPG,14,0.2287,Giant Clam,T1,4
Giant Clam (Shallow Only)\2024_JUL_GC_D\2024_JUL_GC-D_T1\GOPR3413.JPG,Giant Clam (Shallow Only)\2024_JUL_GC_D\2024_JUL_GC-D_T1\GOPR3413\Coral19.JPG,19,0.4322,Giant Clam,T1,4
Giant Clam (Shallow Only)\2024_JUL_GC_D\2024_JUL_GC-D_T1\GOPR3413.JPG,Giant Clam (Shallow Only)\2024_JUL_GC_D\2024_JUL_GC-D_T1\GOPR3413\Coral1.JPG,1,0.8743,Giant Clam,T1,4
Giant Clam (Shallow Only)\2024_JUL_GC_D\2024_JUL_GC-D_T1\GOPR3413.JPG,Giant Clam (Shallow Only)\2024_JUL_GC_D\2024_JUL_GC-D_T1\GOPR3413\Coral47.JPG,47,0.1525,Giant Clam,T1,4
Giant Clam (Shallow Only)\2024_JUL_GC_D\2024_JUL_GC-D_T1\GOPR3413.JPG,Giant Clam (Shallow Only)\2024_JUL_GC_D\2024_JUL_GC-D_T1\GOPR3413\Coral16.JPG,16,0.4707,Giant Clam,T1,4
Giant Clam (Shallow Only)\2024_JUL_GC_D\2024_JUL_GC-D_T1\GOPR3413.JPG,Giant Clam (Shallow Only)\2024_JUL_GC_D\2024_JUL_GC-D_T1\GOPR3413\Coral33.JPG,33,0.2641,Giant Clam,T1,4
Giant Clam (Shallow Only)\2024_JUL_GC_D\2024_JUL_GC-D_T1\GOPR3413.JPG,Giant Clam (Shallow Only)\2024_JUL_GC_D\2024_JUL_GC-D_T1\GOPR3413\Coral4.JPG,4,0.6937,Giant Clam,T1,4
Giant Clam (Shallow Only)\2024_AUG_GC_D\2024_AUG_GC_T1\GOPR4366.JPG,Giant Clam (Shallow Only)\2024_AUG_GC_D\2024_AUG_GC_T1\GOPR4366\Coral6.JPG,6,0.2033,Giant Clam,T1,4
Giant Clam (Shallow Only)\2024_AUG_GC_D\2024_AUG_GC_T1\GOPR4371.JPG,Giant Clam (Shallow Only)\2024_AUG_GC_D\2024_AUG_GC_T1\GOPR4371\Coral6.JPG,6,0.3613,Giant Clam,T1,4
Giant Clam (Shallow Only)\2024_AUG_GC_D\2024_AUG_GC_T1\GOPR4415.JPG,Giant Clam (Shallow Only)\2024_AUG_GC_D\2024_AUG_GC_T1\GOPR4415\Coral2.JPG,2,0.7033,Giant Clam,T1,4
Giant Clam (Shallow Only)\2024_AUG_GC_D\2024_AUG_GC_T1\GOPR4415.JPG,Giant Clam (Shallow Only)\2024_AUG_GC_D\2024_AUG_GC_T1\GOPR4415\Coral23.JPG,23,0.4269,Giant Clam,T1,4
Giant Clam (Shallow Only)\2024_AUG_GC_D\2024_AUG_GC_T1\GOPR4415.JPG,Giant Clam (Shallow Only)\2024_AUG_GC_D\2024_AUG_GC_T1\GOPR4415\Coral29.JPG,29,0.2731,Giant Clam,T1,4
Giant Clam (Shallow Only)\2024_AUG_GC_D\2024_AUG_GC_T1\GOPR4415.JPG,Giant Clam (Shallow Only)\2024_AUG_GC_D\2024_AUG_GC_T1\GOPR4415\Coral32.JPG,32,0.2091,Giant Clam,T1,4
Giant Clam (Shallow Only)\2024_AUG_GC_D\2024_AUG_GC_T1\GOPR4415.JPG,Giant Clam (Shallow Only)\2024_AUG_GC_D\2024_AUG_GC_T1\GOPR4415\Coral12.JPG,12,0.5128,Giant Clam,T1,4
Giant Clam (Shallow Only)\2024_AUG_GC_D\2024_AUG_GC_T1\GOPR4415.JPG,Giant Clam (Shallow Only)\2024_AUG_GC_D\2024_AUG_GC_T1\GOPR4415\Coral6.JPG,6,0.6544,Giant Clam,T1,4
Giant Clam (Shallow Only)\2024_AUG_GC_D\2024_AUG_GC_T1\GOPR4400.JPG,Giant Clam (Shallow Only)\2024_AUG_GC_D\2024_AUG_GC_T1\GOPR4400\Coral16.JPG,16,0.2266,Giant Clam,T1,4
Giant Clam (Shallow Only)\2024_AUG_GC_D\2024_AUG_GC_T1\GOPR4400.JPG,Giant Clam (Shallow Only)\2024_AUG_GC_D\2024_AUG_GC_T1\GOPR4400\Coral19.JPG,19,0.2075,Giant Clam,T1,4
Giant Clam (Shallow Only)\2024_AUG_GC_D\2024_AUG_GC_T1\GOPR4400.JPG,Giant Clam (Shallow Only)\2024_AUG_GC_D\2024_AUG_GC_T1\GOPR4400\Coral2.JPG,2,0.5681,Giant Clam,T1,4
Giant Clam (Shallow Only)\2024_AUG_GC_D\2024_AUG_GC_T1\GOPR4400.JPG,Giant Clam (Shallow Only)\2024_AUG_GC_D\2024_AUG_GC_T1\GOPR4400\Coral7.JPG,7,0.3251,Giant Clam,T1,4
Giant Clam (Shallow Only)\2024_AUG_GC_D\2024_AUG_GC_T1\GOPR4400.JPG,Giant Clam (Shallow Only)\2024_AUG_GC_D\2024_AUG_GC_T1\GOPR4400\Coral20.JPG,20,0.1765,Giant Clam,T1,4
Giant Clam (Shallow Only)\2024_JUL_GC_D\2024_JUL_GC-D_T1\GOPR3401.JPG,Giant Clam (Shallow Only)\2024_JUL_GC_D\2024_JUL_GC-D_T1\GOPR3401\Coral3.JPG,3,0.4792,Giant Clam,T1,4
Giant Clam (Shallow Only)\2024_JUL_GC_D\2024_JUL_GC-D_T1\GOPR3401.JPG,Giant Clam (Shallow Only)\2024_JUL_GC_D\2024_JUL_GC-D_T1\GOPR3401\Coral8.JPG,8,0.156,Giant Clam,T1,4
Giant Clam (Shallow Only)\2024_JUL_GC_D\2024_JUL_GC-D_T1\GOPR3378.JPG,Giant Clam (Shallow Only)\2024_JUL_GC_D\2024_JUL_GC-D_T1\GOPR3378\Coral2.JPG,2,0.7952,Giant Clam,T1,4
Giant Clam (Shallow Only)\2024_JUL_GC_D\2024_JUL_GC-D_T1\GOPR3378.JPG,Giant Clam (Shallow Only)\2024_JUL_GC_D\2024_JUL_GC-D_T1\GOPR3378\Coral5.JPG,5,0.6115,Giant Clam,T1,4
Giant Clam (Shallow Only)\2024_JUL_GC_D\2024_JUL_GC-D_T1\GOPR3378.JPG,Giant Clam (Shallow Only)\2024_JUL_GC_D\2024_JUL_GC-D_T1\GOPR3378\Coral3.JPG,3,0.7705,Giant Clam,T1,4
Giant Clam (Shallow Only)\2024_JUL_GC_D\2024_JUL_GC-D_T1\GOPR3380.JPG,Giant Clam (Shallow Only)\2024_JUL_GC_D\2024_JUL_GC-D_T1\GOPR3380\Coral18.JPG,18,0.1806,Giant Clam,T1,4
Giant Clam (Shallow Only)\2024_JUL_GC_D\2024_JUL_GC-D_T1\GOPR3380.JPG,Giant Clam (Shallow Only)\2024_JUL_GC_D\2024_JUL_GC-D_T1\GOPR3380\Coral19.JPG,19,0.1701,Giant Clam,T1,4
Giant Clam (Shallow Only)\2024_JUL_GC_D\2024_JUL_GC-D_T1\GOPR3380.JPG,Giant Clam (Shallow Only)\2024_JUL_GC_D\2024_JUL_GC-D_T1\GOPR3380\Coral9.JPG,9,0.4444,Giant Clam,T1,4
Giant Clam (Shallow Only)\2024_JUL_GC_D\2024_JUL_GC-D_T1\GOPR3380.JPG,Giant Clam (Shallow Only)\2024_JUL_GC_D\2024_JUL_GC-D_T1\GOPR3380\Coral10.JPG,10,0.3931,Giant Clam,T1,4
Giant Clam (Shallow Only)\2024_JUL_GC_D\2024_JUL_GC-D_T1\GOPR3380.JPG,Giant Clam (Shallow Only)\2024_JUL_GC_D\2024_JUL_GC-D_T1\GOPR3380\Coral12.JPG,12,0.2908,Giant Clam,T1,4
Giant Clam (Shallow Only)\2024_AUG_GC_D\2024_AUG_GC_T2\GOPR4467.JPG,Giant Clam (Shallow Only)\2024_AUG_GC_D\2024_AUG_GC_T2\GOPR4467\Coral17.JPG,17,0.1788,Giant Clam,T2,4
Giant Clam (Shallow Only)\2024_AUG_GC_D\2024_AUG_GC_T2\GOPR4469.JPG,Giant Clam (Shallow Only)\2024_AUG_GC_D\2024_AUG_GC_T2\GOPR4469\Coral21.JPG,21,0.2691,Giant Clam,T2,4
Giant Clam (Shallow Only)\2024_AUG_GC_D\2024_AUG_GC_T2\GOPR4466.JPG,Giant Clam (Shallow Only)\2024_AUG_GC_D\2024_AUG_GC_T2\GOPR4466\Coral3.JPG,3,0.6931,Giant Clam,T2,4
Giant Clam (Shallow Only)\2024_AUG_GC_D\2024_AUG_GC_T2\GOPR4465.JPG,Giant Clam (Shallow Only)\2024_AUG_GC_D\2024_AUG_GC_T2\GOPR4465\Coral18.JPG,18,0.2208,Giant Clam,T2,4
Giant Clam (Shallow Only)\2024_AUG_GC_D\2024_AUG_GC_T2\GOPR4427.JPG,Giant Clam (Shallow Only)\2024_AUG_GC_D\2024_AUG_GC_T2\GOPR4427\Coral23.JPG,23,0.3745,Giant Clam,T2,4
Giant Clam (Shallow Only)\2024_AUG_GC_D\2024_AUG_GC_T2\GOPR4426.JPG,Giant Clam (Shallow Only)\2024_AUG_GC_D\2024_AUG_GC_T2\GOPR4426\Coral21.JPG,21,0.3265,Giant Clam,T2,4
Giant Clam (Shallow Only)\2024_JUL_GC_D\2024_JUL_GC-D_T2\GOPR3473.JPG,Giant Clam (Shallow Only)\2024_JUL_GC_D\2024_JUL_GC-D_T2\GOPR3473\Coral16.JPG,16,0.3032,Giant Clam,T2,4
Giant Clam (Shallow Only)\2024_JUL_GC_D\2024_JUL_GC-D_T2\GOPR3462.JPG,Giant Clam (Shallow Only)\2024_JUL_GC_D\2024_JUL_GC-D_T2\GOPR3462\Coral23.JPG,23,0.2346,Giant Clam,T2,4
Giant Clam (Shallow Only)\2024_AUG_GC_D\2024_AUG_GC_T2\GOPR4462.JPG,Giant Clam (Shallow Only)\2024_AUG_GC_D\2024_AUG_GC_T2\GOPR4462\Coral7.JPG,7,0.2595,Giant Clam,T2,4
Giant Clam (Shallow Only)\2024_AUG_GC_D\2024_AUG_GC_T2\GOPR4432.JPG,Giant Clam (Shallow Only)\2024_AUG_GC_D\2024_AUG_GC_T2\GOPR4432\Coral19.JPG,19,0.1834,Giant Clam,T2,4
Giant Clam (Shallow Only)\2024_JUL_GC_D\2024_JUL_GC-D_T2\GOPR3463.JPG,Giant Clam (Shallow Only)\2024_JUL_GC_D\2024_JUL_GC-D_T2\GOPR3463\Coral23.JPG,23,0.248,Giant Clam,T2,4
Giant Clam (Shallow Only)\2024_JUL_GC_D\2024_JUL_GC-D_T2\GOPR3475.JPG,Giant Clam (Shallow Only)\2024_JUL_GC_D\2024_JUL_GC-D_T2\GOPR3475\Coral8.JPG,8,0.3994,Giant Clam,T2,4
Giant Clam (Shallow Only)\2024_AUG_GC_D\2024_AUG_GC_T2\GOPR4424.JPG,Giant Clam (Shallow Only)\2024_AUG_GC_D\2024_AUG_GC_T2\GOPR4424\Coral20.JPG,20,0.285,Giant Clam,T2,4
Giant Clam (Shallow Only)\2024_JUL_GC_D\2024_JUL_GC-D_T2\GOPR3454.JPG,Giant Clam (Shallow Only)\2024_JUL_GC_D\2024_JUL_GC-D_T2\GOPR3454\Coral43.JPG,43,0.1584,Giant Clam,T2,4
Giant Clam (Shallow Only)\2024_JUL_GC_D\2024_JUL_GC-D_T2\GOPR3437.JPG,Giant Clam (Shallow Only)\2024_JUL_GC_D\2024_JUL_GC-D_T2\GOPR3437\Coral9.JPG,9,0.6253,Giant Clam,T2,4
Giant Clam (Shallow Only)\2024_AUG_GC_D\2024_AUG_GC_T2\GOPR4435.JPG,Giant Clam (Shallow Only)\2024_AUG_GC_D\2024_AUG_GC_T2\GOPR4435\Coral19.JPG,19,0.186,Giant Clam,T2,4
Giant Clam (Shallow Only)\2024_JUL_GC_D\2024_JUL_GC-D_T2\GOPR3465.JPG,Giant Clam (Shallow Only)\2024_JUL_GC_D\2024_JUL_GC-D_T2\GOPR3465\Coral2.JPG,2,0.7705,Giant Clam,T2,4
Giant Clam (Shallow Only)\2024_AUG_GC_D\2024_AUG_GC_T2\GOPR4467.JPG,Giant Clam (Shallow Only)\2024_AUG_GC_D\2024_AUG_GC_T2\GOPR4467\Coral11.JPG,11,0.3004,Giant Clam,T2,4
Giant Clam (Shallow Only)\2024_AUG_GC_D\2024_AUG_GC_T2\GOPR4461.JPG,Giant Clam (Shallow Only)\2024_AUG_GC_D\2024_AUG_GC_T2\GOPR4461\Coral13.JPG,13,0.4306,Giant Clam,T2,4
Giant Clam (Shallow Only)\2024_JUL_GC_D\2024_JUL_GC-D_T2\GOPR3432.JPG,Giant Clam (Shallow Only)\2024_JUL_GC_D\2024_JUL_GC-D_T2\GOPR3432\Coral33.JPG,33,0.1504,Giant Clam,T2,4
Giant Clam (Shallow Only)\2024_JUL_GC_D\2024_JUL_GC-D_T2\GOPR3476.JPG,Giant Clam (Shallow Only)\2024_JUL_GC_D\2024_JUL_GC-D_T2\GOPR3476\Coral5.JPG,5,0.5955,Giant Clam,T2,4
Giant Clam (Shallow Only)\2024_AUG_GC_D\2024_AUG_GC_T2\GOPR4427.JPG,Giant Clam (Shallow Only)\2024_AUG_GC_D\2024_AUG_GC_T2\GOPR4427\Coral24.JPG,24,0.3722,Giant Clam,T2,4
Giant Clam (Shallow Only)\2024_AUG_GC_D\2024_AUG_GC_T2\GOPR4439.JPG,Giant Clam (Shallow Only)\2024_AUG_GC_D\2024_AUG_GC_T2\GOPR4439\Coral13.JPG,13,0.2953,Giant Clam,T2,4
Giant Clam (Shallow Only)\2024_AUG_GC_D\2024_AUG_GC_T2\GOPR4455.JPG,Giant Clam (Shallow Only)\2024_AUG_GC_D\2024_AUG_GC_T2\GOPR4455\Coral2.JPG,2,0.5426,Giant Clam,T2,4
Giant Clam (Shallow Only)\2024_JUL_GC_D\2024_JUL_GC-D_T2\GOPR3440.JPG,Giant Clam (Shallow Only)\2024_JUL_GC_D\2024_JUL_GC-D_T2\GOPR3440\Coral59.JPG,59,0.1572,Giant Clam,T2,4
Giant Clam (Shallow Only)\2024_AUG_GC_D\2024_AUG_GC_T2\GOPR4432.JPG,Giant Clam (Shallow Only)\2024_AUG_GC_D\2024_AUG_GC_T2\GOPR4432\Coral1.JPG,1,0.553,Giant Clam,T2,4
Giant Clam (Shallow Only)\2024_AUG_GC_D\2024_AUG_GC_T2\GOPR4453.JPG,Giant Clam (Shallow Only)\2024_AUG_GC_D\2024_AUG_GC_T2\GOPR4453\Coral4.JPG,4,0.4929,Giant Clam,T2,4
Giant Clam (Shallow Only)\2024_AUG_GC_D\2024_AUG_GC_T2\GOPR4463.JPG,Giant Clam (Shallow Only)\2024_AUG_GC_D\2024_AUG_GC_T2\GOPR4463\Coral9.JPG,9,0.2491,Giant Clam,T2,4
Giant Clam (Shallow Only)\2024_AUG_GC_D\2024_AUG_GC_T2\GOPR4433.JPG,Giant Clam (Shallow Only)\2024_AUG_GC_D\2024_AUG_GC_T2\GOPR4433\Coral3.JPG,3,0.6028,Giant Clam,T2,4
Giant Clam (Shallow Only)\2024_AUG_GC_D\2024_AUG_GC_T2\GOPR4458.JPG,Giant Clam (Shallow Only)\2024_AUG_GC_D\2024_AUG_GC_T2\GOPR4458\Coral7.JPG,7,0.2412,Giant Clam,T2,4
Giant Clam (Shallow Only)\2024_AUG_GC_D\2024_AUG_GC_T2\GOPR4443.JPG,Giant Clam (Shallow Only)\2024_AUG_GC_D\2024_AUG_GC_T2\GOPR4443\Coral18.JPG,18,0.3037,Giant Clam,T2,4
Giant Clam (Shallow Only)\2024_JUL_GC_D\2024_JUL_GC-D_T2\GOPR3465.JPG,Giant Clam (Shallow Only)\2024_JUL_GC_D\2024_JUL_GC-D_T2\GOPR3465\Coral4.JPG,4,0.6245,Giant Clam,T2,4
Giant Clam (Shallow Only)\2024_JUL_GC_D\2024_JUL_GC-D_T2\GOPR3431.JPG,Giant Clam (Shallow Only)\2024_JUL_GC_D\2024_JUL_GC-D_T2\GOPR3431\Coral9.JPG,9,0.5237,Giant Clam,T2,4
Giant Clam (Shallow Only)\2024_AUG_GC_D\2024_AUG_GC_T2\GOPR4457.JPG,Giant Clam (Shallow Only)\2024_AUG_GC_D\2024_AUG_GC_T2\GOPR4457\Coral6.JPG,6,0.2414,Giant Clam,T2,4
Giant Clam (Shallow Only)\2024_AUG_GC_D\2024_AUG_GC_T2\GOPR4467.JPG,Giant Clam (Shallow Only)\2024_AUG_GC_D\2024_AUG_GC_T2\GOPR4467\Coral10.JPG,10,0.3212,Giant Clam,T2,4
Giant Clam (Shallow Only)\2024_AUG_GC_D\2024_AUG_GC_T2\GOPR4456.JPG,Giant Clam (Shallow Only)\2024_AUG_GC_D\2024_AUG_GC_T2\GOPR4456\Coral11.JPG,11,0.212,Giant Clam,T2,4
Giant Clam (Shallow Only)\2024_JUL_GC_D\2024_JUL_GC-D_T2\GOPR3478.JPG,Giant Clam (Shallow Only)\2024_JUL_GC_D\2024_JUL_GC-D_T2\GOPR3478\Coral15.JPG,15,0.3915,Giant Clam,T2,4
Giant Clam (Shallow Only)\2024_AUG_GC_D\2024_AUG_GC_T2\GOPR4428.JPG,Giant Clam (Shallow Only)\2024_AUG_GC_D\2024_AUG_GC_T2\GOPR4428\Coral4.JPG,4,0.6547,Giant Clam,T2,4
Giant Clam (Shallow Only)\2024_JUL_GC_D\2024_JUL_GC-D_T2\GOPR3470.JPG,Giant Clam (Shallow Only)\2024_JUL_GC_D\2024_JUL_GC-D_T2\GOPR3470\Coral24.JPG,24,0.1644,Giant Clam,T2,4
Giant Clam (Shallow Only)\2024_AUG_GC_D\2024_AUG_GC_T2\GOPR4422.JPG,Giant Clam (Shallow Only)\2024_AUG_GC_D\2024_AUG_GC_T2\GOPR4422\Coral7.JPG,7,0.5952,Giant Clam,T2,4
Giant Clam (Shallow Only)\2024_JUL_GC_D\2024_JUL_GC-D_T2\GOPR3452.JPG,Giant Clam (Shallow Only)\2024_JUL_GC_D\2024_JUL_GC-D_T2\GOPR3452\Coral18.JPG,18,0.3555,Giant Clam,T2,4
Giant Clam (Shallow Only)\2024_JUL_GC_D\2024_JUL_GC-D_T2\GOPR3451.JPG,Giant Clam (Shallow Only)\2024_JUL_GC_D\2024_JUL_GC-D_T2\GOPR3451\Coral23.JPG,23,0.1722,Giant Clam,T2,4
Giant Clam (Shallow Only)\2024_AUG_GC_D\2024_AUG_GC_T2\GOPR4441.JPG,Giant Clam (Shallow Only)\2024_AUG_GC_D\2024_AUG_GC_T2\GOPR4441\Coral17.JPG,17,0.2043,Giant Clam,T2,4
Giant Clam (Shallow Only)\2024_AUG_GC_D\2024_AUG_GC_T2\GOPR4444.JPG,Giant Clam (Shallow Only)\2024_AUG_GC_D\2024_AUG_GC_T2\GOPR4444\Coral21.JPG,21,0.404,Giant Clam,T2,4
Giant Clam (Shallow Only)\2024_JUL_GC_D\2024_JUL_GC-D_T2\GOPR3467.JPG,Giant Clam (Shallow Only)\2024_JUL_GC_D\2024_JUL_GC-D_T2\GOPR3467\Coral4.JPG,4,0.7202,Giant Clam,T2,4
Giant Clam (Shallow Only)\2024_JUL_GC_D\2024_JUL_GC-D_T2\GOPR3466.JPG,Giant Clam (Shallow Only)\2024_JUL_GC_D\2024_JUL_GC-D_T2\GOPR3466\Coral31.JPG,31,0.2295,Giant Clam,T2,4
Giant Clam (Shallow Only)\2024_JUL_GC_D\2024_JUL_GC-D_T2\GOPR3436.JPG,Giant Clam (Shallow Only)\2024_JUL_GC_D\2024_JUL_GC-D_T2\GOPR3436\Coral10.JPG,10,0.3984,Giant Clam,T2,4
Giant Clam (Shallow Only)\2024_AUG_GC_D\2024_AUG_GC_T2\GOPR4450.JPG,Giant Clam (Shallow Only)\2024_AUG_GC_D\2024_AUG_GC_T2\GOPR4450\Coral14.JPG,14,0.2161,Giant Clam,T2,4
Giant Clam (Shallow Only)\2024_AUG_GC_D\2024_AUG_GC_T2\GOPR4433.JPG,Giant Clam (Shallow Only)\2024_AUG_GC_D\2024_AUG_GC_T2\GOPR4433\Coral8.JPG,8,0.3632,Giant Clam,T2,4
Giant Clam (Shallow Only)\2024_AUG_GC_D\2024_AUG_GC_T2\GOPR4423.JPG,Giant Clam (Shallow Only)\2024_AUG_GC_D\2024_AUG_GC_T2\GOPR4423\Coral4.JPG,4,0.6616,Giant Clam,T2,4
Giant Clam (Shallow Only)\2024_AUG_GC_D\2024_AUG_GC_T2\GOPR4451.JPG,Giant Clam (Shallow Only)\2024_AUG_GC_D\2024_AUG_GC_T2\GOPR4451\Coral4.JPG,4,0.4338,Giant Clam,T2,4
Giant Clam (Shallow Only)\2024_AUG_GC_D\2024_AUG_GC_T2\GOPR4437.JPG,Giant Clam (Shallow Only)\2024_AUG_GC_D\2024_AUG_GC_T2\GOPR4437\Coral11.JPG,11,0.3809,Giant Clam,T2,4
Giant Clam (Shallow Only)\2024_JUL_GC_D\2024_JUL_GC-D_T2\GOPR3441.JPG,Giant Clam (Shallow Only)\2024_JUL_GC_D\2024_JUL_GC-D_T2\GOPR3441\Coral43.JPG,43,0.1944,Giant Clam,T2,4
Giant Clam (Shallow Only)\2024_JUL_GC_D\2024_JUL_GC-D_T2\GOPR3439.JPG,Giant Clam (Shallow Only)\2024_JUL_GC_D\2024_JUL_GC-D_T2\GOPR3439\Coral1.JPG,1,0.788,Giant Clam,T2,4
Giant Clam (Shallow Only)\2024_AUG_GC_D\2024_AUG_GC_T2\GOPR4468.JPG,Giant Clam (Shallow Only)\2024_AUG_GC_D\2024_AUG_GC_T2\GOPR4468\Coral17.JPG,17,0.1906,Giant Clam,T2,4
Giant Clam (Shallow Only)\2024_AUG_GC_D\2024_AUG_GC_T2\GOPR4443.JPG,Giant Clam (Shallow Only)\2024_AUG_GC_D\2024_AUG_GC_T2\GOPR4443\Coral24.JPG,24,0.2484,Giant Clam,T2,4
Giant Clam (Shallow Only)\2024_AUG_GC_D\2024_AUG_GC_T2\GOPR4443.JPG,Giant Clam (Shallow Only)\2024_AUG_GC_D\2024_AUG_GC_T2\GOPR4443\Coral7.JPG,7,0.5254,Giant Clam,T2,4
Giant Clam (Shallow Only)\2024_AUG_GC_D\2024_AUG_GC_T2\GOPR4443.JPG,Giant Clam (Shallow Only)\2024_AUG_GC_D\2024_AUG_GC_T2\GOPR4443\Coral33.JPG,33,0.202,Giant Clam,T2,4
Giant Clam (Shallow Only)\2024_AUG_GC_D\2024_AUG_GC_T2\GOPR4443.JPG,Giant Clam (Shallow Only)\2024_AUG_GC_D\2024_AUG_GC_T2\GOPR4443\Coral20.JPG,20,0.2625,Giant Clam,T2,4
Giant Clam (Shallow Only)\2024_AUG_GC_D\2024_AUG_GC_T2\GOPR4443.JPG,Giant Clam (Shallow Only)\2024_AUG_GC_D\2024_AUG_GC_T2\GOPR4443\Coral32.JPG,32,0.204,Giant Clam,T2,4
Giant Clam (Shallow Only)\2024_AUG_GC_D\2024_AUG_GC_T2\GOPR4443.JPG,Giant Clam (Shallow Only)\2024_AUG_GC_D\2024_AUG_GC_T2\GOPR4443\Coral27.JPG,27,0.2391,Giant Clam,T2,4
Giant Clam (Shallow Only)\2024_AUG_GC_D\2024_AUG_GC_T2\GOPR4443.JPG,Giant Clam (Shallow Only)\2024_AUG_GC_D\2024_AUG_GC_T2\GOPR4443\Coral36.JPG,36,0.1742,Giant Clam,T2,4
Giant Clam (Shallow Only)\2024_AUG_GC_D\2024_AUG_GC_T2\GOPR4443.JPG,Giant Clam (Shallow Only)\2024_AUG_GC_D\2024_AUG_GC_T2\GOPR4443\Coral9.JPG,9,0.5049,Giant Clam,T2,4
Giant Clam (Shallow Only)\2024_AUG_GC_D\2024_AUG_GC_T2\GOPR4443.JPG,Giant Clam (Shallow Only)\2024_AUG_GC_D\2024_AUG_GC_T2\GOPR4443\Coral28.JPG,28,0.2337,Giant Clam,T2,4
Giant Clam (Shallow Only)\2024_JUL_GC_D\2024_JUL_GC-D_T2\GOPR3434.JPG,Giant Clam (Shallow Only)\2024_JUL_GC_D\2024_JUL_GC-D_T2\GOPR3434\Coral25.JPG,25,0.2001,Giant Clam,T2,4
Giant Clam (Shallow Only)\2024_JUL_GC_D\2024_JUL_GC-D_T2\GOPR3434.JPG,Giant Clam (Shallow Only)\2024_JUL_GC_D\2024_JUL_GC-D_T2\GOPR3434\Coral24.JPG,24,0.2013,Giant Clam,T2,4
Giant Clam (Shallow Only)\2024_JUL_GC_D\2024_JUL_GC-D_T2\GOPR3434.JPG,Giant Clam (Shallow Only)\2024_JUL_GC_D\2024_JUL_GC-D_T2\GOPR3434\Coral4.JPG,4,0.4832,Giant Clam,T2,4
Giant Clam (Shallow Only)\2024_JUL_GC_D\2024_JUL_GC-D_T2\GOPR3434.JPG,Giant Clam (Shallow Only)\2024_JUL_GC_D\2024_JUL_GC-D_T2\GOPR3434\Coral21.JPG,21,0.2256,Giant Clam,T2,4
Giant Clam (Shallow Only)\2024_JUL_GC_D\2024_JUL_GC-D_T2\GOPR3434.JPG,Giant Clam (Shallow Only)\2024_JUL_GC_D\2024_JUL_GC-D_T2\GOPR3434\Coral10.JPG,10,0.3457,Giant Clam,T2,4
Giant Clam (Shallow Only)\2024_JUL_GC_D\2024_JUL_GC-D_T2\GOPR3434.JPG,Giant Clam (Shallow Only)\2024_JUL_GC_D\2024_JUL_GC-D_T2\GOPR3434\Coral27.JPG,27,0.164,Giant Clam,T2,4
Giant Clam (Shallow Only)\2024_JUL_GC_D\2024_JUL_GC-D_T2\GOPR3434.JPG,Giant Clam (Shallow Only)\2024_JUL_GC_D\2024_JUL_GC-D_T2\GOPR3434\Coral20.JPG,20,0.2344,Giant Clam,T2,4
Giant Clam (Shallow Only)\2024_AUG_GC_D\2024_AUG_GC_T2\GOPR4435.JPG,Giant Clam (Shallow Only)\2024_AUG_GC_D\2024_AUG_GC_T2\GOPR4435\Coral3.JPG,3,0.5017,Giant Clam,T2,4
Giant Clam (Shallow Only)\2024_JUL_GC_D\2024_JUL_GC-D_T2\GOPR3455.JPG,Giant Clam (Shallow Only)\2024_JUL_GC_D\2024_JUL_GC-D_T2\GOPR3455\Coral52.JPG,52,0.1558,Giant Clam,T2,4
Giant Clam (Shallow Only)\2024_JUL_GC_D\2024_JUL_GC-D_T2\GOPR3455.JPG,Giant Clam (Shallow Only)\2024_JUL_GC_D\2024_JUL_GC-D_T2\GOPR3455\Coral34.JPG,34,0.2545,Giant Clam,T2,4
Giant Clam (Shallow Only)\2024_JUL_GC_D\2024_JUL_GC-D_T2\GOPR3455.JPG,Giant Clam (Shallow Only)\2024_JUL_GC_D\2024_JUL_GC-D_T2\GOPR3455\Coral9.JPG,9,0.6279,Giant Clam,T2,4
Giant Clam (Shallow Only)\2024_JUL_GC_D\2024_JUL_GC-D_T2\GOPR3455.JPG,Giant Clam (Shallow Only)\2024_JUL_GC_D\2024_JUL_GC-D_T2\GOPR3455\Coral22.JPG,22,0.3417,Giant Clam,T2,4
Giant Clam (Shallow Only)\2024_JUL_GC_D\2024_JUL_GC-D_T2\GOPR3455.JPG,Giant Clam (Shallow Only)\2024_JUL_GC_D\2024_JUL_GC-D_T2\GOPR3455\Coral51.JPG,51,0.1618,Giant Clam,T2,4
Giant Clam (Shallow Only)\2024_JUL_GC_D\2024_JUL_GC-D_T2\GOPR3455.JPG,Giant Clam (Shallow Only)\2024_JUL_GC_D\2024_JUL_GC-D_T2\GOPR3455\Coral3.JPG,3,0.786,Giant Clam,T2,4
Giant Clam (Shallow Only)\2024_JUL_GC_D\2024_JUL_GC-D_T2\GOPR3455.JPG,Giant Clam (Shallow Only)\2024_JUL_GC_D\2024_JUL_GC-D_T2\GOPR3455\Coral46.JPG,46,0.1745,Giant Clam,T2,4
Giant Clam (Shallow Only)\2024_JUL_GC_D\2024_JUL_GC-D_T2\GOPR3455.JPG,Giant Clam (Shallow Only)\2024_JUL_GC_D\2024_JUL_GC-D_T2\GOPR3455\Coral21.JPG,21,0.3427,Giant Clam,T2,4
Giant Clam (Shallow Only)\2024_JUL_GC_D\2024_JUL_GC-D_T2\GOPR3455.JPG,Giant Clam (Shallow Only)\2024_JUL_GC_D\2024_JUL_GC-D_T2\GOPR3455\Coral1.JPG,1,0.8445,Giant Clam,T2,4
Giant Clam (Shallow Only)\2024_JUL_GC_D\2024_JUL_GC-D_T2\GOPR3455.JPG,Giant Clam (Shallow Only)\2024_JUL_GC_D\2024_JUL_GC-D_T2\GOPR3455\Coral43.JPG,43,0.2032,Giant Clam,T2,4
Giant Clam (Shallow Only)\2024_JUL_GC_D\2024_JUL_GC-D_T2\GOPR3455.JPG,Giant Clam (Shallow Only)\2024_JUL_GC_D\2024_JUL_GC-D_T2\GOPR3455\Coral20.JPG,20,0.3525,Giant Clam,T2,4
Giant Clam (Shallow Only)\2024_JUL_GC_D\2024_JUL_GC-D_T2\GOPR3455.JPG,Giant Clam (Shallow Only)\2024_JUL_GC_D\2024_JUL_GC-D_T2\GOPR3455\Coral37.JPG,37,0.2266,Giant Clam,T2,4
Giant Clam (Shallow Only)\2024_JUL_GC_D\2024_JUL_GC-D_T2\GOPR3450.JPG,Giant Clam (Shallow Only)\2024_JUL_GC_D\2024_JUL_GC-D_T2\GOPR3450\Coral1.JPG,1,0.8035,Giant Clam,T2,4
Giant Clam (Shallow Only)\2024_JUL_GC_D\2024_JUL_GC-D_T2\GOPR3450.JPG,Giant Clam (Shallow Only)\2024_JUL_GC_D\2024_JUL_GC-D_T2\GOPR3450\Coral16.JPG,16,0.462,Giant Clam,T2,4
Giant Clam (Shallow Only)\2024_JUL_GC_D\2024_JUL_GC-D_T2\GOPR3450.JPG,Giant Clam (Shallow Only)\2024_JUL_GC_D\2024_JUL_GC-D_T2\GOPR3450\Coral14.JPG,14,0.4777,Giant Clam,T2,4
Giant Clam (Shallow Only)\2024_JUL_GC_D\2024_JUL_GC-D_T2\GOPR3450.JPG,Giant Clam (Shallow Only)\2024_JUL_GC_D\2024_JUL_GC-D_T2\GOPR3450\Coral30.JPG,30,0.2972,Giant Clam,T2,4
Giant Clam (Shallow Only)\2024_JUL_GC_D\2024_JUL_GC-D_T2\GOPR3450.JPG,Giant Clam (Shallow Only)\2024_JUL_GC_D\2024_JUL_GC-D_T2\GOPR3450\Coral24.JPG,24,0.3694,Giant Clam,T2,4
Giant Clam (Shallow Only)\2024_JUL_GC_D\2024_JUL_GC-D_T2\GOPR3450.JPG,Giant Clam (Shallow Only)\2024_JUL_GC_D\2024_JUL_GC-D_T2\GOPR3450\Coral32.JPG,32,0.2488,Giant Clam,T2,4
Giant Clam (Shallow Only)\2024_JUL_GC_D\2024_JUL_GC-D_T2\GOPR3450.JPG,Giant Clam (Shallow Only)\2024_JUL_GC_D\2024_JUL_GC-D_T2\GOPR3450\Coral35.JPG,35,0.2291,Giant Clam,T2,4
Giant Clam (Shallow Only)\2024_JUL_GC_D\2024_JUL_GC-D_T2\GOPR3450.JPG,Giant Clam (Shallow Only)\2024_JUL_GC_D\2024_JUL_GC-D_T2\GOPR3450\Coral25.JPG,25,0.3585,Giant Clam,T2,4
Giant Clam (Shallow Only)\2024_JUL_GC_D\2024_JUL_GC-D_T2\GOPR3450.JPG,Giant Clam (Shallow Only)\2024_JUL_GC_D\2024_JUL_GC-D_T2\GOPR3450\Coral44.JPG,44,0.1721,Giant Clam,T2,4
Giant Clam (Shallow Only)\2024_JUL_GC_D\2024_JUL_GC-D_T2\GOPR3450.JPG,Giant Clam (Shallow Only)\2024_JUL_GC_D\2024_JUL_GC-D_T2\GOPR3450\Coral34.JPG,34,0.239,Giant Clam,T2,4
Giant Clam (Shallow Only)\2024_JUL_GC_D\2024_JUL_GC-D_T2\GOPR3450.JPG,Giant Clam (Shallow Only)\2024_JUL_GC_D\2024_JUL_GC-D_T2\GOPR3450\Coral21.JPG,21,0.3873,Giant Clam,T2,4
Giant Clam (Shallow Only)\2024_JUL_GC_D\2024_JUL_GC-D_T2\GOPR3450.JPG,Giant Clam (Shallow Only)\2024_JUL_GC_D\2024_JUL_GC-D_T2\GOPR3450\Coral48.JPG,48,0.1613,Giant Clam,T2,4
Giant Clam (Shallow Only)\2024_JUL_GC_D\2024_JUL_GC-D_T2\GOPR3465.JPG,Giant Clam (Shallow Only)\2024_JUL_GC_D\2024_JUL_GC-D_T2\GOPR3465\Coral15.JPG,15,0.3904,Giant Clam,T2,4
Giant Clam (Shallow Only)\2024_JUL_GC_D\2024_JUL_GC-D_T2\GOPR3465.JPG,Giant Clam (Shallow Only)\2024_JUL_GC_D\2024_JUL_GC-D_T2\GOPR3465\Coral10.JPG,10,0.4858,Giant Clam,T2,4
Giant Clam (Shallow Only)\2024_JUL_GC_D\2024_JUL_GC-D_T2\GOPR3465.JPG,Giant Clam (Shallow Only)\2024_JUL_GC_D\2024_JUL_GC-D_T2\GOPR3465\Coral36.JPG,36,0.1953,Giant Clam,T2,4
Giant Clam (Shallow Only)\2024_JUL_GC_D\2024_JUL_GC-D_T2\GOPR3465.JPG,Giant Clam (Shallow Only)\2024_JUL_GC_D\2024_JUL_GC-D_T2\GOPR3465\Coral27.JPG,27,0.2778,Giant Clam,T2,4
Giant Clam (Shallow Only)\2024_JUL_GC_D\2024_JUL_GC-D_T2\GOPR3465.JPG,Giant Clam (Shallow Only)\2024_JUL_GC_D\2024_JUL_GC-D_T2\GOPR3465\Coral24.JPG,24,0.2888,Giant Clam,T2,4
Giant Clam (Shallow Only)\2024_JUL_GC_D\2024_JUL_GC-D_T2\GOPR3465.JPG,Giant Clam (Shallow Only)\2024_JUL_GC_D\2024_JUL_GC-D_T2\GOPR3465\Coral5.JPG,5,0.5839,Giant Clam,T2,4
Giant Clam (Shallow Only)\2024_JUL_GC_D\2024_JUL_GC-D_T2\GOPR3465.JPG,Giant Clam (Shallow Only)\2024_JUL_GC_D\2024_JUL_GC-D_T2\GOPR3465\Coral8.JPG,8,0.5113,Giant Clam,T2,4
Giant Clam (Shallow Only)\2024_JUL_GC_D\2024_JUL_GC-D_T2\GOPR3465.JPG,Giant Clam (Shallow Only)\2024_JUL_GC_D\2024_JUL_GC-D_T2\GOPR3465\Coral17.JPG,17,0.3852,Giant Clam,T2,4
Giant Clam (Shallow Only)\2024_JUL_GC_D\2024_JUL_GC-D_T2\GOPR3447.JPG,Giant Clam (Shallow Only)\2024_JUL_GC_D\2024_JUL_GC-D_T2\GOPR3447\Coral7.JPG,7,0.48,Giant Clam,T2,4
Giant Clam (Shallow Only)\2024_JUL_GC_D\2024_JUL_GC-D_T2\GOPR3447.JPG,Giant Clam (Shallow Only)\2024_JUL_GC_D\2024_JUL_GC-D_T2\GOPR3447\Coral36.JPG,36,0.2148,Giant Clam,T2,4
Giant Clam (Shallow Only)\2024_JUL_GC_D\2024_JUL_GC-D_T2\GOPR3447.JPG,Giant Clam (Shallow Only)\2024_JUL_GC_D\2024_JUL_GC-D_T2\GOPR3447\Coral8.JPG,8,0.4736,Giant Clam,T2,4
Giant Clam (Shallow Only)\2024_JUL_GC_D\2024_JUL_GC-D_T2\GOPR3447.JPG,Giant Clam (Shallow Only)\2024_JUL_GC_D\2024_JUL_GC-D_T2\GOPR3447\Coral2.JPG,2,0.6591,Giant Clam,T2,4
Giant Clam (Shallow Only)\2024_JUL_GC_D\2024_JUL_GC-D_T2\GOPR3447.JPG,Giant Clam (Shallow Only)\2024_JUL_GC_D\2024_JUL_GC-D_T2\GOPR3447\Coral26.JPG,26,0.2596,Giant Clam,T2,4
Giant Clam (Shallow Only)\2024_JUL_GC_D\2024_JUL_GC-D_T2\GOPR3447.JPG,Giant Clam (Shallow Only)\2024_JUL_GC_D\2024_JUL_GC-D_T2\GOPR3447\Coral16.JPG,16,0.3318,Giant Clam,T2,4
Giant Clam (Shallow Only)\2024_JUL_GC_D\2024_JUL_GC-D_T2\GOPR3447.JPG,Giant Clam (Shallow Only)\2024_JUL_GC_D\2024_JUL_GC-D_T2\GOPR3447\Coral42.JPG,42,0.1824,Giant Clam,T2,4
Giant Clam (Shallow Only)\2024_AUG_GC_D\2024_AUG_GC_T3\GOPR4513.JPG,Giant Clam (Shallow Only)\2024_AUG_GC_D\2024_AUG_GC_T3\GOPR4513\Coral7.JPG,7,0.1854,Giant Clam,T3,4
Giant Clam (Shallow Only)\2024_AUG_GC_D\2024_AUG_GC_T3\GOPR4522.JPG,Giant Clam (Shallow Only)\2024_AUG_GC_D\2024_AUG_GC_T3\GOPR4522\Coral17.JPG,17,0.4377,Giant Clam,T3,4
Giant Clam (Shallow Only)\2024_JUL_GC_D\2024_JUL_GC-D_T3\GOPR3487.JPG,Giant Clam (Shallow Only)\2024_JUL_GC_D\2024_JUL_GC-D_T3\GOPR3487\Coral14.JPG,14,0.4699,Giant Clam,T3,4
Giant Clam (Shallow Only)\2024_AUG_GC_D\2024_AUG_GC_T3\GOPR4497.JPG,Giant Clam (Shallow Only)\2024_AUG_GC_D\2024_AUG_GC_T3\GOPR4497\Coral6.JPG,6,0.1597,Giant Clam,T3,4
Giant Clam (Shallow Only)\2024_AUG_GC_D\2024_AUG_GC_T3\GOPR4494.JPG,Giant Clam (Shallow Only)\2024_AUG_GC_D\2024_AUG_GC_T3\GOPR4494\Coral9.JPG,9,0.2603,Giant Clam,T3,4
Giant Clam (Shallow Only)\2024_AUG_GC_D\2024_AUG_GC_T3\GOPR4493.JPG,Giant Clam (Shallow Only)\2024_AUG_GC_D\2024_AUG_GC_T3\GOPR4493\Coral8.JPG,8,0.2559,Giant Clam,T3,4
Giant Clam (Shallow Only)\2024_AUG_GC_D\2024_AUG_GC_T3\GOPR4516.JPG,Giant Clam (Shallow Only)\2024_AUG_GC_D\2024_AUG_GC_T3\GOPR4516\Coral10.JPG,10,0.3484,Giant Clam,T3,4
Giant Clam (Shallow Only)\2024_JUL_GC_D\2024_JUL_GC-D_T3\GOPR3490.JPG,Giant Clam (Shallow Only)\2024_JUL_GC_D\2024_JUL_GC-D_T3\GOPR3490\Coral2.JPG,2,0.782,Giant Clam,T3,4
Giant Clam (Shallow Only)\2024_AUG_GC_D\2024_AUG_GC_T3\GOPR4492.JPG,Giant Clam (Shallow Only)\2024_AUG_GC_D\2024_AUG_GC_T3\GOPR4492\Coral2.JPG,2,0.5661,Giant Clam,T3,4
Giant Clam (Shallow Only)\2024_JUL_GC_D\2024_JUL_GC-D_T3\GOPR3526.JPG,Giant Clam (Shallow Only)\2024_JUL_GC_D\2024_JUL_GC-D_T3\GOPR3526\Coral15.JPG,15,0.2252,Giant Clam,T3,4
Giant Clam (Shallow Only)\2024_AUG_GC_D\2024_AUG_GC_T3\GOPR4507.JPG,Giant Clam (Shallow Only)\2024_AUG_GC_D\2024_AUG_GC_T3\GOPR4507\Coral11.JPG,11,0.2575,Giant Clam,T3,4
Giant Clam (Shallow Only)\2024_JUL_GC_D\2024_JUL_GC-D_T3\GOPR3521.JPG,Giant Clam (Shallow Only)\2024_JUL_GC_D\2024_JUL_GC-D_T3\GOPR3521\Coral10.JPG,10,0.1762,Giant Clam,T3,4
Giant Clam (Shallow Only)\2024_AUG_GC_D\2024_AUG_GC_T3\GOPR4499.JPG,Giant Clam (Shallow Only)\2024_AUG_GC_D\2024_AUG_GC_T3\GOPR4499\Coral11.JPG,11,0.2014,Giant Clam,T3,4
Giant Clam (Shallow Only)\2024_AUG_GC_D\2024_AUG_GC_T3\GOPR4502.JPG,Giant Clam (Shallow Only)\2024_AUG_GC_D\2024_AUG_GC_T3\GOPR4502\Coral7.JPG,7,0.3513,Giant Clam,T3,4
Giant Clam (Shallow Only)\2024_JUL_GC_D\2024_JUL_GC-D_T3\GOPR3511.JPG,Giant Clam (Shallow Only)\2024_JUL_GC_D\2024_JUL_GC-D_T3\GOPR3511\Coral19.JPG,19,0.4027,Giant Clam,T3,4
Giant Clam (Shallow Only)\2024_JUL_GC_D\2024_JUL_GC-D_T3\GOPR3514.JPG,Giant Clam (Shallow Only)\2024_JUL_GC_D\2024_JUL_GC-D_T3\GOPR3514\Coral4.JPG,4,0.5767,Giant Clam,T3,4
Giant Clam (Shallow Only)\2024_AUG_GC_D\2024_AUG_GC_T3\GOPR4491.JPG,Giant Clam (Shallow Only)\2024_AUG_GC_D\2024_AUG_GC_T3\GOPR4491\Coral30.JPG,30,0.2377,Giant Clam,T3,4
Giant Clam (Shallow Only)\2024_JUL_GC_D\2024_JUL_GC-D_T3\GOPR3513.JPG,Giant Clam (Shallow Only)\2024_JUL_GC_D\2024_JUL_GC-D_T3\GOPR3513\Coral34.JPG,34,0.2791,Giant Clam,T3,4
Giant Clam (Shallow Only)\2024_AUG_GC_D\2024_AUG_GC_T3\GOPR4518.JPG,Giant Clam (Shallow Only)\2024_AUG_GC_D\2024_AUG_GC_T3\GOPR4518\Coral6.JPG,6,0.3428,Giant Clam,T3,4
Giant Clam (Shallow Only)\2024_JUL_GC_D\2024_JUL_GC-D_T3\GOPR3506.JPG,Giant Clam (Shallow Only)\2024_JUL_GC_D\2024_JUL_GC-D_T3\GOPR3506\Coral6.JPG,6,0.3255,Giant Clam,T3,4
Giant Clam (Shallow Only)\2024_JUL_GC_D\2024_JUL_GC-D_T3\GOPR3536.JPG,Giant Clam (Shallow Only)\2024_JUL_GC_D\2024_JUL_GC-D_T3\GOPR3536\Coral3.JPG,3,0.6441,Giant Clam,T3,4
Giant Clam (Shallow Only)\2024_AUG_GC_D\2024_AUG_GC_T3\GOPR4496.JPG,Giant Clam (Shallow Only)\2024_AUG_GC_D\2024_AUG_GC_T3\GOPR4496\Coral13.JPG,13,0.1865,Giant Clam,T3,4
Giant Clam (Shallow Only)\2024_JUL_GC_D\2024_JUL_GC-D_T3\GOPR3531.JPG,Giant Clam (Shallow Only)\2024_JUL_GC_D\2024_JUL_GC-D_T3\GOPR3531\Coral21.JPG,21,0.3111,Giant Clam,T3,4
Giant Clam (Shallow Only)\2024_AUG_GC_D\2024_AUG_GC_T3\GOPR4501.JPG,Giant Clam (Shallow Only)\2024_AUG_GC_D\2024_AUG_GC_T3\GOPR4501\Coral7.JPG,7,0.3397,Giant Clam,T3,4
Giant Clam (Shallow Only)\2024_AUG_GC_D\2024_AUG_GC_T3\GOPR4488.JPG,Giant Clam (Shallow Only)\2024_AUG_GC_D\2024_AUG_GC_T3\GOPR4488\Coral22.JPG,22,0.2467,Giant Clam,T3,4
Giant Clam (Shallow Only)\2024_AUG_GC_D\2024_AUG_GC_T3\GOPR4479.JPG,Giant Clam (Shallow Only)\2024_AUG_GC_D\2024_AUG_GC_T3\GOPR4479\Coral29.JPG,29,0.3146,Giant Clam,T3,4
Giant Clam (Shallow Only)\2024_AUG_GC_D\2024_AUG_GC_T3\GOPR4481.JPG,Giant Clam (Shallow Only)\2024_AUG_GC_D\2024_AUG_GC_T3\GOPR4481\Coral3.JPG,3,0.1845,Giant Clam,T3,4
Giant Clam (Shallow Only)\2024_AUG_GC_D\2024_AUG_GC_T3\GOPR4522.JPG,Giant Clam (Shallow Only)\2024_AUG_GC_D\2024_AUG_GC_T3\GOPR4522\Coral27.JPG,27,0.2511,Giant Clam,T3,4
Giant Clam (Shallow Only)\2024_AUG_GC_D\2024_AUG_GC_T3\GOPR4504.JPG,Giant Clam (Shallow Only)\2024_AUG_GC_D\2024_AUG_GC_T3\GOPR4504\Coral18.JPG,18,0.175,Giant Clam,T3,4
Giant Clam (Shallow Only)\2024_JUL_GC_D\2024_JUL_GC-D_T3\GOPR3516.JPG,Giant Clam (Shallow Only)\2024_JUL_GC_D\2024_JUL_GC-D_T3\GOPR3516\Coral10.JPG,10,0.3477,Giant Clam,T3,4
Giant Clam (Shallow Only)\2024_AUG_GC_D\2024_AUG_GC_T3\GOPR4486.JPG,Giant Clam (Shallow Only)\2024_AUG_GC_D\2024_AUG_GC_T3\GOPR4486\Coral15.JPG,15,0.2953,Giant Clam,T3,4
Giant Clam (Shallow Only)\2024_AUG_GC_D\2024_AUG_GC_T3\GOPR4499.JPG,Giant Clam (Shallow Only)\2024_AUG_GC_D\2024_AUG_GC_T3\GOPR4499\Coral7.JPG,7,0.3594,Giant Clam,T3,4
Giant Clam (Shallow Only)\2024_JUL_GC_D\2024_JUL_GC-D_T3\GOPR3514.JPG,Giant Clam (Shallow Only)\2024_JUL_GC_D\2024_JUL_GC-D_T3\GOPR3514\Coral9.JPG,9,0.4853,Giant Clam,T3,4
Giant Clam (Shallow Only)\2024_AUG_GC_D\2024_AUG_GC_T3\GOPR4476.JPG,Giant Clam (Shallow Only)\2024_AUG_GC_D\2024_AUG_GC_T3\GOPR4476\Coral1.JPG,1,0.5097,Giant Clam,T3,4
Giant Clam (Shallow Only)\2024_AUG_GC_D\2024_AUG_GC_T3\GOPR4491.JPG,Giant Clam (Shallow Only)\2024_AUG_GC_D\2024_AUG_GC_T3\GOPR4491\Coral22.JPG,22,0.3206,Giant Clam,T3,4
Giant Clam (Shallow Only)\2024_JUL_GC_D\2024_JUL_GC-D_T3\GOPR3534.JPG,Giant Clam (Shallow Only)\2024_JUL_GC_D\2024_JUL_GC-D_T3\GOPR3534\Coral1.JPG,1,0.828,Giant Clam,T3,4
Giant Clam (Shallow Only)\2024_JUL_GC_D\2024_JUL_GC-D_T3\GOPR3506.JPG,Giant Clam (Shallow Only)\2024_JUL_GC_D\2024_JUL_GC-D_T3\GOPR3506\Coral13.JPG,13,0.2276,Giant Clam,T3,4
Giant Clam (Shallow Only)\2024_AUG_GC_D\2024_AUG_GC_T3\GOPR4496.JPG,Giant Clam (Shallow Only)\2024_AUG_GC_D\2024_AUG_GC_T3\GOPR4496\Coral3.JPG,3,0.4674,Giant Clam,T3,4
Giant Clam (Shallow Only)\2024_AUG_GC_D\2024_AUG_GC_T3\GOPR4511.JPG,Giant Clam (Shallow Only)\2024_AUG_GC_D\2024_AUG_GC_T3\GOPR4511\Coral10.JPG,10,0.1532,Giant Clam,T3,4
Giant Clam (Shallow Only)\2024_AUG_GC_D\2024_AUG_GC_T3\GOPR4514.JPG,Giant Clam (Shallow Only)\2024_AUG_GC_D\2024_AUG_GC_T3\GOPR4514\Coral5.JPG,5,0.4925,Giant Clam,T3,4
Giant Clam (Shallow Only)\2024_JUL_GC_D\2024_JUL_GC-D_T3\GOPR3497.JPG,Giant Clam (Shallow Only)\2024_JUL_GC_D\2024_JUL_GC-D_T3\GOPR3497\Coral14.JPG,14,0.3064,Giant Clam,T3,4
Giant Clam (Shallow Only)\2024_JUL_GC_D\2024_JUL_GC-D_T3\GOPR3492.JPG,Giant Clam (Shallow Only)\2024_JUL_GC_D\2024_JUL_GC-D_T3\GOPR3492\Coral21.JPG,21,0.1963,Giant Clam,T3,4
Giant Clam (Shallow Only)\2024_JUL_GC_D\2024_JUL_GC-D_T3\GOPR3502.JPG,Giant Clam (Shallow Only)\2024_JUL_GC_D\2024_JUL_GC-D_T3\GOPR3502\Coral22.JPG,22,0.4141,Giant Clam,T3,4
Giant Clam (Shallow Only)\2024_JUL_GC_D\2024_JUL_GC-D_T3\GOPR3504.JPG,Giant Clam (Shallow Only)\2024_JUL_GC_D\2024_JUL_GC-D_T3\GOPR3504\Coral7.JPG,7,0.5067,Giant Clam,T3,4
Giant Clam (Shallow Only)\2024_JUL_GC_D\2024_JUL_GC-D_T3\GOPR3488.JPG,Giant Clam (Shallow Only)\2024_JUL_GC_D\2024_JUL_GC-D_T3\GOPR3488\Coral14.JPG,14,0.2618,Giant Clam,T3,4
Giant Clam (Shallow Only)\2024_JUL_GC_D\2024_JUL_GC-D_T3\GOPR3508.JPG,Giant Clam (Shallow Only)\2024_JUL_GC_D\2024_JUL_GC-D_T3\GOPR3508\Coral6.JPG,6,0.5938,Giant Clam,T3,4
Giant Clam (Shallow Only)\2024_JUL_GC_D\2024_JUL_GC-D_T3\GOPR3491.JPG,Giant Clam (Shallow Only)\2024_JUL_GC_D\2024_JUL_GC-D_T3\GOPR3491\Coral24.JPG,24,0.1584,Giant Clam,T3,4
Giant Clam (Shallow Only)\2024_AUG_GC_D\2024_AUG_GC_T3\GOPR4493.JPG,Giant Clam (Shallow Only)\2024_AUG_GC_D\2024_AUG_GC_T3\GOPR4493\Coral4.JPG,4,0.3394,Giant Clam,T3,4
Giant Clam (Shallow Only)\2024_AUG_GC_D\2024_AUG_GC_T3\GOPR4515.JPG,Giant Clam (Shallow Only)\2024_AUG_GC_D\2024_AUG_GC_T3\GOPR4515\Coral11.JPG,11,0.3029,Giant Clam,T3,4
Giant Clam (Shallow Only)\2024_AUG_GC_D\2024_AUG_GC_T3\GOPR4480.JPG,Giant Clam (Shallow Only)\2024_AUG_GC_D\2024_AUG_GC_T3\GOPR4480\Coral7.JPG,7,0.2134,Giant Clam,T3,4
Giant Clam (Shallow Only)\2024_AUG_GC_D\2024_AUG_GC_T3\GOPR4492.JPG,Giant Clam (Shallow Only)\2024_AUG_GC_D\2024_AUG_GC_T3\GOPR4492\Coral1.JPG,1,0.6015,Giant Clam,T3,4
Giant Clam (Shallow Only)\2024_AUG_GC_D\2024_AUG_GC_T3\GOPR4483.JPG,Giant Clam (Shallow Only)\2024_AUG_GC_D\2024_AUG_GC_T3\GOPR4483\Coral7.JPG,7,0.2343,Giant Clam,T3,4
Giant Clam (Shallow Only)\2024_JUL_GC_D\2024_JUL_GC-D_T3\GOPR3493.JPG,Giant Clam (Shallow Only)\2024_JUL_GC_D\2024_JUL_GC-D_T3\GOPR3493\Coral15.JPG,15,0.3464,Giant Clam,T3,4
Giant Clam (Shallow Only)\2024_AUG_GC_D\2024_AUG_GC_T3\GOPR4500.JPG,Giant Clam (Shallow Only)\2024_AUG_GC_D\2024_AUG_GC_T3\GOPR4500\Coral23.JPG,23,0.1728,Giant Clam,T3,4
Giant Clam (Shallow Only)\2024_AUG_GC_D\2024_AUG_GC_T3\GOPR4507.JPG,Giant Clam (Shallow Only)\2024_AUG_GC_D\2024_AUG_GC_T3\GOPR4507\Coral10.JPG,10,0.2656,Giant Clam,T3,4
Giant Clam (Shallow Only)\2024_JUL_GC_D\2024_JUL_GC-D_T3\GOPR3509.JPG,Giant Clam (Shallow Only)\2024_JUL_GC_D\2024_JUL_GC-D_T3\GOPR3509\Coral8.JPG,8,0.2786,Giant Clam,T3,4
Giant Clam (Shallow Only)\2024_AUG_GC_D\2024_AUG_GC_T3\GOPR4521.JPG,Giant Clam (Shallow Only)\2024_AUG_GC_D\2024_AUG_GC_T3\GOPR4521\Coral7.JPG,7,0.4654,Giant Clam,T3,4
Giant Clam (Shallow Only)\2024_AUG_GC_D\2024_AUG_GC_T3\GOPR4499.JPG,Giant Clam (Shallow Only)\2024_AUG_GC_D\2024_AUG_GC_T3\GOPR4499\Coral15.JPG,15,0.1617,Giant Clam,T3,4
Giant Clam (Shallow Only)\2024_AUG_GC_D\2024_AUG_GC_T3\GOPR4478.JPG,Giant Clam (Shallow Only)\2024_AUG_GC_D\2024_AUG_GC_T3\GOPR4478\Coral11.JPG,11,0.2289,Giant Clam,T3,4
Giant Clam (Shallow Only)\2024_AUG_GC_D\2024_AUG_GC_T3\GOPR4476.JPG,Giant Clam (Shallow Only)\2024_AUG_GC_D\2024_AUG_GC_T3\GOPR4476\Coral13.JPG,13,0.1796,Giant Clam,T3,4
Giant Clam (Shallow Only)\2024_JUL_GC_D\2024_JUL_GC-D_T3\GOPR3528.JPG,Giant Clam (Shallow Only)\2024_JUL_GC_D\2024_JUL_GC-D_T3\GOPR3528\Coral26.JPG,26,0.169,Giant Clam,T3,4
Giant Clam (Shallow Only)\2024_AUG_GC_D\2024_AUG_GC_T3\GOPR4484.JPG,Giant Clam (Shallow Only)\2024_AUG_GC_D\2024_AUG_GC_T3\GOPR4484\Coral6.JPG,6,0.1899,Giant Clam,T3,4
Giant Clam (Shallow Only)\2024_JUL_GC_D\2024_JUL_GC-D_T3\GOPR3532.JPG,Giant Clam (Shallow Only)\2024_JUL_GC_D\2024_JUL_GC-D_T3\GOPR3532\Coral41.JPG,41,0.1981,Giant Clam,T3,4
Giant Clam (Shallow Only)\2024_AUG_GC_D\2024_AUG_GC_T3\GOPR4501.JPG,Giant Clam (Shallow Only)\2024_AUG_GC_D\2024_AUG_GC_T3\GOPR4501\Coral22.JPG,22,0.1562,Giant Clam,T3,4
Giant Clam (Shallow Only)\2024_JUL_GC_D\2024_JUL_GC-D_T3\GOPR3501.JPG,Giant Clam (Shallow Only)\2024_JUL_GC_D\2024_JUL_GC-D_T3\GOPR3501\Coral13.JPG,13,0.5594,Giant Clam,T3,4
Giant Clam (Shallow Only)\2024_JUL_GC_D\2024_JUL_GC-D_T3\GOPR3492.JPG,Giant Clam (Shallow Only)\2024_JUL_GC_D\2024_JUL_GC-D_T3\GOPR3492\Coral3.JPG,3,0.7083,Giant Clam,T3,4
Giant Clam (Shallow Only)\2024_JUL_GC_D\2024_JUL_GC-D_T3\GOPR3502.JPG,Giant Clam (Shallow Only)\2024_JUL_GC_D\2024_JUL_GC-D_T3\GOPR3502\Coral25.JPG,25,0.3619,Giant Clam,T3,4
Giant Clam (Shallow Only)\2024_AUG_GC_D\2024_AUG_GC_T3\GOPR4513.JPG,Giant Clam (Shallow Only)\2024_AUG_GC_D\2024_AUG_GC_T3\GOPR4513\Coral8.JPG,8,0.1761,Giant Clam,T3,4
Giant Clam (Shallow Only)\2024_JUL_GC_D\2024_JUL_GC-D_T3\GOPR3489.JPG,Giant Clam (Shallow Only)\2024_JUL_GC_D\2024_JUL_GC-D_T3\GOPR3489\Coral8.JPG,8,0.3056,Giant Clam,T3,4
Giant Clam (Shallow Only)\2024_JUL_GC_D\2024_JUL_GC-D_T3\GOPR3489.JPG,Giant Clam (Shallow Only)\2024_JUL_GC_D\2024_JUL_GC-D_T3\GOPR3489\Coral14.JPG,14,0.2168,Giant Clam,T3,4
Giant Clam (Shallow Only)\2024_JUL_GC_D\2024_JUL_GC-D_T3\GOPR3489.JPG,Giant Clam (Shallow Only)\2024_JUL_GC_D\2024_JUL_GC-D_T3\GOPR3489\Coral17.JPG,17,0.1617,Giant Clam,T3,4
Giant Clam (Shallow Only)\2024_JUL_GC_D\2024_JUL_GC-D_T3\GOPR3489.JPG,Giant Clam (Shallow Only)\2024_JUL_GC_D\2024_JUL_GC-D_T3\GOPR3489\Coral5.JPG,5,0.3513,Giant Clam,T3,4
Giant Clam (Shallow Only)\2024_JUL_GC_D\2024_JUL_GC-D_T3\GOPR3535.JPG,Giant Clam (Shallow Only)\2024_JUL_GC_D\2024_JUL_GC-D_T3\GOPR3535\Coral18.JPG,18,0.1947,Giant Clam,T3,4
Giant Clam (Shallow Only)\2024_JUL_GC_D\2024_JUL_GC-D_T3\GOPR3535.JPG,Giant Clam (Shallow Only)\2024_JUL_GC_D\2024_JUL_GC-D_T3\GOPR3535\Coral11.JPG,11,0.2586,Giant Clam,T3,4
Giant Clam (Shallow Only)\2024_JUL_GC_D\2024_JUL_GC-D_T3\GOPR3535.JPG,Giant Clam (Shallow Only)\2024_JUL_GC_D\2024_JUL_GC-D_T3\GOPR3535\Coral12.JPG,12,0.2429,Giant Clam,T3,4
Giant Clam (Shallow Only)\2024_JUL_GC_D\2024_JUL_GC-D_T3\GOPR3535.JPG,Giant Clam (Shallow Only)\2024_JUL_GC_D\2024_JUL_GC-D_T3\GOPR3535\Coral7.JPG,7,0.3911,Giant Clam,T3,4
Giant Clam (Shallow Only)\2024_JUL_GC_D\2024_JUL_GC-D_T3\GOPR3486.JPG,Giant Clam (Shallow Only)\2024_JUL_GC_D\2024_JUL_GC-D_T3\GOPR3486\Coral18.JPG,18,0.4693,Giant Clam,T3,4
Giant Clam (Shallow Only)\2024_AUG_GC_D\2024_AUG_GC_T3\GOPR4522.JPG,Giant Clam (Shallow Only)\2024_AUG_GC_D\2024_AUG_GC_T3\GOPR4522\Coral28.JPG,28,0.2137,Giant Clam,T3,4
Giant Clam (Shallow Only)\2024_AUG_GC_D\2024_AUG_GC_T3\GOPR4522.JPG,Giant Clam (Shallow Only)\2024_AUG_GC_D\2024_AUG_GC_T3\GOPR4522\Coral32.JPG,32,0.1537,Giant Clam,T3,4
Giant Clam (Shallow Only)\2024_AUG_GC_D\2024_AUG_GC_T3\GOPR4522.JPG,Giant Clam (Shallow Only)\2024_AUG_GC_D\2024_AUG_GC_T3\GOPR4522\Coral21.JPG,21,0.351,Giant Clam,T3,4
Giant Clam (Shallow Only)\2024_AUG_GC_D\2024_AUG_GC_T3\GOPR4522.JPG,Giant Clam (Shallow Only)\2024_AUG_GC_D\2024_AUG_GC_T3\GOPR4522\Coral4.JPG,4,0.675,Giant Clam,T3,4
Giant Clam (Shallow Only)\2024_AUG_GC_D\2024_AUG_GC_T3\GOPR4522.JPG,Giant Clam (Shallow Only)\2024_AUG_GC_D\2024_AUG_GC_T3\GOPR4522\Coral20.JPG,20,0.3752,Giant Clam,T3,4
Giant Clam (Shallow Only)\2024_JUL_GC_D\2024_JUL_GC-D_T3\GOPR3491.JPG,Giant Clam (Shallow Only)\2024_JUL_GC_D\2024_JUL_GC-D_T3\GOPR3491\Coral7.JPG,7,0.3746,Giant Clam,T3,4
Giant Clam (Shallow Only)\2024_JUL_GC_D\2024_JUL_GC-D_T3\GOPR3491.JPG,Giant Clam (Shallow Only)\2024_JUL_GC_D\2024_JUL_GC-D_T3\GOPR3491\Coral2.JPG,2,0.7365,Giant Clam,T3,4
Giant Clam (Shallow Only)\2024_JUL_GC_D\2024_JUL_GC-D_T3\GOPR3491.JPG,Giant Clam (Shallow Only)\2024_JUL_GC_D\2024_JUL_GC-D_T3\GOPR3491\Coral15.JPG,15,0.2871,Giant Clam,T3,4
Giant Clam (Shallow Only)\2024_JUL_GC_D\2024_JUL_GC-D_T3\GOPR3491.JPG,Giant Clam (Shallow Only)\2024_JUL_GC_D\2024_JUL_GC-D_T3\GOPR3491\Coral14.JPG,14,0.2915,Giant Clam,T3,4
Giant Clam (Shallow Only)\2024_JUL_GC_D\2024_JUL_GC-D_T3\GOPR3487.JPG,Giant Clam (Shallow Only)\2024_JUL_GC_D\2024_JUL_GC-D_T3\GOPR3487\Coral4.JPG,4,0.5822,Giant Clam,T3,4
Giant Clam (Shallow Only)\2024_JUL_GC_D\2024_JUL_GC-D_T3\GOPR3487.JPG,Giant Clam (Shallow Only)\2024_JUL_GC_D\2024_JUL_GC-D_T3\GOPR3487\Coral15.JPG,15,0.4665,Giant Clam,T3,4
Giant Clam (Shallow Only)\2024_JUL_GC_D\2024_JUL_GC-D_T3\GOPR3487.JPG,Giant Clam (Shallow Only)\2024_JUL_GC_D\2024_JUL_GC-D_T3\GOPR3487\Coral13.JPG,13,0.4755,Giant Clam,T3,4
Giant Clam (Shallow Only)\2024_JUL_GC_D\2024_JUL_GC-D_T3\GOPR3487.JPG,Giant Clam (Shallow Only)\2024_JUL_GC_D\2024_JUL_GC-D_T3\GOPR3487\Coral20.JPG,20,0.3982,Giant Clam,T3,4
Giant Clam (Shallow Only)\2024_JUL_GC_D\2024_JUL_GC-D_T3\GOPR3487.JPG,Giant Clam (Shallow Only)\2024_JUL_GC_D\2024_JUL_GC-D_T3\GOPR3487\Coral6.JPG,6,0.5443,Giant Clam,T3,4
Giant Clam (Shallow Only)\2024_JUL_GC_D\2024_JUL_GC-D_T3\GOPR3487.JPG,Giant Clam (Shallow Only)\2024_JUL_GC_D\2024_JUL_GC-D_T3\GOPR3487\Coral26.JPG,26,0.2915,Giant Clam,T3,4
Giant Clam (Shallow Only)\2024_AUG_GC_D\2024_AUG_GC_T3\GOPR4497.JPG,Giant Clam (Shallow Only)\2024_AUG_GC_D\2024_AUG_GC_T3\GOPR4497\Coral1.JPG,1,0.5898,Giant Clam,T3,4
Giant Clam (Shallow Only)\2024_JUL_GC_D\2024_JUL_GC-D_T3\GOPR3499.JPG,Giant Clam (Shallow Only)\2024_JUL_GC_D\2024_JUL_GC-D_T3\GOPR3499\Coral10.JPG,10,0.298,Giant Clam,T3,4
Giant Clam (Shallow Only)\2024_JUL_GC_D\2024_JUL_GC-D_T3\GOPR3499.JPG,Giant Clam (Shallow Only)\2024_JUL_GC_D\2024_JUL_GC-D_T3\GOPR3499\Coral20.JPG,20,0.1662,Giant Clam,T3,4
Giant Clam (Shallow Only)\2024_JUL_GC_D\2024_JUL_GC-D_T3\GOPR3499.JPG,Giant Clam (Shallow Only)\2024_JUL_GC_D\2024_JUL_GC-D_T3\GOPR3499\Coral1.JPG,1,0.6339,Giant Clam,T3,4
Giant Clam (Shallow Only)\2024_JUL_GC_D\2024_JUL_GC-D_T3\GOPR3499.JPG,Giant Clam (Shallow Only)\2024_JUL_GC_D\2024_JUL_GC-D_T3\GOPR3499\Coral9.JPG,9,0.3007,Giant Clam,T3,4
Giant Clam (Shallow Only)\2024_JUL_GC_D\2024_JUL_GC-D_T3\GOPR3498.JPG,Giant Clam (Shallow Only)\2024_JUL_GC_D\2024_JUL_GC-D_T3\GOPR3498\Coral16.JPG,16,0.2296,Giant Clam,T3,4
Giant Clam (Shallow Only)\2024_JUL_GC_D\2024_JUL_GC-D_T3\GOPR3498.JPG,Giant Clam (Shallow Only)\2024_JUL_GC_D\2024_JUL_GC-D_T3\GOPR3498\Coral8.JPG,8,0.3832,Giant Clam,T3,4
Giant Clam (Shallow Only)\2024_JUL_GC_D\2024_JUL_GC-D_T3\GOPR3498.JPG,Giant Clam (Shallow Only)\2024_JUL_GC_D\2024_JUL_GC-D_T3\GOPR3498\Coral9.JPG,9,0.3436,Giant Clam,T3,4
Giant Clam (Shallow Only)\2024_JUL_GC_D\2024_JUL_GC-D_T3\GOPR3498.JPG,Giant Clam (Shallow Only)\2024_JUL_GC_D\2024_JUL_GC-D_T3\GOPR3498\Coral1.JPG,1,0.566,Giant Clam,T3,4
Giant Clam (Shallow Only)\2024_JUL_GC_D\2024_JUL_GC-D_T3\GOPR3498.JPG,Giant Clam (Shallow Only)\2024_JUL_GC_D\2024_JUL_GC-D_T3\GOPR3498\Coral15.JPG,15,0.2457,Giant Clam,T3,4
Giant Clam (Shallow Only)\2024_JUL_GC_D\2024_JUL_GC-D_T3\GOPR3498.JPG,Giant Clam (Shallow Only)\2024_JUL_GC_D\2024_JUL_GC-D_T3\GOPR3498\Coral14.JPG,14,0.251,Giant Clam,T3,4
Giant Clam (Shallow Only)\2024_JUL_GC_D\2024_JUL_GC-D_T3\GOPR3498.JPG,Giant Clam (Shallow Only)\2024_JUL_GC_D\2024_JUL_GC-D_T3\GOPR3498\Coral4.JPG,4,0.5103,Giant Clam,T3,4
Giant Clam (Shallow Only)\2024_AUG_GC_D\2024_AUG_GC_T3\GOPR4494.JPG,Giant Clam (Shallow Only)\2024_AUG_GC_D\2024_AUG_GC_T3\GOPR4494\Coral10.JPG,10,0.2482,Giant Clam,T3,4
Giant Clam (Shallow Only)\2024_AUG_GC_D\2024_AUG_GC_T3\GOPR4494.JPG,Giant Clam (Shallow Only)\2024_AUG_GC_D\2024_AUG_GC_T3\GOPR4494\Coral14.JPG,14,0.1661,Giant Clam,T3,4
Giant Clam (Shallow Only)\2024_AUG_GC_D\2024_AUG_GC_T3\GOPR4485.JPG,Giant Clam (Shallow Only)\2024_AUG_GC_D\2024_AUG_GC_T3\GOPR4485\Coral29.JPG,29,0.2253,Giant Clam,T3,4
Giant Clam (Shallow Only)\2024_AUG_GC_D\2024_AUG_GC_T3\GOPR4485.JPG,Giant Clam (Shallow Only)\2024_AUG_GC_D\2024_AUG_GC_T3\GOPR4485\Coral17.JPG,17,0.3374,Giant Clam,T3,4
Giant Clam (Shallow Only)\2024_AUG_GC_D\2024_AUG_GC_T3\GOPR4485.JPG,Giant Clam (Shallow Only)\2024_AUG_GC_D\2024_AUG_GC_T3\GOPR4485\Coral10.JPG,10,0.4564,Giant Clam,T3,4
Giant Clam (Shallow Only)\2024_AUG_GC_D\2024_AUG_GC_T3\GOPR4485.JPG,Giant Clam (Shallow Only)\2024_AUG_GC_D\2024_AUG_GC_T3\GOPR4485\Coral26.JPG,26,0.2409,Giant Clam,T3,4
Giant Clam (Shallow Only)\2024_AUG_GC_D\2024_AUG_GC_T3\GOPR4485.JPG,Giant Clam (Shallow Only)\2024_AUG_GC_D\2024_AUG_GC_T3\GOPR4485\Coral8.JPG,8,0.494,Giant Clam,T3,4
Harka Piloto\2024_AUG_HPFS_S\2024_AUG_HPFS_S_T1\GOPR5505.JPG,Harka Piloto\2024_AUG_HPFS_S\2024_AUG_HPFS_S_T1\GOPR5505\Coral10.JPG,10,0.2052,Harka Piloto S,T1,4
Harka Piloto\2024_HP_JUL_S\HP_S_T1\GOPR3853.JPG,Harka Piloto\2024_HP_JUL_S\HP_S_T1\GOPR3853\Coral6.JPG,6,0.4858,Harka Piloto S,T1,4
Harka Piloto\2024_HP_JUL_S\HP_S_T1\GOPR3879.JPG,Harka Piloto\2024_HP_JUL_S\HP_S_T1\GOPR3879\Coral2.JPG,2,0.7931,Harka Piloto S,T1,4
Harka Piloto\2024_AUG_HPFS_S\2024_AUG_HPFS_S_T1\GOPR5477.JPG,Harka Piloto\2024_AUG_HPFS_S\2024_AUG_HPFS_S_T1\GOPR5477\Coral13.JPG,13,0.3183,Harka Piloto S,T1,4
Harka Piloto\2024_AUG_HPFS_S\2024_AUG_HPFS_S_T1\GOPR5479.JPG,Harka Piloto\2024_AUG_HPFS_S\2024_AUG_HPFS_S_T1\GOPR5479\Coral8.JPG,8,0.3615,Harka Piloto S,T1,4
Harka Piloto\2024_AUG_HPFS_S\2024_AUG_HPFS_S_T1\GOPR5495.JPG,Harka Piloto\2024_AUG_HPFS_S\2024_AUG_HPFS_S_T1\GOPR5495\Coral16.JPG,16,0.2398,Harka Piloto S,T1,4
Harka Piloto\2024_HP_JUL_S\HP_S_T1\GOPR3893.JPG,Harka Piloto\2024_HP_JUL_S\HP_S_T1\GOPR3893\Coral15.JPG,15,0.3118,Harka Piloto S,T1,4
Harka Piloto\2024_HP_JUL_S\HP_S_T1\GOPR3861.JPG,Harka Piloto\2024_HP_JUL_S\HP_S_T1\GOPR3861\Coral16.JPG,16,0.3483,Harka Piloto S,T1,4
Harka Piloto\2024_AUG_HPFS_S\2024_AUG_HPFS_S_T1\GOPR5512.JPG,Harka Piloto\2024_AUG_HPFS_S\2024_AUG_HPFS_S_T1\GOPR5512\Coral31.JPG,31,0.1552,Harka Piloto S,T1,4
Harka Piloto\2024_AUG_HPFS_S\2024_AUG_HPFS_S_T1\GOPR5475.JPG,Harka Piloto\2024_AUG_HPFS_S\2024_AUG_HPFS_S_T1\GOPR5475\Coral11.JPG,11,0.1771,Harka Piloto S,T1,4
Harka Piloto\2024_AUG_HPFS_S\2024_AUG_HPFS_S_T1\GOPR5498.JPG,Harka Piloto\2024_AUG_HPFS_S\2024_AUG_HPFS_S_T1\GOPR5498\Coral9.JPG,9,0.2875,Harka Piloto S,T1,4
Harka Piloto\2024_HP_JUL_S\HP_S_T1\GOPR3872.JPG,Harka Piloto\2024_HP_JUL_S\HP_S_T1\GOPR3872\Coral10.JPG,10,0.3967,Harka Piloto S,T1,4
Harka Piloto\2024_HP_JUL_S\HP_S_T1\GOPR3885.JPG,Harka Piloto\2024_HP_JUL_S\HP_S_T1\GOPR3885\Coral11.JPG,11,0.2014,Harka Piloto S,T1,4
Harka Piloto\2024_AUG_HPFS_S\2024_AUG_HPFS_S_T1\GOPR5483.JPG,Harka Piloto\2024_AUG_HPFS_S\2024_AUG_HPFS_S_T1\GOPR5483\Coral9.JPG,9,0.3358,Harka Piloto S,T1,4
Harka Piloto\2024_AUG_HPFS_S\2024_AUG_HPFS_S_T1\GOPR5485.JPG,Harka Piloto\2024_AUG_HPFS_S\2024_AUG_HPFS_S_T1\GOPR5485\Coral8.JPG,8,0.4691,Harka Piloto S,T1,4
Harka Piloto\2024_AUG_HPFS_S\2024_AUG_HPFS_S_T1\GOPR5521.JPG,Harka Piloto\2024_AUG_HPFS_S\2024_AUG_HPFS_S_T1\GOPR5521\Coral12.JPG,12,0.3564,Harka Piloto S,T1,4
Harka Piloto\2024_HP_JUL_S\HP_S_T1\GOPR3867.JPG,Harka Piloto\2024_HP_JUL_S\HP_S_T1\GOPR3867\Coral31.JPG,31,0.2255,Harka Piloto S,T1,4
Harka Piloto\2024_HP_JUL_S\HP_S_T1\GOPR3852.JPG,Harka Piloto\2024_HP_JUL_S\HP_S_T1\GOPR3852\Coral4.JPG,4,0.6541,Harka Piloto S,T1,4
Harka Piloto\2024_AUG_HPFS_S\2024_AUG_HPFS_S_T1\GOPR5476.JPG,Harka Piloto\2024_AUG_HPFS_S\2024_AUG_HPFS_S_T1\GOPR5476\Coral2.JPG,2,0.7046,Harka Piloto S,T1,4
Harka Piloto\2024_HP_JUL_S\HP_S_T1\GOPR3898.JPG,Harka Piloto\2024_HP_JUL_S\HP_S_T1\GOPR3898\Coral10.JPG,10,0.4013,Harka Piloto S,T1,4
Harka Piloto\2024_HP_JUL_S\HP_S_T1\GOPR3850.JPG,Harka Piloto\2024_HP_JUL_S\HP_S_T1\GOPR3850\Coral44.JPG,44,0.1633,Harka Piloto S,T1,4
Harka Piloto\2024_HP_JUL_S\HP_S_T1\GOPR3853.JPG,Harka Piloto\2024_HP_JUL_S\HP_S_T1\GOPR3853\Coral23.JPG,23,0.2188,Harka Piloto S,T1,4
Harka Piloto\2024_HP_JUL_S\HP_S_T1\GOPR3865.JPG,Harka Piloto\2024_HP_JUL_S\HP_S_T1\GOPR3865\Coral5.JPG,5,0.569,Harka Piloto S,T1,4
Harka Piloto\2024_AUG_HPFS_S\2024_AUG_HPFS_S_T1\GOPR5513.JPG,Harka Piloto\2024_AUG_HPFS_S\2024_AUG_HPFS_S_T1\GOPR5513\Coral9.JPG,9,0.3096,Harka Piloto S,T1,4
Harka Piloto\2024_AUG_HPFS_S\2024_AUG_HPFS_S_T1\GOPR5515.JPG,Harka Piloto\2024_AUG_HPFS_S\2024_AUG_HPFS_S_T1\GOPR5515\Coral28.JPG,28,0.2254,Harka Piloto S,T1,4
Harka Piloto\2024_HP_JUL_S\HP_S_T1\GOPR3860.JPG,Harka Piloto\2024_HP_JUL_S\HP_S_T1\GOPR3860\Coral4.JPG,4,0.7242,Harka Piloto S,T1,4
Harka Piloto\2024_HP_JUL_S\HP_S_T1\GOPR3864.JPG,Harka Piloto\2024_HP_JUL_S\HP_S_T1\GOPR3864\Coral15.JPG,15,0.2988,Harka Piloto S,T1,4
Harka Piloto\2024_HP_JUL_S\HP_S_T1\GOPR3882.JPG,Harka Piloto\2024_HP_JUL_S\HP_S_T1\GOPR3882\Coral13.JPG,13,0.3954,Harka Piloto S,T1,4
Harka Piloto\2024_AUG_HPFS_S\2024_AUG_HPFS_S_T1\GOPR5507.JPG,Harka Piloto\2024_AUG_HPFS_S\2024_AUG_HPFS_S_T1\GOPR5507\Coral5.JPG,5,0.4112,Harka Piloto S,T1,4
Harka Piloto\2024_HP_JUL_S\HP_S_T1\GOPR3872.JPG,Harka Piloto\2024_HP_JUL_S\HP_S_T1\GOPR3872\Coral24.JPG,24,0.2589,Harka Piloto S,T1,4
Harka Piloto\2024_AUG_HPFS_S\2024_AUG_HPFS_S_T1\GOPR5522.JPG,Harka Piloto\2024_AUG_HPFS_S\2024_AUG_HPFS_S_T1\GOPR5522\Coral11.JPG,11,0.2682,Harka Piloto S,T1,4
Harka Piloto\2024_HP_JUL_S\HP_S_T1\GOPR3854.JPG,Harka Piloto\2024_HP_JUL_S\HP_S_T1\GOPR3854\Coral43.JPG,43,0.1881,Harka Piloto S,T1,4
Harka Piloto\2024_AUG_HPFS_S\2024_AUG_HPFS_S_T1\GOPR5521.JPG,Harka Piloto\2024_AUG_HPFS_S\2024_AUG_HPFS_S_T1\GOPR5521\Coral18.JPG,18,0.2693,Harka Piloto S,T1,4
Harka Piloto\2024_AUG_HPFS_S\2024_AUG_HPFS_S_T1\GOPR5478.JPG,Harka Piloto\2024_AUG_HPFS_S\2024_AUG_HPFS_S_T1\GOPR5478\Coral7.JPG,7,0.3486,Harka Piloto S,T1,4
Harka Piloto\2024_HP_JUL_S\HP_S_T1\GOPR3856.JPG,Harka Piloto\2024_HP_JUL_S\HP_S_T1\GOPR3856\Coral13.JPG,13,0.502,Harka Piloto S,T1,4
Harka Piloto\2024_HP_JUL_S\HP_S_T1\GOPR3852.JPG,Harka Piloto\2024_HP_JUL_S\HP_S_T1\GOPR3852\Coral14.JPG,14,0.3829,Harka Piloto S,T1,4
Harka Piloto\2024_AUG_HPFS_S\2024_AUG_HPFS_S_T1\GOPR5520.JPG,Harka Piloto\2024_AUG_HPFS_S\2024_AUG_HPFS_S_T1\GOPR5520\Coral19.JPG,19,0.1672,Harka Piloto S,T1,4
Harka Piloto\2024_AUG_HPFS_S\2024_AUG_HPFS_S_T1\GOPR5489.JPG,Harka Piloto\2024_AUG_HPFS_S\2024_AUG_HPFS_S_T1\GOPR5489\Coral28.JPG,28,0.1703,Harka Piloto S,T1,4
Harka Piloto\2024_AUG_HPFS_S\2024_AUG_HPFS_S_T1\GOPR5523.JPG,Harka Piloto\2024_AUG_HPFS_S\2024_AUG_HPFS_S_T1\GOPR5523\Coral13.JPG,13,0.4505,Harka Piloto S,T1,4
Harka Piloto\2024_HP_JUL_S\HP_S_T1\GOPR3898.JPG,Harka Piloto\2024_HP_JUL_S\HP_S_T1\GOPR3898\Coral20.JPG,20,0.2035,Harka Piloto S,T1,4
Harka Piloto\2024_AUG_HPFS_S\2024_AUG_HPFS_S_T1\GOPR5499.JPG,Harka Piloto\2024_AUG_HPFS_S\2024_AUG_HPFS_S_T1\GOPR5499\Coral19.JPG,19,0.1667,Harka Piloto S,T1,4
Harka Piloto\2024_HP_JUL_S\HP_S_T1\GOPR3850.JPG,Harka Piloto\2024_HP_JUL_S\HP_S_T1\GOPR3850\Coral17.JPG,17,0.4074,Harka Piloto S,T1,4
Harka Piloto\2024_HP_JUL_S\HP_S_T1\GOPR3871.JPG,Harka Piloto\2024_HP_JUL_S\HP_S_T1\GOPR3871\Coral32.JPG,32,0.1802,Harka Piloto S,T1,4
Harka Piloto\2024_HP_JUL_S\HP_S_T1\GOPR3853.JPG,Harka Piloto\2024_HP_JUL_S\HP_S_T1\GOPR3853\Coral18.JPG,18,0.2572,Harka Piloto S,T1,4
Harka Piloto\2024_AUG_HPFS_S\2024_AUG_HPFS_S_T1\GOPR5501.JPG,Harka Piloto\2024_AUG_HPFS_S\2024_AUG_HPFS_S_T1\GOPR5501\Coral10.JPG,10,0.3001,Harka Piloto S,T1,4
Harka Piloto\2024_HP_JUL_S\HP_S_T1\GOPR3862.JPG,Harka Piloto\2024_HP_JUL_S\HP_S_T1\GOPR3862\Coral8.JPG,8,0.5404,Harka Piloto S,T1,4
Harka Piloto\2024_AUG_HPFS_S\2024_AUG_HPFS_S_T1\GOPR5506.JPG,Harka Piloto\2024_AUG_HPFS_S\2024_AUG_HPFS_S_T1\GOPR5506\Coral8.JPG,8,0.2234,Harka Piloto S,T1,4
Harka Piloto\2024_AUG_HPFS_S\2024_AUG_HPFS_S_T1\GOPR5477.JPG,Harka Piloto\2024_AUG_HPFS_S\2024_AUG_HPFS_S_T1\GOPR5477\Coral7.JPG,7,0.3821,Harka Piloto S,T1,4
Harka Piloto\2024_AUG_HPFS_S\2024_AUG_HPFS_S_T1\GOPR5515.JPG,Harka Piloto\2024_AUG_HPFS_S\2024_AUG_HPFS_S_T1\GOPR5515\Coral31.JPG,31,0.22,Harka Piloto S,T1,4
Harka Piloto\2024_HP_JUL_S\HP_S_T1\GOPR3860.JPG,Harka Piloto\2024_HP_JUL_S\HP_S_T1\GOPR3860\Coral39.JPG,39,0.1947,Harka Piloto S,T1,4
Harka Piloto\2024_HP_JUL_S\HP_S_T1\GOPR3880.JPG,Harka Piloto\2024_HP_JUL_S\HP_S_T1\GOPR3880\Coral2.JPG,2,0.6862,Harka Piloto S,T1,4
Harka Piloto\2024_AUG_HPFS_S\2024_AUG_HPFS_S_T1\GOPR5512.JPG,Harka Piloto\2024_AUG_HPFS_S\2024_AUG_HPFS_S_T1\GOPR5512\Coral13.JPG,13,0.328,Harka Piloto S,T1,4
Harka Piloto\2024_HP_JUL_S\HP_S_T1\GOPR3869.JPG,Harka Piloto\2024_HP_JUL_S\HP_S_T1\GOPR3869\Coral3.JPG,3,0.7813,Harka Piloto S,T1,4
Harka Piloto\2024_HP_JUL_S\HP_S_T1\GOPR3849.JPG,Harka Piloto\2024_HP_JUL_S\HP_S_T1\GOPR3849\Coral56.JPG,56,0.1667,Harka Piloto S,T1,4
Harka Piloto\2024_HP_JUL_S\HP_S_T1\GOPR3882.JPG,Harka Piloto\2024_HP_JUL_S\HP_S_T1\GOPR3882\Coral16.JPG,16,0.3089,Harka Piloto S,T1,4
Harka Piloto\2024_HP_JUL_S\HP_S_T1\GOPR3855.JPG,Harka Piloto\2024_HP_JUL_S\HP_S_T1\GOPR3855\Coral33.JPG,33,0.2595,Harka Piloto S,T1,4
Harka Piloto\2024_HP_JUL_S\HP_S_T1\GOPR3897.JPG,Harka Piloto\2024_HP_JUL_S\HP_S_T1\GOPR3897\Coral22.JPG,22,0.2773,Harka Piloto S,T1,4
Harka Piloto\2024_AUG_HPFS_S\2024_AUG_HPFS_S_T1\GOPR5480.JPG,Harka Piloto\2024_AUG_HPFS_S\2024_AUG_HPFS_S_T1\GOPR5480\Coral7.JPG,7,0.4862,Harka Piloto S,T1,4
Harka Piloto\2024_AUG_HPFS_S\2024_AUG_HPFS_S_T1\GOPR5521.JPG,Harka Piloto\2024_AUG_HPFS_S\2024_AUG_HPFS_S_T1\GOPR5521\Coral26.JPG,26,0.1772,Harka Piloto S,T1,4
Harka Piloto\2024_HP_JUL_S\HP_S_T1\GOPR3873.JPG,Harka Piloto\2024_HP_JUL_S\HP_S_T1\GOPR3873\Coral4.JPG,4,0.6883,Harka Piloto S,T1,4
Harka Piloto\2024_AUG_HPFS_S\2024_AUG_HPFS_S_T1\GOPR5478.JPG,Harka Piloto\2024_AUG_HPFS_S\2024_AUG_HPFS_S_T1\GOPR5478\Coral2.JPG,2,0.5568,Harka Piloto S,T1,4
Harka Piloto\2024_AUG_HPFS_S\2024_AUG_HPFS_S_T1\GOPR5481.JPG,Harka Piloto\2024_AUG_HPFS_S\2024_AUG_HPFS_S_T1\GOPR5481\Coral7.JPG,7,0.2221,Harka Piloto S,T1,4
Harka Piloto\2024_AUG_HPFS_S\2024_AUG_HPFS_S_T1\GOPR5489.JPG,Harka Piloto\2024_AUG_HPFS_S\2024_AUG_HPFS_S_T1\GOPR5489\Coral25.JPG,25,0.1855,Harka Piloto S,T1,4
Harka Piloto\2024_HP_JUL_S\HP_S_T1\GOPR3890.JPG,Harka Piloto\2024_HP_JUL_S\HP_S_T1\GOPR3890\Coral12.JPG,12,0.2739,Harka Piloto S,T1,4
Harka Piloto\2024_AUG_HPFS_S\2024_AUG_HPFS_S_T1\GOPR5519.JPG,Harka Piloto\2024_AUG_HPFS_S\2024_AUG_HPFS_S_T1\GOPR5519\Coral22.JPG,22,0.1715,Harka Piloto S,T1,4
Harka Piloto\2024_AUG_HPFS_S\2024_AUG_HPFS_S_T1\GOPR5519.JPG,Harka Piloto\2024_AUG_HPFS_S\2024_AUG_HPFS_S_T1\GOPR5519\Coral7.JPG,7,0.3188,Harka Piloto S,T1,4
Harka Piloto\2024_AUG_HPFS_S\2024_AUG_HPFS_S_T1\GOPR5519.JPG,Harka Piloto\2024_AUG_HPFS_S\2024_AUG_HPFS_S_T1\GOPR5519\Coral18.JPG,18,0.2294,Harka Piloto S,T1,4
Harka Piloto\2024_AUG_HPFS_S\2024_AUG_HPFS_S_T1\GOPR5519.JPG,Harka Piloto\2024_AUG_HPFS_S\2024_AUG_HPFS_S_T1\GOPR5519\Coral12.JPG,12,0.2717,Harka Piloto S,T1,4
Harka Piloto\2024_AUG_HPFS_S\2024_AUG_HPFS_S_T1\GOPR5519.JPG,Harka Piloto\2024_AUG_HPFS_S\2024_AUG_HPFS_S_T1\GOPR5519\Coral5.JPG,5,0.3813,Harka Piloto S,T1,4
Harka Piloto\2024_AUG_HPFS_S\2024_AUG_HPFS_S_T1\GOPR5519.JPG,Harka Piloto\2024_AUG_HPFS_S\2024_AUG_HPFS_S_T1\GOPR5519\Coral23.JPG,23,0.1667,Harka Piloto S,T1,4
Harka Piloto\2024_HP_JUL_S\HP_S_T1\GOPR3898.JPG,Harka Piloto\2024_HP_JUL_S\HP_S_T1\GOPR3898\Coral7.JPG,7,0.4609,Harka Piloto S,T1,4
Harka Piloto\2024_HP_JUL_S\HP_S_T1\GOPR3898.JPG,Harka Piloto\2024_HP_JUL_S\HP_S_T1\GOPR3898\Coral13.JPG,13,0.3726,Harka Piloto S,T1,4
Harka Piloto\2024_HP_JUL_S\HP_S_T1\GOPR3898.JPG,Harka Piloto\2024_HP_JUL_S\HP_S_T1\GOPR3898\Coral21.JPG,21,0.1996,Harka Piloto S,T1,4
Harka Piloto\2024_HP_JUL_S\HP_S_T1\GOPR3898.JPG,Harka Piloto\2024_HP_JUL_S\HP_S_T1\GOPR3898\Coral17.JPG,17,0.2522,Harka Piloto S,T1,4
Harka Piloto\2024_HP_JUL_S\HP_S_T1\GOPR3898.JPG,Harka Piloto\2024_HP_JUL_S\HP_S_T1\GOPR3898\Coral26.JPG,26,0.1618,Harka Piloto S,T1,4
Harka Piloto\2024_HP_JUL_S\HP_S_T1\GOPR3898.JPG,Harka Piloto\2024_HP_JUL_S\HP_S_T1\GOPR3898\Coral23.JPG,23,0.1804,Harka Piloto S,T1,4
Harka Piloto\2024_HP_JUL_S\HP_S_T1\GOPR3898.JPG,Harka Piloto\2024_HP_JUL_S\HP_S_T1\GOPR3898\Coral6.JPG,6,0.4704,Harka Piloto S,T1,4
Harka Piloto\2024_AUG_HPFS_S\2024_AUG_HPFS_S_T1\GOPR5505.JPG,Harka Piloto\2024_AUG_HPFS_S\2024_AUG_HPFS_S_T1\GOPR5505\Coral17.JPG,17,0.1716,Harka Piloto S,T1,4
Harka Piloto\2024_AUG_HPFS_S\2024_AUG_HPFS_S_T1\GOPR5505.JPG,Harka Piloto\2024_AUG_HPFS_S\2024_AUG_HPFS_S_T1\GOPR5505\Coral14.JPG,14,0.1862,Harka Piloto S,T1,4
Harka Piloto\2024_AUG_HPFS_S\2024_AUG_HPFS_S_T1\GOPR5505.JPG,Harka Piloto\2024_AUG_HPFS_S\2024_AUG_HPFS_S_T1\GOPR5505\Coral16.JPG,16,0.1791,Harka Piloto S,T1,4
Harka Piloto\2024_AUG_HPFS_S\2024_AUG_HPFS_S_T1\GOPR5505.JPG,Harka Piloto\2024_AUG_HPFS_S\2024_AUG_HPFS_S_T1\GOPR5505\Coral7.JPG,7,0.2591,Harka Piloto S,T1,4
Harka Piloto\2024_AUG_HPFS_S\2024_AUG_HPFS_S_T1\GOPR5505.JPG,Harka Piloto\2024_AUG_HPFS_S\2024_AUG_HPFS_S_T1\GOPR5505\Coral4.JPG,4,0.4391,Harka Piloto S,T1,4
Harka Piloto\2024_AUG_HPFS_S\2024_AUG_HPFS_S_T1\GOPR5499.JPG,Harka Piloto\2024_AUG_HPFS_S\2024_AUG_HPFS_S_T1\GOPR5499\Coral8.JPG,8,0.2932,Harka Piloto S,T1,4
Harka Piloto\2024_AUG_HPFS_S\2024_AUG_HPFS_S_T1\GOPR5499.JPG,Harka Piloto\2024_AUG_HPFS_S\2024_AUG_HPFS_S_T1\GOPR5499\Coral15.JPG,15,0.1987,Harka Piloto S,T1,4
Harka Piloto\2024_AUG_HPFS_S\2024_AUG_HPFS_S_T1\GOPR5499.JPG,Harka Piloto\2024_AUG_HPFS_S\2024_AUG_HPFS_S_T1\GOPR5499\Coral20.JPG,20,0.1621,Harka Piloto S,T1,4
Harka Piloto\2024_HP_JUL_S\HP_S_T1\GOPR3850.JPG,Harka Piloto\2024_HP_JUL_S\HP_S_T1\GOPR3850\Coral7.JPG,7,0.5487,Harka Piloto S,T1,4
Harka Piloto\2024_HP_JUL_S\HP_S_T1\GOPR3850.JPG,Harka Piloto\2024_HP_JUL_S\HP_S_T1\GOPR3850\Coral23.JPG,23,0.3443,Harka Piloto S,T1,4
Harka Piloto\2024_HP_JUL_S\HP_S_T1\GOPR3850.JPG,Harka Piloto\2024_HP_JUL_S\HP_S_T1\GOPR3850\Coral33.JPG,33,0.2492,Harka Piloto S,T1,4
Harka Piloto\2024_HP_JUL_S\HP_S_T1\GOPR3850.JPG,Harka Piloto\2024_HP_JUL_S\HP_S_T1\GOPR3850\Coral46.JPG,46,0.1614,Harka Piloto S,T1,4
Harka Piloto\2024_HP_JUL_S\HP_S_T1\GOPR3871.JPG,Harka Piloto\2024_HP_JUL_S\HP_S_T1\GOPR3871\Coral38.JPG,38,0.1583,Harka Piloto S,T1,4
Harka Piloto\2024_HP_JUL_S\HP_S_T1\GOPR3871.JPG,Harka Piloto\2024_HP_JUL_S\HP_S_T1\GOPR3871\Coral36.JPG,36,0.1724,Harka Piloto S,T1,4
Harka Piloto\2024_HP_JUL_S\HP_S_T1\GOPR3871.JPG,Harka Piloto\2024_HP_JUL_S\HP_S_T1\GOPR3871\Coral4.JPG,4,0.5595,Harka Piloto S,T1,4
Harka Piloto\2024_HP_JUL_S\HP_S_T1\GOPR3871.JPG,Harka Piloto\2024_HP_JUL_S\HP_S_T1\GOPR3871\Coral7.JPG,7,0.4581,Harka Piloto S,T1,4
Harka Piloto\2024_HP_JUL_S\HP_S_T1\GOPR3871.JPG,Harka Piloto\2024_HP_JUL_S\HP_S_T1\GOPR3871\Coral23.JPG,23,0.2513,Harka Piloto S,T1,4
Harka Piloto\2024_HP_JUL_S\HP_S_T1\GOPR3871.JPG,Harka Piloto\2024_HP_JUL_S\HP_S_T1\GOPR3871\Coral14.JPG,14,0.3954,Harka Piloto S,T1,4
Harka Piloto\2024_HP_JUL_S\HP_S_T1\GOPR3871.JPG,Harka Piloto\2024_HP_JUL_S\HP_S_T1\GOPR3871\Coral13.JPG,13,0.4039,Harka Piloto S,T1,4
Harka Piloto\2024_HP_JUL_S\HP_S_T1\GOPR3871.JPG,Harka Piloto\2024_HP_JUL_S\HP_S_T1\GOPR3871\Coral28.JPG,28,0.228,Harka Piloto S,T1,4
Harka Piloto\2024_HP_JUL_S\HP_S_T1\GOPR3871.JPG,Harka Piloto\2024_HP_JUL_S\HP_S_T1\GOPR3871\Coral18.JPG,18,0.3197,Harka Piloto S,T1,4
Harka Piloto\2024_HP_JUL_S\HP_S_T1\GOPR3871.JPG,Harka Piloto\2024_HP_JUL_S\HP_S_T1\GOPR3871\Coral11.JPG,11,0.4235,Harka Piloto S,T1,4
Harka Piloto\2024_HP_JUL_S\HP_S_T1\GOPR3871.JPG,Harka Piloto\2024_HP_JUL_S\HP_S_T1\GOPR3871\Coral15.JPG,15,0.361,Harka Piloto S,T1,4
Harka Piloto\2024_HP_JUL_S\HP_S_T1\GOPR3871.JPG,Harka Piloto\2024_HP_JUL_S\HP_S_T1\GOPR3871\Coral25.JPG,25,0.2379,Harka Piloto S,T1,4
Harka Piloto\2024_HP_JUL_S\HP_S_T1\GOPR3871.JPG,Harka Piloto\2024_HP_JUL_S\HP_S_T1\GOPR3871\Coral34.JPG,34,0.1793,Harka Piloto S,T1,4
Harka Piloto\2024_HP_JUL_S\HP_S_T1\GOPR3871.JPG,Harka Piloto\2024_HP_JUL_S\HP_S_T1\GOPR3871\Coral19.JPG,19,0.2815,Harka Piloto S,T1,4
Harka Piloto\2024_HP_JUL_S\HP_S_T1\GOPR3853.JPG,Harka Piloto\2024_HP_JUL_S\HP_S_T1\GOPR3853\Coral10.JPG,10,0.3587,Harka Piloto S,T1,4
Harka Piloto\2024_HP_JUL_S\HP_S_T1\GOPR3853.JPG,Harka Piloto\2024_HP_JUL_S\HP_S_T1\GOPR3853\Coral9.JPG,9,0.4132,Harka Piloto S,T1,4
Harka Piloto\2024_HP_JUL_S\HP_S_T1\GOPR3877.JPG,Harka Piloto\2024_HP_JUL_S\HP_S_T1\GOPR3877\Coral7.JPG,7,0.4395,Harka Piloto S,T1,4
Harka Piloto\2024_HP_JUL_S\HP_S_T1\GOPR3877.JPG,Harka Piloto\2024_HP_JUL_S\HP_S_T1\GOPR3877\Coral14.JPG,14,0.3126,Harka Piloto S,T1,4
Harka Piloto\2024_HP_JUL_S\HP_S_T1\GOPR3866.JPG,Harka Piloto\2024_HP_JUL_S\HP_S_T1\GOPR3866\Coral18.JPG,18,0.2594,Harka Piloto S,T1,4
Harka Piloto\2024_HP_JUL_S\HP_S_T1\GOPR3866.JPG,Harka Piloto\2024_HP_JUL_S\HP_S_T1\GOPR3866\Coral6.JPG,6,0.4394,Harka Piloto S,T1,4
Harka Piloto\2024_HP_JUL_S\HP_S_T1\GOPR3866.JPG,Harka Piloto\2024_HP_JUL_S\HP_S_T1\GOPR3866\Coral26.JPG,26,0.1812,Harka Piloto S,T1,4
Harka Piloto\2024_HP_JUL_S\HP_S_T1\GOPR3866.JPG,Harka Piloto\2024_HP_JUL_S\HP_S_T1\GOPR3866\Coral23.JPG,23,0.1859,Harka Piloto S,T1,4
Harka Piloto\2024_AUG_HPFS_S\2024_AUG_HPFS_S_T2\GOPR5529.JPG,Harka Piloto\2024_AUG_HPFS_S\2024_AUG_HPFS_S_T2\GOPR5529\Coral33.JPG,33,0.1508,Harka Piloto S,T2,4
Harka Piloto\2024_HP_JUL_S\HP_S_T2\GOPR3774.JPG,Harka Piloto\2024_HP_JUL_S\HP_S_T2\GOPR3774\Coral30.JPG,30,0.2042,Harka Piloto S,T2,4
Harka Piloto\2024_HP_JUL_S\HP_S_T2\GOPR3753.JPG,Harka Piloto\2024_HP_JUL_S\HP_S_T2\GOPR3753\Coral27.JPG,27,0.1831,Harka Piloto S,T2,4
Harka Piloto\2024_AUG_HPFS_S\2024_AUG_HPFS_S_T2\GOPR5549.JPG,Harka Piloto\2024_AUG_HPFS_S\2024_AUG_HPFS_S_T2\GOPR5549\Coral6.JPG,6,0.3628,Harka Piloto S,T2,4
Harka Piloto\2024_HP_JUL_S\HP_S_T2\GOPR3777.JPG,Harka Piloto\2024_HP_JUL_S\HP_S_T2\GOPR3777\Coral27.JPG,27,0.232,Harka Piloto S,T2,4
Harka Piloto\2024_HP_JUL_S\HP_S_T2\GOPR3745.JPG,Harka Piloto\2024_HP_JUL_S\HP_S_T2\GOPR3745\Coral17.JPG,17,0.3774,Harka Piloto S,T2,4
Harka Piloto\2024_HP_JUL_S\HP_S_T2\GOPR3791.JPG,Harka Piloto\2024_HP_JUL_S\HP_S_T2\GOPR3791\Coral14.JPG,14,0.3441,Harka Piloto S,T2,4
Harka Piloto\2024_HP_JUL_S\HP_S_T2\GOPR3772.JPG,Harka Piloto\2024_HP_JUL_S\HP_S_T2\GOPR3772\Coral33.JPG,33,0.2265,Harka Piloto S,T2,4
Harka Piloto\2024_HP_JUL_S\HP_S_T2\GOPR3781.JPG,Harka Piloto\2024_HP_JUL_S\HP_S_T2\GOPR3781\Coral30.JPG,30,0.2537,Harka Piloto S,T2,4
Harka Piloto\2024_HP_JUL_S\HP_S_T2\GOPR3760.JPG,Harka Piloto\2024_HP_JUL_S\HP_S_T2\GOPR3760\Coral24.JPG,24,0.2566,Harka Piloto S,T2,4
Harka Piloto\2024_AUG_HPFS_S\2024_AUG_HPFS_S_T2\GOPR5540.JPG,Harka Piloto\2024_AUG_HPFS_S\2024_AUG_HPFS_S_T2\GOPR5540\Coral13.JPG,13,0.2324,Harka Piloto S,T2,4
Harka Piloto\2024_AUG_HPFS_S\2024_AUG_HPFS_S_T2\GOPR5537.JPG,Harka Piloto\2024_AUG_HPFS_S\2024_AUG_HPFS_S_T2\GOPR5537\Coral24.JPG,24,0.1875,Harka Piloto S,T2,4
Harka Piloto\2024_HP_JUL_S\HP_S_T2\GOPR3778.JPG,Harka Piloto\2024_HP_JUL_S\HP_S_T2\GOPR3778\Coral16.JPG,16,0.3837,Harka Piloto S,T2,4
Harka Piloto\2024_HP_JUL_S\HP_S_T2\GOPR3789.JPG,Harka Piloto\2024_HP_JUL_S\HP_S_T2\GOPR3789\Coral14.JPG,14,0.3538,Harka Piloto S,T2,4
Harka Piloto\2024_HP_JUL_S\HP_S_T2\GOPR3790.JPG,Harka Piloto\2024_HP_JUL_S\HP_S_T2\GOPR3790\Coral2.JPG,2,0.704,Harka Piloto S,T2,4
Harka Piloto\2024_HP_JUL_S\HP_S_T2\GOPR3766.JPG,Harka Piloto\2024_HP_JUL_S\HP_S_T2\GOPR3766\Coral19.JPG,19,0.329,Harka Piloto S,T2,4
Harka Piloto\2024_AUG_HPFS_S\2024_AUG_HPFS_S_T2\GOPR5562.JPG,Harka Piloto\2024_AUG_HPFS_S\2024_AUG_HPFS_S_T2\GOPR5562\Coral42.JPG,42,0.2291,Harka Piloto S,T2,4
Harka Piloto\2024_HP_JUL_S\HP_S_T2\GOPR3742.JPG,Harka Piloto\2024_HP_JUL_S\HP_S_T2\GOPR3742\Coral22.JPG,22,0.2839,Harka Piloto S,T2,4
Harka Piloto\2024_AUG_HPFS_S\2024_AUG_HPFS_S_T2\GOPR5539.JPG,Harka Piloto\2024_AUG_HPFS_S\2024_AUG_HPFS_S_T2\GOPR5539\Coral17.JPG,17,0.2779,Harka Piloto S,T2,4
Harka Piloto\2024_AUG_HPFS_S\2024_AUG_HPFS_S_T2\GOPR5566.JPG,Harka Piloto\2024_AUG_HPFS_S\2024_AUG_HPFS_S_T2\GOPR5566\Coral27.JPG,27,0.3062,Harka Piloto S,T2,4
Harka Piloto\2024_AUG_HPFS_S\2024_AUG_HPFS_S_T2\GOPR5541.JPG,Harka Piloto\2024_AUG_HPFS_S\2024_AUG_HPFS_S_T2\GOPR5541\Coral8.JPG,8,0.3536,Harka Piloto S,T2,4
Harka Piloto\2024_HP_JUL_S\HP_S_T2\GOPR3774.JPG,Harka Piloto\2024_HP_JUL_S\HP_S_T2\GOPR3774\Coral8.JPG,8,0.5556,Harka Piloto S,T2,4
Harka Piloto\2024_HP_JUL_S\HP_S_T2\GOPR3753.JPG,Harka Piloto\2024_HP_JUL_S\HP_S_T2\GOPR3753\Coral22.JPG,22,0.2041,Harka Piloto S,T2,4
Harka Piloto\2024_AUG_HPFS_S\2024_AUG_HPFS_S_T2\GOPR5554.JPG,Harka Piloto\2024_AUG_HPFS_S\2024_AUG_HPFS_S_T2\GOPR5554\Coral7.JPG,7,0.4853,Harka Piloto S,T2,4
Harka Piloto\2024_HP_JUL_S\HP_S_T2\GOPR3741.JPG,Harka Piloto\2024_HP_JUL_S\HP_S_T2\GOPR3741\Coral16.JPG,16,0.3575,Harka Piloto S,T2,4
Harka Piloto\2024_HP_JUL_S\HP_S_T2\GOPR3745.JPG,Harka Piloto\2024_HP_JUL_S\HP_S_T2\GOPR3745\Coral7.JPG,7,0.5421,Harka Piloto S,T2,4
Harka Piloto\2024_HP_JUL_S\HP_S_T2\GOPR3787.JPG,Harka Piloto\2024_HP_JUL_S\HP_S_T2\GOPR3787\Coral10.JPG,10,0.4536,Harka Piloto S,T2,4
Harka Piloto\2024_HP_JUL_S\HP_S_T2\GOPR3779.JPG,Harka Piloto\2024_HP_JUL_S\HP_S_T2\GOPR3779\Coral26.JPG,26,0.2608,Harka Piloto S,T2,4
Harka Piloto\2024_AUG_HPFS_S\2024_AUG_HPFS_S_T2\GOPR5547.JPG,Harka Piloto\2024_AUG_HPFS_S\2024_AUG_HPFS_S_T2\GOPR5547\Coral15.JPG,15,0.1565,Harka Piloto S,T2,4
Harka Piloto\2024_HP_JUL_S\HP_S_T2\GOPR3785.JPG,Harka Piloto\2024_HP_JUL_S\HP_S_T2\GOPR3785\Coral1.JPG,1,0.6526,Harka Piloto S,T2,4
Harka Piloto\2024_AUG_HPFS_S\2024_AUG_HPFS_S_T2\GOPR5552.JPG,Harka Piloto\2024_AUG_HPFS_S\2024_AUG_HPFS_S_T2\GOPR5552\Coral18.JPG,18,0.3498,Harka Piloto S,T2,4
Harka Piloto\2024_HP_JUL_S\HP_S_T2\GOPR3755.JPG,Harka Piloto\2024_HP_JUL_S\HP_S_T2\GOPR3755\Coral28.JPG,28,0.1748,Harka Piloto S,T2,4
Harka Piloto\2024_AUG_HPFS_S\2024_AUG_HPFS_S_T2\GOPR5575.JPG,Harka Piloto\2024_AUG_HPFS_S\2024_AUG_HPFS_S_T2\GOPR5575\Coral2.JPG,2,0.5777,Harka Piloto S,T2,4
Harka Piloto\2024_HP_JUL_S\HP_S_T2\GOPR3768.JPG,Harka Piloto\2024_HP_JUL_S\HP_S_T2\GOPR3768\Coral11.JPG,11,0.313,Harka Piloto S,T2,4
Harka Piloto\2024_AUG_HPFS_S\2024_AUG_HPFS_S_T2\GOPR5570.JPG,Harka Piloto\2024_AUG_HPFS_S\2024_AUG_HPFS_S_T2\GOPR5570\Coral18.JPG,18,0.3613,Harka Piloto S,T2,4
Harka Piloto\2024_AUG_HPFS_S\2024_AUG_HPFS_S_T2\GOPR5558.JPG,Harka Piloto\2024_AUG_HPFS_S\2024_AUG_HPFS_S_T2\GOPR5558\Coral33.JPG,33,0.1566,Harka Piloto S,T2,4
Harka Piloto\2024_HP_JUL_S\HP_S_T2\GOPR3739.JPG,Harka Piloto\2024_HP_JUL_S\HP_S_T2\GOPR3739\Coral11.JPG,11,0.4199,Harka Piloto S,T2,4
Harka Piloto\2024_AUG_HPFS_S\2024_AUG_HPFS_S_T2\GOPR5569.JPG,Harka Piloto\2024_AUG_HPFS_S\2024_AUG_HPFS_S_T2\GOPR5569\Coral40.JPG,40,0.173,Harka Piloto S,T2,4
Harka Piloto\2024_AUG_HPFS_S\2024_AUG_HPFS_S_T2\GOPR5538.JPG,Harka Piloto\2024_AUG_HPFS_S\2024_AUG_HPFS_S_T2\GOPR5538\Coral14.JPG,14,0.3522,Harka Piloto S,T2,4
Harka Piloto\2024_HP_JUL_S\HP_S_T2\GOPR3776.JPG,Harka Piloto\2024_HP_JUL_S\HP_S_T2\GOPR3776\Coral32.JPG,32,0.199,Harka Piloto S,T2,4
Harka Piloto\2024_HP_JUL_S\HP_S_T2\GOPR3782.JPG,Harka Piloto\2024_HP_JUL_S\HP_S_T2\GOPR3782\Coral24.JPG,24,0.2416,Harka Piloto S,T2,4
Harka Piloto\2024_AUG_HPFS_S\2024_AUG_HPFS_S_T2\GOPR5567.JPG,Harka Piloto\2024_AUG_HPFS_S\2024_AUG_HPFS_S_T2\GOPR5567\Coral24.JPG,24,0.4036,Harka Piloto S,T2,4
Harka Piloto\2024_AUG_HPFS_S\2024_AUG_HPFS_S_T2\GOPR5556.JPG,Harka Piloto\2024_AUG_HPFS_S\2024_AUG_HPFS_S_T2\GOPR5556\Coral10.JPG,10,0.1628,Harka Piloto S,T2,4
Harka Piloto\2024_AUG_HPFS_S\2024_AUG_HPFS_S_T2\GOPR5530.JPG,Harka Piloto\2024_AUG_HPFS_S\2024_AUG_HPFS_S_T2\GOPR5530\Coral26.JPG,26,0.1672,Harka Piloto S,T2,4
Harka Piloto\2024_AUG_HPFS_S\2024_AUG_HPFS_S_T2\GOPR5549.JPG,Harka Piloto\2024_AUG_HPFS_S\2024_AUG_HPFS_S_T2\GOPR5549\Coral7.JPG,7,0.3569,Harka Piloto S,T2,4
Harka Piloto\2024_AUG_HPFS_S\2024_AUG_HPFS_S_T2\GOPR5546.JPG,Harka Piloto\2024_AUG_HPFS_S\2024_AUG_HPFS_S_T2\GOPR5546\Coral10.JPG,10,0.3213,Harka Piloto S,T2,4
Harka Piloto\2024_HP_JUL_S\HP_S_T2\GOPR3780.JPG,Harka Piloto\2024_HP_JUL_S\HP_S_T2\GOPR3780\Coral11.JPG,11,0.4836,Harka Piloto S,T2,4
Harka Piloto\2024_AUG_HPFS_S\2024_AUG_HPFS_S_T2\GOPR5559.JPG,Harka Piloto\2024_AUG_HPFS_S\2024_AUG_HPFS_S_T2\GOPR5559\Coral45.JPG,45,0.1685,Harka Piloto S,T2,4
Harka Piloto\2024_HP_JUL_S\HP_S_T2\GOPR3757.JPG,Harka Piloto\2024_HP_JUL_S\HP_S_T2\GOPR3757\Coral10.JPG,10,0.3256,Harka Piloto S,T2,4
Harka Piloto\2024_HP_JUL_S\HP_S_T2\GOPR3762.JPG,Harka Piloto\2024_HP_JUL_S\HP_S_T2\GOPR3762\Coral7.JPG,7,0.4128,Harka Piloto S,T2,4
Harka Piloto\2024_AUG_HPFS_S\2024_AUG_HPFS_S_T2\GOPR5578.JPG,Harka Piloto\2024_AUG_HPFS_S\2024_AUG_HPFS_S_T2\GOPR5578\Coral38.JPG,38,0.1751,Harka Piloto S,T2,4
Harka Piloto\2024_HP_JUL_S\HP_S_T2\GOPR3768.JPG,Harka Piloto\2024_HP_JUL_S\HP_S_T2\GOPR3768\Coral19.JPG,19,0.2441,Harka Piloto S,T2,4
Harka Piloto\2024_AUG_HPFS_S\2024_AUG_HPFS_S_T2\GOPR5540.JPG,Harka Piloto\2024_AUG_HPFS_S\2024_AUG_HPFS_S_T2\GOPR5540\Coral9.JPG,9,0.3152,Harka Piloto S,T2,4
Harka Piloto\2024_AUG_HPFS_S\2024_AUG_HPFS_S_T2\GOPR5560.JPG,Harka Piloto\2024_AUG_HPFS_S\2024_AUG_HPFS_S_T2\GOPR5560\Coral25.JPG,25,0.4249,Harka Piloto S,T2,4
Harka Piloto\2024_AUG_HPFS_S\2024_AUG_HPFS_S_T2\GOPR5537.JPG,Harka Piloto\2024_AUG_HPFS_S\2024_AUG_HPFS_S_T2\GOPR5537\Coral14.JPG,14,0.3121,Harka Piloto S,T2,4
Harka Piloto\2024_HP_JUL_S\HP_S_T2\GOPR3778.JPG,Harka Piloto\2024_HP_JUL_S\HP_S_T2\GOPR3778\Coral10.JPG,10,0.4619,Harka Piloto S,T2,4
Harka Piloto\2024_AUG_HPFS_S\2024_AUG_HPFS_S_T2\GOPR5558.JPG,Harka Piloto\2024_AUG_HPFS_S\2024_AUG_HPFS_S_T2\GOPR5558\Coral21.JPG,21,0.374,Harka Piloto S,T2,4
Harka Piloto\2024_AUG_HPFS_S\2024_AUG_HPFS_S_T2\GOPR5569.JPG,Harka Piloto\2024_AUG_HPFS_S\2024_AUG_HPFS_S_T2\GOPR5569\Coral25.JPG,25,0.236,Harka Piloto S,T2,4
Harka Piloto\2024_AUG_HPFS_S\2024_AUG_HPFS_S_T2\GOPR5562.JPG,Harka Piloto\2024_AUG_HPFS_S\2024_AUG_HPFS_S_T2\GOPR5562\Coral11.JPG,11,0.5607,Harka Piloto S,T2,4
Harka Piloto\2024_HP_JUL_S\HP_S_T2\GOPR3742.JPG,Harka Piloto\2024_HP_JUL_S\HP_S_T2\GOPR3742\Coral25.JPG,25,0.2271,Harka Piloto S,T2,4
Harka Piloto\2024_AUG_HPFS_S\2024_AUG_HPFS_S_T2\GOPR5564.JPG,Harka Piloto\2024_AUG_HPFS_S\2024_AUG_HPFS_S_T2\GOPR5564\Coral10.JPG,10,0.5133,Harka Piloto S,T2,4
Harka Piloto\2024_AUG_HPFS_S\2024_AUG_HPFS_S_T2\GOPR5529.JPG,Harka Piloto\2024_AUG_HPFS_S\2024_AUG_HPFS_S_T2\GOPR5529\Coral32.JPG,32,0.1607,Harka Piloto S,T2,4
Harka Piloto\2024_AUG_HPFS_S\2024_AUG_HPFS_S_T2\GOPR5529.JPG,Harka Piloto\2024_AUG_HPFS_S\2024_AUG_HPFS_S_T2\GOPR5529\Coral28.JPG,28,0.1847,Harka Piloto S,T2,4
Harka Piloto\2024_AUG_HPFS_S\2024_AUG_HPFS_S_T2\GOPR5529.JPG,Harka Piloto\2024_AUG_HPFS_S\2024_AUG_HPFS_S_T2\GOPR5529\Coral5.JPG,5,0.4707,Harka Piloto S,T2,4
Harka Piloto\2024_AUG_HPFS_S\2024_AUG_HPFS_S_T2\GOPR5529.JPG,Harka Piloto\2024_AUG_HPFS_S\2024_AUG_HPFS_S_T2\GOPR5529\Coral24.JPG,24,0.1963,Harka Piloto S,T2,4
Harka Piloto\2024_AUG_HPFS_S\2024_AUG_HPFS_S_T2\GOPR5529.JPG,Harka Piloto\2024_AUG_HPFS_S\2024_AUG_HPFS_S_T2\GOPR5529\Coral18.JPG,18,0.2705,Harka Piloto S,T2,4
Harka Piloto\2024_HP_JUL_S\HP_S_T2\GOPR3751.JPG,Harka Piloto\2024_HP_JUL_S\HP_S_T2\GOPR3751\Coral4.JPG,4,0.5566,Harka Piloto S,T2,4
Harka Piloto\2024_HP_JUL_S\HP_S_T2\GOPR3751.JPG,Harka Piloto\2024_HP_JUL_S\HP_S_T2\GOPR3751\Coral15.JPG,15,0.3798,Harka Piloto S,T2,4
Harka Piloto\2024_HP_JUL_S\HP_S_T2\GOPR3751.JPG,Harka Piloto\2024_HP_JUL_S\HP_S_T2\GOPR3751\Coral7.JPG,7,0.5135,Harka Piloto S,T2,4
Harka Piloto\2024_HP_JUL_S\HP_S_T2\GOPR3751.JPG,Harka Piloto\2024_HP_JUL_S\HP_S_T2\GOPR3751\Coral27.JPG,27,0.2622,Harka Piloto S,T2,4
Harka Piloto\2024_HP_JUL_S\HP_S_T2\GOPR3751.JPG,Harka Piloto\2024_HP_JUL_S\HP_S_T2\GOPR3751\Coral20.JPG,20,0.3393,Harka Piloto S,T2,4
Harka Piloto\2024_HP_JUL_S\HP_S_T2\GOPR3751.JPG,Harka Piloto\2024_HP_JUL_S\HP_S_T2\GOPR3751\Coral30.JPG,30,0.21,Harka Piloto S,T2,4
Harka Piloto\2024_HP_JUL_S\HP_S_T2\GOPR3751.JPG,Harka Piloto\2024_HP_JUL_S\HP_S_T2\GOPR3751\Coral35.JPG,35,0.1516,Harka Piloto S,T2,4
Harka Piloto\2024_HP_JUL_S\HP_S_T2\GOPR3784.JPG,Harka Piloto\2024_HP_JUL_S\HP_S_T2\GOPR3784\Coral36.JPG,36,0.1563,Harka Piloto S,T2,4
Harka Piloto\2024_HP_JUL_S\HP_S_T2\GOPR3784.JPG,Harka Piloto\2024_HP_JUL_S\HP_S_T2\GOPR3784\Coral28.JPG,28,0.2347,Harka Piloto S,T2,4
Harka Piloto\2024_HP_JUL_S\HP_S_T2\GOPR3784.JPG,Harka Piloto\2024_HP_JUL_S\HP_S_T2\GOPR3784\Coral2.JPG,2,0.6112,Harka Piloto S,T2,4
Harka Piloto\2024_AUG_HPFS_S\2024_AUG_HPFS_S_T2\GOPR5563.JPG,Harka Piloto\2024_AUG_HPFS_S\2024_AUG_HPFS_S_T2\GOPR5563\Coral20.JPG,20,0.19,Harka Piloto S,T2,4
Harka Piloto\2024_AUG_HPFS_S\2024_AUG_HPFS_S_T2\GOPR5563.JPG,Harka Piloto\2024_AUG_HPFS_S\2024_AUG_HPFS_S_T2\GOPR5563\Coral19.JPG,19,0.214,Harka Piloto S,T2,4
Harka Piloto\2024_AUG_HPFS_S\2024_AUG_HPFS_S_T2\GOPR5563.JPG,Harka Piloto\2024_AUG_HPFS_S\2024_AUG_HPFS_S_T2\GOPR5563\Coral7.JPG,7,0.5949,Harka Piloto S,T2,4
Harka Piloto\2024_AUG_HPFS_S\2024_AUG_HPFS_S_T2\GOPR5563.JPG,Harka Piloto\2024_AUG_HPFS_S\2024_AUG_HPFS_S_T2\GOPR5563\Coral4.JPG,4,0.7183,Harka Piloto S,T2,4
Harka Piloto\2024_AUG_HPFS_S\2024_AUG_HPFS_S_T2\GOPR5563.JPG,Harka Piloto\2024_AUG_HPFS_S\2024_AUG_HPFS_S_T2\GOPR5563\Coral14.JPG,14,0.2658,Harka Piloto S,T2,4
Harka Piloto\2024_AUG_HPFS_S\2024_AUG_HPFS_S_T2\GOPR5563.JPG,Harka Piloto\2024_AUG_HPFS_S\2024_AUG_HPFS_S_T2\GOPR5563\Coral15.JPG,15,0.2574,Harka Piloto S,T2,4
Harka Piloto\2024_AUG_HPFS_S\2024_AUG_HPFS_S_T2\GOPR5563.JPG,Harka Piloto\2024_AUG_HPFS_S\2024_AUG_HPFS_S_T2\GOPR5563\Coral8.JPG,8,0.5372,Harka Piloto S,T2,4
Harka Piloto\2024_AUG_HPFS_S\2024_AUG_HPFS_S_T2\GOPR5571.JPG,Harka Piloto\2024_AUG_HPFS_S\2024_AUG_HPFS_S_T2\GOPR5571\Coral31.JPG,31,0.2587,Harka Piloto S,T2,4
Harka Piloto\2024_AUG_HPFS_S\2024_AUG_HPFS_S_T2\GOPR5571.JPG,Harka Piloto\2024_AUG_HPFS_S\2024_AUG_HPFS_S_T2\GOPR5571\Coral23.JPG,23,0.3284,Harka Piloto S,T2,4
Harka Piloto\2024_AUG_HPFS_S\2024_AUG_HPFS_S_T2\GOPR5571.JPG,Harka Piloto\2024_AUG_HPFS_S\2024_AUG_HPFS_S_T2\GOPR5571\Coral13.JPG,13,0.4168,Harka Piloto S,T2,4
Harka Piloto\2024_AUG_HPFS_S\2024_AUG_HPFS_S_T2\GOPR5571.JPG,Harka Piloto\2024_AUG_HPFS_S\2024_AUG_HPFS_S_T2\GOPR5571\Coral45.JPG,45,0.1683,Harka Piloto S,T2,4
Harka Piloto\2024_AUG_HPFS_S\2024_AUG_HPFS_S_T2\GOPR5571.JPG,Harka Piloto\2024_AUG_HPFS_S\2024_AUG_HPFS_S_T2\GOPR5571\Coral3.JPG,3,0.6267,Harka Piloto S,T2,4
Harka Piloto\2024_AUG_HPFS_S\2024_AUG_HPFS_S_T2\GOPR5571.JPG,Harka Piloto\2024_AUG_HPFS_S\2024_AUG_HPFS_S_T2\GOPR5571\Coral22.JPG,22,0.3535,Harka Piloto S,T2,4
Harka Piloto\2024_AUG_HPFS_S\2024_AUG_HPFS_S_T2\GOPR5571.JPG,Harka Piloto\2024_AUG_HPFS_S\2024_AUG_HPFS_S_T2\GOPR5571\Coral40.JPG,40,0.2144,Harka Piloto S,T2,4
Harka Piloto\2024_AUG_HPFS_S\2024_AUG_HPFS_S_T2\GOPR5571.JPG,Harka Piloto\2024_AUG_HPFS_S\2024_AUG_HPFS_S_T2\GOPR5571\Coral44.JPG,44,0.1704,Harka Piloto S,T2,4
Harka Piloto\2024_AUG_HPFS_S\2024_AUG_HPFS_S_T2\GOPR5571.JPG,Harka Piloto\2024_AUG_HPFS_S\2024_AUG_HPFS_S_T2\GOPR5571\Coral16.JPG,16,0.3659,Harka Piloto S,T2,4
Harka Piloto\2024_HP_JUL_S\HP_S_T2\GOPR3774.JPG,Harka Piloto\2024_HP_JUL_S\HP_S_T2\GOPR3774\Coral1.JPG,1,0.745,Harka Piloto S,T2,4
Harka Piloto\2024_HP_JUL_S\HP_S_T2\GOPR3774.JPG,Harka Piloto\2024_HP_JUL_S\HP_S_T2\GOPR3774\Coral26.JPG,26,0.2109,Harka Piloto S,T2,4
Harka Piloto\2024_HP_JUL_S\HP_S_T2\GOPR3774.JPG,Harka Piloto\2024_HP_JUL_S\HP_S_T2\GOPR3774\Coral19.JPG,19,0.3673,Harka Piloto S,T2,4
Harka Piloto\2024_HP_JUL_S\HP_S_T2\GOPR3774.JPG,Harka Piloto\2024_HP_JUL_S\HP_S_T2\GOPR3774\Coral32.JPG,32,0.1908,Harka Piloto S,T2,4
Harka Piloto\2024_HP_JUL_S\HP_S_T2\GOPR3774.JPG,Harka Piloto\2024_HP_JUL_S\HP_S_T2\GOPR3774\Coral13.JPG,13,0.4255,Harka Piloto S,T2,4
Harka Piloto\2024_HP_JUL_S\HP_S_T2\GOPR3774.JPG,Harka Piloto\2024_HP_JUL_S\HP_S_T2\GOPR3774\Coral12.JPG,12,0.4263,Harka Piloto S,T2,4
Harka Piloto\2024_HP_JUL_S\HP_S_T2\GOPR3774.JPG,Harka Piloto\2024_HP_JUL_S\HP_S_T2\GOPR3774\Coral20.JPG,20,0.3231,Harka Piloto S,T2,4
Harka Piloto\2024_AUG_HPFS_S\2024_AUG_HPFS_S_T2\GOPR5530.JPG,Harka Piloto\2024_AUG_HPFS_S\2024_AUG_HPFS_S_T2\GOPR5530\Coral10.JPG,10,0.3688,Harka Piloto S,T2,4
Harka Piloto\2024_AUG_HPFS_S\2024_AUG_HPFS_S_T2\GOPR5530.JPG,Harka Piloto\2024_AUG_HPFS_S\2024_AUG_HPFS_S_T2\GOPR5530\Coral1.JPG,1,0.6523,Harka Piloto S,T2,4
Harka Piloto\2024_AUG_HPFS_S\2024_AUG_HPFS_S_T2\GOPR5530.JPG,Harka Piloto\2024_AUG_HPFS_S\2024_AUG_HPFS_S_T2\GOPR5530\Coral25.JPG,25,0.1701,Harka Piloto S,T2,4
Harka Piloto\2024_AUG_HPFS_S\2024_AUG_HPFS_S_T2\GOPR5530.JPG,Harka Piloto\2024_AUG_HPFS_S\2024_AUG_HPFS_S_T2\GOPR5530\Coral21.JPG,21,0.1806,Harka Piloto S,T2,4
Harka Piloto\2024_AUG_HPFS_S\2024_AUG_HPFS_S_T2\GOPR5530.JPG,Harka Piloto\2024_AUG_HPFS_S\2024_AUG_HPFS_S_T2\GOPR5530\Coral2.JPG,2,0.6484,Harka Piloto S,T2,4
Harka Piloto\2024_AUG_HPFS_S\2024_AUG_HPFS_S_T2\GOPR5530.JPG,Harka Piloto\2024_AUG_HPFS_S\2024_AUG_HPFS_S_T2\GOPR5530\Coral5.JPG,5,0.5295,Harka Piloto S,T2,4
Harka Piloto\2024_HP_JUL_S\HP_S_T2\GOPR3753.JPG,Harka Piloto\2024_HP_JUL_S\HP_S_T2\GOPR3753\Coral12.JPG,12,0.268,Harka Piloto S,T2,4
Harka Piloto\2024_HP_JUL_S\HP_S_T2\GOPR3753.JPG,Harka Piloto\2024_HP_JUL_S\HP_S_T2\GOPR3753\Coral5.JPG,5,0.4749,Harka Piloto S,T2,4
Harka Piloto\2024_HP_JUL_S\HP_S_T2\GOPR3753.JPG,Harka Piloto\2024_HP_JUL_S\HP_S_T2\GOPR3753\Coral23.JPG,23,0.2016,Harka Piloto S,T2,4
Harka Piloto\2024_HP_JUL_S\HP_S_T2\GOPR3753.JPG,Harka Piloto\2024_HP_JUL_S\HP_S_T2\GOPR3753\Coral26.JPG,26,0.1878,Harka Piloto S,T2,4
Harka Piloto\2024_HP_JUL_S\HP_S_T2\GOPR3753.JPG,Harka Piloto\2024_HP_JUL_S\HP_S_T2\GOPR3753\Coral24.JPG,24,0.2014,Harka Piloto S,T2,4
Harka Piloto\2024_HP_JUL_S\HP_S_T2\GOPR3761.JPG,Harka Piloto\2024_HP_JUL_S\HP_S_T2\GOPR3761\Coral12.JPG,12,0.2493,Harka Piloto S,T2,4
Harka Piloto\2024_AUG_HPFS_S\2024_AUG_HPFS_S_T3\GOPR5600.JPG,Harka Piloto\2024_AUG_HPFS_S\2024_AUG_HPFS_S_T3\GOPR5600\Coral6.JPG,6,0.4445,Harka Piloto S,T3,4
Harka Piloto\2024_HP_JUL_S\HP_S_T3\GOPR3816.JPG,Harka Piloto\2024_HP_JUL_S\HP_S_T3\GOPR3816\Coral12.JPG,12,0.4942,Harka Piloto S,T3,4
Harka Piloto\2024_HP_JUL_S\HP_S_T3\GOPR3808.JPG,Harka Piloto\2024_HP_JUL_S\HP_S_T3\GOPR3808\Coral2.JPG,2,0.5895,Harka Piloto S,T3,4
Harka Piloto\2024_AUG_HPFS_S\2024_AUG_HPFS_S_T3\GOPR5594.JPG,Harka Piloto\2024_AUG_HPFS_S\2024_AUG_HPFS_S_T3\GOPR5594\Coral11.JPG,11,0.408,Harka Piloto S,T3,4
Harka Piloto\2024_HP_JUL_S\HP_S_T3\GOPR3830.JPG,Harka Piloto\2024_HP_JUL_S\HP_S_T3\GOPR3830\Coral5.JPG,5,0.5204,Harka Piloto S,T3,4
Harka Piloto\2024_HP_JUL_S\HP_S_T3\GOPR3840.JPG,Harka Piloto\2024_HP_JUL_S\HP_S_T3\GOPR3840\Coral11.JPG,11,0.3781,Harka Piloto S,T3,4
Harka Piloto\2024_AUG_HPFS_S\2024_AUG_HPFS_S_T3\GOPR5624.JPG,Harka Piloto\2024_AUG_HPFS_S\2024_AUG_HPFS_S_T3\GOPR5624\Coral8.JPG,8,0.1637,Harka Piloto S,T3,4
Harka Piloto\2024_HP_JUL_S\HP_S_T3\GOPR3799.JPG,Harka Piloto\2024_HP_JUL_S\HP_S_T3\GOPR3799\Coral27.JPG,27,0.2439,Harka Piloto S,T3,4
Harka Piloto\2024_HP_JUL_S\HP_S_T3\GOPR3839.JPG,Harka Piloto\2024_HP_JUL_S\HP_S_T3\GOPR3839\Coral8.JPG,8,0.4044,Harka Piloto S,T3,4
Harka Piloto\2024_HP_JUL_S\HP_S_T3\GOPR3829.JPG,Harka Piloto\2024_HP_JUL_S\HP_S_T3\GOPR3829\Coral19.JPG,19,0.2758,Harka Piloto S,T3,4
Harka Piloto\2024_AUG_HPFS_S\2024_AUG_HPFS_S_T3\GOPR5595.JPG,Harka Piloto\2024_AUG_HPFS_S\2024_AUG_HPFS_S_T3\GOPR5595\Coral2.JPG,2,0.6398,Harka Piloto S,T3,4
Harka Piloto\2024_AUG_HPFS_S\2024_AUG_HPFS_S_T3\GOPR5618.JPG,Harka Piloto\2024_AUG_HPFS_S\2024_AUG_HPFS_S_T3\GOPR5618\Coral6.JPG,6,0.4154,Harka Piloto S,T3,4
Harka Piloto\2024_HP_JUL_S\HP_S_T3\GOPR3812.JPG,Harka Piloto\2024_HP_JUL_S\HP_S_T3\GOPR3812\Coral27.JPG,27,0.219,Harka Piloto S,T3,4
Harka Piloto\2024_HP_JUL_S\HP_S_T3\GOPR3831.JPG,Harka Piloto\2024_HP_JUL_S\HP_S_T3\GOPR3831\Coral26.JPG,26,0.2404,Harka Piloto S,T3,4
Harka Piloto\2024_AUG_HPFS_S\2024_AUG_HPFS_S_T3\GOPR5621.JPG,Harka Piloto\2024_AUG_HPFS_S\2024_AUG_HPFS_S_T3\GOPR5621\Coral14.JPG,14,0.2197,Harka Piloto S,T3,4
Harka Piloto\2024_HP_JUL_S\HP_S_T3\GOPR3822.JPG,Harka Piloto\2024_HP_JUL_S\HP_S_T3\GOPR3822\Coral29.JPG,29,0.1715,Harka Piloto S,T3,4
Harka Piloto\2024_AUG_HPFS_S\2024_AUG_HPFS_S_T3\GOPR5628.JPG,Harka Piloto\2024_AUG_HPFS_S\2024_AUG_HPFS_S_T3\GOPR5628\Coral13.JPG,13,0.4253,Harka Piloto S,T3,4
Harka Piloto\2024_HP_JUL_S\HP_S_T3\GOPR3827.JPG,Harka Piloto\2024_HP_JUL_S\HP_S_T3\GOPR3827\Coral26.JPG,26,0.2527,Harka Piloto S,T3,4
Harka Piloto\2024_HP_JUL_S\HP_S_T3\GOPR3842.JPG,Harka Piloto\2024_HP_JUL_S\HP_S_T3\GOPR3842\Coral7.JPG,7,0.4043,Harka Piloto S,T3,4
Harka Piloto\2024_AUG_HPFS_S\2024_AUG_HPFS_S_T3\GOPR5636.JPG,Harka Piloto\2024_AUG_HPFS_S\2024_AUG_HPFS_S_T3\GOPR5636\Coral23.JPG,23,0.1802,Harka Piloto S,T3,4
Harka Piloto\2024_HP_JUL_S\HP_S_T3\GOPR3840.JPG,Harka Piloto\2024_HP_JUL_S\HP_S_T3\GOPR3840\Coral12.JPG,12,0.3614,Harka Piloto S,T3,4
Harka Piloto\2024_AUG_HPFS_S\2024_AUG_HPFS_S_T3\GOPR5612.JPG,Harka Piloto\2024_AUG_HPFS_S\2024_AUG_HPFS_S_T3\GOPR5612\Coral2.JPG,2,0.6528,Harka Piloto S,T3,4
Harka Piloto\2024_AUG_HPFS_S\2024_AUG_HPFS_S_T3\GOPR5587.JPG,Harka Piloto\2024_AUG_HPFS_S\2024_AUG_HPFS_S_T3\GOPR5587\Coral17.JPG,17,0.1959,Harka Piloto S,T3,4
Harka Piloto\2024_AUG_HPFS_S\2024_AUG_HPFS_S_T3\GOPR5624.JPG,Harka Piloto\2024_AUG_HPFS_S\2024_AUG_HPFS_S_T3\GOPR5624\Coral6.JPG,6,0.2075,Harka Piloto S,T3,4
Harka Piloto\2024_HP_JUL_S\HP_S_T3\GOPR3832.JPG,Harka Piloto\2024_HP_JUL_S\HP_S_T3\GOPR3832\Coral31.JPG,31,0.2013,Harka Piloto S,T3,4
Harka Piloto\2024_HP_JUL_S\HP_S_T3\GOPR3828.JPG,Harka Piloto\2024_HP_JUL_S\HP_S_T3\GOPR3828\Coral18.JPG,18,0.1922,Harka Piloto S,T3,4
Harka Piloto\2024_HP_JUL_S\HP_S_T3\GOPR3839.JPG,Harka Piloto\2024_HP_JUL_S\HP_S_T3\GOPR3839\Coral18.JPG,18,0.185,Harka Piloto S,T3,4
Harka Piloto\2024_AUG_HPFS_S\2024_AUG_HPFS_S_T3\GOPR5588.JPG,Harka Piloto\2024_AUG_HPFS_S\2024_AUG_HPFS_S_T3\GOPR5588\Coral21.JPG,21,0.2198,Harka Piloto S,T3,4
Harka Piloto\2024_AUG_HPFS_S\2024_AUG_HPFS_S_T3\GOPR5606.JPG,Harka Piloto\2024_AUG_HPFS_S\2024_AUG_HPFS_S_T3\GOPR5606\Coral7.JPG,7,0.5443,Harka Piloto S,T3,4
Harka Piloto\2024_AUG_HPFS_S\2024_AUG_HPFS_S_T3\GOPR5599.JPG,Harka Piloto\2024_AUG_HPFS_S\2024_AUG_HPFS_S_T3\GOPR5599\Coral17.JPG,17,0.2121,Harka Piloto S,T3,4
Harka Piloto\2024_HP_JUL_S\HP_S_T3\GOPR3844.JPG,Harka Piloto\2024_HP_JUL_S\HP_S_T3\GOPR3844\Coral23.JPG,23,0.2888,Harka Piloto S,T3,4
Harka Piloto\2024_AUG_HPFS_S\2024_AUG_HPFS_S_T3\GOPR5625.JPG,Harka Piloto\2024_AUG_HPFS_S\2024_AUG_HPFS_S_T3\GOPR5625\Coral21.JPG,21,0.1582,Harka Piloto S,T3,4
Harka Piloto\2024_AUG_HPFS_S\2024_AUG_HPFS_S_T3\GOPR5595.JPG,Harka Piloto\2024_AUG_HPFS_S\2024_AUG_HPFS_S_T3\GOPR5595\Coral11.JPG,11,0.4155,Harka Piloto S,T3,4
Harka Piloto\2024_HP_JUL_S\HP_S_T3\GOPR3831.JPG,Harka Piloto\2024_HP_JUL_S\HP_S_T3\GOPR3831\Coral16.JPG,16,0.3733,Harka Piloto S,T3,4
Harka Piloto\2024_AUG_HPFS_S\2024_AUG_HPFS_S_T3\GOPR5620.JPG,Harka Piloto\2024_AUG_HPFS_S\2024_AUG_HPFS_S_T3\GOPR5620\Coral16.JPG,16,0.2175,Harka Piloto S,T3,4
Harka Piloto\2024_AUG_HPFS_S\2024_AUG_HPFS_S_T3\GOPR5596.JPG,Harka Piloto\2024_AUG_HPFS_S\2024_AUG_HPFS_S_T3\GOPR5596\Coral25.JPG,25,0.182,Harka Piloto S,T3,4
Harka Piloto\2024_AUG_HPFS_S\2024_AUG_HPFS_S_T3\GOPR5610.JPG,Harka Piloto\2024_AUG_HPFS_S\2024_AUG_HPFS_S_T3\GOPR5610\Coral20.JPG,20,0.2614,Harka Piloto S,T3,4
Harka Piloto\2024_AUG_HPFS_S\2024_AUG_HPFS_S_T3\GOPR5591.JPG,Harka Piloto\2024_AUG_HPFS_S\2024_AUG_HPFS_S_T3\GOPR5591\Coral7.JPG,7,0.4531,Harka Piloto S,T3,4
Harka Piloto\2024_AUG_HPFS_S\2024_AUG_HPFS_S_T3\GOPR5614.JPG,Harka Piloto\2024_AUG_HPFS_S\2024_AUG_HPFS_S_T3\GOPR5614\Coral12.JPG,12,0.3133,Harka Piloto S,T3,4
Harka Piloto\2024_AUG_HPFS_S\2024_AUG_HPFS_S_T3\GOPR5609.JPG,Harka Piloto\2024_AUG_HPFS_S\2024_AUG_HPFS_S_T3\GOPR5609\Coral4.JPG,4,0.6649,Harka Piloto S,T3,4
Harka Piloto\2024_HP_JUL_S\HP_S_T3\GOPR3845.JPG,Harka Piloto\2024_HP_JUL_S\HP_S_T3\GOPR3845\Coral7.JPG,7,0.4041,Harka Piloto S,T3,4
Harka Piloto\2024_HP_JUL_S\HP_S_T3\GOPR3811.JPG,Harka Piloto\2024_HP_JUL_S\HP_S_T3\GOPR3811\Coral11.JPG,11,0.3644,Harka Piloto S,T3,4
Harka Piloto\2024_AUG_HPFS_S\2024_AUG_HPFS_S_T3\GOPR5597.JPG,Harka Piloto\2024_AUG_HPFS_S\2024_AUG_HPFS_S_T3\GOPR5597\Coral2.JPG,2,0.5316,Harka Piloto S,T3,4
Harka Piloto\2024_HP_JUL_S\HP_S_T3\GOPR3830.JPG,Harka Piloto\2024_HP_JUL_S\HP_S_T3\GOPR3830\Coral12.JPG,12,0.3529,Harka Piloto S,T3,4
Harka Piloto\2024_HP_JUL_S\HP_S_T3\GOPR3840.JPG,Harka Piloto\2024_HP_JUL_S\HP_S_T3\GOPR3840\Coral13.JPG,13,0.3603,Harka Piloto S,T3,4
Harka Piloto\2024_AUG_HPFS_S\2024_AUG_HPFS_S_T3\GOPR5612.JPG,Harka Piloto\2024_AUG_HPFS_S\2024_AUG_HPFS_S_T3\GOPR5612\Coral18.JPG,18,0.2883,Harka Piloto S,T3,4
Harka Piloto\2024_HP_JUL_S\HP_S_T3\GOPR3832.JPG,Harka Piloto\2024_HP_JUL_S\HP_S_T3\GOPR3832\Coral33.JPG,33,0.184,Harka Piloto S,T3,4
Harka Piloto\2024_HP_JUL_S\HP_S_T3\GOPR3797.JPG,Harka Piloto\2024_HP_JUL_S\HP_S_T3\GOPR3797\Coral42.JPG,42,0.1813,Harka Piloto S,T3,4
Harka Piloto\2024_AUG_HPFS_S\2024_AUG_HPFS_S_T3\GOPR5617.JPG,Harka Piloto\2024_AUG_HPFS_S\2024_AUG_HPFS_S_T3\GOPR5617\Coral9.JPG,9,0.3071,Harka Piloto S,T3,4
Harka Piloto\2024_HP_JUL_S\HP_S_T3\GOPR3843.JPG,Harka Piloto\2024_HP_JUL_S\HP_S_T3\GOPR3843\Coral23.JPG,23,0.1765,Harka Piloto S,T3,4
Harka Piloto\2024_HP_JUL_S\HP_S_T3\GOPR3844.JPG,Harka Piloto\2024_HP_JUL_S\HP_S_T3\GOPR3844\Coral24.JPG,24,0.2845,Harka Piloto S,T3,4
Harka Piloto\2024_HP_JUL_S\HP_S_T3\GOPR3821.JPG,Harka Piloto\2024_HP_JUL_S\HP_S_T3\GOPR3821\Coral28.JPG,28,0.1898,Harka Piloto S,T3,4
Harka Piloto\2024_AUG_HPFS_S\2024_AUG_HPFS_S_T3\GOPR5595.JPG,Harka Piloto\2024_AUG_HPFS_S\2024_AUG_HPFS_S_T3\GOPR5595\Coral19.JPG,19,0.2971,Harka Piloto S,T3,4
Harka Piloto\2024_AUG_HPFS_S\2024_AUG_HPFS_S_T3\GOPR5618.JPG,Harka Piloto\2024_AUG_HPFS_S\2024_AUG_HPFS_S_T3\GOPR5618\Coral19.JPG,19,0.204,Harka Piloto S,T3,4
Harka Piloto\2024_AUG_HPFS_S\2024_AUG_HPFS_S_T3\GOPR5592.JPG,Harka Piloto\2024_AUG_HPFS_S\2024_AUG_HPFS_S_T3\GOPR5592\Coral19.JPG,19,0.2394,Harka Piloto S,T3,4
Harka Piloto\2024_AUG_HPFS_S\2024_AUG_HPFS_S_T3\GOPR5622.JPG,Harka Piloto\2024_AUG_HPFS_S\2024_AUG_HPFS_S_T3\GOPR5622\Coral30.JPG,30,0.1533,Harka Piloto S,T3,4
Harka Piloto\2024_HP_JUL_S\HP_S_T3\GOPR3824.JPG,Harka Piloto\2024_HP_JUL_S\HP_S_T3\GOPR3824\Coral27.JPG,27,0.2582,Harka Piloto S,T3,4
Harka Piloto\2024_AUG_HPFS_S\2024_AUG_HPFS_S_T3\GOPR5633.JPG,Harka Piloto\2024_AUG_HPFS_S\2024_AUG_HPFS_S_T3\GOPR5633\Coral14.JPG,14,0.2226,Harka Piloto S,T3,4
Harka Piloto\2024_HP_JUL_S\HP_S_T3\GOPR3813.JPG,Harka Piloto\2024_HP_JUL_S\HP_S_T3\GOPR3813\Coral23.JPG,23,0.2064,Harka Piloto S,T3,4
Harka Piloto\2024_AUG_HPFS_S\2024_AUG_HPFS_S_T3\GOPR5614.JPG,Harka Piloto\2024_AUG_HPFS_S\2024_AUG_HPFS_S_T3\GOPR5614\Coral8.JPG,8,0.4609,Harka Piloto S,T3,4
Harka Piloto\2024_AUG_HPFS_S\2024_AUG_HPFS_S_T3\GOPR5614.JPG,Harka Piloto\2024_AUG_HPFS_S\2024_AUG_HPFS_S_T3\GOPR5614\Coral3.JPG,3,0.563,Harka Piloto S,T3,4
Harka Piloto\2024_AUG_HPFS_S\2024_AUG_HPFS_S_T3\GOPR5614.JPG,Harka Piloto\2024_AUG_HPFS_S\2024_AUG_HPFS_S_T3\GOPR5614\Coral2.JPG,2,0.7036,Harka Piloto S,T3,4
Harka Piloto\2024_AUG_HPFS_S\2024_AUG_HPFS_S_T3\GOPR5614.JPG,Harka Piloto\2024_AUG_HPFS_S\2024_AUG_HPFS_S_T3\GOPR5614\Coral13.JPG,13,0.261,Harka Piloto S,T3,4
Harka Piloto\2024_AUG_HPFS_S\2024_AUG_HPFS_S_T3\GOPR5605.JPG,Harka Piloto\2024_AUG_HPFS_S\2024_AUG_HPFS_S_T3\GOPR5605\Coral14.JPG,14,0.252,Harka Piloto S,T3,4
Harka Piloto\2024_AUG_HPFS_S\2024_AUG_HPFS_S_T3\GOPR5605.JPG,Harka Piloto\2024_AUG_HPFS_S\2024_AUG_HPFS_S_T3\GOPR5605\Coral9.JPG,9,0.3394,Harka Piloto S,T3,4
Harka Piloto\2024_AUG_HPFS_S\2024_AUG_HPFS_S_T3\GOPR5605.JPG,Harka Piloto\2024_AUG_HPFS_S\2024_AUG_HPFS_S_T3\GOPR5605\Coral4.JPG,4,0.6898,Harka Piloto S,T3,4
Harka Piloto\2024_AUG_HPFS_S\2024_AUG_HPFS_S_T3\GOPR5605.JPG,Harka Piloto\2024_AUG_HPFS_S\2024_AUG_HPFS_S_T3\GOPR5605\Coral12.JPG,12,0.2918,Harka Piloto S,T3,4
Harka Piloto\2024_AUG_HPFS_S\2024_AUG_HPFS_S_T3\GOPR5605.JPG,Harka Piloto\2024_AUG_HPFS_S\2024_AUG_HPFS_S_T3\GOPR5605\Coral15.JPG,15,0.2508,Harka Piloto S,T3,4
Harka Piloto\2024_AUG_HPFS_S\2024_AUG_HPFS_S_T3\GOPR5632.JPG,Harka Piloto\2024_AUG_HPFS_S\2024_AUG_HPFS_S_T3\GOPR5632\Coral2.JPG,2,0.7275,Harka Piloto S,T3,4
Harka Piloto\2024_AUG_HPFS_S\2024_AUG_HPFS_S_T3\GOPR5609.JPG,Harka Piloto\2024_AUG_HPFS_S\2024_AUG_HPFS_S_T3\GOPR5609\Coral13.JPG,13,0.4855,Harka Piloto S,T3,4
Harka Piloto\2024_AUG_HPFS_S\2024_AUG_HPFS_S_T3\GOPR5609.JPG,Harka Piloto\2024_AUG_HPFS_S\2024_AUG_HPFS_S_T3\GOPR5609\Coral9.JPG,9,0.5996,Harka Piloto S,T3,4
Harka Piloto\2024_AUG_HPFS_S\2024_AUG_HPFS_S_T3\GOPR5609.JPG,Harka Piloto\2024_AUG_HPFS_S\2024_AUG_HPFS_S_T3\GOPR5609\Coral2.JPG,2,0.7009,Harka Piloto S,T3,4
Harka Piloto\2024_AUG_HPFS_S\2024_AUG_HPFS_S_T3\GOPR5609.JPG,Harka Piloto\2024_AUG_HPFS_S\2024_AUG_HPFS_S_T3\GOPR5609\Coral11.JPG,11,0.5231,Harka Piloto S,T3,4
Harka Piloto\2024_AUG_HPFS_S\2024_AUG_HPFS_S_T3\GOPR5609.JPG,Harka Piloto\2024_AUG_HPFS_S\2024_AUG_HPFS_S_T3\GOPR5609\Coral3.JPG,3,0.6888,Harka Piloto S,T3,4
Harka Piloto\2024_AUG_HPFS_S\2024_AUG_HPFS_S_T3\GOPR5609.JPG,Harka Piloto\2024_AUG_HPFS_S\2024_AUG_HPFS_S_T3\GOPR5609\Coral6.JPG,6,0.6571,Harka Piloto S,T3,4
Harka Piloto\2024_AUG_HPFS_S\2024_AUG_HPFS_S_T3\GOPR5609.JPG,Harka Piloto\2024_AUG_HPFS_S\2024_AUG_HPFS_S_T3\GOPR5609\Coral19.JPG,19,0.3347,Harka Piloto S,T3,4
Harka Piloto\2024_HP_JUL_S\HP_S_T3\GOPR3820.JPG,Harka Piloto\2024_HP_JUL_S\HP_S_T3\GOPR3820\Coral32.JPG,32,0.1743,Harka Piloto S,T3,4
Harka Piloto\2024_HP_JUL_S\HP_S_T3\GOPR3820.JPG,Harka Piloto\2024_HP_JUL_S\HP_S_T3\GOPR3820\Coral9.JPG,9,0.472,Harka Piloto S,T3,4
Harka Piloto\2024_HP_JUL_S\HP_S_T3\GOPR3820.JPG,Harka Piloto\2024_HP_JUL_S\HP_S_T3\GOPR3820\Coral21.JPG,21,0.2704,Harka Piloto S,T3,4
Harka Piloto\2024_HP_JUL_S\HP_S_T3\GOPR3820.JPG,Harka Piloto\2024_HP_JUL_S\HP_S_T3\GOPR3820\Coral30.JPG,30,0.1811,Harka Piloto S,T3,4
Harka Piloto\2024_HP_JUL_S\HP_S_T3\GOPR3820.JPG,Harka Piloto\2024_HP_JUL_S\HP_S_T3\GOPR3820\Coral29.JPG,29,0.1823,Harka Piloto S,T3,4
Harka Piloto\2024_HP_JUL_S\HP_S_T3\GOPR3820.JPG,Harka Piloto\2024_HP_JUL_S\HP_S_T3\GOPR3820\Coral22.JPG,22,0.2685,Harka Piloto S,T3,4
Harka Piloto\2024_HP_JUL_S\HP_S_T3\GOPR3845.JPG,Harka Piloto\2024_HP_JUL_S\HP_S_T3\GOPR3845\Coral26.JPG,26,0.1869,Harka Piloto S,T3,4
Harka Piloto\2024_HP_JUL_S\HP_S_T3\GOPR3845.JPG,Harka Piloto\2024_HP_JUL_S\HP_S_T3\GOPR3845\Coral12.JPG,12,0.3289,Harka Piloto S,T3,4
Harka Piloto\2024_HP_JUL_S\HP_S_T3\GOPR3800.JPG,Harka Piloto\2024_HP_JUL_S\HP_S_T3\GOPR3800\Coral53.JPG,53,0.1769,Harka Piloto S,T3,4
Harka Piloto\2024_HP_JUL_S\HP_S_T3\GOPR3800.JPG,Harka Piloto\2024_HP_JUL_S\HP_S_T3\GOPR3800\Coral32.JPG,32,0.3072,Harka Piloto S,T3,4
Harka Piloto\2024_HP_JUL_S\HP_S_T3\GOPR3800.JPG,Harka Piloto\2024_HP_JUL_S\HP_S_T3\GOPR3800\Coral19.JPG,19,0.4021,Harka Piloto S,T3,4
Harka Piloto\2024_HP_JUL_S\HP_S_T3\GOPR3800.JPG,Harka Piloto\2024_HP_JUL_S\HP_S_T3\GOPR3800\Coral51.JPG,51,0.191,Harka Piloto S,T3,4
Harka Piloto\2024_HP_JUL_S\HP_S_T3\GOPR3800.JPG,Harka Piloto\2024_HP_JUL_S\HP_S_T3\GOPR3800\Coral4.JPG,4,0.6402,Harka Piloto S,T3,4
Harka Piloto\2024_HP_JUL_S\HP_S_T3\GOPR3800.JPG,Harka Piloto\2024_HP_JUL_S\HP_S_T3\GOPR3800\Coral43.JPG,43,0.2397,Harka Piloto S,T3,4
Harka Piloto\2024_HP_JUL_S\HP_S_T3\GOPR3800.JPG,Harka Piloto\2024_HP_JUL_S\HP_S_T3\GOPR3800\Coral23.JPG,23,0.3774,Harka Piloto S,T3,4
Harka Piloto\2024_HP_JUL_S\HP_S_T3\GOPR3800.JPG,Harka Piloto\2024_HP_JUL_S\HP_S_T3\GOPR3800\Coral15.JPG,15,0.4374,Harka Piloto S,T3,4
Harka Piloto\2024_HP_JUL_S\HP_S_T3\GOPR3800.JPG,Harka Piloto\2024_HP_JUL_S\HP_S_T3\GOPR3800\Coral27.JPG,27,0.3447,Harka Piloto S,T3,4
Harka Piloto\2024_AUG_HPFS_S\2024_AUG_HPFS_S_T3\GOPR5600.JPG,Harka Piloto\2024_AUG_HPFS_S\2024_AUG_HPFS_S_T3\GOPR5600\Coral10.JPG,10,0.4127,Harka Piloto S,T3,4
Harka Piloto\2024_AUG_HPFS_S\2024_AUG_HPFS_S_T3\GOPR5600.JPG,Harka Piloto\2024_AUG_HPFS_S\2024_AUG_HPFS_S_T3\GOPR5600\Coral9.JPG,9,0.4144,Harka Piloto S,T3,4
Harka Piloto\2024_AUG_HPFS_S\2024_AUG_HPFS_S_T3\GOPR5600.JPG,Harka Piloto\2024_AUG_HPFS_S\2024_AUG_HPFS_S_T3\GOPR5600\Coral2.JPG,2,0.5027,Harka Piloto S,T3,4
Harka Piloto\2024_AUG_HPFS_S\2024_AUG_HPFS_S_T3\GOPR5600.JPG,Harka Piloto\2024_AUG_HPFS_S\2024_AUG_HPFS_S_T3\GOPR5600\Coral15.JPG,15,0.2711,Harka Piloto S,T3,4
Harka Piloto\2024_AUG_HPFS_S\2024_AUG_HPFS_S_T3\GOPR5600.JPG,Harka Piloto\2024_AUG_HPFS_S\2024_AUG_HPFS_S_T3\GOPR5600\Coral5.JPG,5,0.451,Harka Piloto S,T3,4
Harka Piloto\2024_HP_JUL_S\HP_S_T3\GOPR3816.JPG,Harka Piloto\2024_HP_JUL_S\HP_S_T3\GOPR3816\Coral19.JPG,19,0.4278,Harka Piloto S,T3,4
Harka Piloto\2024_HP_JUL_S\HP_S_T3\GOPR3816.JPG,Harka Piloto\2024_HP_JUL_S\HP_S_T3\GOPR3816\Coral25.JPG,25,0.3692,Harka Piloto S,T3,4
Harka Piloto\2024_HP_JUL_S\HP_S_T3\GOPR3816.JPG,Harka Piloto\2024_HP_JUL_S\HP_S_T3\GOPR3816\Coral17.JPG,17,0.446,Harka Piloto S,T3,4
Harka Piloto\2024_HP_JUL_S\HP_S_T3\GOPR3816.JPG,Harka Piloto\2024_HP_JUL_S\HP_S_T3\GOPR3816\Coral45.JPG,45,0.1588,Harka Piloto S,T3,4
Harka Piloto\2024_HP_JUL_S\HP_S_T3\GOPR3816.JPG,Harka Piloto\2024_HP_JUL_S\HP_S_T3\GOPR3816\Coral35.JPG,35,0.2338,Harka Piloto S,T3,4
Harka Piloto\2024_HP_JUL_S\HP_S_T3\GOPR3816.JPG,Harka Piloto\2024_HP_JUL_S\HP_S_T3\GOPR3816\Coral41.JPG,41,0.1944,Harka Piloto S,T3,4
Harka Piloto\2024_HP_JUL_S\HP_S_T3\GOPR3816.JPG,Harka Piloto\2024_HP_JUL_S\HP_S_T3\GOPR3816\Coral27.JPG,27,0.3263,Harka Piloto S,T3,4
Harka Piloto\2024_HP_JUL_S\HP_S_T3\GOPR3816.JPG,Harka Piloto\2024_HP_JUL_S\HP_S_T3\GOPR3816\Coral18.JPG,18,0.4322,Harka Piloto S,T3,4
Harka Piloto\2024_HP_JUL_S\HP_S_T3\GOPR3816.JPG,Harka Piloto\2024_HP_JUL_S\HP_S_T3\GOPR3816\Coral11.JPG,11,0.5222,Harka Piloto S,T3,4
Harka Piloto\2024_HP_JUL_S\HP_S_T3\GOPR3816.JPG,Harka Piloto\2024_HP_JUL_S\HP_S_T3\GOPR3816\Coral40.JPG,40,0.1954,Harka Piloto S,T3,4
Harka Piloto\2024_HP_JUL_S\HP_S_T3\GOPR3816.JPG,Harka Piloto\2024_HP_JUL_S\HP_S_T3\GOPR3816\Coral34.JPG,34,0.2484,Harka Piloto S,T3,4
Harka Piloto\2024_HP_JUL_S\HP_S_T3\GOPR3816.JPG,Harka Piloto\2024_HP_JUL_S\HP_S_T3\GOPR3816\Coral36.JPG,36,0.2228,Harka Piloto S,T3,4
Harka Piloto\2024_HP_JUL_S\HP_S_T3\GOPR3822.JPG,Harka Piloto\2024_HP_JUL_S\HP_S_T3\GOPR3822\Coral14.JPG,14,0.3662,Harka Piloto S,T3,4
Harka Piloto\2024_AUG_HPFS_D\2024_AUG_HPFS_D_T1\GOPR5335.JPG,Harka Piloto\2024_AUG_HPFS_D\2024_AUG_HPFS_D_T1\GOPR5335\Coral32.JPG,32,0.4074,Harka Piloto D,T1,4
Harka Piloto\2024_AUG_HPFS_D\2024_AUG_HPFS_D_T1\GOPR5294.JPG,Harka Piloto\2024_AUG_HPFS_D\2024_AUG_HPFS_D_T1\GOPR5294\Coral40.JPG,40,0.2165,Harka Piloto D,T1,4
Harka Piloto\2024_HPFS_JUL_D\HP_D_T1\GOPR3581.JPG,Harka Piloto\2024_HPFS_JUL_D\HP_D_T1\GOPR3581\Coral31.JPG,31,0.2179,Harka Piloto D,T1,4
Harka Piloto\2024_AUG_HPFS_D\2024_AUG_HPFS_D_T1\GOPR5330.JPG,Harka Piloto\2024_AUG_HPFS_D\2024_AUG_HPFS_D_T1\GOPR5330\Coral30.JPG,30,0.2151,Harka Piloto D,T1,4
Harka Piloto\2024_HPFS_JUL_D\HP_D_T1\GOPR3600.JPG,Harka Piloto\2024_HPFS_JUL_D\HP_D_T1\GOPR3600\Coral5.JPG,5,0.2151,Harka Piloto D,T1,4
Harka Piloto\2024_HPFS_JUL_D\HP_D_T1\GOPR3585.JPG,Harka Piloto\2024_HPFS_JUL_D\HP_D_T1\GOPR3585\Coral124.JPG,124,0.2173,Harka Piloto D,T1,4
Harka Piloto\2024_HPFS_JUL_D\HP_D_T1\GOPR3565.JPG,Harka Piloto\2024_HPFS_JUL_D\HP_D_T1\GOPR3565\Coral22.JPG,22,0.3256,Harka Piloto D,T1,4
Harka Piloto\2024_HPFS_JUL_D\HP_D_T1\GOPR3579.JPG,Harka Piloto\2024_HPFS_JUL_D\HP_D_T1\GOPR3579\Coral9.JPG,9,0.517,Harka Piloto D,T1,4
Harka Piloto\2024_AUG_HPFS_D\2024_AUG_HPFS_D_T1\GOPR5324.JPG,Harka Piloto\2024_AUG_HPFS_D\2024_AUG_HPFS_D_T1\GOPR5324\Coral26.JPG,26,0.3095,Harka Piloto D,T1,4
Harka Piloto\2024_AUG_HPFS_D\2024_AUG_HPFS_D_T1\GOPR5297.JPG,Harka Piloto\2024_AUG_HPFS_D\2024_AUG_HPFS_D_T1\GOPR5297\Coral31.JPG,31,0.217,Harka Piloto D,T1,4
Harka Piloto\2024_AUG_HPFS_D\2024_AUG_HPFS_D_T1\GOPR5321.JPG,Harka Piloto\2024_AUG_HPFS_D\2024_AUG_HPFS_D_T1\GOPR5321\Coral22.JPG,22,0.2065,Harka Piloto D,T1,4
Harka Piloto\2024_HPFS_JUL_D\HP_D_T1\GOPR3587.JPG,Harka Piloto\2024_HPFS_JUL_D\HP_D_T1\GOPR3587\Coral10.JPG,10,0.678,Harka Piloto D,T1,4
Harka Piloto\2024_AUG_HPFS_D\2024_AUG_HPFS_D_T1\GOPR5320.JPG,Harka Piloto\2024_AUG_HPFS_D\2024_AUG_HPFS_D_T1\GOPR5320\Coral78.JPG,78,0.1539,Harka Piloto D,T1,4
Harka Piloto\2024_AUG_HPFS_D\2024_AUG_HPFS_D_T1\GOPR5295.JPG,Harka Piloto\2024_AUG_HPFS_D\2024_AUG_HPFS_D_T1\GOPR5295\Coral21.JPG,21,0.3077,Harka Piloto D,T1,4
Harka Piloto\2024_HPFS_JUL_D\HP_D_T1\GOPR3609.JPG,Harka Piloto\2024_HPFS_JUL_D\HP_D_T1\GOPR3609\Coral12.JPG,12,0.4404,Harka Piloto D,T1,4
Harka Piloto\2024_HPFS_JUL_D\HP_D_T1\GOPR3598.JPG,Harka Piloto\2024_HPFS_JUL_D\HP_D_T1\GOPR3598\Coral53.JPG,53,0.2277,Harka Piloto D,T1,4
Harka Piloto\2024_AUG_HPFS_D\2024_AUG_HPFS_D_T1\GOPR5294.JPG,Harka Piloto\2024_AUG_HPFS_D\2024_AUG_HPFS_D_T1\GOPR5294\Coral38.JPG,38,0.2266,Harka Piloto D,T1,4
Harka Piloto\2024_AUG_HPFS_D\2024_AUG_HPFS_D_T1\GOPR5333.JPG,Harka Piloto\2024_AUG_HPFS_D\2024_AUG_HPFS_D_T1\GOPR5333\Coral18.JPG,18,0.2606,Harka Piloto D,T1,4
Harka Piloto\2024_AUG_HPFS_D\2024_AUG_HPFS_D_T1\GOPR5314.JPG,Harka Piloto\2024_AUG_HPFS_D\2024_AUG_HPFS_D_T1\GOPR5314\Coral26.JPG,26,0.2431,Harka Piloto D,T1,4
Harka Piloto\2024_HPFS_JUL_D\HP_D_T1\GOPR3591.JPG,Harka Piloto\2024_HPFS_JUL_D\HP_D_T1\GOPR3591\Coral22.JPG,22,0.4727,Harka Piloto D,T1,4
Harka Piloto\2024_AUG_HPFS_D\2024_AUG_HPFS_D_T1\GOPR5325.JPG,Harka Piloto\2024_AUG_HPFS_D\2024_AUG_HPFS_D_T1\GOPR5325\Coral12.JPG,12,0.5978,Harka Piloto D,T1,4
Harka Piloto\2024_AUG_HPFS_D\2024_AUG_HPFS_D_T1\GOPR5339.JPG,Harka Piloto\2024_AUG_HPFS_D\2024_AUG_HPFS_D_T1\GOPR5339\Coral30.JPG,30,0.2973,Harka Piloto D,T1,4
Harka Piloto\2024_HPFS_JUL_D\HP_D_T1\GOPR3610.JPG,Harka Piloto\2024_HPFS_JUL_D\HP_D_T1\GOPR3610\Coral21.JPG,21,0.2716,Harka Piloto D,T1,4
Harka Piloto\2024_AUG_HPFS_D\2024_AUG_HPFS_D_T1\GOPR5336.JPG,Harka Piloto\2024_AUG_HPFS_D\2024_AUG_HPFS_D_T1\GOPR5336\Coral27.JPG,27,0.3207,Harka Piloto D,T1,4
Harka Piloto\2024_AUG_HPFS_D\2024_AUG_HPFS_D_T1\GOPR5308.JPG,Harka Piloto\2024_AUG_HPFS_D\2024_AUG_HPFS_D_T1\GOPR5308\Coral13.JPG,13,0.4014,Harka Piloto D,T1,4
Harka Piloto\2024_AUG_HPFS_D\2024_AUG_HPFS_D_T1\GOPR5297.JPG,Harka Piloto\2024_AUG_HPFS_D\2024_AUG_HPFS_D_T1\GOPR5297\Coral28.JPG,28,0.2332,Harka Piloto D,T1,4
Harka Piloto\2024_AUG_HPFS_D\2024_AUG_HPFS_D_T1\GOPR5292.JPG,Harka Piloto\2024_AUG_HPFS_D\2024_AUG_HPFS_D_T1\GOPR5292\Coral10.JPG,10,0.5199,Harka Piloto D,T1,4
Harka Piloto\2024_HPFS_JUL_D\HP_D_T1\GOPR3567.JPG,Harka Piloto\2024_HPFS_JUL_D\HP_D_T1\GOPR3567\Coral60.JPG,60,0.2067,Harka Piloto D,T1,4
Harka Piloto\2024_AUG_HPFS_D\2024_AUG_HPFS_D_T1\GOPR5317.JPG,Harka Piloto\2024_AUG_HPFS_D\2024_AUG_HPFS_D_T1\GOPR5317\Coral5.JPG,5,0.4599,Harka Piloto D,T1,4
Harka Piloto\2024_AUG_HPFS_D\2024_AUG_HPFS_D_T1\GOPR5293.JPG,Harka Piloto\2024_AUG_HPFS_D\2024_AUG_HPFS_D_T1\GOPR5293\Coral24.JPG,24,0.3178,Harka Piloto D,T1,4
Harka Piloto\2024_AUG_HPFS_D\2024_AUG_HPFS_D_T1\GOPR5332.JPG,Harka Piloto\2024_AUG_HPFS_D\2024_AUG_HPFS_D_T1\GOPR5332\Coral23.JPG,23,0.2302,Harka Piloto D,T1,4
Harka Piloto\2024_HPFS_JUL_D\HP_D_T1\GOPR3594.JPG,Harka Piloto\2024_HPFS_JUL_D\HP_D_T1\GOPR3594\Coral4.JPG,4,0.7096,Harka Piloto D,T1,4
Harka Piloto\2024_HPFS_JUL_D\HP_D_T1\GOPR3595.JPG,Harka Piloto\2024_HPFS_JUL_D\HP_D_T1\GOPR3595\Coral62.JPG,62,0.2471,Harka Piloto D,T1,4
Harka Piloto\2024_AUG_HPFS_D\2024_AUG_HPFS_D_T1\GOPR5305.JPG,Harka Piloto\2024_AUG_HPFS_D\2024_AUG_HPFS_D_T1\GOPR5305\Coral12.JPG,12,0.6744,Harka Piloto D,T1,4
Harka Piloto\2024_AUG_HPFS_D\2024_AUG_HPFS_D_T1\GOPR5311.JPG,Harka Piloto\2024_AUG_HPFS_D\2024_AUG_HPFS_D_T1\GOPR5311\Coral10.JPG,10,0.3469,Harka Piloto D,T1,4
Harka Piloto\2024_HPFS_JUL_D\HP_D_T1\GOPR3572.JPG,Harka Piloto\2024_HPFS_JUL_D\HP_D_T1\GOPR3572\Coral27.JPG,27,0.3574,Harka Piloto D,T1,4
Harka Piloto\2024_HPFS_JUL_D\HP_D_T1\GOPR3574.JPG,Harka Piloto\2024_HPFS_JUL_D\HP_D_T1\GOPR3574\Coral101.JPG,101,0.2753,Harka Piloto D,T1,4
Harka Piloto\2024_HPFS_JUL_D\HP_D_T1\GOPR3602.JPG,Harka Piloto\2024_HPFS_JUL_D\HP_D_T1\GOPR3602\Coral35.JPG,35,0.1796,Harka Piloto D,T1,4
Harka Piloto\2024_AUG_HPFS_D\2024_AUG_HPFS_D_T1\GOPR5328.JPG,Harka Piloto\2024_AUG_HPFS_D\2024_AUG_HPFS_D_T1\GOPR5328\Coral4.JPG,4,0.2982,Harka Piloto D,T1,4
Harka Piloto\2024_AUG_HPFS_D\2024_AUG_HPFS_D_T1\GOPR5333.JPG,Harka Piloto\2024_AUG_HPFS_D\2024_AUG_HPFS_D_T1\GOPR5333\Coral34.JPG,34,0.175,Harka Piloto D,T1,4
Harka Piloto\2024_HPFS_JUL_D\HP_D_T1\GOPR3588.JPG,Harka Piloto\2024_HPFS_JUL_D\HP_D_T1\GOPR3588\Coral18.JPG,18,0.5039,Harka Piloto D,T1,4
Harka Piloto\2024_AUG_HPFS_D\2024_AUG_HPFS_D_T1\GOPR5314.JPG,Harka Piloto\2024_AUG_HPFS_D\2024_AUG_HPFS_D_T1\GOPR5314\Coral27.JPG,27,0.2379,Harka Piloto D,T1,4
Harka Piloto\2024_AUG_HPFS_D\2024_AUG_HPFS_D_T1\GOPR5318.JPG,Harka Piloto\2024_AUG_HPFS_D\2024_AUG_HPFS_D_T1\GOPR5318\Coral5.JPG,5,0.5811,Harka Piloto D,T1,4
Harka Piloto\2024_HPFS_JUL_D\HP_D_T1\GOPR3592.JPG,Harka Piloto\2024_HPFS_JUL_D\HP_D_T1\GOPR3592\Coral67.JPG,67,0.2158,Harka Piloto D,T1,4
Harka Piloto\2024_AUG_HPFS_D\2024_AUG_HPFS_D_T1\GOPR5339.JPG,Harka Piloto\2024_AUG_HPFS_D\2024_AUG_HPFS_D_T1\GOPR5339\Coral35.JPG,35,0.2676,Harka Piloto D,T1,4
Harka Piloto\2024_HPFS_JUL_D\HP_D_T1\GOPR3611.JPG,Harka Piloto\2024_HPFS_JUL_D\HP_D_T1\GOPR3611\Coral21.JPG,21,0.3549,Harka Piloto D,T1,4
Harka Piloto\2024_HPFS_JUL_D\HP_D_T1\GOPR3579.JPG,Harka Piloto\2024_HPFS_JUL_D\HP_D_T1\GOPR3579\Coral8.JPG,8,0.5276,Harka Piloto D,T1,4
Harka Piloto\2024_HPFS_JUL_D\HP_D_T1\GOPR3590.JPG,Harka Piloto\2024_HPFS_JUL_D\HP_D_T1\GOPR3590\Coral60.JPG,60,0.1856,Harka Piloto D,T1,4
Harka Piloto\2024_HPFS_JUL_D\HP_D_T1\GOPR3603.JPG,Harka Piloto\2024_HPFS_JUL_D\HP_D_T1\GOPR3603\Coral9.JPG,9,0.6078,Harka Piloto D,T1,4
Harka Piloto\2024_HPFS_JUL_D\HP_D_T1\GOPR3596.JPG,Harka Piloto\2024_HPFS_JUL_D\HP_D_T1\GOPR3596\Coral34.JPG,34,0.4585,Harka Piloto D,T1,4
Harka Piloto\2024_HPFS_JUL_D\HP_D_T1\GOPR3599.JPG,Harka Piloto\2024_HPFS_JUL_D\HP_D_T1\GOPR3599\Coral16.JPG,16,0.5116,Harka Piloto D,T1,4
Harka Piloto\2024_AUG_HPFS_D\2024_AUG_HPFS_D_T1\GOPR5331.JPG,Harka Piloto\2024_AUG_HPFS_D\2024_AUG_HPFS_D_T1\GOPR5331\Coral6.JPG,6,0.4401,Harka Piloto D,T1,4
Harka Piloto\2024_HPFS_JUL_D\HP_D_T1\GOPR3608.JPG,Harka Piloto\2024_HPFS_JUL_D\HP_D_T1\GOPR3608\Coral9.JPG,9,0.344,Harka Piloto D,T1,4
Harka Piloto\2024_AUG_HPFS_D\2024_AUG_HPFS_D_T1\GOPR5338.JPG,Harka Piloto\2024_AUG_HPFS_D\2024_AUG_HPFS_D_T1\GOPR5338\Coral9.JPG,9,0.421,Harka Piloto D,T1,4
Harka Piloto\2024_HPFS_JUL_D\HP_D_T1\GOPR3567.JPG,Harka Piloto\2024_HPFS_JUL_D\HP_D_T1\GOPR3567\Coral56.JPG,56,0.2327,Harka Piloto D,T1,4
Harka Piloto\2024_AUG_HPFS_D\2024_AUG_HPFS_D_T1\GOPR5313.JPG,Harka Piloto\2024_AUG_HPFS_D\2024_AUG_HPFS_D_T1\GOPR5313\Coral20.JPG,20,0.2468,Harka Piloto D,T1,4
Harka Piloto\2024_HPFS_JUL_D\HP_D_T1\GOPR3583.JPG,Harka Piloto\2024_HPFS_JUL_D\HP_D_T1\GOPR3583\Coral19.JPG,19,0.4421,Harka Piloto D,T1,4
Harka Piloto\2024_HPFS_JUL_D\HP_D_T1\GOPR3566.JPG,Harka Piloto\2024_HPFS_JUL_D\HP_D_T1\GOPR3566\Coral22.JPG,22,0.3277,Harka Piloto D,T1,4
Harka Piloto\2024_AUG_HPFS_D\2024_AUG_HPFS_D_T1\GOPR5337.JPG,Harka Piloto\2024_AUG_HPFS_D\2024_AUG_HPFS_D_T1\GOPR5337\Coral6.JPG,6,0.1606,Harka Piloto D,T1,4
Harka Piloto\2024_AUG_HPFS_D\2024_AUG_HPFS_D_T1\GOPR5332.JPG,Harka Piloto\2024_AUG_HPFS_D\2024_AUG_HPFS_D_T1\GOPR5332\Coral15.JPG,15,0.3367,Harka Piloto D,T1,4
Harka Piloto\2024_AUG_HPFS_D\2024_AUG_HPFS_D_T1\GOPR5327.JPG,Harka Piloto\2024_AUG_HPFS_D\2024_AUG_HPFS_D_T1\GOPR5327\Coral14.JPG,14,0.5081,Harka Piloto D,T1,4
Harka Piloto\2024_AUG_HPFS_D\2024_AUG_HPFS_D_T1\GOPR5300.JPG,Harka Piloto\2024_AUG_HPFS_D\2024_AUG_HPFS_D_T1\GOPR5300\Coral43.JPG,43,0.3637,Harka Piloto D,T1,4
Harka Piloto\2024_AUG_HPFS_D\2024_AUG_HPFS_D_T1\GOPR5299.JPG,Harka Piloto\2024_AUG_HPFS_D\2024_AUG_HPFS_D_T1\GOPR5299\Coral39.JPG,39,0.4545,Harka Piloto D,T1,4
Harka Piloto\2024_HPFS_JUL_D\HP_D_T1\GOPR3573.JPG,Harka Piloto\2024_HPFS_JUL_D\HP_D_T1\GOPR3573\Coral71.JPG,71,0.2329,Harka Piloto D,T1,4
Harka Piloto\2024_HPFS_JUL_D\HP_D_T1\GOPR3594.JPG,Harka Piloto\2024_HPFS_JUL_D\HP_D_T1\GOPR3594\Coral46.JPG,46,0.2147,Harka Piloto D,T1,4
Harka Piloto\2024_AUG_HPFS_D\2024_AUG_HPFS_D_T1\GOPR5305.JPG,Harka Piloto\2024_AUG_HPFS_D\2024_AUG_HPFS_D_T1\GOPR5305\Coral80.JPG,80,0.1506,Harka Piloto D,T1,4
Harka Piloto\2024_HPFS_JUL_D\HP_D_T1\GOPR3572.JPG,Harka Piloto\2024_HPFS_JUL_D\HP_D_T1\GOPR3572\Coral7.JPG,7,0.6807,Harka Piloto D,T1,4
Harka Piloto\2024_HPFS_JUL_D\HP_D_T1\GOPR3572.JPG,Harka Piloto\2024_HPFS_JUL_D\HP_D_T1\GOPR3572\Coral48.JPG,48,0.1853,Harka Piloto D,T1,4
Harka Piloto\2024_HPFS_JUL_D\HP_D_T1\GOPR3572.JPG,Harka Piloto\2024_HPFS_JUL_D\HP_D_T1\GOPR3572\Coral18.JPG,18,0.4376,Harka Piloto D,T1,4
Harka Piloto\2024_HPFS_JUL_D\HP_D_T1\GOPR3572.JPG,Harka Piloto\2024_HPFS_JUL_D\HP_D_T1\GOPR3572\Coral40.JPG,40,0.2127,Harka Piloto D,T1,4
Harka Piloto\2024_HPFS_JUL_D\HP_D_T1\GOPR3572.JPG,Harka Piloto\2024_HPFS_JUL_D\HP_D_T1\GOPR3572\Coral23.JPG,23,0.4061,Harka Piloto D,T1,4
Harka Piloto\2024_HPFS_JUL_D\HP_D_T1\GOPR3572.JPG,Harka Piloto\2024_HPFS_JUL_D\HP_D_T1\GOPR3572\Coral43.JPG,43,0.2081,Harka Piloto D,T1,4
Harka Piloto\2024_HPFS_JUL_D\HP_D_T1\GOPR3572.JPG,Harka Piloto\2024_HPFS_JUL_D\HP_D_T1\GOPR3572\Coral2.JPG,2,0.7211,Harka Piloto D,T1,4
Harka Piloto\2024_HPFS_JUL_D\HP_D_T1\GOPR3572.JPG,Harka Piloto\2024_HPFS_JUL_D\HP_D_T1\GOPR3572\Coral31.JPG,31,0.2478,Harka Piloto D,T1,4
Harka Piloto\2024_HPFS_JUL_D\HP_D_T1\GOPR3572.JPG,Harka Piloto\2024_HPFS_JUL_D\HP_D_T1\GOPR3572\Coral10.JPG,10,0.603,Harka Piloto D,T1,4
Harka Piloto\2024_AUG_HPFS_D\2024_AUG_HPFS_D_T1\GOPR5335.JPG,Harka Piloto\2024_AUG_HPFS_D\2024_AUG_HPFS_D_T1\GOPR5335\Coral48.JPG,48,0.314,Harka Piloto D,T1,4
Harka Piloto\2024_AUG_HPFS_D\2024_AUG_HPFS_D_T1\GOPR5335.JPG,Harka Piloto\2024_AUG_HPFS_D\2024_AUG_HPFS_D_T1\GOPR5335\Coral46.JPG,46,0.3191,Harka Piloto D,T1,4
Harka Piloto\2024_AUG_HPFS_D\2024_AUG_HPFS_D_T1\GOPR5335.JPG,Harka Piloto\2024_AUG_HPFS_D\2024_AUG_HPFS_D_T1\GOPR5335\Coral25.JPG,25,0.4597,Harka Piloto D,T1,4
Harka Piloto\2024_AUG_HPFS_D\2024_AUG_HPFS_D_T1\GOPR5335.JPG,Harka Piloto\2024_AUG_HPFS_D\2024_AUG_HPFS_D_T1\GOPR5335\Coral18.JPG,18,0.5372,Harka Piloto D,T1,4
Harka Piloto\2024_AUG_HPFS_D\2024_AUG_HPFS_D_T1\GOPR5335.JPG,Harka Piloto\2024_AUG_HPFS_D\2024_AUG_HPFS_D_T1\GOPR5335\Coral3.JPG,3,0.7421,Harka Piloto D,T1,4
Harka Piloto\2024_AUG_HPFS_D\2024_AUG_HPFS_D_T1\GOPR5335.JPG,Harka Piloto\2024_AUG_HPFS_D\2024_AUG_HPFS_D_T1\GOPR5335\Coral56.JPG,56,0.2775,Harka Piloto D,T1,4
Harka Piloto\2024_AUG_HPFS_D\2024_AUG_HPFS_D_T1\GOPR5335.JPG,Harka Piloto\2024_AUG_HPFS_D\2024_AUG_HPFS_D_T1\GOPR5335\Coral60.JPG,60,0.2545,Harka Piloto D,T1,4
Harka Piloto\2024_AUG_HPFS_D\2024_AUG_HPFS_D_T1\GOPR5335.JPG,Harka Piloto\2024_AUG_HPFS_D\2024_AUG_HPFS_D_T1\GOPR5335\Coral35.JPG,35,0.3984,Harka Piloto D,T1,4
Harka Piloto\2024_AUG_HPFS_D\2024_AUG_HPFS_D_T1\GOPR5335.JPG,Harka Piloto\2024_AUG_HPFS_D\2024_AUG_HPFS_D_T1\GOPR5335\Coral77.JPG,77,0.193,Harka Piloto D,T1,4
Harka Piloto\2024_AUG_HPFS_D\2024_AUG_HPFS_D_T1\GOPR5335.JPG,Harka Piloto\2024_AUG_HPFS_D\2024_AUG_HPFS_D_T1\GOPR5335\Coral8.JPG,8,0.6456,Harka Piloto D,T1,4
Harka Piloto\2024_AUG_HPFS_D\2024_AUG_HPFS_D_T1\GOPR5335.JPG,Harka Piloto\2024_AUG_HPFS_D\2024_AUG_HPFS_D_T1\GOPR5335\Coral1.JPG,1,0.7841,Harka Piloto D,T1,4
Harka Piloto\2024_AUG_HPFS_D\2024_AUG_HPFS_D_T1\GOPR5335.JPG,Harka Piloto\2024_AUG_HPFS_D\2024_AUG_HPFS_D_T1\GOPR5335\Coral31.JPG,31,0.4137,Harka Piloto D,T1,4
Harka Piloto\2024_AUG_HPFS_D\2024_AUG_HPFS_D_T1\GOPR5335.JPG,Harka Piloto\2024_AUG_HPFS_D\2024_AUG_HPFS_D_T1\GOPR5335\Coral83.JPG,83,0.1733,Harka Piloto D,T1,4
Harka Piloto\2024_AUG_HPFS_D\2024_AUG_HPFS_D_T1\GOPR5335.JPG,Harka Piloto\2024_AUG_HPFS_D\2024_AUG_HPFS_D_T1\GOPR5335\Coral12.JPG,12,0.593,Harka Piloto D,T1,4
Harka Piloto\2024_AUG_HPFS_D\2024_AUG_HPFS_D_T1\GOPR5335.JPG,Harka Piloto\2024_AUG_HPFS_D\2024_AUG_HPFS_D_T1\GOPR5335\Coral17.JPG,17,0.5538,Harka Piloto D,T1,4
Harka Piloto\2024_AUG_HPFS_D\2024_AUG_HPFS_D_T1\GOPR5335.JPG,Harka Piloto\2024_AUG_HPFS_D\2024_AUG_HPFS_D_T1\GOPR5335\Coral75.JPG,75,0.1962,Harka Piloto D,T1,4
Harka Piloto\2024_HPFS_JUL_D\HP_D_T1\GOPR3570.JPG,Harka Piloto\2024_HPFS_JUL_D\HP_D_T1\GOPR3570\Coral32.JPG,32,0.3189,Harka Piloto D,T1,4
Harka Piloto\2024_HPFS_JUL_D\HP_D_T1\GOPR3570.JPG,Harka Piloto\2024_HPFS_JUL_D\HP_D_T1\GOPR3570\Coral35.JPG,35,0.2919,Harka Piloto D,T1,4
Harka Piloto\2024_HPFS_JUL_D\HP_D_T1\GOPR3570.JPG,Harka Piloto\2024_HPFS_JUL_D\HP_D_T1\GOPR3570\Coral13.JPG,13,0.5003,Harka Piloto D,T1,4
Harka Piloto\2024_HPFS_JUL_D\HP_D_T1\GOPR3570.JPG,Harka Piloto\2024_HPFS_JUL_D\HP_D_T1\GOPR3570\Coral29.JPG,29,0.3342,Harka Piloto D,T1,4
Harka Piloto\2024_HPFS_JUL_D\HP_D_T1\GOPR3570.JPG,Harka Piloto\2024_HPFS_JUL_D\HP_D_T1\GOPR3570\Coral10.JPG,10,0.5127,Harka Piloto D,T1,4
Harka Piloto\2024_HPFS_JUL_D\HP_D_T1\GOPR3570.JPG,Harka Piloto\2024_HPFS_JUL_D\HP_D_T1\GOPR3570\Coral19.JPG,19,0.4463,Harka Piloto D,T1,4
Harka Piloto\2024_HPFS_JUL_D\HP_D_T1\GOPR3570.JPG,Harka Piloto\2024_HPFS_JUL_D\HP_D_T1\GOPR3570\Coral17.JPG,17,0.4528,Harka Piloto D,T1,4
Harka Piloto\2024_HPFS_JUL_D\HP_D_T1\GOPR3570.JPG,Harka Piloto\2024_HPFS_JUL_D\HP_D_T1\GOPR3570\Coral60.JPG,60,0.1536,Harka Piloto D,T1,4
Harka Piloto\2024_HPFS_JUL_D\HP_D_T1\GOPR3563.JPG,Harka Piloto\2024_HPFS_JUL_D\HP_D_T1\GOPR3563\Coral26.JPG,26,0.3126,Harka Piloto D,T1,4
Harka Piloto\2024_HPFS_JUL_D\HP_D_T1\GOPR3563.JPG,Harka Piloto\2024_HPFS_JUL_D\HP_D_T1\GOPR3563\Coral19.JPG,19,0.3683,Harka Piloto D,T1,4
Harka Piloto\2024_HPFS_JUL_D\HP_D_T1\GOPR3563.JPG,Harka Piloto\2024_HPFS_JUL_D\HP_D_T1\GOPR3563\Coral46.JPG,46,0.1548,Harka Piloto D,T1,4
Harka Piloto\2024_HPFS_JUL_D\HP_D_T1\GOPR3563.JPG,Harka Piloto\2024_HPFS_JUL_D\HP_D_T1\GOPR3563\Coral17.JPG,17,0.4481,Harka Piloto D,T1,4
Harka Piloto\2024_HPFS_JUL_D\HP_D_T1\GOPR3563.JPG,Harka Piloto\2024_HPFS_JUL_D\HP_D_T1\GOPR3563\Coral44.JPG,44,0.1692,Harka Piloto D,T1,4
Harka Piloto\2024_HPFS_JUL_D\HP_D_T1\GOPR3563.JPG,Harka Piloto\2024_HPFS_JUL_D\HP_D_T1\GOPR3563\Coral36.JPG,36,0.2275,Harka Piloto D,T1,4
Harka Piloto\2024_HPFS_JUL_D\HP_D_T1\GOPR3563.JPG,Harka Piloto\2024_HPFS_JUL_D\HP_D_T1\GOPR3563\Coral24.JPG,24,0.3205,Harka Piloto D,T1,4
Harka Piloto\2024_AUG_HPFS_D\2024_AUG_HPFS_D_T1\GOPR5294.JPG,Harka Piloto\2024_AUG_HPFS_D\2024_AUG_HPFS_D_T1\GOPR5294\Coral20.JPG,20,0.4283,Harka Piloto D,T1,4
Harka Piloto\2024_AUG_HPFS_D\2024_AUG_HPFS_D_T1\GOPR5294.JPG,Harka Piloto\2024_AUG_HPFS_D\2024_AUG_HPFS_D_T1\GOPR5294\Coral49.JPG,49,0.1643,Harka Piloto D,T1,4
Harka Piloto\2024_AUG_HPFS_D\2024_AUG_HPFS_D_T1\GOPR5294.JPG,Harka Piloto\2024_AUG_HPFS_D\2024_AUG_HPFS_D_T1\GOPR5294\Coral24.JPG,24,0.3888,Harka Piloto D,T1,4
Harka Piloto\2024_AUG_HPFS_D\2024_AUG_HPFS_D_T1\GOPR5294.JPG,Harka Piloto\2024_AUG_HPFS_D\2024_AUG_HPFS_D_T1\GOPR5294\Coral48.JPG,48,0.1683,Harka Piloto D,T1,4
Harka Piloto\2024_AUG_HPFS_D\2024_AUG_HPFS_D_T1\GOPR5294.JPG,Harka Piloto\2024_AUG_HPFS_D\2024_AUG_HPFS_D_T1\GOPR5294\Coral23.JPG,23,0.3971,Harka Piloto D,T1,4
Harka Piloto\2024_AUG_HPFS_D\2024_AUG_HPFS_D_T2\GOPR5375.JPG,Harka Piloto\2024_AUG_HPFS_D\2024_AUG_HPFS_D_T2\GOPR5375\Coral24.JPG,24,0.2021,Harka Piloto D,T2,4
Harka Piloto\2024_AUG_HPFS_D\2024_AUG_HPFS_D_T2\GOPR5357.JPG,Harka Piloto\2024_AUG_HPFS_D\2024_AUG_HPFS_D_T2\GOPR5357\Coral62.JPG,62,0.2068,Harka Piloto D,T2,4
Harka Piloto\2024_AUG_HPFS_D\2024_AUG_HPFS_D_T2\GOPR5352.JPG,Harka Piloto\2024_AUG_HPFS_D\2024_AUG_HPFS_D_T2\GOPR5352\Coral15.JPG,15,0.4929,Harka Piloto D,T2,4
Harka Piloto\2024_AUG_HPFS_D\2024_AUG_HPFS_D_T2\GOPR5387.JPG,Harka Piloto\2024_AUG_HPFS_D\2024_AUG_HPFS_D_T2\GOPR5387\Coral10.JPG,10,0.3273,Harka Piloto D,T2,4
Harka Piloto\2024_AUG_HPFS_D\2024_AUG_HPFS_D_T2\GOPR5367.JPG,Harka Piloto\2024_AUG_HPFS_D\2024_AUG_HPFS_D_T2\GOPR5367\Coral3.JPG,3,0.6725,Harka Piloto D,T2,4
Harka Piloto\2024_HPFS_JUL_D\HP_D_T2\GOPR3623.JPG,Harka Piloto\2024_HPFS_JUL_D\HP_D_T2\GOPR3623\Coral23.JPG,23,0.1744,Harka Piloto D,T2,4
Harka Piloto\2024_AUG_HPFS_D\2024_AUG_HPFS_D_T2\GOPR5356.JPG,Harka Piloto\2024_AUG_HPFS_D\2024_AUG_HPFS_D_T2\GOPR5356\Coral5.JPG,5,0.7463,Harka Piloto D,T2,4
Harka Piloto\2024_HPFS_JUL_D\HP_D_T2\GOPR3654.JPG,Harka Piloto\2024_HPFS_JUL_D\HP_D_T2\GOPR3654\Coral21.JPG,21,0.3549,Harka Piloto D,T2,4
Harka Piloto\2024_AUG_HPFS_D\2024_AUG_HPFS_D_T2\GOPR5388.JPG,Harka Piloto\2024_AUG_HPFS_D\2024_AUG_HPFS_D_T2\GOPR5388\Coral9.JPG,9,0.3732,Harka Piloto D,T2,4
Harka Piloto\2024_AUG_HPFS_D\2024_AUG_HPFS_D_T2\GOPR5362.JPG,Harka Piloto\2024_AUG_HPFS_D\2024_AUG_HPFS_D_T2\GOPR5362\Coral11.JPG,11,0.4363,Harka Piloto D,T2,4
Harka Piloto\2024_HPFS_JUL_D\HP_D_T2\GOPR3629.JPG,Harka Piloto\2024_HPFS_JUL_D\HP_D_T2\GOPR3629\Coral8.JPG,8,0.5772,Harka Piloto D,T2,4
Harka Piloto\2024_HPFS_JUL_D\HP_D_T2\GOPR3656.JPG,Harka Piloto\2024_HPFS_JUL_D\HP_D_T2\GOPR3656\Coral32.JPG,32,0.1527,Harka Piloto D,T2,4
Harka Piloto\2024_HPFS_JUL_D\HP_D_T2\GOPR3661.JPG,Harka Piloto\2024_HPFS_JUL_D\HP_D_T2\GOPR3661\Coral39.JPG,39,0.3292,Harka Piloto D,T2,4
Harka Piloto\2024_HPFS_JUL_D\HP_D_T2\GOPR3653.JPG,Harka Piloto\2024_HPFS_JUL_D\HP_D_T2\GOPR3653\Coral7.JPG,7,0.5189,Harka Piloto D,T2,4
Harka Piloto\2024_HPFS_JUL_D\HP_D_T2\GOPR3617.JPG,Harka Piloto\2024_HPFS_JUL_D\HP_D_T2\GOPR3617\Coral44.JPG,44,0.1884,Harka Piloto D,T2,4
Harka Piloto\2024_HPFS_JUL_D\HP_D_T2\GOPR3639.JPG,Harka Piloto\2024_HPFS_JUL_D\HP_D_T2\GOPR3639\Coral35.JPG,35,0.3725,Harka Piloto D,T2,4
Harka Piloto\2024_AUG_HPFS_D\2024_AUG_HPFS_D_T2\GOPR5359.JPG,Harka Piloto\2024_AUG_HPFS_D\2024_AUG_HPFS_D_T2\GOPR5359\Coral7.JPG,7,0.5898,Harka Piloto D,T2,4
Harka Piloto\2024_HPFS_JUL_D\HP_D_T2\GOPR3631.JPG,Harka Piloto\2024_HPFS_JUL_D\HP_D_T2\GOPR3631\Coral26.JPG,26,0.3421,Harka Piloto D,T2,4
Harka Piloto\2024_HPFS_JUL_D\HP_D_T2\GOPR3627.JPG,Harka Piloto\2024_HPFS_JUL_D\HP_D_T2\GOPR3627\Coral18.JPG,18,0.4388,Harka Piloto D,T2,4
Harka Piloto\2024_AUG_HPFS_D\2024_AUG_HPFS_D_T2\GOPR5384.JPG,Harka Piloto\2024_AUG_HPFS_D\2024_AUG_HPFS_D_T2\GOPR5384\Coral8.JPG,8,0.4742,Harka Piloto D,T2,4
Harka Piloto\2024_HPFS_JUL_D\HP_D_T2\GOPR3619.JPG,Harka Piloto\2024_HPFS_JUL_D\HP_D_T2\GOPR3619\Coral45.JPG,45,0.244,Harka Piloto D,T2,4
Harka Piloto\2024_HPFS_JUL_D\HP_D_T2\GOPR3663.JPG,Harka Piloto\2024_HPFS_JUL_D\HP_D_T2\GOPR3663\Coral21.JPG,21,0.188,Harka Piloto D,T2,4
Harka Piloto\2024_AUG_HPFS_D\2024_AUG_HPFS_D_T2\GOPR5390.JPG,Harka Piloto\2024_AUG_HPFS_D\2024_AUG_HPFS_D_T2\GOPR5390\Coral12.JPG,12,0.341,Harka Piloto D,T2,4
Harka Piloto\2024_AUG_HPFS_D\2024_AUG_HPFS_D_T2\GOPR5386.JPG,Harka Piloto\2024_AUG_HPFS_D\2024_AUG_HPFS_D_T2\GOPR5386\Coral6.JPG,6,0.521,Harka Piloto D,T2,4
Harka Piloto\2024_HPFS_JUL_D\HP_D_T2\GOPR3650.JPG,Harka Piloto\2024_HPFS_JUL_D\HP_D_T2\GOPR3650\Coral55.JPG,55,0.1552,Harka Piloto D,T2,4
Harka Piloto\2024_AUG_HPFS_D\2024_AUG_HPFS_D_T2\GOPR5387.JPG,Harka Piloto\2024_AUG_HPFS_D\2024_AUG_HPFS_D_T2\GOPR5387\Coral16.JPG,16,0.2396,Harka Piloto D,T2,4
Harka Piloto\2024_AUG_HPFS_D\2024_AUG_HPFS_D_T2\GOPR5367.JPG,Harka Piloto\2024_AUG_HPFS_D\2024_AUG_HPFS_D_T2\GOPR5367\Coral13.JPG,13,0.3717,Harka Piloto D,T2,4
Harka Piloto\2024_HPFS_JUL_D\HP_D_T2\GOPR3623.JPG,Harka Piloto\2024_HPFS_JUL_D\HP_D_T2\GOPR3623\Coral4.JPG,4,0.6235,Harka Piloto D,T2,4
Harka Piloto\2024_AUG_HPFS_D\2024_AUG_HPFS_D_T2\GOPR5392.JPG,Harka Piloto\2024_AUG_HPFS_D\2024_AUG_HPFS_D_T2\GOPR5392\Coral3.JPG,3,0.6027,Harka Piloto D,T2,4
Harka Piloto\2024_HPFS_JUL_D\HP_D_T2\GOPR3648.JPG,Harka Piloto\2024_HPFS_JUL_D\HP_D_T2\GOPR3648\Coral57.JPG,57,0.1578,Harka Piloto D,T2,4
Harka Piloto\2024_HPFS_JUL_D\HP_D_T2\GOPR3643.JPG,Harka Piloto\2024_HPFS_JUL_D\HP_D_T2\GOPR3643\Coral1.JPG,1,0.7894,Harka Piloto D,T2,4
Harka Piloto\2024_HPFS_JUL_D\HP_D_T2\GOPR3653.JPG,Harka Piloto\2024_HPFS_JUL_D\HP_D_T2\GOPR3653\Coral32.JPG,32,0.176,Harka Piloto D,T2,4
Harka Piloto\2024_HPFS_JUL_D\HP_D_T2\GOPR3639.JPG,Harka Piloto\2024_HPFS_JUL_D\HP_D_T2\GOPR3639\Coral54.JPG,54,0.2811,Harka Piloto D,T2,4
Harka Piloto\2024_AUG_HPFS_D\2024_AUG_HPFS_D_T2\GOPR5359.JPG,Harka Piloto\2024_AUG_HPFS_D\2024_AUG_HPFS_D_T2\GOPR5359\Coral40.JPG,40,0.1665,Harka Piloto D,T2,4
Harka Piloto\2024_AUG_HPFS_D\2024_AUG_HPFS_D_T2\GOPR5380.JPG,Harka Piloto\2024_AUG_HPFS_D\2024_AUG_HPFS_D_T2\GOPR5380\Coral3.JPG,3,0.4647,Harka Piloto D,T2,4
Harka Piloto\2024_HPFS_JUL_D\HP_D_T2\GOPR3640.JPG,Harka Piloto\2024_HPFS_JUL_D\HP_D_T2\GOPR3640\Coral14.JPG,14,0.3592,Harka Piloto D,T2,4
Harka Piloto\2024_AUG_HPFS_D\2024_AUG_HPFS_D_T2\GOPR5351.JPG,Harka Piloto\2024_AUG_HPFS_D\2024_AUG_HPFS_D_T2\GOPR5351\Coral37.JPG,37,0.2459,Harka Piloto D,T2,4
Harka Piloto\2024_HPFS_JUL_D\HP_D_T2\GOPR3662.JPG,Harka Piloto\2024_HPFS_JUL_D\HP_D_T2\GOPR3662\Coral7.JPG,7,0.5679,Harka Piloto D,T2,4
Harka Piloto\2024_HPFS_JUL_D\HP_D_T2\GOPR3642.JPG,Harka Piloto\2024_HPFS_JUL_D\HP_D_T2\GOPR3642\Coral6.JPG,6,0.5996,Harka Piloto D,T2,4
Harka Piloto\2024_AUG_HPFS_D\2024_AUG_HPFS_D_T2\GOPR5365.JPG,Harka Piloto\2024_AUG_HPFS_D\2024_AUG_HPFS_D_T2\GOPR5365\Coral4.JPG,4,0.6416,Harka Piloto D,T2,4
Harka Piloto\2024_AUG_HPFS_D\2024_AUG_HPFS_D_T2\GOPR5369.JPG,Harka Piloto\2024_AUG_HPFS_D\2024_AUG_HPFS_D_T2\GOPR5369\Coral12.JPG,12,0.3782,Harka Piloto D,T2,4
Harka Piloto\2024_HPFS_JUL_D\HP_D_T2\GOPR3616.JPG,Harka Piloto\2024_HPFS_JUL_D\HP_D_T2\GOPR3616\Coral30.JPG,30,0.1805,Harka Piloto D,T2,4
Harka Piloto\2024_HPFS_JUL_D\HP_D_T2\GOPR3625.JPG,Harka Piloto\2024_HPFS_JUL_D\HP_D_T2\GOPR3625\Coral51.JPG,51,0.2166,Harka Piloto D,T2,4
Harka Piloto\2024_AUG_HPFS_D\2024_AUG_HPFS_D_T2\GOPR5386.JPG,Harka Piloto\2024_AUG_HPFS_D\2024_AUG_HPFS_D_T2\GOPR5386\Coral23.JPG,23,0.2696,Harka Piloto D,T2,4
Harka Piloto\2024_AUG_HPFS_D\2024_AUG_HPFS_D_T2\GOPR5364.JPG,Harka Piloto\2024_AUG_HPFS_D\2024_AUG_HPFS_D_T2\GOPR5364\Coral19.JPG,19,0.3894,Harka Piloto D,T2,4
Harka Piloto\2024_HPFS_JUL_D\HP_D_T2\GOPR3658.JPG,Harka Piloto\2024_HPFS_JUL_D\HP_D_T2\GOPR3658\Coral5.JPG,5,0.1588,Harka Piloto D,T2,4
Harka Piloto\2024_AUG_HPFS_D\2024_AUG_HPFS_D_T2\GOPR5371.JPG,Harka Piloto\2024_AUG_HPFS_D\2024_AUG_HPFS_D_T2\GOPR5371\Coral3.JPG,3,0.7343,Harka Piloto D,T2,4
Harka Piloto\2024_AUG_HPFS_D\2024_AUG_HPFS_D_T2\GOPR5366.JPG,Harka Piloto\2024_AUG_HPFS_D\2024_AUG_HPFS_D_T2\GOPR5366\Coral3.JPG,3,0.6763,Harka Piloto D,T2,4
Harka Piloto\2024_HPFS_JUL_D\HP_D_T2\GOPR3649.JPG,Harka Piloto\2024_HPFS_JUL_D\HP_D_T2\GOPR3649\Coral1.JPG,1,0.7974,Harka Piloto D,T2,4
Harka Piloto\2024_HPFS_JUL_D\HP_D_T2\GOPR3665.JPG,Harka Piloto\2024_HPFS_JUL_D\HP_D_T2\GOPR3665\Coral23.JPG,23,0.3244,Harka Piloto D,T2,4
Harka Piloto\2024_AUG_HPFS_D\2024_AUG_HPFS_D_T2\GOPR5382.JPG,Harka Piloto\2024_AUG_HPFS_D\2024_AUG_HPFS_D_T2\GOPR5382\Coral18.JPG,18,0.1958,Harka Piloto D,T2,4
Harka Piloto\2024_AUG_HPFS_D\2024_AUG_HPFS_D_T2\GOPR5397.JPG,Harka Piloto\2024_AUG_HPFS_D\2024_AUG_HPFS_D_T2\GOPR5397\Coral14.JPG,14,0.3355,Harka Piloto D,T2,4
Harka Piloto\2024_HPFS_JUL_D\HP_D_T2\GOPR3661.JPG,Harka Piloto\2024_HPFS_JUL_D\HP_D_T2\GOPR3661\Coral37.JPG,37,0.345,Harka Piloto D,T2,4
Harka Piloto\2024_HPFS_JUL_D\HP_D_T2\GOPR3622.JPG,Harka Piloto\2024_HPFS_JUL_D\HP_D_T2\GOPR3622\Coral9.JPG,9,0.3726,Harka Piloto D,T2,4
Harka Piloto\2024_AUG_HPFS_D\2024_AUG_HPFS_D_T2\GOPR5350.JPG,Harka Piloto\2024_AUG_HPFS_D\2024_AUG_HPFS_D_T2\GOPR5350\Coral39.JPG,39,0.1916,Harka Piloto D,T2,4
Harka Piloto\2024_AUG_HPFS_D\2024_AUG_HPFS_D_T2\GOPR5359.JPG,Harka Piloto\2024_AUG_HPFS_D\2024_AUG_HPFS_D_T2\GOPR5359\Coral10.JPG,10,0.554,Harka Piloto D,T2,4
Harka Piloto\2024_HPFS_JUL_D\HP_D_T2\GOPR3634.JPG,Harka Piloto\2024_HPFS_JUL_D\HP_D_T2\GOPR3634\Coral19.JPG,19,0.3181,Harka Piloto D,T2,4
Harka Piloto\2024_HPFS_JUL_D\HP_D_T2\GOPR3646.JPG,Harka Piloto\2024_HPFS_JUL_D\HP_D_T2\GOPR3646\Coral41.JPG,41,0.2363,Harka Piloto D,T2,4
Harka Piloto\2024_AUG_HPFS_D\2024_AUG_HPFS_D_T2\GOPR5360.JPG,Harka Piloto\2024_AUG_HPFS_D\2024_AUG_HPFS_D_T2\GOPR5360\Coral36.JPG,36,0.2056,Harka Piloto D,T2,4
Harka Piloto\2024_AUG_HPFS_D\2024_AUG_HPFS_D_T2\GOPR5360.JPG,Harka Piloto\2024_AUG_HPFS_D\2024_AUG_HPFS_D_T2\GOPR5360\Coral9.JPG,9,0.6463,Harka Piloto D,T2,4
Harka Piloto\2024_AUG_HPFS_D\2024_AUG_HPFS_D_T2\GOPR5360.JPG,Harka Piloto\2024_AUG_HPFS_D\2024_AUG_HPFS_D_T2\GOPR5360\Coral17.JPG,17,0.451,Harka Piloto D,T2,4
Harka Piloto\2024_AUG_HPFS_D\2024_AUG_HPFS_D_T2\GOPR5360.JPG,Harka Piloto\2024_AUG_HPFS_D\2024_AUG_HPFS_D_T2\GOPR5360\Coral28.JPG,28,0.3002,Harka Piloto D,T2,4
Harka Piloto\2024_AUG_HPFS_D\2024_AUG_HPFS_D_T2\GOPR5360.JPG,Harka Piloto\2024_AUG_HPFS_D\2024_AUG_HPFS_D_T2\GOPR5360\Coral18.JPG,18,0.4378,Harka Piloto D,T2,4
Harka Piloto\2024_AUG_HPFS_D\2024_AUG_HPFS_D_T2\GOPR5360.JPG,Harka Piloto\2024_AUG_HPFS_D\2024_AUG_HPFS_D_T2\GOPR5360\Coral14.JPG,14,0.4984,Harka Piloto D,T2,4
Harka Piloto\2024_HPFS_JUL_D\HP_D_T2\GOPR3621.JPG,Harka Piloto\2024_HPFS_JUL_D\HP_D_T2\GOPR3621\Coral35.JPG,35,0.1774,Harka Piloto D,T2,4
Harka Piloto\2024_HPFS_JUL_D\HP_D_T2\GOPR3621.JPG,Harka Piloto\2024_HPFS_JUL_D\HP_D_T2\GOPR3621\Coral40.JPG,40,0.1658,Harka Piloto D,T2,4
Harka Piloto\2024_HPFS_JUL_D\HP_D_T2\GOPR3621.JPG,Harka Piloto\2024_HPFS_JUL_D\HP_D_T2\GOPR3621\Coral42.JPG,42,0.1581,Harka Piloto D,T2,4
Harka Piloto\2024_HPFS_JUL_D\HP_D_T2\GOPR3621.JPG,Harka Piloto\2024_HPFS_JUL_D\HP_D_T2\GOPR3621\Coral16.JPG,16,0.3312,Harka Piloto D,T2,4
Harka Piloto\2024_HPFS_JUL_D\HP_D_T2\GOPR3621.JPG,Harka Piloto\2024_HPFS_JUL_D\HP_D_T2\GOPR3621\Coral7.JPG,7,0.4808,Harka Piloto D,T2,4
Harka Piloto\2024_HPFS_JUL_D\HP_D_T2\GOPR3621.JPG,Harka Piloto\2024_HPFS_JUL_D\HP_D_T2\GOPR3621\Coral4.JPG,4,0.5477,Harka Piloto D,T2,4
Harka Piloto\2024_HPFS_JUL_D\HP_D_T2\GOPR3621.JPG,Harka Piloto\2024_HPFS_JUL_D\HP_D_T2\GOPR3621\Coral30.JPG,30,0.2293,Harka Piloto D,T2,4
Harka Piloto\2024_HPFS_JUL_D\HP_D_T2\GOPR3621.JPG,Harka Piloto\2024_HPFS_JUL_D\HP_D_T2\GOPR3621\Coral9.JPG,9,0.4312,Harka Piloto D,T2,4
Harka Piloto\2024_HPFS_JUL_D\HP_D_T2\GOPR3621.JPG,Harka Piloto\2024_HPFS_JUL_D\HP_D_T2\GOPR3621\Coral15.JPG,15,0.3467,Harka Piloto D,T2,4
Harka Piloto\2024_HPFS_JUL_D\HP_D_T2\GOPR3621.JPG,Harka Piloto\2024_HPFS_JUL_D\HP_D_T2\GOPR3621\Coral44.JPG,44,0.1537,Harka Piloto D,T2,4
Harka Piloto\2024_HPFS_JUL_D\HP_D_T2\GOPR3621.JPG,Harka Piloto\2024_HPFS_JUL_D\HP_D_T2\GOPR3621\Coral22.JPG,22,0.2924,Harka Piloto D,T2,4
Harka Piloto\2024_HPFS_JUL_D\HP_D_T2\GOPR3621.JPG,Harka Piloto\2024_HPFS_JUL_D\HP_D_T2\GOPR3621\Coral32.JPG,32,0.2242,Harka Piloto D,T2,4
Harka Piloto\2024_HPFS_JUL_D\HP_D_T2\GOPR3621.JPG,Harka Piloto\2024_HPFS_JUL_D\HP_D_T2\GOPR3621\Coral20.JPG,20,0.2992,Harka Piloto D,T2,4
Harka Piloto\2024_AUG_HPFS_D\2024_AUG_HPFS_D_T2\GOPR5376.JPG,Harka Piloto\2024_AUG_HPFS_D\2024_AUG_HPFS_D_T2\GOPR5376\Coral25.JPG,25,0.2168,Harka Piloto D,T2,4
Harka Piloto\2024_AUG_HPFS_D\2024_AUG_HPFS_D_T2\GOPR5376.JPG,Harka Piloto\2024_AUG_HPFS_D\2024_AUG_HPFS_D_T2\GOPR5376\Coral22.JPG,22,0.2568,Harka Piloto D,T2,4
Harka Piloto\2024_AUG_HPFS_D\2024_AUG_HPFS_D_T2\GOPR5376.JPG,Harka Piloto\2024_AUG_HPFS_D\2024_AUG_HPFS_D_T2\GOPR5376\Coral3.JPG,3,0.5174,Harka Piloto D,T2,4
Harka Piloto\2024_AUG_HPFS_D\2024_AUG_HPFS_D_T2\GOPR5376.JPG,Harka Piloto\2024_AUG_HPFS_D\2024_AUG_HPFS_D_T2\GOPR5376\Coral27.JPG,27,0.1998,Harka Piloto D,T2,4
Harka Piloto\2024_AUG_HPFS_D\2024_AUG_HPFS_D_T2\GOPR5373.JPG,Harka Piloto\2024_AUG_HPFS_D\2024_AUG_HPFS_D_T2\GOPR5373\Coral28.JPG,28,0.2175,Harka Piloto D,T2,4
Harka Piloto\2024_AUG_HPFS_D\2024_AUG_HPFS_D_T2\GOPR5373.JPG,Harka Piloto\2024_AUG_HPFS_D\2024_AUG_HPFS_D_T2\GOPR5373\Coral21.JPG,21,0.287,Harka Piloto D,T2,4
Harka Piloto\2024_AUG_HPFS_D\2024_AUG_HPFS_D_T2\GOPR5373.JPG,Harka Piloto\2024_AUG_HPFS_D\2024_AUG_HPFS_D_T2\GOPR5373\Coral20.JPG,20,0.2911,Harka Piloto D,T2,4
Harka Piloto\2024_AUG_HPFS_D\2024_AUG_HPFS_D_T2\GOPR5373.JPG,Harka Piloto\2024_AUG_HPFS_D\2024_AUG_HPFS_D_T2\GOPR5373\Coral25.JPG,25,0.2478,Harka Piloto D,T2,4
Harka Piloto\2024_AUG_HPFS_D\2024_AUG_HPFS_D_T2\GOPR5373.JPG,Harka Piloto\2024_AUG_HPFS_D\2024_AUG_HPFS_D_T2\GOPR5373\Coral11.JPG,11,0.462,Harka Piloto D,T2,4
Harka Piloto\2024_AUG_HPFS_D\2024_AUG_HPFS_D_T2\GOPR5373.JPG,Harka Piloto\2024_AUG_HPFS_D\2024_AUG_HPFS_D_T2\GOPR5373\Coral23.JPG,23,0.2611,Harka Piloto D,T2,4
Harka Piloto\2024_AUG_HPFS_D\2024_AUG_HPFS_D_T2\GOPR5373.JPG,Harka Piloto\2024_AUG_HPFS_D\2024_AUG_HPFS_D_T2\GOPR5373\Coral3.JPG,3,0.7586,Harka Piloto D,T2,4
Harka Piloto\2024_AUG_HPFS_D\2024_AUG_HPFS_D_T2\GOPR5365.JPG,Harka Piloto\2024_AUG_HPFS_D\2024_AUG_HPFS_D_T2\GOPR5365\Coral21.JPG,21,0.2525,Harka Piloto D,T2,4
Harka Piloto\2024_AUG_HPFS_D\2024_AUG_HPFS_D_T2\GOPR5365.JPG,Harka Piloto\2024_AUG_HPFS_D\2024_AUG_HPFS_D_T2\GOPR5365\Coral14.JPG,14,0.3602,Harka Piloto D,T2,4
Harka Piloto\2024_AUG_HPFS_D\2024_AUG_HPFS_D_T2\GOPR5365.JPG,Harka Piloto\2024_AUG_HPFS_D\2024_AUG_HPFS_D_T2\GOPR5365\Coral2.JPG,2,0.8289,Harka Piloto D,T2,4
Harka Piloto\2024_AUG_HPFS_D\2024_AUG_HPFS_D_T2\GOPR5389.JPG,Harka Piloto\2024_AUG_HPFS_D\2024_AUG_HPFS_D_T2\GOPR5389\Coral20.JPG,20,0.1835,Harka Piloto D,T2,4
Harka Piloto\2024_AUG_HPFS_D\2024_AUG_HPFS_D_T2\GOPR5389.JPG,Harka Piloto\2024_AUG_HPFS_D\2024_AUG_HPFS_D_T2\GOPR5389\Coral22.JPG,22,0.1515,Harka Piloto D,T2,4
Harka Piloto\2024_AUG_HPFS_D\2024_AUG_HPFS_D_T2\GOPR5389.JPG,Harka Piloto\2024_AUG_HPFS_D\2024_AUG_HPFS_D_T2\GOPR5389\Coral8.JPG,8,0.4299,Harka Piloto D,T2,4
Harka Piloto\2024_AUG_HPFS_D\2024_AUG_HPFS_D_T2\GOPR5389.JPG,Harka Piloto\2024_AUG_HPFS_D\2024_AUG_HPFS_D_T2\GOPR5389\Coral3.JPG,3,0.5559,Harka Piloto D,T2,4
Harka Piloto\2024_AUG_HPFS_D\2024_AUG_HPFS_D_T2\GOPR5375.JPG,Harka Piloto\2024_AUG_HPFS_D\2024_AUG_HPFS_D_T2\GOPR5375\Coral3.JPG,3,0.7199,Harka Piloto D,T2,4
Harka Piloto\2024_AUG_HPFS_D\2024_AUG_HPFS_D_T2\GOPR5375.JPG,Harka Piloto\2024_AUG_HPFS_D\2024_AUG_HPFS_D_T2\GOPR5375\Coral8.JPG,8,0.4746,Harka Piloto D,T2,4
Harka Piloto\2024_AUG_HPFS_D\2024_AUG_HPFS_D_T2\GOPR5375.JPG,Harka Piloto\2024_AUG_HPFS_D\2024_AUG_HPFS_D_T2\GOPR5375\Coral1.JPG,1,0.7729,Harka Piloto D,T2,4
Harka Piloto\2024_AUG_HPFS_D\2024_AUG_HPFS_D_T2\GOPR5375.JPG,Harka Piloto\2024_AUG_HPFS_D\2024_AUG_HPFS_D_T2\GOPR5375\Coral18.JPG,18,0.2642,Harka Piloto D,T2,4
Harka Piloto\2024_AUG_HPFS_D\2024_AUG_HPFS_D_T2\GOPR5375.JPG,Harka Piloto\2024_AUG_HPFS_D\2024_AUG_HPFS_D_T2\GOPR5375\Coral27.JPG,27,0.1719,Harka Piloto D,T2,4
Harka Piloto\2024_AUG_HPFS_D\2024_AUG_HPFS_D_T2\GOPR5375.JPG,Harka Piloto\2024_AUG_HPFS_D\2024_AUG_HPFS_D_T2\GOPR5375\Coral15.JPG,15,0.3507,Harka Piloto D,T2,4
Harka Piloto\2024_AUG_HPFS_D\2024_AUG_HPFS_D_T2\GOPR5357.JPG,Harka Piloto\2024_AUG_HPFS_D\2024_AUG_HPFS_D_T2\GOPR5357\Coral66.JPG,66,0.2021,Harka Piloto D,T2,4
Harka Piloto\2024_AUG_HPFS_D\2024_AUG_HPFS_D_T2\GOPR5357.JPG,Harka Piloto\2024_AUG_HPFS_D\2024_AUG_HPFS_D_T2\GOPR5357\Coral4.JPG,4,0.6759,Harka Piloto D,T2,4
Harka Piloto\2024_AUG_HPFS_D\2024_AUG_HPFS_D_T2\GOPR5357.JPG,Harka Piloto\2024_AUG_HPFS_D\2024_AUG_HPFS_D_T2\GOPR5357\Coral5.JPG,5,0.6749,Harka Piloto D,T2,4
Harka Piloto\2024_AUG_HPFS_D\2024_AUG_HPFS_D_T2\GOPR5357.JPG,Harka Piloto\2024_AUG_HPFS_D\2024_AUG_HPFS_D_T2\GOPR5357\Coral63.JPG,63,0.2066,Harka Piloto D,T2,4
Harka Piloto\2024_AUG_HPFS_D\2024_AUG_HPFS_D_T2\GOPR5357.JPG,Harka Piloto\2024_AUG_HPFS_D\2024_AUG_HPFS_D_T2\GOPR5357\Coral18.JPG,18,0.5382,Harka Piloto D,T2,4
Harka Piloto\2024_AUG_HPFS_D\2024_AUG_HPFS_D_T2\GOPR5357.JPG,Harka Piloto\2024_AUG_HPFS_D\2024_AUG_HPFS_D_T2\GOPR5357\Coral55.JPG,55,0.2322,Harka Piloto D,T2,4
Harka Piloto\2024_AUG_HPFS_D\2024_AUG_HPFS_D_T2\GOPR5357.JPG,Harka Piloto\2024_AUG_HPFS_D\2024_AUG_HPFS_D_T2\GOPR5357\Coral14.JPG,14,0.5537,Harka Piloto D,T2,4
Harka Piloto\2024_AUG_HPFS_D\2024_AUG_HPFS_D_T2\GOPR5357.JPG,Harka Piloto\2024_AUG_HPFS_D\2024_AUG_HPFS_D_T2\GOPR5357\Coral40.JPG,40,0.3244,Harka Piloto D,T2,4
Harka Piloto\2024_AUG_HPFS_D\2024_AUG_HPFS_D_T2\GOPR5357.JPG,Harka Piloto\2024_AUG_HPFS_D\2024_AUG_HPFS_D_T2\GOPR5357\Coral6.JPG,6,0.6423,Harka Piloto D,T2,4
Harka Piloto\2024_AUG_HPFS_D\2024_AUG_HPFS_D_T2\GOPR5357.JPG,Harka Piloto\2024_AUG_HPFS_D\2024_AUG_HPFS_D_T2\GOPR5357\Coral13.JPG,13,0.5677,Harka Piloto D,T2,4
Harka Piloto\2024_HPFS_JUL_D\HP_D_T3\GOPR3670.JPG,Harka Piloto\2024_HPFS_JUL_D\HP_D_T3\GOPR3670\Coral14.JPG,14,0.5445,Harka Piloto D,T3,4
Harka Piloto\2024_AUG_HPFS_D\2024_AUG_HPFS_D_T3\GOPR5420.JPG,Harka Piloto\2024_AUG_HPFS_D\2024_AUG_HPFS_D_T3\GOPR5420\Coral9.JPG,9,0.2933,Harka Piloto D,T3,4
Harka Piloto\2024_AUG_HPFS_D\2024_AUG_HPFS_D_T3\GOPR5444.JPG,Harka Piloto\2024_AUG_HPFS_D\2024_AUG_HPFS_D_T3\GOPR5444\Coral22.JPG,22,0.1871,Harka Piloto D,T3,4
Harka Piloto\2024_AUG_HPFS_D\2024_AUG_HPFS_D_T3\GOPR5427.JPG,Harka Piloto\2024_AUG_HPFS_D\2024_AUG_HPFS_D_T3\GOPR5427\Coral5.JPG,5,0.6777,Harka Piloto D,T3,4
Harka Piloto\2024_AUG_HPFS_D\2024_AUG_HPFS_D_T3\GOPR5446.JPG,Harka Piloto\2024_AUG_HPFS_D\2024_AUG_HPFS_D_T3\GOPR5446\Coral38.JPG,38,0.1605,Harka Piloto D,T3,4
Harka Piloto\2024_AUG_HPFS_D\2024_AUG_HPFS_D_T3\GOPR5453.JPG,Harka Piloto\2024_AUG_HPFS_D\2024_AUG_HPFS_D_T3\GOPR5453\Coral25.JPG,25,0.3624,Harka Piloto D,T3,4
Harka Piloto\2024_AUG_HPFS_D\2024_AUG_HPFS_D_T3\GOPR5419.JPG,Harka Piloto\2024_AUG_HPFS_D\2024_AUG_HPFS_D_T3\GOPR5419\Coral33.JPG,33,0.1726,Harka Piloto D,T3,4
Harka Piloto\2024_HPFS_JUL_D\HP_D_T3\GOPR3700.JPG,Harka Piloto\2024_HPFS_JUL_D\HP_D_T3\GOPR3700\Coral17.JPG,17,0.459,Harka Piloto D,T3,4
Harka Piloto\2024_AUG_HPFS_D\2024_AUG_HPFS_D_T3\GOPR5428.JPG,Harka Piloto\2024_AUG_HPFS_D\2024_AUG_HPFS_D_T3\GOPR5428\Coral21.JPG,21,0.4519,Harka Piloto D,T3,4
Harka Piloto\2024_HPFS_JUL_D\HP_D_T3\GOPR3686.JPG,Harka Piloto\2024_HPFS_JUL_D\HP_D_T3\GOPR3686\Coral26.JPG,26,0.4182,Harka Piloto D,T3,4
Harka Piloto\2024_AUG_HPFS_D\2024_AUG_HPFS_D_T3\GOPR5413.JPG,Harka Piloto\2024_AUG_HPFS_D\2024_AUG_HPFS_D_T3\GOPR5413\Coral5.JPG,5,0.6894,Harka Piloto D,T3,4
Harka Piloto\2024_HPFS_JUL_D\HP_D_T3\GOPR3684.JPG,Harka Piloto\2024_HPFS_JUL_D\HP_D_T3\GOPR3684\Coral12.JPG,12,0.2955,Harka Piloto D,T3,4
Harka Piloto\2024_AUG_HPFS_D\2024_AUG_HPFS_D_T3\GOPR5456.JPG,Harka Piloto\2024_AUG_HPFS_D\2024_AUG_HPFS_D_T3\GOPR5456\Coral25.JPG,25,0.1757,Harka Piloto D,T3,4
Harka Piloto\2024_AUG_HPFS_D\2024_AUG_HPFS_D_T3\GOPR5423.JPG,Harka Piloto\2024_AUG_HPFS_D\2024_AUG_HPFS_D_T3\GOPR5423\Coral20.JPG,20,0.4,Harka Piloto D,T3,4
Harka Piloto\2024_AUG_HPFS_D\2024_AUG_HPFS_D_T3\GOPR5424.JPG,Harka Piloto\2024_AUG_HPFS_D\2024_AUG_HPFS_D_T3\GOPR5424\Coral13.JPG,13,0.4494,Harka Piloto D,T3,4
Harka Piloto\2024_AUG_HPFS_D\2024_AUG_HPFS_D_T3\GOPR5435.JPG,Harka Piloto\2024_AUG_HPFS_D\2024_AUG_HPFS_D_T3\GOPR5435\Coral9.JPG,9,0.2797,Harka Piloto D,T3,4
Harka Piloto\2024_AUG_HPFS_D\2024_AUG_HPFS_D_T3\GOPR5457.JPG,Harka Piloto\2024_AUG_HPFS_D\2024_AUG_HPFS_D_T3\GOPR5457\Coral6.JPG,6,0.638,Harka Piloto D,T3,4
Harka Piloto\2024_HPFS_JUL_D\HP_D_T3\GOPR3678.JPG,Harka Piloto\2024_HPFS_JUL_D\HP_D_T3\GOPR3678\Coral2.JPG,2,0.5366,Harka Piloto D,T3,4
Harka Piloto\2024_HPFS_JUL_D\HP_D_T3\GOPR3719.JPG,Harka Piloto\2024_HPFS_JUL_D\HP_D_T3\GOPR3719\Coral48.JPG,48,0.2523,Harka Piloto D,T3,4
Harka Piloto\2024_HPFS_JUL_D\HP_D_T3\GOPR3707.JPG,Harka Piloto\2024_HPFS_JUL_D\HP_D_T3\GOPR3707\Coral30.JPG,30,0.1516,Harka Piloto D,T3,4
Harka Piloto\2024_HPFS_JUL_D\HP_D_T3\GOPR3694.JPG,Harka Piloto\2024_HPFS_JUL_D\HP_D_T3\GOPR3694\Coral15.JPG,15,0.4723,Harka Piloto D,T3,4
Harka Piloto\2024_HPFS_JUL_D\HP_D_T3\GOPR3716.JPG,Harka Piloto\2024_HPFS_JUL_D\HP_D_T3\GOPR3716\Coral33.JPG,33,0.1523,Harka Piloto D,T3,4
Harka Piloto\2024_HPFS_JUL_D\HP_D_T3\GOPR3670.JPG,Harka Piloto\2024_HPFS_JUL_D\HP_D_T3\GOPR3670\Coral21.JPG,21,0.393,Harka Piloto D,T3,4
Harka Piloto\2024_AUG_HPFS_D\2024_AUG_HPFS_D_T3\GOPR5420.JPG,Harka Piloto\2024_AUG_HPFS_D\2024_AUG_HPFS_D_T3\GOPR5420\Coral7.JPG,7,0.3115,Harka Piloto D,T3,4
Harka Piloto\2024_HPFS_JUL_D\HP_D_T3\GOPR3693.JPG,Harka Piloto\2024_HPFS_JUL_D\HP_D_T3\GOPR3693\Coral44.JPG,44,0.2251,Harka Piloto D,T3,4
Harka Piloto\2024_AUG_HPFS_D\2024_AUG_HPFS_D_T3\GOPR5455.JPG,Harka Piloto\2024_AUG_HPFS_D\2024_AUG_HPFS_D_T3\GOPR5455\Coral17.JPG,17,0.162,Harka Piloto D,T3,4
Harka Piloto\2024_HPFS_JUL_D\HP_D_T3\GOPR3712.JPG,Harka Piloto\2024_HPFS_JUL_D\HP_D_T3\GOPR3712\Coral8.JPG,8,0.3548,Harka Piloto D,T3,4
Harka Piloto\2024_AUG_HPFS_D\2024_AUG_HPFS_D_T3\GOPR5460.JPG,Harka Piloto\2024_AUG_HPFS_D\2024_AUG_HPFS_D_T3\GOPR5460\Coral4.JPG,4,0.7424,Harka Piloto D,T3,4
Harka Piloto\2024_HPFS_JUL_D\HP_D_T3\GOPR3701.JPG,Harka Piloto\2024_HPFS_JUL_D\HP_D_T3\GOPR3701\Coral22.JPG,22,0.4494,Harka Piloto D,T3,4
Harka Piloto\2024_HPFS_JUL_D\HP_D_T3\GOPR3705.JPG,Harka Piloto\2024_HPFS_JUL_D\HP_D_T3\GOPR3705\Coral15.JPG,15,0.4076,Harka Piloto D,T3,4
Harka Piloto\2024_AUG_HPFS_D\2024_AUG_HPFS_D_T3\GOPR5435.JPG,Harka Piloto\2024_AUG_HPFS_D\2024_AUG_HPFS_D_T3\GOPR5435\Coral1.JPG,1,0.772,Harka Piloto D,T3,4
Harka Piloto\2024_HPFS_JUL_D\HP_D_T3\GOPR3702.JPG,Harka Piloto\2024_HPFS_JUL_D\HP_D_T3\GOPR3702\Coral44.JPG,44,0.2522,Harka Piloto D,T3,4
Harka Piloto\2024_AUG_HPFS_D\2024_AUG_HPFS_D_T3\GOPR5408.JPG,Harka Piloto\2024_AUG_HPFS_D\2024_AUG_HPFS_D_T3\GOPR5408\Coral9.JPG,9,0.4852,Harka Piloto D,T3,4
Harka Piloto\2024_HPFS_JUL_D\HP_D_T3\GOPR3719.JPG,Harka Piloto\2024_HPFS_JUL_D\HP_D_T3\GOPR3719\Coral17.JPG,17,0.4916,Harka Piloto D,T3,4
Harka Piloto\2024_HPFS_JUL_D\HP_D_T3\GOPR3695.JPG,Harka Piloto\2024_HPFS_JUL_D\HP_D_T3\GOPR3695\Coral23.JPG,23,0.3143,Harka Piloto D,T3,4
Harka Piloto\2024_HPFS_JUL_D\HP_D_T3\GOPR3682.JPG,Harka Piloto\2024_HPFS_JUL_D\HP_D_T3\GOPR3682\Coral10.JPG,10,0.4076,Harka Piloto D,T3,4
Harka Piloto\2024_AUG_HPFS_D\2024_AUG_HPFS_D_T3\GOPR5412.JPG,Harka Piloto\2024_AUG_HPFS_D\2024_AUG_HPFS_D_T3\GOPR5412\Coral38.JPG,38,0.3423,Harka Piloto D,T3,4
Harka Piloto\2024_HPFS_JUL_D\HP_D_T3\GOPR3713.JPG,Harka Piloto\2024_HPFS_JUL_D\HP_D_T3\GOPR3713\Coral19.JPG,19,0.2431,Harka Piloto D,T3,4
Harka Piloto\2024_HPFS_JUL_D\HP_D_T3\GOPR3683.JPG,Harka Piloto\2024_HPFS_JUL_D\HP_D_T3\GOPR3683\Coral33.JPG,33,0.3163,Harka Piloto D,T3,4
Harka Piloto\2024_AUG_HPFS_D\2024_AUG_HPFS_D_T3\GOPR5420.JPG,Harka Piloto\2024_AUG_HPFS_D\2024_AUG_HPFS_D_T3\GOPR5420\Coral5.JPG,5,0.3974,Harka Piloto D,T3,4
Harka Piloto\2024_AUG_HPFS_D\2024_AUG_HPFS_D_T3\GOPR5446.JPG,Harka Piloto\2024_AUG_HPFS_D\2024_AUG_HPFS_D_T3\GOPR5446\Coral36.JPG,36,0.1759,Harka Piloto D,T3,4
Harka Piloto\2024_HPFS_JUL_D\HP_D_T3\GOPR3689.JPG,Harka Piloto\2024_HPFS_JUL_D\HP_D_T3\GOPR3689\Coral56.JPG,56,0.2784,Harka Piloto D,T3,4
Harka Piloto\2024_AUG_HPFS_D\2024_AUG_HPFS_D_T3\GOPR5419.JPG,Harka Piloto\2024_AUG_HPFS_D\2024_AUG_HPFS_D_T3\GOPR5419\Coral28.JPG,28,0.2291,Harka Piloto D,T3,4
Harka Piloto\2024_HPFS_JUL_D\HP_D_T3\GOPR3680.JPG,Harka Piloto\2024_HPFS_JUL_D\HP_D_T3\GOPR3680\Coral25.JPG,25,0.1788,Harka Piloto D,T3,4
Harka Piloto\2024_HPFS_JUL_D\HP_D_T3\GOPR3717.JPG,Harka Piloto\2024_HPFS_JUL_D\HP_D_T3\GOPR3717\Coral42.JPG,42,0.3938,Harka Piloto D,T3,4
Harka Piloto\2024_AUG_HPFS_D\2024_AUG_HPFS_D_T3\GOPR5442.JPG,Harka Piloto\2024_AUG_HPFS_D\2024_AUG_HPFS_D_T3\GOPR5442\Coral18.JPG,18,0.3205,Harka Piloto D,T3,4
Harka Piloto\2024_AUG_HPFS_D\2024_AUG_HPFS_D_T3\GOPR5433.JPG,Harka Piloto\2024_AUG_HPFS_D\2024_AUG_HPFS_D_T3\GOPR5433\Coral12.JPG,12,0.2208,Harka Piloto D,T3,4
Harka Piloto\2024_AUG_HPFS_D\2024_AUG_HPFS_D_T3\GOPR5455.JPG,Harka Piloto\2024_AUG_HPFS_D\2024_AUG_HPFS_D_T3\GOPR5455\Coral11.JPG,11,0.3232,Harka Piloto D,T3,4
Harka Piloto\2024_AUG_HPFS_D\2024_AUG_HPFS_D_T3\GOPR5413.JPG,Harka Piloto\2024_AUG_HPFS_D\2024_AUG_HPFS_D_T3\GOPR5413\Coral13.JPG,13,0.3996,Harka Piloto D,T3,4
Harka Piloto\2024_HPFS_JUL_D\HP_D_T3\GOPR3687.JPG,Harka Piloto\2024_HPFS_JUL_D\HP_D_T3\GOPR3687\Coral27.JPG,27,0.1714,Harka Piloto D,T3,4
Harka Piloto\2024_AUG_HPFS_D\2024_AUG_HPFS_D_T3\GOPR5449.JPG,Harka Piloto\2024_AUG_HPFS_D\2024_AUG_HPFS_D_T3\GOPR5449\Coral24.JPG,24,0.2114,Harka Piloto D,T3,4
Harka Piloto\2024_HPFS_JUL_D\HP_D_T3\GOPR3715.JPG,Harka Piloto\2024_HPFS_JUL_D\HP_D_T3\GOPR3715\Coral1.JPG,1,0.535,Harka Piloto D,T3,4
Harka Piloto\2024_AUG_HPFS_D\2024_AUG_HPFS_D_T3\GOPR5456.JPG,Harka Piloto\2024_AUG_HPFS_D\2024_AUG_HPFS_D_T3\GOPR5456\Coral17.JPG,17,0.2772,Harka Piloto D,T3,4
Harka Piloto\2024_AUG_HPFS_D\2024_AUG_HPFS_D_T3\GOPR5409.JPG,Harka Piloto\2024_AUG_HPFS_D\2024_AUG_HPFS_D_T3\GOPR5409\Coral1.JPG,1,0.7022,Harka Piloto D,T3,4
Harka Piloto\2024_AUG_HPFS_D\2024_AUG_HPFS_D_T3\GOPR5430.JPG,Harka Piloto\2024_AUG_HPFS_D\2024_AUG_HPFS_D_T3\GOPR5430\Coral15.JPG,15,0.3598,Harka Piloto D,T3,4
Harka Piloto\2024_HPFS_JUL_D\HP_D_T3\GOPR3694.JPG,Harka Piloto\2024_HPFS_JUL_D\HP_D_T3\GOPR3694\Coral44.JPG,44,0.1896,Harka Piloto D,T3,4
Harka Piloto\2024_HPFS_JUL_D\HP_D_T3\GOPR3699.JPG,Harka Piloto\2024_HPFS_JUL_D\HP_D_T3\GOPR3699\Coral46.JPG,46,0.1934,Harka Piloto D,T3,4
Harka Piloto\2024_HPFS_JUL_D\HP_D_T3\GOPR3670.JPG,Harka Piloto\2024_HPFS_JUL_D\HP_D_T3\GOPR3670\Coral25.JPG,25,0.3528,Harka Piloto D,T3,4
Harka Piloto\2024_HPFS_JUL_D\HP_D_T3\GOPR3670.JPG,Harka Piloto\2024_HPFS_JUL_D\HP_D_T3\GOPR3670\Coral11.JPG,11,0.5865,Harka Piloto D,T3,4
Harka Piloto\2024_HPFS_JUL_D\HP_D_T3\GOPR3670.JPG,Harka Piloto\2024_HPFS_JUL_D\HP_D_T3\GOPR3670\Coral46.JPG,46,0.2435,Harka Piloto D,T3,4
Harka Piloto\2024_HPFS_JUL_D\HP_D_T3\GOPR3670.JPG,Harka Piloto\2024_HPFS_JUL_D\HP_D_T3\GOPR3670\Coral2.JPG,2,0.7626,Harka Piloto D,T3,4
Harka Piloto\2024_HPFS_JUL_D\HP_D_T3\GOPR3670.JPG,Harka Piloto\2024_HPFS_JUL_D\HP_D_T3\GOPR3670\Coral37.JPG,37,0.2939,Harka Piloto D,T3,4
Harka Piloto\2024_HPFS_JUL_D\HP_D_T3\GOPR3670.JPG,Harka Piloto\2024_HPFS_JUL_D\HP_D_T3\GOPR3670\Coral17.JPG,17,0.5112,Harka Piloto D,T3,4
Harka Piloto\2024_HPFS_JUL_D\HP_D_T3\GOPR3670.JPG,Harka Piloto\2024_HPFS_JUL_D\HP_D_T3\GOPR3670\Coral7.JPG,7,0.6133,Harka Piloto D,T3,4
Harka Piloto\2024_HPFS_JUL_D\HP_D_T3\GOPR3670.JPG,Harka Piloto\2024_HPFS_JUL_D\HP_D_T3\GOPR3670\Coral19.JPG,19,0.4792,Harka Piloto D,T3,4
Harka Piloto\2024_HPFS_JUL_D\HP_D_T3\GOPR3670.JPG,Harka Piloto\2024_HPFS_JUL_D\HP_D_T3\GOPR3670\Coral6.JPG,6,0.6493,Harka Piloto D,T3,4
Harka Piloto\2024_HPFS_JUL_D\HP_D_T3\GOPR3670.JPG,Harka Piloto\2024_HPFS_JUL_D\HP_D_T3\GOPR3670\Coral56.JPG,56,0.2011,Harka Piloto D,T3,4
Harka Piloto\2024_HPFS_JUL_D\HP_D_T3\GOPR3670.JPG,Harka Piloto\2024_HPFS_JUL_D\HP_D_T3\GOPR3670\Coral59.JPG,59,0.1991,Harka Piloto D,T3,4
Harka Piloto\2024_HPFS_JUL_D\HP_D_T3\GOPR3670.JPG,Harka Piloto\2024_HPFS_JUL_D\HP_D_T3\GOPR3670\Coral29.JPG,29,0.3333,Harka Piloto D,T3,4
Harka Piloto\2024_HPFS_JUL_D\HP_D_T3\GOPR3670.JPG,Harka Piloto\2024_HPFS_JUL_D\HP_D_T3\GOPR3670\Coral12.JPG,12,0.5769,Harka Piloto D,T3,4
Harka Piloto\2024_HPFS_JUL_D\HP_D_T3\GOPR3673.JPG,Harka Piloto\2024_HPFS_JUL_D\HP_D_T3\GOPR3673\Coral1.JPG,1,0.6119,Harka Piloto D,T3,4
Harka Piloto\2024_HPFS_JUL_D\HP_D_T3\GOPR3673.JPG,Harka Piloto\2024_HPFS_JUL_D\HP_D_T3\GOPR3673\Coral9.JPG,9,0.3889,Harka Piloto D,T3,4
Harka Piloto\2024_HPFS_JUL_D\HP_D_T3\GOPR3673.JPG,Harka Piloto\2024_HPFS_JUL_D\HP_D_T3\GOPR3673\Coral8.JPG,8,0.3938,Harka Piloto D,T3,4
Harka Piloto\2024_HPFS_JUL_D\HP_D_T3\GOPR3673.JPG,Harka Piloto\2024_HPFS_JUL_D\HP_D_T3\GOPR3673\Coral16.JPG,16,0.247,Harka Piloto D,T3,4
Harka Piloto\2024_HPFS_JUL_D\HP_D_T3\GOPR3673.JPG,Harka Piloto\2024_HPFS_JUL_D\HP_D_T3\GOPR3673\Coral13.JPG,13,0.2864,Harka Piloto D,T3,4
Harka Piloto\2024_AUG_HPFS_D\2024_AUG_HPFS_D_T3\GOPR5431.JPG,Harka Piloto\2024_AUG_HPFS_D\2024_AUG_HPFS_D_T3\GOPR5431\Coral18.JPG,18,0.1933,Harka Piloto D,T3,4
Harka Piloto\2024_AUG_HPFS_D\2024_AUG_HPFS_D_T3\GOPR5431.JPG,Harka Piloto\2024_AUG_HPFS_D\2024_AUG_HPFS_D_T3\GOPR5431\Coral6.JPG,6,0.4584,Harka Piloto D,T3,4
Harka Piloto\2024_AUG_HPFS_D\2024_AUG_HPFS_D_T3\GOPR5436.JPG,Harka Piloto\2024_AUG_HPFS_D\2024_AUG_HPFS_D_T3\GOPR5436\Coral10.JPG,10,0.3827,Harka Piloto D,T3,4
Harka Piloto\2024_AUG_HPFS_D\2024_AUG_HPFS_D_T3\GOPR5436.JPG,Harka Piloto\2024_AUG_HPFS_D\2024_AUG_HPFS_D_T3\GOPR5436\Coral23.JPG,23,0.2093,Harka Piloto D,T3,4
Harka Piloto\2024_AUG_HPFS_D\2024_AUG_HPFS_D_T3\GOPR5436.JPG,Harka Piloto\2024_AUG_HPFS_D\2024_AUG_HPFS_D_T3\GOPR5436\Coral25.JPG,25,0.1818,Harka Piloto D,T3,4
Harka Piloto\2024_AUG_HPFS_D\2024_AUG_HPFS_D_T3\GOPR5436.JPG,Harka Piloto\2024_AUG_HPFS_D\2024_AUG_HPFS_D_T3\GOPR5436\Coral22.JPG,22,0.2125,Harka Piloto D,T3,4
Harka Piloto\2024_AUG_HPFS_D\2024_AUG_HPFS_D_T3\GOPR5436.JPG,Harka Piloto\2024_AUG_HPFS_D\2024_AUG_HPFS_D_T3\GOPR5436\Coral12.JPG,12,0.2829,Harka Piloto D,T3,4
Harka Piloto\2024_AUG_HPFS_D\2024_AUG_HPFS_D_T3\GOPR5436.JPG,Harka Piloto\2024_AUG_HPFS_D\2024_AUG_HPFS_D_T3\GOPR5436\Coral28.JPG,28,0.1569,Harka Piloto D,T3,4
Harka Piloto\2024_HPFS_JUL_D\HP_D_T3\GOPR3713.JPG,Harka Piloto\2024_HPFS_JUL_D\HP_D_T3\GOPR3713\Coral6.JPG,6,0.4501,Harka Piloto D,T3,4
Harka Piloto\2024_HPFS_JUL_D\HP_D_T3\GOPR3713.JPG,Harka Piloto\2024_HPFS_JUL_D\HP_D_T3\GOPR3713\Coral22.JPG,22,0.2177,Harka Piloto D,T3,4
Harka Piloto\2024_HPFS_JUL_D\HP_D_T3\GOPR3713.JPG,Harka Piloto\2024_HPFS_JUL_D\HP_D_T3\GOPR3713\Coral3.JPG,3,0.551,Harka Piloto D,T3,4
Harka Piloto\2024_HPFS_JUL_D\HP_D_T3\GOPR3713.JPG,Harka Piloto\2024_HPFS_JUL_D\HP_D_T3\GOPR3713\Coral2.JPG,2,0.6064,Harka Piloto D,T3,4
Harka Piloto\2024_HPFS_JUL_D\HP_D_T3\GOPR3713.JPG,Harka Piloto\2024_HPFS_JUL_D\HP_D_T3\GOPR3713\Coral25.JPG,25,0.2058,Harka Piloto D,T3,4
Harka Piloto\2024_HPFS_JUL_D\HP_D_T3\GOPR3713.JPG,Harka Piloto\2024_HPFS_JUL_D\HP_D_T3\GOPR3713\Coral4.JPG,4,0.5108,Harka Piloto D,T3,4
Harka Piloto\2024_HPFS_JUL_D\HP_D_T3\GOPR3713.JPG,Harka Piloto\2024_HPFS_JUL_D\HP_D_T3\GOPR3713\Coral13.JPG,13,0.3425,Harka Piloto D,T3,4
Harka Piloto\2024_HPFS_JUL_D\HP_D_T3\GOPR3713.JPG,Harka Piloto\2024_HPFS_JUL_D\HP_D_T3\GOPR3713\Coral10.JPG,10,0.3555,Harka Piloto D,T3,4
Harka Piloto\2024_HPFS_JUL_D\HP_D_T3\GOPR3683.JPG,Harka Piloto\2024_HPFS_JUL_D\HP_D_T3\GOPR3683\Coral38.JPG,38,0.2708,Harka Piloto D,T3,4
Harka Piloto\2024_HPFS_JUL_D\HP_D_T3\GOPR3683.JPG,Harka Piloto\2024_HPFS_JUL_D\HP_D_T3\GOPR3683\Coral17.JPG,17,0.4943,Harka Piloto D,T3,4
Harka Piloto\2024_HPFS_JUL_D\HP_D_T3\GOPR3683.JPG,Harka Piloto\2024_HPFS_JUL_D\HP_D_T3\GOPR3683\Coral35.JPG,35,0.3075,Harka Piloto D,T3,4
Harka Piloto\2024_HPFS_JUL_D\HP_D_T3\GOPR3683.JPG,Harka Piloto\2024_HPFS_JUL_D\HP_D_T3\GOPR3683\Coral29.JPG,29,0.3349,Harka Piloto D,T3,4
Harka Piloto\2024_HPFS_JUL_D\HP_D_T3\GOPR3683.JPG,Harka Piloto\2024_HPFS_JUL_D\HP_D_T3\GOPR3683\Coral13.JPG,13,0.5409,Harka Piloto D,T3,4
Harka Piloto\2024_HPFS_JUL_D\HP_D_T3\GOPR3683.JPG,Harka Piloto\2024_HPFS_JUL_D\HP_D_T3\GOPR3683\Coral6.JPG,6,0.6441,Harka Piloto D,T3,4
Harka Piloto\2024_HPFS_JUL_D\HP_D_T3\GOPR3683.JPG,Harka Piloto\2024_HPFS_JUL_D\HP_D_T3\GOPR3683\Coral32.JPG,32,0.3241,Harka Piloto D,T3,4
Harka Piloto\2024_HPFS_JUL_D\HP_D_T3\GOPR3683.JPG,Harka Piloto\2024_HPFS_JUL_D\HP_D_T3\GOPR3683\Coral28.JPG,28,0.3351,Harka Piloto D,T3,4
Harka Piloto\2024_HPFS_JUL_D\HP_D_T3\GOPR3683.JPG,Harka Piloto\2024_HPFS_JUL_D\HP_D_T3\GOPR3683\Coral37.JPG,37,0.281,Harka Piloto D,T3,4
Harka Piloto\2024_HPFS_JUL_D\HP_D_T3\GOPR3683.JPG,Harka Piloto\2024_HPFS_JUL_D\HP_D_T3\GOPR3683\Coral25.JPG,25,0.3826,Harka Piloto D,T3,4
Harka Piloto\2024_HPFS_JUL_D\HP_D_T3\GOPR3683.JPG,Harka Piloto\2024_HPFS_JUL_D\HP_D_T3\GOPR3683\Coral49.JPG,49,0.1961,Harka Piloto D,T3,4
Harka Piloto\2024_HPFS_JUL_D\HP_D_T3\GOPR3683.JPG,Harka Piloto\2024_HPFS_JUL_D\HP_D_T3\GOPR3683\Coral52.JPG,52,0.1806,Harka Piloto D,T3,4
Harka Piloto\2024_AUG_HPFS_D\2024_AUG_HPFS_D_T3\GOPR5420.JPG,Harka Piloto\2024_AUG_HPFS_D\2024_AUG_HPFS_D_T3\GOPR5420\Coral3.JPG,3,0.4438,Harka Piloto D,T3,4
Harka Piloto\2024_AUG_HPFS_D\2024_AUG_HPFS_D_T3\GOPR5420.JPG,Harka Piloto\2024_AUG_HPFS_D\2024_AUG_HPFS_D_T3\GOPR5420\Coral12.JPG,12,0.1695,Harka Piloto D,T3,4
Harka Piloto\2024_HPFS_JUL_D\HP_D_T3\GOPR3674.JPG,Harka Piloto\2024_HPFS_JUL_D\HP_D_T3\GOPR3674\Coral6.JPG,6,0.3509,Harka Piloto D,T3,4
Harka Piloto\2024_HPFS_JUL_D\HP_D_T3\GOPR3674.JPG,Harka Piloto\2024_HPFS_JUL_D\HP_D_T3\GOPR3674\Coral21.JPG,21,0.172,Harka Piloto D,T3,4
Harka Piloto\2024_HPFS_JUL_D\HP_D_T3\GOPR3674.JPG,Harka Piloto\2024_HPFS_JUL_D\HP_D_T3\GOPR3674\Coral5.JPG,5,0.3759,Harka Piloto D,T3,4
Harka Piloto\2024_HPFS_JUL_D\HP_D_T3\GOPR3674.JPG,Harka Piloto\2024_HPFS_JUL_D\HP_D_T3\GOPR3674\Coral19.JPG,19,0.1798,Harka Piloto D,T3,4
Harka Piloto\2024_HPFS_JUL_D\HP_D_T3\GOPR3674.JPG,Harka Piloto\2024_HPFS_JUL_D\HP_D_T3\GOPR3674\Coral17.JPG,17,0.209,Harka Piloto D,T3,4
Harka Piloto\2024_HPFS_JUL_D\HP_D_T3\GOPR3704.JPG,Harka Piloto\2024_HPFS_JUL_D\HP_D_T3\GOPR3704\Coral47.JPG,47,0.1504,Harka Piloto D,T3,4
Sapangan (Deep Only)\2024_JUL_SAP_D\SAP-D_T1\P7031666.JPG,Sapangan (Deep Only)\2024_JUL_SAP_D\SAP-D_T1\P7031666\Coral16.JPG,16,0.1751,Sapangan,T1,4
Sapangan (Deep Only)\2024_AUG_SAP_D\2024_AUG_S_T1\GOPR4706.JPG,Sapangan (Deep Only)\2024_AUG_SAP_D\2024_AUG_S_T1\GOPR4706\Coral4.JPG,4,0.4382,Sapangan,T1,4
Sapangan (Deep Only)\2024_JUL_SAP_D\SAP-D_T1\GOPR3257.JPG,Sapangan (Deep Only)\2024_JUL_SAP_D\SAP-D_T1\GOPR3257\Coral17.JPG,17,0.1806,Sapangan,T1,4
Sapangan (Deep Only)\2024_AUG_SAP_D\2024_AUG_S_T1\GOPR4715.JPG,Sapangan (Deep Only)\2024_AUG_SAP_D\2024_AUG_S_T1\GOPR4715\Coral31.JPG,31,0.2106,Sapangan,T1,4
Sapangan (Deep Only)\2024_JUL_SAP_D\SAP-D_T1\P7031643.JPG,Sapangan (Deep Only)\2024_JUL_SAP_D\SAP-D_T1\P7031643\Coral13.JPG,13,0.3396,Sapangan,T1,4
Sapangan (Deep Only)\2024_AUG_SAP_D\2024_AUG_S_T1\GOPR4718.JPG,Sapangan (Deep Only)\2024_AUG_SAP_D\2024_AUG_S_T1\GOPR4718\Coral9.JPG,9,0.5089,Sapangan,T1,4
Sapangan (Deep Only)\2024_AUG_SAP_D\2024_AUG_S_T1\GOPR4713.JPG,Sapangan (Deep Only)\2024_AUG_SAP_D\2024_AUG_S_T1\GOPR4713\Coral31.JPG,31,0.2044,Sapangan,T1,4
Sapangan (Deep Only)\2024_AUG_SAP_D\2024_AUG_S_T1\GOPR4754.JPG,Sapangan (Deep Only)\2024_AUG_SAP_D\2024_AUG_S_T1\GOPR4754\Coral28.JPG,28,0.1783,Sapangan,T1,4
Sapangan (Deep Only)\2024_AUG_SAP_D\2024_AUG_S_T1\GOPR4721.JPG,Sapangan (Deep Only)\2024_AUG_SAP_D\2024_AUG_S_T1\GOPR4721\Coral4.JPG,4,0.4459,Sapangan,T1,4
Sapangan (Deep Only)\2024_JUL_SAP_D\SAP-D_T1\GOPR3260.JPG,Sapangan (Deep Only)\2024_JUL_SAP_D\SAP-D_T1\GOPR3260\Coral3.JPG,3,0.5632,Sapangan,T1,4
Sapangan (Deep Only)\2024_AUG_SAP_D\2024_AUG_S_T1\GOPR4722.JPG,Sapangan (Deep Only)\2024_AUG_SAP_D\2024_AUG_S_T1\GOPR4722\Coral17.JPG,17,0.2321,Sapangan,T1,4
Sapangan (Deep Only)\2024_AUG_SAP_D\2024_AUG_S_T1\GOPR4725.JPG,Sapangan (Deep Only)\2024_AUG_SAP_D\2024_AUG_S_T1\GOPR4725\Coral45.JPG,45,0.1916,Sapangan,T1,4
Sapangan (Deep Only)\2024_AUG_SAP_D\2024_AUG_S_T1\GOPR4733.JPG,Sapangan (Deep Only)\2024_AUG_SAP_D\2024_AUG_S_T1\GOPR4733\Coral46.JPG,46,0.1526,Sapangan,T1,4
Sapangan (Deep Only)\2024_JUL_SAP_D\SAP-D_T1\P7031657.JPG,Sapangan (Deep Only)\2024_JUL_SAP_D\SAP-D_T1\P7031657\Coral1.JPG,1,0.7617,Sapangan,T1,4
Sapangan (Deep Only)\2024_AUG_SAP_D\2024_AUG_S_T1\GOPR4729.JPG,Sapangan (Deep Only)\2024_AUG_SAP_D\2024_AUG_S_T1\GOPR4729\Coral2.JPG,2,0.674,Sapangan,T1,4
Sapangan (Deep Only)\2024_JUL_SAP_D\SAP-D_T1\P7031664.JPG,Sapangan (Deep Only)\2024_JUL_SAP_D\SAP-D_T1\P7031664\Coral14.JPG,14,0.2148,Sapangan,T1,4
Sapangan (Deep Only)\2024_JUL_SAP_D\SAP-D_T1\P7031671.JPG,Sapangan (Deep Only)\2024_JUL_SAP_D\SAP-D_T1\P7031671\Coral17.JPG,17,0.2218,Sapangan,T1,4
Sapangan (Deep Only)\2024_JUL_SAP_D\SAP-D_T1\P7031677.JPG,Sapangan (Deep Only)\2024_JUL_SAP_D\SAP-D_T1\P7031677\Coral10.JPG,10,0.2587,Sapangan,T1,4
Sapangan (Deep Only)\2024_JUL_SAP_D\SAP-D_T1\P7031638.JPG,Sapangan (Deep Only)\2024_JUL_SAP_D\SAP-D_T1\P7031638\Coral14.JPG,14,0.271,Sapangan,T1,4
Sapangan (Deep Only)\2024_JUL_SAP_D\SAP-D_T1\P7031665.JPG,Sapangan (Deep Only)\2024_JUL_SAP_D\SAP-D_T1\P7031665\Coral7.JPG,7,0.3169,Sapangan,T1,4
Sapangan (Deep Only)\2024_JUL_SAP_D\SAP-D_T1\P7031640.JPG,Sapangan (Deep Only)\2024_JUL_SAP_D\SAP-D_T1\P7031640\Coral10.JPG,10,0.2008,Sapangan,T1,4
Sapangan (Deep Only)\2024_JUL_SAP_D\SAP-D_T1\P7031673.JPG,Sapangan (Deep Only)\2024_JUL_SAP_D\SAP-D_T1\P7031673\Coral46.JPG,46,0.1539,Sapangan,T1,4
Sapangan (Deep Only)\2024_JUL_SAP_D\SAP-D_T1\P7031646.JPG,Sapangan (Deep Only)\2024_JUL_SAP_D\SAP-D_T1\P7031646\Coral31.JPG,31,0.1882,Sapangan,T1,4
Sapangan (Deep Only)\2024_JUL_SAP_D\SAP-D_T1\P7031674.JPG,Sapangan (Deep Only)\2024_JUL_SAP_D\SAP-D_T1\P7031674\Coral30.JPG,30,0.1784,Sapangan,T1,4
Sapangan (Deep Only)\2024_JUL_SAP_D\SAP-D_T1\P7031639.JPG,Sapangan (Deep Only)\2024_JUL_SAP_D\SAP-D_T1\P7031639\Coral22.JPG,22,0.1814,Sapangan,T1,4
Sapangan (Deep Only)\2024_AUG_SAP_D\2024_AUG_S_T1\GOPR4750.JPG,Sapangan (Deep Only)\2024_AUG_SAP_D\2024_AUG_S_T1\GOPR4750\Coral19.JPG,19,0.1689,Sapangan,T1,4
Sapangan (Deep Only)\2024_JUL_SAP_D\SAP-D_T1\P7031659.JPG,Sapangan (Deep Only)\2024_JUL_SAP_D\SAP-D_T1\P7031659\Coral2.JPG,2,0.2725,Sapangan,T1,4
Sapangan (Deep Only)\2024_AUG_SAP_D\2024_AUG_S_T1\GOPR4740.JPG,Sapangan (Deep Only)\2024_AUG_SAP_D\2024_AUG_S_T1\GOPR4740\Coral28.JPG,28,0.2789,Sapangan,T1,4
Sapangan (Deep Only)\2024_JUL_SAP_D\SAP-D_T1\P7031643.JPG,Sapangan (Deep Only)\2024_JUL_SAP_D\SAP-D_T1\P7031643\Coral9.JPG,9,0.3726,Sapangan,T1,4
Sapangan (Deep Only)\2024_AUG_SAP_D\2024_AUG_S_T1\GOPR4714.JPG,Sapangan (Deep Only)\2024_AUG_SAP_D\2024_AUG_S_T1\GOPR4714\Coral18.JPG,18,0.282,Sapangan,T1,4
Sapangan (Deep Only)\2024_AUG_SAP_D\2024_AUG_S_T1\GOPR4712.JPG,Sapangan (Deep Only)\2024_AUG_SAP_D\2024_AUG_S_T1\GOPR4712\Coral6.JPG,6,0.551,Sapangan,T1,4
Sapangan (Deep Only)\2024_AUG_SAP_D\2024_AUG_S_T1\GOPR4722.JPG,Sapangan (Deep Only)\2024_AUG_SAP_D\2024_AUG_S_T1\GOPR4722\Coral4.JPG,4,0.4023,Sapangan,T1,4
Sapangan (Deep Only)\2024_AUG_SAP_D\2024_AUG_S_T1\GOPR4741.JPG,Sapangan (Deep Only)\2024_AUG_SAP_D\2024_AUG_S_T1\GOPR4741\Coral22.JPG,22,0.3082,Sapangan,T1,4
Sapangan (Deep Only)\2024_JUL_SAP_D\SAP-D_T1\GOPR3259.JPG,Sapangan (Deep Only)\2024_JUL_SAP_D\SAP-D_T1\GOPR3259\Coral4.JPG,4,0.2241,Sapangan,T1,4
Sapangan (Deep Only)\2024_JUL_SAP_D\SAP-D_T1\P7031676.JPG,Sapangan (Deep Only)\2024_JUL_SAP_D\SAP-D_T1\P7031676\Coral6.JPG,6,0.4982,Sapangan,T1,4
Sapangan (Deep Only)\2024_JUL_SAP_D\SAP-D_T1\P7031644.JPG,Sapangan (Deep Only)\2024_JUL_SAP_D\SAP-D_T1\P7031644\Coral12.JPG,12,0.2276,Sapangan,T1,4
Sapangan (Deep Only)\2024_AUG_SAP_D\2024_AUG_S_T1\GOPR4729.JPG,Sapangan (Deep Only)\2024_AUG_SAP_D\2024_AUG_S_T1\GOPR4729\Coral19.JPG,19,0.1523,Sapangan,T1,4
Sapangan (Deep Only)\2024_AUG_SAP_D\2024_AUG_S_T1\GOPR4742.JPG,Sapangan (Deep Only)\2024_AUG_SAP_D\2024_AUG_S_T1\GOPR4742\Coral13.JPG,13,0.244,Sapangan,T1,4
Sapangan (Deep Only)\2024_JUL_SAP_D\SAP-D_T1\P7031650.JPG,Sapangan (Deep Only)\2024_JUL_SAP_D\SAP-D_T1\P7031650\Coral3.JPG,3,0.6408,Sapangan,T1,4
Sapangan (Deep Only)\2024_AUG_SAP_D\2024_AUG_S_T1\GOPR4743.JPG,Sapangan (Deep Only)\2024_AUG_SAP_D\2024_AUG_S_T1\GOPR4743\Coral24.JPG,24,0.2484,Sapangan,T1,4
Sapangan (Deep Only)\2024_AUG_SAP_D\2024_AUG_S_T1\GOPR4737.JPG,Sapangan (Deep Only)\2024_AUG_SAP_D\2024_AUG_S_T1\GOPR4737\Coral32.JPG,32,0.1958,Sapangan,T1,4
Sapangan (Deep Only)\2024_AUG_SAP_D\2024_AUG_S_T1\GOPR4757.JPG,Sapangan (Deep Only)\2024_AUG_SAP_D\2024_AUG_S_T1\GOPR4757\Coral12.JPG,12,0.1797,Sapangan,T1,4
Sapangan (Deep Only)\2024_AUG_SAP_D\2024_AUG_S_T1\GOPR4708.JPG,Sapangan (Deep Only)\2024_AUG_SAP_D\2024_AUG_S_T1\GOPR4708\Coral7.JPG,7,0.1756,Sapangan,T1,4
Sapangan (Deep Only)\2024_JUL_SAP_D\SAP-D_T1\P7031653.JPG,Sapangan (Deep Only)\2024_JUL_SAP_D\SAP-D_T1\P7031653\Coral14.JPG,14,0.4178,Sapangan,T1,4
Sapangan (Deep Only)\2024_JUL_SAP_D\SAP-D_T1\P7031645.JPG,Sapangan (Deep Only)\2024_JUL_SAP_D\SAP-D_T1\P7031645\Coral12.JPG,12,0.3996,Sapangan,T1,4
Sapangan (Deep Only)\2024_AUG_SAP_D\2024_AUG_S_T1\GOPR4730.JPG,Sapangan (Deep Only)\2024_AUG_SAP_D\2024_AUG_S_T1\GOPR4730\Coral15.JPG,15,0.3337,Sapangan,T1,4
Sapangan (Deep Only)\2024_JUL_SAP_D\SAP-D_T1\P7031654.JPG,Sapangan (Deep Only)\2024_JUL_SAP_D\SAP-D_T1\P7031654\Coral11.JPG,11,0.3417,Sapangan,T1,4
Sapangan (Deep Only)\2024_AUG_SAP_D\2024_AUG_S_T1\GOPR4740.JPG,Sapangan (Deep Only)\2024_AUG_SAP_D\2024_AUG_S_T1\GOPR4740\Coral42.JPG,42,0.1691,Sapangan,T1,4
Sapangan (Deep Only)\2024_AUG_SAP_D\2024_AUG_S_T1\GOPR4734.JPG,Sapangan (Deep Only)\2024_AUG_SAP_D\2024_AUG_S_T1\GOPR4734\Coral31.JPG,31,0.246,Sapangan,T1,4
Sapangan (Deep Only)\2024_AUG_SAP_D\2024_AUG_S_T1\GOPR4754.JPG,Sapangan (Deep Only)\2024_AUG_SAP_D\2024_AUG_S_T1\GOPR4754\Coral5.JPG,5,0.3984,Sapangan,T1,4
Sapangan (Deep Only)\2024_AUG_SAP_D\2024_AUG_S_T1\GOPR4721.JPG,Sapangan (Deep Only)\2024_AUG_SAP_D\2024_AUG_S_T1\GOPR4721\Coral18.JPG,18,0.1658,Sapangan,T1,4
Sapangan (Deep Only)\2024_JUL_SAP_D\SAP-D_T1\P7031658.JPG,Sapangan (Deep Only)\2024_JUL_SAP_D\SAP-D_T1\P7031658\Coral1.JPG,1,0.7322,Sapangan,T1,4
Sapangan (Deep Only)\2024_AUG_SAP_D\2024_AUG_S_T1\GOPR4727.JPG,Sapangan (Deep Only)\2024_AUG_SAP_D\2024_AUG_S_T1\GOPR4727\Coral41.JPG,41,0.1534,Sapangan,T1,4
Sapangan (Deep Only)\2024_JUL_SAP_D\SAP-D_T1\P7031681.JPG,Sapangan (Deep Only)\2024_JUL_SAP_D\SAP-D_T1\P7031681\Coral21.JPG,21,0.2168,Sapangan,T1,4
Sapangan (Deep Only)\2024_JUL_SAP_D\SAP-D_T1\GOPR3259.JPG,Sapangan (Deep Only)\2024_JUL_SAP_D\SAP-D_T1\GOPR3259\Coral1.JPG,1,0.6583,Sapangan,T1,4
Sapangan (Deep Only)\2024_AUG_SAP_D\2024_AUG_S_T1\GOPR4725.JPG,Sapangan (Deep Only)\2024_AUG_SAP_D\2024_AUG_S_T1\GOPR4725\Coral13.JPG,13,0.3598,Sapangan,T1,4
Sapangan (Deep Only)\2024_JUL_SAP_D\SAP-D_T1\P7031650.JPG,Sapangan (Deep Only)\2024_JUL_SAP_D\SAP-D_T1\P7031650\Coral9.JPG,9,0.4822,Sapangan,T1,4
Sapangan (Deep Only)\2024_AUG_SAP_D\2024_AUG_S_T1\GOPR4736.JPG,Sapangan (Deep Only)\2024_AUG_SAP_D\2024_AUG_S_T1\GOPR4736\Coral11.JPG,11,0.3886,Sapangan,T1,4
Sapangan (Deep Only)\2024_JUL_SAP_D\SAP-D_T1\P7031642.JPG,Sapangan (Deep Only)\2024_JUL_SAP_D\SAP-D_T1\P7031642\Coral17.JPG,17,0.2305,Sapangan,T1,4
Sapangan (Deep Only)\2024_JUL_SAP_D\SAP-D_T1\P7031664.JPG,Sapangan (Deep Only)\2024_JUL_SAP_D\SAP-D_T1\P7031664\Coral28.JPG,28,0.1555,Sapangan,T1,4
Sapangan (Deep Only)\2024_JUL_SAP_D\SAP-D_T1\GOPR3258.JPG,Sapangan (Deep Only)\2024_JUL_SAP_D\SAP-D_T1\GOPR3258\Coral15.JPG,15,0.1747,Sapangan,T1,4
Sapangan (Deep Only)\2024_JUL_SAP_D\SAP-D_T1\P7031638.JPG,Sapangan (Deep Only)\2024_JUL_SAP_D\SAP-D_T1\P7031638\Coral17.JPG,17,0.212,Sapangan,T1,4
Sapangan (Deep Only)\2024_JUL_SAP_D\SAP-D_T1\P7031665.JPG,Sapangan (Deep Only)\2024_JUL_SAP_D\SAP-D_T1\P7031665\Coral3.JPG,3,0.604,Sapangan,T1,4
Sapangan (Deep Only)\2024_AUG_SAP_D\2024_AUG_S_T1\GOPR4737.JPG,Sapangan (Deep Only)\2024_AUG_SAP_D\2024_AUG_S_T1\GOPR4737\Coral6.JPG,6,0.6667,Sapangan,T1,4
Sapangan (Deep Only)\2024_AUG_SAP_D\2024_AUG_S_T1\GOPR4716.JPG,Sapangan (Deep Only)\2024_AUG_SAP_D\2024_AUG_S_T1\GOPR4716\Coral19.JPG,19,0.1915,Sapangan,T1,4
Sapangan (Deep Only)\2024_AUG_SAP_D\2024_AUG_S_T1\GOPR4716.JPG,Sapangan (Deep Only)\2024_AUG_SAP_D\2024_AUG_S_T1\GOPR4716\Coral4.JPG,4,0.5551,Sapangan,T1,4
Sapangan (Deep Only)\2024_AUG_SAP_D\2024_AUG_S_T1\GOPR4716.JPG,Sapangan (Deep Only)\2024_AUG_SAP_D\2024_AUG_S_T1\GOPR4716\Coral2.JPG,2,0.6559,Sapangan,T1,4
Sapangan (Deep Only)\2024_AUG_SAP_D\2024_AUG_S_T1\GOPR4716.JPG,Sapangan (Deep Only)\2024_AUG_SAP_D\2024_AUG_S_T1\GOPR4716\Coral22.JPG,22,0.1827,Sapangan,T1,4
Sapangan (Deep Only)\2024_JUL_SAP_D\SAP-D_T1\P7031666.JPG,Sapangan (Deep Only)\2024_JUL_SAP_D\SAP-D_T1\P7031666\Coral8.JPG,8,0.261,Sapangan,T1,4
Sapangan (Deep Only)\2024_JUL_SAP_D\SAP-D_T1\P7031666.JPG,Sapangan (Deep Only)\2024_JUL_SAP_D\SAP-D_T1\P7031666\Coral9.JPG,9,0.2329,Sapangan,T1,4
Sapangan (Deep Only)\2024_JUL_SAP_D\SAP-D_T1\P7031675.JPG,Sapangan (Deep Only)\2024_JUL_SAP_D\SAP-D_T1\P7031675\Coral8.JPG,8,0.2733,Sapangan,T1,4
Sapangan (Deep Only)\2024_JUL_SAP_D\SAP-D_T1\P7031675.JPG,Sapangan (Deep Only)\2024_JUL_SAP_D\SAP-D_T1\P7031675\Coral7.JPG,7,0.3226,Sapangan,T1,4
Sapangan (Deep Only)\2024_JUL_SAP_D\SAP-D_T1\P7031675.JPG,Sapangan (Deep Only)\2024_JUL_SAP_D\SAP-D_T1\P7031675\Coral19.JPG,19,0.1663,Sapangan,T1,4
Sapangan (Deep Only)\2024_AUG_SAP_D\2024_AUG_S_T1\GOPR4744.JPG,Sapangan (Deep Only)\2024_AUG_SAP_D\2024_AUG_S_T1\GOPR4744\Coral20.JPG,20,0.2188,Sapangan,T1,4
Sapangan (Deep Only)\2024_AUG_SAP_D\2024_AUG_S_T1\GOPR4744.JPG,Sapangan (Deep Only)\2024_AUG_SAP_D\2024_AUG_S_T1\GOPR4744\Coral28.JPG,28,0.1647,Sapangan,T1,4
Sapangan (Deep Only)\2024_AUG_SAP_D\2024_AUG_S_T1\GOPR4744.JPG,Sapangan (Deep Only)\2024_AUG_SAP_D\2024_AUG_S_T1\GOPR4744\Coral18.JPG,18,0.231,Sapangan,T1,4
Sapangan (Deep Only)\2024_AUG_SAP_D\2024_AUG_S_T1\GOPR4744.JPG,Sapangan (Deep Only)\2024_AUG_SAP_D\2024_AUG_S_T1\GOPR4744\Coral1.JPG,1,0.7069,Sapangan,T1,4
Sapangan (Deep Only)\2024_AUG_SAP_D\2024_AUG_S_T1\GOPR4744.JPG,Sapangan (Deep Only)\2024_AUG_SAP_D\2024_AUG_S_T1\GOPR4744\Coral5.JPG,5,0.4562,Sapangan,T1,4
Sapangan (Deep Only)\2024_AUG_SAP_D\2024_AUG_S_T1\GOPR4744.JPG,Sapangan (Deep Only)\2024_AUG_SAP_D\2024_AUG_S_T1\GOPR4744\Coral7.JPG,7,0.3896,Sapangan,T1,4
Sapangan (Deep Only)\2024_AUG_SAP_D\2024_AUG_S_T1\GOPR4757.JPG,Sapangan (Deep Only)\2024_AUG_SAP_D\2024_AUG_S_T1\GOPR4757\Coral4.JPG,4,0.2932,Sapangan,T1,4
Sapangan (Deep Only)\2024_AUG_SAP_D\2024_AUG_S_T1\GOPR4757.JPG,Sapangan (Deep Only)\2024_AUG_SAP_D\2024_AUG_S_T1\GOPR4757\Coral10.JPG,10,0.199,Sapangan,T1,4
Sapangan (Deep Only)\2024_JUL_SAP_D\SAP-D_T1\P7031673.JPG,Sapangan (Deep Only)\2024_JUL_SAP_D\SAP-D_T1\P7031673\Coral13.JPG,13,0.5192,Sapangan,T1,4
Sapangan (Deep Only)\2024_JUL_SAP_D\SAP-D_T1\P7031673.JPG,Sapangan (Deep Only)\2024_JUL_SAP_D\SAP-D_T1\P7031673\Coral2.JPG,2,0.7788,Sapangan,T1,4
Sapangan (Deep Only)\2024_JUL_SAP_D\SAP-D_T1\P7031673.JPG,Sapangan (Deep Only)\2024_JUL_SAP_D\SAP-D_T1\P7031673\Coral32.JPG,32,0.238,Sapangan,T1,4
Sapangan (Deep Only)\2024_JUL_SAP_D\SAP-D_T1\P7031673.JPG,Sapangan (Deep Only)\2024_JUL_SAP_D\SAP-D_T1\P7031673\Coral35.JPG,35,0.2061,Sapangan,T1,4
Sapangan (Deep Only)\2024_JUL_SAP_D\SAP-D_T1\P7031673.JPG,Sapangan (Deep Only)\2024_JUL_SAP_D\SAP-D_T1\P7031673\Coral41.JPG,41,0.1729,Sapangan,T1,4
Sapangan (Deep Only)\2024_JUL_SAP_D\SAP-D_T1\P7031673.JPG,Sapangan (Deep Only)\2024_JUL_SAP_D\SAP-D_T1\P7031673\Coral48.JPG,48,0.1526,Sapangan,T1,4
Sapangan (Deep Only)\2024_JUL_SAP_D\SAP-D_T1\P7031673.JPG,Sapangan (Deep Only)\2024_JUL_SAP_D\SAP-D_T1\P7031673\Coral40.JPG,40,0.174,Sapangan,T1,4
Sapangan (Deep Only)\2024_JUL_SAP_D\SAP-D_T1\P7031673.JPG,Sapangan (Deep Only)\2024_JUL_SAP_D\SAP-D_T1\P7031673\Coral20.JPG,20,0.3694,Sapangan,T1,4
Sapangan (Deep Only)\2024_JUL_SAP_D\SAP-D_T1\P7031673.JPG,Sapangan (Deep Only)\2024_JUL_SAP_D\SAP-D_T1\P7031673\Coral5.JPG,5,0.693,Sapangan,T1,4
Sapangan (Deep Only)\2024_AUG_SAP_D\2024_AUG_S_T1\GOPR4709.JPG,Sapangan (Deep Only)\2024_AUG_SAP_D\2024_AUG_S_T1\GOPR4709\Coral14.JPG,14,0.2147,Sapangan,T1,4
Sapangan (Deep Only)\2024_AUG_SAP_D\2024_AUG_S_T1\GOPR4709.JPG,Sapangan (Deep Only)\2024_AUG_SAP_D\2024_AUG_S_T1\GOPR4709\Coral8.JPG,8,0.3659,Sapangan,T1,4
Sapangan (Deep Only)\2024_AUG_SAP_D\2024_AUG_S_T1\GOPR4717.JPG,Sapangan (Deep Only)\2024_AUG_SAP_D\2024_AUG_S_T1\GOPR4717\Coral20.JPG,20,0.1988,Sapangan,T1,4
Sapangan (Deep Only)\2024_AUG_SAP_D\2024_AUG_S_T1\GOPR4717.JPG,Sapangan (Deep Only)\2024_AUG_SAP_D\2024_AUG_S_T1\GOPR4717\Coral22.JPG,22,0.1518,Sapangan,T1,4
Sapangan (Deep Only)\2024_JUL_SAP_D\SAP-D_T1\P7031661.JPG,Sapangan (Deep Only)\2024_JUL_SAP_D\SAP-D_T1\P7031661\Coral7.JPG,7,0.1745,Sapangan,T1,4
Sapangan (Deep Only)\2024_JUL_SAP_D\SAP-D_T1\P7031661.JPG,Sapangan (Deep Only)\2024_JUL_SAP_D\SAP-D_T1\P7031661\Coral5.JPG,5,0.1998,Sapangan,T1,4
Sapangan (Deep Only)\2024_JUL_SAP_D\SAP-D_T1\P7031661.JPG,Sapangan (Deep Only)\2024_JUL_SAP_D\SAP-D_T1\P7031661\Coral1.JPG,1,0.6908,Sapangan,T1,4
Sapangan (Deep Only)\2024_JUL_SAP_D\SAP-D_T1\P7031646.JPG,Sapangan (Deep Only)\2024_JUL_SAP_D\SAP-D_T1\P7031646\Coral10.JPG,10,0.4604,Sapangan,T1,4
Sapangan (Deep Only)\2024_JUL_SAP_D\SAP-D_T1\P7031646.JPG,Sapangan (Deep Only)\2024_JUL_SAP_D\SAP-D_T1\P7031646\Coral4.JPG,4,0.6631,Sapangan,T1,4
Sapangan (Deep Only)\2024_JUL_SAP_D\SAP-D_T1\P7031646.JPG,Sapangan (Deep Only)\2024_JUL_SAP_D\SAP-D_T1\P7031646\Coral11.JPG,11,0.4316,Sapangan,T1,4
Sapangan (Deep Only)\2024_JUL_SAP_D\SAP-D_T1\P7031646.JPG,Sapangan (Deep Only)\2024_JUL_SAP_D\SAP-D_T1\P7031646\Coral13.JPG,13,0.3664,Sapangan,T1,4
Sapangan (Deep Only)\2024_JUL_SAP_D\SAP-D_T1\P7031646.JPG,Sapangan (Deep Only)\2024_JUL_SAP_D\SAP-D_T1\P7031646\Coral15.JPG,15,0.3396,Sapangan,T1,4
Sapangan (Deep Only)\2024_JUL_SAP_D\SAP-D_T1\P7031646.JPG,Sapangan (Deep Only)\2024_JUL_SAP_D\SAP-D_T1\P7031646\Coral3.JPG,3,0.6754,Sapangan,T1,4
Sapangan (Deep Only)\2024_JUL_SAP_D\SAP-D_T1\P7031646.JPG,Sapangan (Deep Only)\2024_JUL_SAP_D\SAP-D_T1\P7031646\Coral24.JPG,24,0.2389,Sapangan,T1,4
Sapangan (Deep Only)\2024_JUL_SAP_D\SAP-D_T1\P7031646.JPG,Sapangan (Deep Only)\2024_JUL_SAP_D\SAP-D_T1\P7031646\Coral34.JPG,34,0.1568,Sapangan,T1,4
Sapangan (Deep Only)\2024_JUL_SAP_D\SAP-D_T1\P7031646.JPG,Sapangan (Deep Only)\2024_JUL_SAP_D\SAP-D_T1\P7031646\Coral28.JPG,28,0.202,Sapangan,T1,4
Sapangan (Deep Only)\2024_JUL_SAP_D\SAP-D_T1\P7031674.JPG,Sapangan (Deep Only)\2024_JUL_SAP_D\SAP-D_T1\P7031674\Coral26.JPG,26,0.1978,Sapangan,T1,4
Sapangan (Deep Only)\2024_JUL_SAP_D\SAP-D_T1\P7031674.JPG,Sapangan (Deep Only)\2024_JUL_SAP_D\SAP-D_T1\P7031674\Coral24.JPG,24,0.2026,Sapangan,T1,4
Sapangan (Deep Only)\2024_JUL_SAP_D\SAP-D_T1\P7031674.JPG,Sapangan (Deep Only)\2024_JUL_SAP_D\SAP-D_T1\P7031674\Coral2.JPG,2,0.5509,Sapangan,T1,4
Sapangan (Deep Only)\2024_JUL_SAP_D\SAP-D_T1\P7031674.JPG,Sapangan (Deep Only)\2024_JUL_SAP_D\SAP-D_T1\P7031674\Coral16.JPG,16,0.299,Sapangan,T1,4
Sapangan (Deep Only)\2024_JUL_SAP_D\SAP-D_T1\P7031674.JPG,Sapangan (Deep Only)\2024_JUL_SAP_D\SAP-D_T1\P7031674\Coral22.JPG,22,0.217,Sapangan,T1,4
Sapangan (Deep Only)\2024_AUG_SAP_D\2024_AUG_S_T2\GOPR4800.JPG,Sapangan (Deep Only)\2024_AUG_SAP_D\2024_AUG_S_T2\GOPR4800\Coral38.JPG,38,0.2087,Sapangan,T2,4
Sapangan (Deep Only)\2024_AUG_SAP_D\2024_AUG_S_T2\GOPR4804.JPG,Sapangan (Deep Only)\2024_AUG_SAP_D\2024_AUG_S_T2\GOPR4804\Coral1.JPG,1,0.1932,Sapangan,T2,4
Sapangan (Deep Only)\2024_JUL_SAP_D\SAP-D_T2\GOPR3281.JPG,Sapangan (Deep Only)\2024_JUL_SAP_D\SAP-D_T2\GOPR3281\Coral4.JPG,4,0.1644,Sapangan,T2,4
Sapangan (Deep Only)\2024_JUL_SAP_D\SAP-D_T2\GOPR3292.JPG,Sapangan (Deep Only)\2024_JUL_SAP_D\SAP-D_T2\GOPR3292\Coral15.JPG,15,0.2191,Sapangan,T2,4
Sapangan (Deep Only)\2024_JUL_SAP_D\SAP-D_T2\GOPR3283.JPG,Sapangan (Deep Only)\2024_JUL_SAP_D\SAP-D_T2\GOPR3283\Coral7.JPG,7,0.181,Sapangan,T2,4
Sapangan (Deep Only)\2024_AUG_SAP_D\2024_AUG_S_T2\GOPR4814.JPG,Sapangan (Deep Only)\2024_AUG_SAP_D\2024_AUG_S_T2\GOPR4814\Coral15.JPG,15,0.1889,Sapangan,T2,4
Sapangan (Deep Only)\2024_JUL_SAP_D\SAP-D_T2\GOPR3288.JPG,Sapangan (Deep Only)\2024_JUL_SAP_D\SAP-D_T2\GOPR3288\Coral4.JPG,4,0.4979,Sapangan,T2,4
Sapangan (Deep Only)\2024_AUG_SAP_D\2024_AUG_S_T2\GOPR4782.JPG,Sapangan (Deep Only)\2024_AUG_SAP_D\2024_AUG_S_T2\GOPR4782\Coral1.JPG,1,0.7965,Sapangan,T2,4
Sapangan (Deep Only)\2024_AUG_SAP_D\2024_AUG_S_T2\GOPR4786.JPG,Sapangan (Deep Only)\2024_AUG_SAP_D\2024_AUG_S_T2\GOPR4786\Coral1.JPG,1,0.2054,Sapangan,T2,4
Sapangan (Deep Only)\2024_JUL_SAP_D\SAP-D_T2\GOPR3295.JPG,Sapangan (Deep Only)\2024_JUL_SAP_D\SAP-D_T2\GOPR3295\Coral15.JPG,15,0.2468,Sapangan,T2,4
Sapangan (Deep Only)\2024_AUG_SAP_D\2024_AUG_S_T2\GOPR4768.JPG,Sapangan (Deep Only)\2024_AUG_SAP_D\2024_AUG_S_T2\GOPR4768\Coral6.JPG,6,0.2108,Sapangan,T2,4
Sapangan (Deep Only)\2024_JUL_SAP_D\SAP-D_T2\GOPR3310.JPG,Sapangan (Deep Only)\2024_JUL_SAP_D\SAP-D_T2\GOPR3310\Coral1.JPG,1,0.7928,Sapangan,T2,4
Sapangan (Deep Only)\2024_AUG_SAP_D\2024_AUG_S_T2\GOPR4766.JPG,Sapangan (Deep Only)\2024_AUG_SAP_D\2024_AUG_S_T2\GOPR4766\Coral25.JPG,25,0.2303,Sapangan,T2,4
Sapangan (Deep Only)\2024_JUL_SAP_D\SAP-D_T2\GOPR3284.JPG,Sapangan (Deep Only)\2024_JUL_SAP_D\SAP-D_T2\GOPR3284\Coral2.JPG,2,0.2759,Sapangan,T2,4
Sapangan (Deep Only)\2024_AUG_SAP_D\2024_AUG_S_T2\GOPR4792.JPG,Sapangan (Deep Only)\2024_AUG_SAP_D\2024_AUG_S_T2\GOPR4792\Coral6.JPG,6,0.386,Sapangan,T2,4
Sapangan (Deep Only)\2024_JUL_SAP_D\SAP-D_T2\GOPR3299.JPG,Sapangan (Deep Only)\2024_JUL_SAP_D\SAP-D_T2\GOPR3299\Coral28.JPG,28,0.1923,Sapangan,T2,4
Sapangan (Deep Only)\2024_AUG_SAP_D\2024_AUG_S_T2\GOPR4806.JPG,Sapangan (Deep Only)\2024_AUG_SAP_D\2024_AUG_S_T2\GOPR4806\Coral9.JPG,9,0.1719,Sapangan,T2,4
Sapangan (Deep Only)\2024_JUL_SAP_D\SAP-D_T2\GOPR3303.JPG,Sapangan (Deep Only)\2024_JUL_SAP_D\SAP-D_T2\GOPR3303\Coral5.JPG,5,0.4297,Sapangan,T2,4
Sapangan (Deep Only)\2024_AUG_SAP_D\2024_AUG_S_T2\GOPR4804.JPG,Sapangan (Deep Only)\2024_AUG_SAP_D\2024_AUG_S_T2\GOPR4804\Coral2.JPG,2,0.1699,Sapangan,T2,4
Sapangan (Deep Only)\2024_AUG_SAP_D\2024_AUG_S_T2\GOPR4778.JPG,Sapangan (Deep Only)\2024_AUG_SAP_D\2024_AUG_S_T2\GOPR4778\Coral3.JPG,3,0.5264,Sapangan,T2,4
Sapangan (Deep Only)\2024_AUG_SAP_D\2024_AUG_S_T2\GOPR4781.JPG,Sapangan (Deep Only)\2024_AUG_SAP_D\2024_AUG_S_T2\GOPR4781\Coral3.JPG,3,0.4797,Sapangan,T2,4
Sapangan (Deep Only)\2024_JUL_SAP_D\SAP-D_T2\GOPR3283.JPG,Sapangan (Deep Only)\2024_JUL_SAP_D\SAP-D_T2\GOPR3283\Coral3.JPG,3,0.2874,Sapangan,T2,4
Sapangan (Deep Only)\2024_JUL_SAP_D\SAP-D_T2\GOPR3277.JPG,Sapangan (Deep Only)\2024_JUL_SAP_D\SAP-D_T2\GOPR3277\Coral21.JPG,21,0.3452,Sapangan,T2,4
Sapangan (Deep Only)\2024_JUL_SAP_D\SAP-D_T2\GOPR3276.JPG,Sapangan (Deep Only)\2024_JUL_SAP_D\SAP-D_T2\GOPR3276\Coral8.JPG,8,0.1932,Sapangan,T2,4
Sapangan (Deep Only)\2024_AUG_SAP_D\2024_AUG_S_T2\GOPR4785.JPG,Sapangan (Deep Only)\2024_AUG_SAP_D\2024_AUG_S_T2\GOPR4785\Coral3.JPG,3,0.1702,Sapangan,T2,4
Sapangan (Deep Only)\2024_JUL_SAP_D\SAP-D_T2\GOPR3306.JPG,Sapangan (Deep Only)\2024_JUL_SAP_D\SAP-D_T2\GOPR3306\Coral5.JPG,5,0.4524,Sapangan,T2,4
Sapangan (Deep Only)\2024_JUL_SAP_D\SAP-D_T2\GOPR3310.JPG,Sapangan (Deep Only)\2024_JUL_SAP_D\SAP-D_T2\GOPR3310\Coral4.JPG,4,0.268,Sapangan,T2,4
Sapangan (Deep Only)\2024_JUL_SAP_D\SAP-D_T2\GOPR3291.JPG,Sapangan (Deep Only)\2024_JUL_SAP_D\SAP-D_T2\GOPR3291\Coral12.JPG,12,0.1981,Sapangan,T2,4
Sapangan (Deep Only)\2024_AUG_SAP_D\2024_AUG_S_T2\GOPR4788.JPG,Sapangan (Deep Only)\2024_AUG_SAP_D\2024_AUG_S_T2\GOPR4788\Coral5.JPG,5,0.2609,Sapangan,T2,4
Sapangan (Deep Only)\2024_JUL_SAP_D\SAP-D_T2\GOPR3309.JPG,Sapangan (Deep Only)\2024_JUL_SAP_D\SAP-D_T2\GOPR3309\Coral4.JPG,4,0.1972,Sapangan,T2,4
Sapangan (Deep Only)\2024_AUG_SAP_D\2024_AUG_S_T2\GOPR4769.JPG,Sapangan (Deep Only)\2024_AUG_SAP_D\2024_AUG_S_T2\GOPR4769\Coral1.JPG,1,0.4641,Sapangan,T2,4
Sapangan (Deep Only)\2024_JUL_SAP_D\SAP-D_T2\GOPR3307.JPG,Sapangan (Deep Only)\2024_JUL_SAP_D\SAP-D_T2\GOPR3307\Coral1.JPG,1,0.8478,Sapangan,T2,4
Sapangan (Deep Only)\2024_AUG_SAP_D\2024_AUG_S_T2\GOPR4813.JPG,Sapangan (Deep Only)\2024_AUG_SAP_D\2024_AUG_S_T2\GOPR4813\Coral25.JPG,25,0.1656,Sapangan,T2,4
Sapangan (Deep Only)\2024_AUG_SAP_D\2024_AUG_S_T2\GOPR4792.JPG,Sapangan (Deep Only)\2024_AUG_SAP_D\2024_AUG_S_T2\GOPR4792\Coral3.JPG,3,0.4166,Sapangan,T2,4
Sapangan (Deep Only)\2024_AUG_SAP_D\2024_AUG_S_T2\GOPR4783.JPG,Sapangan (Deep Only)\2024_AUG_SAP_D\2024_AUG_S_T2\GOPR4783\Coral29.JPG,29,0.1764,Sapangan,T2,4
Sapangan (Deep Only)\2024_JUL_SAP_D\SAP-D_T2\GOPR3281.JPG,Sapangan (Deep Only)\2024_JUL_SAP_D\SAP-D_T2\GOPR3281\Coral3.JPG,3,0.2101,Sapangan,T2,4
Sapangan (Deep Only)\2024_AUG_SAP_D\2024_AUG_S_T2\GOPR4793.JPG,Sapangan (Deep Only)\2024_AUG_SAP_D\2024_AUG_S_T2\GOPR4793\Coral6.JPG,6,0.4377,Sapangan,T2,4
Sapangan (Deep Only)\2024_AUG_SAP_D\2024_AUG_S_T2\GOPR4781.JPG,Sapangan (Deep Only)\2024_AUG_SAP_D\2024_AUG_S_T2\GOPR4781\Coral7.JPG,7,0.2569,Sapangan,T2,4
Sapangan (Deep Only)\2024_JUL_SAP_D\SAP-D_T2\GOPR3283.JPG,Sapangan (Deep Only)\2024_JUL_SAP_D\SAP-D_T2\GOPR3283\Coral8.JPG,8,0.1563,Sapangan,T2,4
Sapangan (Deep Only)\2024_AUG_SAP_D\2024_AUG_S_T2\GOPR4814.JPG,Sapangan (Deep Only)\2024_AUG_SAP_D\2024_AUG_S_T2\GOPR4814\Coral3.JPG,3,0.3443,Sapangan,T2,4
Sapangan (Deep Only)\2024_JUL_SAP_D\SAP-D_T2\GOPR3276.JPG,Sapangan (Deep Only)\2024_JUL_SAP_D\SAP-D_T2\GOPR3276\Coral3.JPG,3,0.3196,Sapangan,T2,4
Sapangan (Deep Only)\2024_JUL_SAP_D\SAP-D_T2\GOPR3314.JPG,Sapangan (Deep Only)\2024_JUL_SAP_D\SAP-D_T2\GOPR3314\Coral8.JPG,8,0.1693,Sapangan,T2,4
Sapangan (Deep Only)\2024_AUG_SAP_D\2024_AUG_S_T2\GOPR4790.JPG,Sapangan (Deep Only)\2024_AUG_SAP_D\2024_AUG_S_T2\GOPR4790\Coral13.JPG,13,0.2187,Sapangan,T2,4
Sapangan (Deep Only)\2024_AUG_SAP_D\2024_AUG_S_T2\GOPR4812.JPG,Sapangan (Deep Only)\2024_AUG_SAP_D\2024_AUG_S_T2\GOPR4812\Coral3.JPG,3,0.2631,Sapangan,T2,4
Sapangan (Deep Only)\2024_AUG_SAP_D\2024_AUG_S_T2\GOPR4773.JPG,Sapangan (Deep Only)\2024_AUG_SAP_D\2024_AUG_S_T2\GOPR4773\Coral27.JPG,27,0.2236,Sapangan,T2,4
Sapangan (Deep Only)\2024_JUL_SAP_D\SAP-D_T2\GOPR3310.JPG,Sapangan (Deep Only)\2024_JUL_SAP_D\SAP-D_T2\GOPR3310\Coral6.JPG,6,0.1741,Sapangan,T2,4
Sapangan (Deep Only)\2024_JUL_SAP_D\SAP-D_T2\GOPR3269.JPG,Sapangan (Deep Only)\2024_JUL_SAP_D\SAP-D_T2\GOPR3269\Coral1.JPG,1,0.6487,Sapangan,T2,4
Sapangan (Deep Only)\2024_JUL_SAP_D\SAP-D_T2\GOPR3285.JPG,Sapangan (Deep Only)\2024_JUL_SAP_D\SAP-D_T2\GOPR3285\Coral9.JPG,9,0.2153,Sapangan,T2,4
Sapangan (Deep Only)\2024_AUG_SAP_D\2024_AUG_S_T2\GOPR4788.JPG,Sapangan (Deep Only)\2024_AUG_SAP_D\2024_AUG_S_T2\GOPR4788\Coral3.JPG,3,0.428,Sapangan,T2,4
Sapangan (Deep Only)\2024_AUG_SAP_D\2024_AUG_S_T2\GOPR4774.JPG,Sapangan (Deep Only)\2024_AUG_SAP_D\2024_AUG_S_T2\GOPR4774\Coral17.JPG,17,0.3202,Sapangan,T2,4
Sapangan (Deep Only)\2024_JUL_SAP_D\SAP-D_T2\GOPR3298.JPG,Sapangan (Deep Only)\2024_JUL_SAP_D\SAP-D_T2\GOPR3298\Coral6.JPG,6,0.4994,Sapangan,T2,4
Sapangan (Deep Only)\2024_JUL_SAP_D\SAP-D_T2\GOPR3302.JPG,Sapangan (Deep Only)\2024_JUL_SAP_D\SAP-D_T2\GOPR3302\Coral11.JPG,11,0.1871,Sapangan,T2,4
Sapangan (Deep Only)\2024_AUG_SAP_D\2024_AUG_S_T2\GOPR4815.JPG,Sapangan (Deep Only)\2024_AUG_SAP_D\2024_AUG_S_T2\GOPR4815\Coral21.JPG,21,0.1535,Sapangan,T2,4
Sapangan (Deep Only)\2024_AUG_SAP_D\2024_AUG_S_T2\GOPR4815.JPG,Sapangan (Deep Only)\2024_AUG_SAP_D\2024_AUG_S_T2\GOPR4815\Coral6.JPG,6,0.304,Sapangan,T2,4
Sapangan (Deep Only)\2024_AUG_SAP_D\2024_AUG_S_T2\GOPR4815.JPG,Sapangan (Deep Only)\2024_AUG_SAP_D\2024_AUG_S_T2\GOPR4815\Coral19.JPG,19,0.1618,Sapangan,T2,4
Sapangan (Deep Only)\2024_JUL_SAP_D\SAP-D_T2\GOPR3299.JPG,Sapangan (Deep Only)\2024_JUL_SAP_D\SAP-D_T2\GOPR3299\Coral18.JPG,18,0.3035,Sapangan,T2,4
Sapangan (Deep Only)\2024_JUL_SAP_D\SAP-D_T2\GOPR3299.JPG,Sapangan (Deep Only)\2024_JUL_SAP_D\SAP-D_T2\GOPR3299\Coral27.JPG,27,0.1937,Sapangan,T2,4
Sapangan (Deep Only)\2024_JUL_SAP_D\SAP-D_T2\GOPR3299.JPG,Sapangan (Deep Only)\2024_JUL_SAP_D\SAP-D_T2\GOPR3299\Coral3.JPG,3,0.5844,Sapangan,T2,4
Sapangan (Deep Only)\2024_JUL_SAP_D\SAP-D_T2\GOPR3299.JPG,Sapangan (Deep Only)\2024_JUL_SAP_D\SAP-D_T2\GOPR3299\Coral11.JPG,11,0.3756,Sapangan,T2,4
Sapangan (Deep Only)\2024_JUL_SAP_D\SAP-D_T2\GOPR3299.JPG,Sapangan (Deep Only)\2024_JUL_SAP_D\SAP-D_T2\GOPR3299\Coral6.JPG,6,0.4948,Sapangan,T2,4
Sapangan (Deep Only)\2024_JUL_SAP_D\SAP-D_T2\GOPR3299.JPG,Sapangan (Deep Only)\2024_JUL_SAP_D\SAP-D_T2\GOPR3299\Coral15.JPG,15,0.3079,Sapangan,T2,4
Sapangan (Deep Only)\2024_AUG_SAP_D\2024_AUG_S_T2\GOPR4800.JPG,Sapangan (Deep Only)\2024_AUG_SAP_D\2024_AUG_S_T2\GOPR4800\Coral25.JPG,25,0.3158,Sapangan,T2,4
Sapangan (Deep Only)\2024_AUG_SAP_D\2024_AUG_S_T2\GOPR4800.JPG,Sapangan (Deep Only)\2024_AUG_SAP_D\2024_AUG_S_T2\GOPR4800\Coral11.JPG,11,0.4953,Sapangan,T2,4
Sapangan (Deep Only)\2024_AUG_SAP_D\2024_AUG_S_T2\GOPR4800.JPG,Sapangan (Deep Only)\2024_AUG_SAP_D\2024_AUG_S_T2\GOPR4800\Coral48.JPG,48,0.1696,Sapangan,T2,4
Sapangan (Deep Only)\2024_AUG_SAP_D\2024_AUG_S_T2\GOPR4800.JPG,Sapangan (Deep Only)\2024_AUG_SAP_D\2024_AUG_S_T2\GOPR4800\Coral30.JPG,30,0.264,Sapangan,T2,4
Sapangan (Deep Only)\2024_AUG_SAP_D\2024_AUG_S_T2\GOPR4800.JPG,Sapangan (Deep Only)\2024_AUG_SAP_D\2024_AUG_S_T2\GOPR4800\Coral8.JPG,8,0.5477,Sapangan,T2,4
Sapangan (Deep Only)\2024_AUG_SAP_D\2024_AUG_S_T2\GOPR4800.JPG,Sapangan (Deep Only)\2024_AUG_SAP_D\2024_AUG_S_T2\GOPR4800\Coral40.JPG,40,0.1976,Sapangan,T2,4
Sapangan (Deep Only)\2024_AUG_SAP_D\2024_AUG_S_T2\GOPR4800.JPG,Sapangan (Deep Only)\2024_AUG_SAP_D\2024_AUG_S_T2\GOPR4800\Coral24.JPG,24,0.3273,Sapangan,T2,4
Sapangan (Deep Only)\2024_AUG_SAP_D\2024_AUG_S_T2\GOPR4800.JPG,Sapangan (Deep Only)\2024_AUG_SAP_D\2024_AUG_S_T2\GOPR4800\Coral34.JPG,34,0.2332,Sapangan,T2,4
Sapangan (Deep Only)\2024_AUG_SAP_D\2024_AUG_S_T2\GOPR4800.JPG,Sapangan (Deep Only)\2024_AUG_SAP_D\2024_AUG_S_T2\GOPR4800\Coral44.JPG,44,0.1857,Sapangan,T2,4
Sapangan (Deep Only)\2024_AUG_SAP_D\2024_AUG_S_T2\GOPR4800.JPG,Sapangan (Deep Only)\2024_AUG_SAP_D\2024_AUG_S_T2\GOPR4800\Coral15.JPG,15,0.4351,Sapangan,T2,4
Sapangan (Deep Only)\2024_AUG_SAP_D\2024_AUG_S_T2\GOPR4800.JPG,Sapangan (Deep Only)\2024_AUG_SAP_D\2024_AUG_S_T2\GOPR4800\Coral17.JPG,17,0.3927,Sapangan,T2,4
Sapangan (Deep Only)\2024_AUG_SAP_D\2024_AUG_S_T2\GOPR4800.JPG,Sapangan (Deep Only)\2024_AUG_SAP_D\2024_AUG_S_T2\GOPR4800\Coral21.JPG,21,0.3431,Sapangan,T2,4
Sapangan (Deep Only)\2024_AUG_SAP_D\2024_AUG_S_T2\GOPR4800.JPG,Sapangan (Deep Only)\2024_AUG_SAP_D\2024_AUG_S_T2\GOPR4800\Coral27.JPG,27,0.2806,Sapangan,T2,4
Sapangan (Deep Only)\2024_AUG_SAP_D\2024_AUG_S_T2\GOPR4806.JPG,Sapangan (Deep Only)\2024_AUG_SAP_D\2024_AUG_S_T2\GOPR4806\Coral3.JPG,3,0.5683,Sapangan,T2,4
Sapangan (Deep Only)\2024_AUG_SAP_D\2024_AUG_S_T2\GOPR4806.JPG,Sapangan (Deep Only)\2024_AUG_SAP_D\2024_AUG_S_T2\GOPR4806\Coral8.JPG,8,0.1816,Sapangan,T2,4
Sapangan (Deep Only)\2024_AUG_SAP_D\2024_AUG_S_T2\GOPR4806.JPG,Sapangan (Deep Only)\2024_AUG_SAP_D\2024_AUG_S_T2\GOPR4806\Coral5.JPG,5,0.2233,Sapangan,T2,4
Sapangan (Deep Only)\2024_JUL_SAP_D\SAP-D_T2\GOPR3303.JPG,Sapangan (Deep Only)\2024_JUL_SAP_D\SAP-D_T2\GOPR3303\Coral12.JPG,12,0.2197,Sapangan,T2,4
Sapangan (Deep Only)\2024_JUL_SAP_D\SAP-D_T2\GOPR3303.JPG,Sapangan (Deep Only)\2024_JUL_SAP_D\SAP-D_T2\GOPR3303\Coral13.JPG,13,0.1861,Sapangan,T2,4
Sapangan (Deep Only)\2024_JUL_SAP_D\SAP-D_T2\GOPR3271.JPG,Sapangan (Deep Only)\2024_JUL_SAP_D\SAP-D_T2\GOPR3271\Coral26.JPG,26,0.2074,Sapangan,T2,4
Sapangan (Deep Only)\2024_JUL_SAP_D\SAP-D_T2\GOPR3271.JPG,Sapangan (Deep Only)\2024_JUL_SAP_D\SAP-D_T2\GOPR3271\Coral28.JPG,28,0.1973,Sapangan,T2,4
Sapangan (Deep Only)\2024_JUL_SAP_D\SAP-D_T2\GOPR3271.JPG,Sapangan (Deep Only)\2024_JUL_SAP_D\SAP-D_T2\GOPR3271\Coral5.JPG,5,0.5434,Sapangan,T2,4
Sapangan (Deep Only)\2024_JUL_SAP_D\SAP-D_T2\GOPR3271.JPG,Sapangan (Deep Only)\2024_JUL_SAP_D\SAP-D_T2\GOPR3271\Coral23.JPG,23,0.2369,Sapangan,T2,4
Sapangan (Deep Only)\2024_JUL_SAP_D\SAP-D_T2\GOPR3271.JPG,Sapangan (Deep Only)\2024_JUL_SAP_D\SAP-D_T2\GOPR3271\Coral13.JPG,13,0.3739,Sapangan,T2,4
Sapangan (Deep Only)\2024_JUL_SAP_D\SAP-D_T2\GOPR3271.JPG,Sapangan (Deep Only)\2024_JUL_SAP_D\SAP-D_T2\GOPR3271\Coral29.JPG,29,0.1788,Sapangan,T2,4
Sapangan (Deep Only)\2024_JUL_SAP_D\SAP-D_T2\GOPR3271.JPG,Sapangan (Deep Only)\2024_JUL_SAP_D\SAP-D_T2\GOPR3271\Coral16.JPG,16,0.3389,Sapangan,T2,4
Sapangan (Deep Only)\2024_AUG_SAP_D\2024_AUG_S_T2\GOPR4783.JPG,Sapangan (Deep Only)\2024_AUG_SAP_D\2024_AUG_S_T2\GOPR4783\Coral14.JPG,14,0.4835,Sapangan,T2,4
Sapangan (Deep Only)\2024_AUG_SAP_D\2024_AUG_S_T2\GOPR4783.JPG,Sapangan (Deep Only)\2024_AUG_SAP_D\2024_AUG_S_T2\GOPR4783\Coral22.JPG,22,0.2379,Sapangan,T2,4
Sapangan (Deep Only)\2024_AUG_SAP_D\2024_AUG_S_T2\GOPR4783.JPG,Sapangan (Deep Only)\2024_AUG_SAP_D\2024_AUG_S_T2\GOPR4783\Coral15.JPG,15,0.4358,Sapangan,T2,4
Sapangan (Deep Only)\2024_AUG_SAP_D\2024_AUG_S_T2\GOPR4783.JPG,Sapangan (Deep Only)\2024_AUG_SAP_D\2024_AUG_S_T2\GOPR4783\Coral13.JPG,13,0.5142,Sapangan,T2,4
Sapangan (Deep Only)\2024_AUG_SAP_D\2024_AUG_S_T2\GOPR4783.JPG,Sapangan (Deep Only)\2024_AUG_SAP_D\2024_AUG_S_T2\GOPR4783\Coral32.JPG,32,0.1538,Sapangan,T2,4
Sapangan (Deep Only)\2024_AUG_SAP_D\2024_AUG_S_T2\GOPR4783.JPG,Sapangan (Deep Only)\2024_AUG_SAP_D\2024_AUG_S_T2\GOPR4783\Coral18.JPG,18,0.2946,Sapangan,T2,4
Sapangan (Deep Only)\2024_AUG_SAP_D\2024_AUG_S_T2\GOPR4783.JPG,Sapangan (Deep Only)\2024_AUG_SAP_D\2024_AUG_S_T2\GOPR4783\Coral16.JPG,16,0.3625,Sapangan,T2,4
Sapangan (Deep Only)\2024_JUL_SAP_D\SAP-D_T2\GOPR3301.JPG,Sapangan (Deep Only)\2024_JUL_SAP_D\SAP-D_T2\GOPR3301\Coral1.JPG,1,0.4938,Sapangan,T2,4
Sapangan (Deep Only)\2024_AUG_SAP_D\2024_AUG_S_T2\GOPR4789.JPG,Sapangan (Deep Only)\2024_AUG_SAP_D\2024_AUG_S_T2\GOPR4789\Coral3.JPG,3,0.2521,Sapangan,T2,4
Sapangan (Deep Only)\2024_JUL_SAP_D\SAP-D_T2\GOPR3294.JPG,Sapangan (Deep Only)\2024_JUL_SAP_D\SAP-D_T2\GOPR3294\Coral53.JPG,53,0.2174,Sapangan,T2,4
Sapangan (Deep Only)\2024_JUL_SAP_D\SAP-D_T2\GOPR3294.JPG,Sapangan (Deep Only)\2024_JUL_SAP_D\SAP-D_T2\GOPR3294\Coral21.JPG,21,0.4764,Sapangan,T2,4
Sapangan (Deep Only)\2024_JUL_SAP_D\SAP-D_T2\GOPR3294.JPG,Sapangan (Deep Only)\2024_JUL_SAP_D\SAP-D_T2\GOPR3294\Coral51.JPG,51,0.2289,Sapangan,T2,4
Sapangan (Deep Only)\2024_JUL_SAP_D\SAP-D_T2\GOPR3294.JPG,Sapangan (Deep Only)\2024_JUL_SAP_D\SAP-D_T2\GOPR3294\Coral13.JPG,13,0.565,Sapangan,T2,4
Sapangan (Deep Only)\2024_JUL_SAP_D\SAP-D_T2\GOPR3294.JPG,Sapangan (Deep Only)\2024_JUL_SAP_D\SAP-D_T2\GOPR3294\Coral70.JPG,70,0.1503,Sapangan,T2,4
Sapangan (Deep Only)\2024_JUL_SAP_D\SAP-D_T2\GOPR3294.JPG,Sapangan (Deep Only)\2024_JUL_SAP_D\SAP-D_T2\GOPR3294\Coral39.JPG,39,0.2872,Sapangan,T2,4
Sapangan (Deep Only)\2024_JUL_SAP_D\SAP-D_T2\GOPR3294.JPG,Sapangan (Deep Only)\2024_JUL_SAP_D\SAP-D_T2\GOPR3294\Coral40.JPG,40,0.2828,Sapangan,T2,4
Sapangan (Deep Only)\2024_JUL_SAP_D\SAP-D_T2\GOPR3294.JPG,Sapangan (Deep Only)\2024_JUL_SAP_D\SAP-D_T2\GOPR3294\Coral8.JPG,8,0.6142,Sapangan,T2,4
Sapangan (Deep Only)\2024_JUL_SAP_D\SAP-D_T2\GOPR3294.JPG,Sapangan (Deep Only)\2024_JUL_SAP_D\SAP-D_T2\GOPR3294\Coral36.JPG,36,0.3247,Sapangan,T2,4
Sapangan (Deep Only)\2024_JUL_SAP_D\SAP-D_T2\GOPR3294.JPG,Sapangan (Deep Only)\2024_JUL_SAP_D\SAP-D_T2\GOPR3294\Coral58.JPG,58,0.2007,Sapangan,T2,4
Sapangan (Deep Only)\2024_JUL_SAP_D\SAP-D_T2\GOPR3294.JPG,Sapangan (Deep Only)\2024_JUL_SAP_D\SAP-D_T2\GOPR3294\Coral65.JPG,65,0.1701,Sapangan,T2,4
Sapangan (Deep Only)\2024_JUL_SAP_D\SAP-D_T2\GOPR3294.JPG,Sapangan (Deep Only)\2024_JUL_SAP_D\SAP-D_T2\GOPR3294\Coral49.JPG,49,0.2344,Sapangan,T2,4
Sapangan (Deep Only)\2024_JUL_SAP_D\SAP-D_T2\GOPR3294.JPG,Sapangan (Deep Only)\2024_JUL_SAP_D\SAP-D_T2\GOPR3294\Coral47.JPG,47,0.2391,Sapangan,T2,4
Sapangan (Deep Only)\2024_JUL_SAP_D\SAP-D_T2\GOPR3294.JPG,Sapangan (Deep Only)\2024_JUL_SAP_D\SAP-D_T2\GOPR3294\Coral50.JPG,50,0.2312,Sapangan,T2,4
Sapangan (Deep Only)\2024_AUG_SAP_D\2024_AUG_S_T2\GOPR4810.JPG,Sapangan (Deep Only)\2024_AUG_SAP_D\2024_AUG_S_T2\GOPR4810\Coral12.JPG,12,0.2215,Sapangan,T2,4
Sapangan (Deep Only)\2024_AUG_SAP_D\2024_AUG_S_T2\GOPR4810.JPG,Sapangan (Deep Only)\2024_AUG_SAP_D\2024_AUG_S_T2\GOPR4810\Coral6.JPG,6,0.3146,Sapangan,T2,4
Sapangan (Deep Only)\2024_AUG_SAP_D\2024_AUG_S_T3\GOPR5048.JPG,Sapangan (Deep Only)\2024_AUG_SAP_D\2024_AUG_S_T3\GOPR5048\Coral14.JPG,14,0.2777,Sapangan,T3,4
Sapangan (Deep Only)\2024_JUL_SAP_D\SAP-D_T3\GOPR3345.JPG,Sapangan (Deep Only)\2024_JUL_SAP_D\SAP-D_T3\GOPR3345\Coral6.JPG,6,0.2353,Sapangan,T3,4
Sapangan (Deep Only)\2024_AUG_SAP_D\2024_AUG_S_T3\GOPR5060.JPG,Sapangan (Deep Only)\2024_AUG_SAP_D\2024_AUG_S_T3\GOPR5060\Coral14.JPG,14,0.3337,Sapangan,T3,4
Sapangan (Deep Only)\2024_AUG_SAP_D\2024_AUG_S_T3\GOPR5024.JPG,Sapangan (Deep Only)\2024_AUG_SAP_D\2024_AUG_S_T3\GOPR5024\Coral10.JPG,10,0.1843,Sapangan,T3,4
Sapangan (Deep Only)\2024_AUG_SAP_D\2024_AUG_S_T3\GOPR5064.JPG,Sapangan (Deep Only)\2024_AUG_SAP_D\2024_AUG_S_T3\GOPR5064\Coral20.JPG,20,0.3496,Sapangan,T3,4
Sapangan (Deep Only)\2024_AUG_SAP_D\2024_AUG_S_T3\GOPR5070.JPG,Sapangan (Deep Only)\2024_AUG_SAP_D\2024_AUG_S_T3\GOPR5070\Coral37.JPG,37,0.1637,Sapangan,T3,4
Sapangan (Deep Only)\2024_AUG_SAP_D\2024_AUG_S_T3\GOPR5071.JPG,Sapangan (Deep Only)\2024_AUG_SAP_D\2024_AUG_S_T3\GOPR5071\Coral9.JPG,9,0.5111,Sapangan,T3,4
Sapangan (Deep Only)\2024_JUL_SAP_D\SAP-D_T3\GOPR3323.JPG,Sapangan (Deep Only)\2024_JUL_SAP_D\SAP-D_T3\GOPR3323\Coral8.JPG,8,0.2207,Sapangan,T3,4
Sapangan (Deep Only)\2024_JUL_SAP_D\SAP-D_T3\GOPR3357.JPG,Sapangan (Deep Only)\2024_JUL_SAP_D\SAP-D_T3\GOPR3357\Coral2.JPG,2,0.6663,Sapangan,T3,4
Sapangan (Deep Only)\2024_AUG_SAP_D\2024_AUG_S_T3\GOPR5063.JPG,Sapangan (Deep Only)\2024_AUG_SAP_D\2024_AUG_S_T3\GOPR5063\Coral34.JPG,34,0.2641,Sapangan,T3,4
Sapangan (Deep Only)\2024_JUL_SAP_D\SAP-D_T3\GOPR3358.JPG,Sapangan (Deep Only)\2024_JUL_SAP_D\SAP-D_T3\GOPR3358\Coral32.JPG,32,0.2012,Sapangan,T3,4
Sapangan (Deep Only)\2024_JUL_SAP_D\SAP-D_T3\GOPR3364.JPG,Sapangan (Deep Only)\2024_JUL_SAP_D\SAP-D_T3\GOPR3364\Coral9.JPG,9,0.172,Sapangan,T3,4
Sapangan (Deep Only)\2024_JUL_SAP_D\SAP-D_T3\GOPR3348.JPG,Sapangan (Deep Only)\2024_JUL_SAP_D\SAP-D_T3\GOPR3348\Coral9.JPG,9,0.3004,Sapangan,T3,4
Sapangan (Deep Only)\2024_AUG_SAP_D\2024_AUG_S_T3\GOPR5052.JPG,Sapangan (Deep Only)\2024_AUG_SAP_D\2024_AUG_S_T3\GOPR5052\Coral19.JPG,19,0.3805,Sapangan,T3,4
Sapangan (Deep Only)\2024_AUG_SAP_D\2024_AUG_S_T3\GOPR5037.JPG,Sapangan (Deep Only)\2024_AUG_SAP_D\2024_AUG_S_T3\GOPR5037\Coral5.JPG,5,0.2482,Sapangan,T3,4
Sapangan (Deep Only)\2024_JUL_SAP_D\SAP-D_T3\GOPR3332.JPG,Sapangan (Deep Only)\2024_JUL_SAP_D\SAP-D_T3\GOPR3332\Coral29.JPG,29,0.1887,Sapangan,T3,4
Sapangan (Deep Only)\2024_JUL_SAP_D\SAP-D_T3\GOPR3363.JPG,Sapangan (Deep Only)\2024_JUL_SAP_D\SAP-D_T3\GOPR3363\Coral12.JPG,12,0.1953,Sapangan,T3,4
Sapangan (Deep Only)\2024_AUG_SAP_D\2024_AUG_S_T3\GOPR5051.JPG,Sapangan (Deep Only)\2024_AUG_SAP_D\2024_AUG_S_T3\GOPR5051\Coral19.JPG,19,0.3955,Sapangan,T3,4
Sapangan (Deep Only)\2024_JUL_SAP_D\SAP-D_T3\GOPR3322.JPG,Sapangan (Deep Only)\2024_JUL_SAP_D\SAP-D_T3\GOPR3322\Coral9.JPG,9,0.2929,Sapangan,T3,4
Sapangan (Deep Only)\2024_AUG_SAP_D\2024_AUG_S_T3\GOPR5034.JPG,Sapangan (Deep Only)\2024_AUG_SAP_D\2024_AUG_S_T3\GOPR5034\Coral16.JPG,16,0.1544,Sapangan,T3,4
Sapangan (Deep Only)\2024_AUG_SAP_D\2024_AUG_S_T3\GOPR5058.JPG,Sapangan (Deep Only)\2024_AUG_SAP_D\2024_AUG_S_T3\GOPR5058\Coral20.JPG,20,0.3402,Sapangan,T3,4
Sapangan (Deep Only)\2024_JUL_SAP_D\SAP-D_T3\GOPR3365.JPG,Sapangan (Deep Only)\2024_JUL_SAP_D\SAP-D_T3\GOPR3365\Coral5.JPG,5,0.1979,Sapangan,T3,4
Sapangan (Deep Only)\2024_AUG_SAP_D\2024_AUG_S_T3\GOPR5072.JPG,Sapangan (Deep Only)\2024_AUG_SAP_D\2024_AUG_S_T3\GOPR5072\Coral9.JPG,9,0.2609,Sapangan,T3,4
Sapangan (Deep Only)\2024_AUG_SAP_D\2024_AUG_S_T3\GOPR5065.JPG,Sapangan (Deep Only)\2024_AUG_SAP_D\2024_AUG_S_T3\GOPR5065\Coral19.JPG,19,0.1953,Sapangan,T3,4
Sapangan (Deep Only)\2024_AUG_SAP_D\2024_AUG_S_T3\GOPR5024.JPG,Sapangan (Deep Only)\2024_AUG_SAP_D\2024_AUG_S_T3\GOPR5024\Coral3.JPG,3,0.4072,Sapangan,T3,4
Sapangan (Deep Only)\2024_JUL_SAP_D\SAP-D_T3\GOPR3359.JPG,Sapangan (Deep Only)\2024_JUL_SAP_D\SAP-D_T3\GOPR3359\Coral1.JPG,1,0.5908,Sapangan,T3,4
Sapangan (Deep Only)\2024_JUL_SAP_D\SAP-D_T3\GOPR3323.JPG,Sapangan (Deep Only)\2024_JUL_SAP_D\SAP-D_T3\GOPR3323\Coral6.JPG,6,0.3403,Sapangan,T3,4
Sapangan (Deep Only)\2024_JUL_SAP_D\SAP-D_T3\GOPR3319.JPG,Sapangan (Deep Only)\2024_JUL_SAP_D\SAP-D_T3\GOPR3319\Coral6.JPG,6,0.268,Sapangan,T3,4
Sapangan (Deep Only)\2024_JUL_SAP_D\SAP-D_T3\GOPR3354.JPG,Sapangan (Deep Only)\2024_JUL_SAP_D\SAP-D_T3\GOPR3354\Coral7.JPG,7,0.1595,Sapangan,T3,4
Sapangan (Deep Only)\2024_AUG_SAP_D\2024_AUG_S_T3\GOPR5073.JPG,Sapangan (Deep Only)\2024_AUG_SAP_D\2024_AUG_S_T3\GOPR5073\Coral10.JPG,10,0.252,Sapangan,T3,4
Sapangan (Deep Only)\2024_JUL_SAP_D\SAP-D_T3\GOPR3332.JPG,Sapangan (Deep Only)\2024_JUL_SAP_D\SAP-D_T3\GOPR3332\Coral34.JPG,34,0.1557,Sapangan,T3,4
Sapangan (Deep Only)\2024_JUL_SAP_D\SAP-D_T3\GOPR3352.JPG,Sapangan (Deep Only)\2024_JUL_SAP_D\SAP-D_T3\GOPR3352\Coral1.JPG,1,0.3639,Sapangan,T3,4
Sapangan (Deep Only)\2024_JUL_SAP_D\SAP-D_T3\GOPR3363.JPG,Sapangan (Deep Only)\2024_JUL_SAP_D\SAP-D_T3\GOPR3363\Coral4.JPG,4,0.3904,Sapangan,T3,4
Sapangan (Deep Only)\2024_AUG_SAP_D\2024_AUG_S_T3\GOPR5028.JPG,Sapangan (Deep Only)\2024_AUG_SAP_D\2024_AUG_S_T3\GOPR5028\Coral16.JPG,16,0.1834,Sapangan,T3,4
Sapangan (Deep Only)\2024_AUG_SAP_D\2024_AUG_S_T3\GOPR5057.JPG,Sapangan (Deep Only)\2024_AUG_SAP_D\2024_AUG_S_T3\GOPR5057\Coral23.JPG,23,0.214,Sapangan,T3,4
Sapangan (Deep Only)\2024_AUG_SAP_D\2024_AUG_S_T3\GOPR5066.JPG,Sapangan (Deep Only)\2024_AUG_SAP_D\2024_AUG_S_T3\GOPR5066\Coral10.JPG,10,0.1533,Sapangan,T3,4
Sapangan (Deep Only)\2024_AUG_SAP_D\2024_AUG_S_T3\GOPR5058.JPG,Sapangan (Deep Only)\2024_AUG_SAP_D\2024_AUG_S_T3\GOPR5058\Coral22.JPG,22,0.3233,Sapangan,T3,4
Sapangan (Deep Only)\2024_AUG_SAP_D\2024_AUG_S_T3\GOPR5074.JPG,Sapangan (Deep Only)\2024_AUG_SAP_D\2024_AUG_S_T3\GOPR5074\Coral6.JPG,6,0.4383,Sapangan,T3,4
Sapangan (Deep Only)\2024_AUG_SAP_D\2024_AUG_S_T3\GOPR5039.JPG,Sapangan (Deep Only)\2024_AUG_SAP_D\2024_AUG_S_T3\GOPR5039\Coral3.JPG,3,0.4563,Sapangan,T3,4
Sapangan (Deep Only)\2024_JUL_SAP_D\SAP-D_T3\GOPR3331.JPG,Sapangan (Deep Only)\2024_JUL_SAP_D\SAP-D_T3\GOPR3331\Coral6.JPG,6,0.5777,Sapangan,T3,4
Sapangan (Deep Only)\2024_JUL_SAP_D\SAP-D_T3\GOPR3353.JPG,Sapangan (Deep Only)\2024_JUL_SAP_D\SAP-D_T3\GOPR3353\Coral2.JPG,2,0.3958,Sapangan,T3,4
Sapangan (Deep Only)\2024_JUL_SAP_D\SAP-D_T3\GOPR3342.JPG,Sapangan (Deep Only)\2024_JUL_SAP_D\SAP-D_T3\GOPR3342\Coral6.JPG,6,0.2494,Sapangan,T3,4
Sapangan (Deep Only)\2024_AUG_SAP_D\2024_AUG_S_T3\GOPR5025.JPG,Sapangan (Deep Only)\2024_AUG_SAP_D\2024_AUG_S_T3\GOPR5025\Coral7.JPG,7,0.1549,Sapangan,T3,4
Sapangan (Deep Only)\2024_AUG_SAP_D\2024_AUG_S_T3\GOPR5033.JPG,Sapangan (Deep Only)\2024_AUG_SAP_D\2024_AUG_S_T3\GOPR5033\Coral1.JPG,1,0.6176,Sapangan,T3,4
Sapangan (Deep Only)\2024_AUG_SAP_D\2024_AUG_S_T3\GOPR5024.JPG,Sapangan (Deep Only)\2024_AUG_SAP_D\2024_AUG_S_T3\GOPR5024\Coral6.JPG,6,0.2942,Sapangan,T3,4
Sapangan (Deep Only)\2024_AUG_SAP_D\2024_AUG_S_T3\GOPR5070.JPG,Sapangan (Deep Only)\2024_AUG_SAP_D\2024_AUG_S_T3\GOPR5070\Coral11.JPG,11,0.3785,Sapangan,T3,4
Sapangan (Deep Only)\2024_AUG_SAP_D\2024_AUG_S_T3\GOPR5075.JPG,Sapangan (Deep Only)\2024_AUG_SAP_D\2024_AUG_S_T3\GOPR5075\Coral25.JPG,25,0.227,Sapangan,T3,4
Sapangan (Deep Only)\2024_AUG_SAP_D\2024_AUG_S_T3\GOPR5038.JPG,Sapangan (Deep Only)\2024_AUG_SAP_D\2024_AUG_S_T3\GOPR5038\Coral6.JPG,6,0.4683,Sapangan,T3,4
Sapangan (Deep Only)\2024_JUL_SAP_D\SAP-D_T3\GOPR3351.JPG,Sapangan (Deep Only)\2024_JUL_SAP_D\SAP-D_T3\GOPR3351\Coral3.JPG,3,0.3159,Sapangan,T3,4
Sapangan (Deep Only)\2024_JUL_SAP_D\SAP-D_T3\GOPR3326.JPG,Sapangan (Deep Only)\2024_JUL_SAP_D\SAP-D_T3\GOPR3326\Coral10.JPG,10,0.2009,Sapangan,T3,4
Sapangan (Deep Only)\2024_AUG_SAP_D\2024_AUG_S_T3\GOPR5022.JPG,Sapangan (Deep Only)\2024_AUG_SAP_D\2024_AUG_S_T3\GOPR5022\Coral8.JPG,8,0.2634,Sapangan,T3,4
Sapangan (Deep Only)\2024_AUG_SAP_D\2024_AUG_S_T3\GOPR5030.JPG,Sapangan (Deep Only)\2024_AUG_SAP_D\2024_AUG_S_T3\GOPR5030\Coral22.JPG,22,0.1644,Sapangan,T3,4
Sapangan (Deep Only)\2024_AUG_SAP_D\2024_AUG_S_T3\GOPR5062.JPG,Sapangan (Deep Only)\2024_AUG_SAP_D\2024_AUG_S_T3\GOPR5062\Coral3.JPG,3,0.7807,Sapangan,T3,4
Sapangan (Deep Only)\2024_JUL_SAP_D\SAP-D_T3\GOPR3348.JPG,Sapangan (Deep Only)\2024_JUL_SAP_D\SAP-D_T3\GOPR3348\Coral13.JPG,13,0.2721,Sapangan,T3,4
Sapangan (Deep Only)\2024_JUL_SAP_D\SAP-D_T3\GOPR3339.JPG,Sapangan (Deep Only)\2024_JUL_SAP_D\SAP-D_T3\GOPR3339\Coral4.JPG,4,0.2385,Sapangan,T3,4
Sapangan (Deep Only)\2024_JUL_SAP_D\SAP-D_T3\GOPR3362.JPG,Sapangan (Deep Only)\2024_JUL_SAP_D\SAP-D_T3\GOPR3362\Coral18.JPG,18,0.154,Sapangan,T3,4
Sapangan (Deep Only)\2024_AUG_SAP_D\2024_AUG_S_T3\GOPR5057.JPG,Sapangan (Deep Only)\2024_AUG_SAP_D\2024_AUG_S_T3\GOPR5057\Coral27.JPG,27,0.1914,Sapangan,T3,4
Sapangan (Deep Only)\2024_AUG_SAP_D\2024_AUG_S_T3\GOPR5066.JPG,Sapangan (Deep Only)\2024_AUG_SAP_D\2024_AUG_S_T3\GOPR5066\Coral3.JPG,3,0.4629,Sapangan,T3,4
Sapangan (Deep Only)\2024_JUL_SAP_D\SAP-D_T3\GOPR3346.JPG,Sapangan (Deep Only)\2024_JUL_SAP_D\SAP-D_T3\GOPR3346\Coral2.JPG,2,0.4741,Sapangan,T3,4
Sapangan (Deep Only)\2024_AUG_SAP_D\2024_AUG_S_T3\GOPR5023.JPG,Sapangan (Deep Only)\2024_AUG_SAP_D\2024_AUG_S_T3\GOPR5023\Coral1.JPG,1,0.7628,Sapangan,T3,4
Sapangan (Deep Only)\2024_AUG_SAP_D\2024_AUG_S_T3\GOPR5029.JPG,Sapangan (Deep Only)\2024_AUG_SAP_D\2024_AUG_S_T3\GOPR5029\Coral6.JPG,6,0.2187,Sapangan,T3,4
Sapangan (Deep Only)\2024_AUG_SAP_D\2024_AUG_S_T3\GOPR5072.JPG,Sapangan (Deep Only)\2024_AUG_SAP_D\2024_AUG_S_T3\GOPR5072\Coral4.JPG,4,0.3959,Sapangan,T3,4
Sapangan (Deep Only)\2024_AUG_SAP_D\2024_AUG_S_T3\GOPR5033.JPG,Sapangan (Deep Only)\2024_AUG_SAP_D\2024_AUG_S_T3\GOPR5033\Coral5.JPG,5,0.3387,Sapangan,T3,4
Sapangan (Deep Only)\2024_AUG_SAP_D\2024_AUG_S_T3\GOPR5033.JPG,Sapangan (Deep Only)\2024_AUG_SAP_D\2024_AUG_S_T3\GOPR5033\Coral14.JPG,14,0.2165,Sapangan,T3,4
Sapangan (Deep Only)\2024_AUG_SAP_D\2024_AUG_S_T3\GOPR5048.JPG,Sapangan (Deep Only)\2024_AUG_SAP_D\2024_AUG_S_T3\GOPR5048\Coral9.JPG,9,0.3696,Sapangan,T3,4
Sapangan (Deep Only)\2024_AUG_SAP_D\2024_AUG_S_T3\GOPR5048.JPG,Sapangan (Deep Only)\2024_AUG_SAP_D\2024_AUG_S_T3\GOPR5048\Coral18.JPG,18,0.1811,Sapangan,T3,4
Sapangan (Deep Only)\2024_AUG_SAP_D\2024_AUG_S_T3\GOPR5048.JPG,Sapangan (Deep Only)\2024_AUG_SAP_D\2024_AUG_S_T3\GOPR5048\Coral15.JPG,15,0.2483,Sapangan,T3,4
Sapangan (Deep Only)\2024_AUG_SAP_D\2024_AUG_S_T3\GOPR5048.JPG,Sapangan (Deep Only)\2024_AUG_SAP_D\2024_AUG_S_T3\GOPR5048\Coral4.JPG,4,0.5265,Sapangan,T3,4
Sapangan (Deep Only)\2024_JUL_SAP_D\SAP-D_T3\GOPR3345.JPG,Sapangan (Deep Only)\2024_JUL_SAP_D\SAP-D_T3\GOPR3345\Coral7.JPG,7,0.2259,Sapangan,T3,4
Sapangan (Deep Only)\2024_AUG_SAP_D\2024_AUG_S_T3\GOPR5060.JPG,Sapangan (Deep Only)\2024_AUG_SAP_D\2024_AUG_S_T3\GOPR5060\Coral4.JPG,4,0.6141,Sapangan,T3,4
Sapangan (Deep Only)\2024_AUG_SAP_D\2024_AUG_S_T3\GOPR5060.JPG,Sapangan (Deep Only)\2024_AUG_SAP_D\2024_AUG_S_T3\GOPR5060\Coral7.JPG,7,0.5784,Sapangan,T3,4
Sapangan (Deep Only)\2024_AUG_SAP_D\2024_AUG_S_T3\GOPR5060.JPG,Sapangan (Deep Only)\2024_AUG_SAP_D\2024_AUG_S_T3\GOPR5060\Coral20.JPG,20,0.2253,Sapangan,T3,4
Sapangan (Deep Only)\2024_AUG_SAP_D\2024_AUG_S_T3\GOPR5060.JPG,Sapangan (Deep Only)\2024_AUG_SAP_D\2024_AUG_S_T3\GOPR5060\Coral18.JPG,18,0.2751,Sapangan,T3,4
Sapangan (Deep Only)\2024_JUL_SAP_D\SAP-D_T3\GOPR3327.JPG,Sapangan (Deep Only)\2024_JUL_SAP_D\SAP-D_T3\GOPR3327\Coral7.JPG,7,0.322,Sapangan,T3,4
Sapangan (Deep Only)\2024_AUG_SAP_D\2024_AUG_S_T3\GOPR5024.JPG,Sapangan (Deep Only)\2024_AUG_SAP_D\2024_AUG_S_T3\GOPR5024\Coral8.JPG,8,0.2312,Sapangan,T3,4
Sapangan (Deep Only)\2024_AUG_SAP_D\2024_AUG_S_T3\GOPR5064.JPG,Sapangan (Deep Only)\2024_AUG_SAP_D\2024_AUG_S_T3\GOPR5064\Coral6.JPG,6,0.7116,Sapangan,T3,4
Sapangan (Deep Only)\2024_AUG_SAP_D\2024_AUG_S_T3\GOPR5064.JPG,Sapangan (Deep Only)\2024_AUG_SAP_D\2024_AUG_S_T3\GOPR5064\Coral30.JPG,30,0.1625,Sapangan,T3,4
Sapangan (Deep Only)\2024_AUG_SAP_D\2024_AUG_S_T3\GOPR5064.JPG,Sapangan (Deep Only)\2024_AUG_SAP_D\2024_AUG_S_T3\GOPR5064\Coral26.JPG,26,0.2052,Sapangan,T3,4
Sapangan (Deep Only)\2024_AUG_SAP_D\2024_AUG_S_T3\GOPR5064.JPG,Sapangan (Deep Only)\2024_AUG_SAP_D\2024_AUG_S_T3\GOPR5064\Coral22.JPG,22,0.3003,Sapangan,T3,4
Sapangan (Deep Only)\2024_AUG_SAP_D\2024_AUG_S_T3\GOPR5064.JPG,Sapangan (Deep Only)\2024_AUG_SAP_D\2024_AUG_S_T3\GOPR5064\Coral28.JPG,28,0.1965,Sapangan,T3,4
Sapangan (Deep Only)\2024_JUL_SAP_D\SAP-D_T3\GOPR3324.JPG,Sapangan (Deep Only)\2024_JUL_SAP_D\SAP-D_T3\GOPR3324\Coral9.JPG,9,0.2767,Sapangan,T3,4
Sapangan (Deep Only)\2024_JUL_SAP_D\SAP-D_T3\GOPR3324.JPG,Sapangan (Deep Only)\2024_JUL_SAP_D\SAP-D_T3\GOPR3324\Coral7.JPG,7,0.3821,Sapangan,T3,4
Sapangan (Deep Only)\2024_JUL_SAP_D\SAP-D_T3\GOPR3324.JPG,Sapangan (Deep Only)\2024_JUL_SAP_D\SAP-D_T3\GOPR3324\Coral15.JPG,15,0.1565,Sapangan,T3,4
Sapangan (Deep Only)\2024_JUL_SAP_D\SAP-D_T3\GOPR3324.JPG,Sapangan (Deep Only)\2024_JUL_SAP_D\SAP-D_T3\GOPR3324\Coral6.JPG,6,0.4066,Sapangan,T3,4
Sapangan (Deep Only)\2024_AUG_SAP_D\2024_AUG_S_T3\GOPR5036.JPG,Sapangan (Deep Only)\2024_AUG_SAP_D\2024_AUG_S_T3\GOPR5036\Coral19.JPG,19,0.1743,Sapangan,T3,4
Sapangan (Deep Only)\2024_AUG_SAP_D\2024_AUG_S_T3\GOPR5036.JPG,Sapangan (Deep Only)\2024_AUG_SAP_D\2024_AUG_S_T3\GOPR5036\Coral20.JPG,20,0.1648,Sapangan,T3,4
Sapangan (Deep Only)\2024_AUG_SAP_D\2024_AUG_S_T3\GOPR5036.JPG,Sapangan (Deep Only)\2024_AUG_SAP_D\2024_AUG_S_T3\GOPR5036\Coral13.JPG,13,0.232,Sapangan,T3,4
Sapangan (Deep Only)\2024_AUG_SAP_D\2024_AUG_S_T3\GOPR5036.JPG,Sapangan (Deep Only)\2024_AUG_SAP_D\2024_AUG_S_T3\GOPR5036\Coral14.JPG,14,0.2174,Sapangan,T3,4
Sapangan (Deep Only)\2024_AUG_SAP_D\2024_AUG_S_T3\GOPR5036.JPG,Sapangan (Deep Only)\2024_AUG_SAP_D\2024_AUG_S_T3\GOPR5036\Coral6.JPG,6,0.3021,Sapangan,T3,4
Sapangan (Deep Only)\2024_AUG_SAP_D\2024_AUG_S_T3\GOPR5070.JPG,Sapangan (Deep Only)\2024_AUG_SAP_D\2024_AUG_S_T3\GOPR5070\Coral27.JPG,27,0.2259,Sapangan,T3,4
Sapangan (Deep Only)\2024_AUG_SAP_D\2024_AUG_S_T3\GOPR5070.JPG,Sapangan (Deep Only)\2024_AUG_SAP_D\2024_AUG_S_T3\GOPR5070\Coral42.JPG,42,0.1559,Sapangan,T3,4
Sapangan (Deep Only)\2024_AUG_SAP_D\2024_AUG_S_T3\GOPR5070.JPG,Sapangan (Deep Only)\2024_AUG_SAP_D\2024_AUG_S_T3\GOPR5070\Coral25.JPG,25,0.2641,Sapangan,T3,4
Sapangan (Deep Only)\2024_AUG_SAP_D\2024_AUG_S_T3\GOPR5070.JPG,Sapangan (Deep Only)\2024_AUG_SAP_D\2024_AUG_S_T3\GOPR5070\Coral40.JPG,40,0.1592,Sapangan,T3,4
Sapangan (Deep Only)\2024_AUG_SAP_D\2024_AUG_S_T3\GOPR5070.JPG,Sapangan (Deep Only)\2024_AUG_SAP_D\2024_AUG_S_T3\GOPR5070\Coral9.JPG,9,0.4146,Sapangan,T3,4
Sapangan (Deep Only)\2024_JUL_SAP_D\SAP-D_T3\GOPR3335.JPG,Sapangan (Deep Only)\2024_JUL_SAP_D\SAP-D_T3\GOPR3335\Coral1.JPG,1,0.3809,Sapangan,T3,4
Sapangan (Deep Only)\2024_JUL_SAP_D\SAP-D_T3\GOPR3356.JPG,Sapangan (Deep Only)\2024_JUL_SAP_D\SAP-D_T3\GOPR3356\Coral1.JPG,1,0.6213,Sapangan,T3,4
Sapangan (Deep Only)\2024_AUG_SAP_D\2024_AUG_S_T3\GOPR5071.JPG,Sapangan (Deep Only)\2024_AUG_SAP_D\2024_AUG_S_T3\GOPR5071\Coral40.JPG,40,0.1954,Sapangan,T3,4
Sapangan (Deep Only)\2024_AUG_SAP_D\2024_AUG_S_T3\GOPR5071.JPG,Sapangan (Deep Only)\2024_AUG_SAP_D\2024_AUG_S_T3\GOPR5071\Coral29.JPG,29,0.2635,Sapangan,T3,4
Sapangan (Deep Only)\2024_AUG_SAP_D\2024_AUG_S_T3\GOPR5071.JPG,Sapangan (Deep Only)\2024_AUG_SAP_D\2024_AUG_S_T3\GOPR5071\Coral38.JPG,38,0.2019,Sapangan,T3,4
Sapangan (Deep Only)\2024_AUG_SAP_D\2024_AUG_S_T3\GOPR5071.JPG,Sapangan (Deep Only)\2024_AUG_SAP_D\2024_AUG_S_T3\GOPR5071\Coral1.JPG,1,0.7079,Sapangan,T3,4
Sapangan (Deep Only)\2024_AUG_SAP_D\2024_AUG_S_T3\GOPR5071.JPG,Sapangan (Deep Only)\2024_AUG_SAP_D\2024_AUG_S_T3\GOPR5071\Coral6.JPG,6,0.6166,Sapangan,T3,4
Sapangan (Deep Only)\2024_AUG_SAP_D\2024_AUG_S_T3\GOPR5071.JPG,Sapangan (Deep Only)\2024_AUG_SAP_D\2024_AUG_S_T3\GOPR5071\Coral5.JPG,5,0.6174,Sapangan,T3,4
Sapangan (Deep Only)\2024_AUG_SAP_D\2024_AUG_S_T3\GOPR5071.JPG,Sapangan (Deep Only)\2024_AUG_SAP_D\2024_AUG_S_T3\GOPR5071\Coral51.JPG,51,0.1717,Sapangan,T3,4
Sapangan (Deep Only)\2024_AUG_SAP_D\2024_AUG_S_T3\GOPR5071.JPG,Sapangan (Deep Only)\2024_AUG_SAP_D\2024_AUG_S_T3\GOPR5071\Coral44.JPG,44,0.1802,Sapangan,T3,4
Sapangan (Deep Only)\2024_AUG_SAP_D\2024_AUG_S_T3\GOPR5071.JPG,Sapangan (Deep Only)\2024_AUG_SAP_D\2024_AUG_S_T3\GOPR5071\Coral43.JPG,43,0.1802,Sapangan,T3,4
Sapangan (Deep Only)\2024_AUG_SAP_D\2024_AUG_S_T3\GOPR5071.JPG,Sapangan (Deep Only)\2024_AUG_SAP_D\2024_AUG_S_T3\GOPR5071\Coral35.JPG,35,0.2131,Sapangan,T3,4
Sapangan (Deep Only)\2024_AUG_SAP_D\2024_AUG_S_T3\GOPR5071.JPG,Sapangan (Deep Only)\2024_AUG_SAP_D\2024_AUG_S_T3\GOPR5071\Coral52.JPG,52,0.1672,Sapangan,T3,4
Sapangan (Deep Only)\2024_AUG_SAP_D\2024_AUG_S_T3\GOPR5071.JPG,Sapangan (Deep Only)\2024_AUG_SAP_D\2024_AUG_S_T3\GOPR5071\Coral48.JPG,48,0.1746,Sapangan,T3,4
Sapangan (Deep Only)\2024_AUG_SAP_D\2024_AUG_S_T3\GOPR5071.JPG,Sapangan (Deep Only)\2024_AUG_SAP_D\2024_AUG_S_T3\GOPR5071\Coral4.JPG,4,0.6401,Sapangan,T3,4
Sapangan (Deep Only)\2024_JUL_SAP_D\SAP-D_T3\GOPR3359.JPG,Sapangan (Deep Only)\2024_JUL_SAP_D\SAP-D_T3\GOPR3359\Coral8.JPG,8,0.2327,Sapangan,T3,4
Sapangan (Deep Only)\2024_JUL_SAP_D\SAP-D_T3\GOPR3359.JPG,Sapangan (Deep Only)\2024_JUL_SAP_D\SAP-D_T3\GOPR3359\Coral13.JPG,13,0.1793,Sapangan,T3,4
