source_image_relpath,patch_relpath,patch_index,confidence,monitoring_station,transect,assigned_annotator
Coral Garden\2024_AUG_CG_S\2024_AUG_CG_S_T1\GOPR4864.JPG,Coral Garden\2024_AUG_CG_S\2024_AUG_CG_S_T1\GOPR4864\Coral1.JPG,1,0.6671,Coral Garden S,T1,2
Coral Garden\2024_JUL_CG_S\CG-S_T1\GOPR3092.JPG,Coral Garden\2024_JUL_CG_S\CG-S_T1\GOPR3092\Coral22.JPG,22,0.3372,Coral Garden S,T1,2
Coral Garden\2024_JUL_CG_S\CG-S_T1\GOPR3134.JPG,Coral Garden\2024_JUL_CG_S\CG-S_T1\GOPR3134\Coral2.JPG,2,0.4104,Coral Garden S,T1,2
Coral Garden\2024_JUL_CG_S\CG-S_T1\GOPR3125.JPG,Coral Garden\2024_JUL_CG_S\CG-S_T1\GOPR3125\Coral3.JPG,3,0.5992,Coral Garden S,T1,2
Coral Garden\2024_JUL_CG_S\CG-S_T1\GOPR3132.JPG,Coral Garden\2024_JUL_CG_S\CG-S_T1\GOPR3132\Coral9.JPG,9,0.4696,Coral Garden S,T1,2
Coral Garden\2024_AUG_CG_S\2024_AUG_CG_S_T1\GOPR4855.JPG,Coral Garden\2024_AUG_CG_S\2024_AUG_CG_S_T1\GOPR4855\Coral5.JPG,5,0.16,Coral Garden S,T1,2
Coral Garden\2024_JUL_CG_S\CG-S_T1\GOPR3117.JPG,Coral Garden\2024_JUL_CG_S\CG-S_T1\GOPR3117\Coral20.JPG,20,0.3715,Coral Garden S,T1,2
Coral Garden\2024_JUL_CG_S\CG-S_T1\GOPR3090.JPG,Coral Garden\2024_JUL_CG_S\CG-S_T1\GOPR3090\Coral22.JPG,22,0.2857,Coral Garden S,T1,2
Coral Garden\2024_JUL_CG_S\CG-S_T1\GOPR3114.JPG,Coral Garden\2024_JUL_CG_S\CG-S_T1\GOPR3114\Coral6.JPG,6,0.4167,Coral Garden S,T1,2
Coral Garden\2024_AUG_CG_S\2024_AUG_CG_S_T1\GOPR4846.JPG,Coral Garden\2024_AUG_CG_S\2024_AUG_CG_S_T1\GOPR4846\Coral8.JPG,8,0.2211,Coral Garden S,T1,2
Coral Garden\2024_AUG_CG_S\2024_AUG_CG_S_T1\GOPR4827.JPG,Coral Garden\2024_AUG_CG_S\2024_AUG_CG_S_T1\GOPR4827\Coral14.JPG,14,0.3322,Coral Garden S,T1,2
Coral Garden\2024_AUG_CG_S\2024_AUG_CG_S_T1\GOPR4862.JPG,Coral Garden\2024_AUG_CG_S\2024_AUG_CG_S_T1\GOPR4862\Coral10.JPG,10,0.243,Coral Garden S,T1,2
Coral Garden\2024_AUG_CG_S\2024_AUG_CG_S_T1\GOPR4857.JPG,Coral Garden\2024_AUG_CG_S\2024_AUG_CG_S_T1\GOPR4857\Coral1.JPG,1,0.2928,Coral Garden S,T1,2
Coral Garden\2024_JUL_CG_S\CG-S_T1\GOPR3133.JPG,Coral Garden\2024_JUL_CG_S\CG-S_T1\GOPR3133\Coral3.JPG,3,0.3429,Coral Garden S,T1,2
Coral Garden\2024_AUG_CG_S\2024_AUG_CG_S_T1\GOPR4861.JPG,Coral Garden\2024_AUG_CG_S\2024_AUG_CG_S_T1\GOPR4861\Coral12.JPG,12,0.2288,Coral Garden S,T1,2
Coral Garden\2024_JUL_CG_S\CG-S_T1\GOPR3119.JPG,Coral Garden\2024_JUL_CG_S\CG-S_T1\GOPR3119\Coral4.JPG,4,0.4627,Coral Garden S,T1,2
Coral Garden\2024_JUL_CG_S\CG-S_T1\GOPR3113.JPG,Coral Garden\2024_JUL_CG_S\CG-S_T1\GOPR3113\Coral8.JPG,8,0.5569,Coral Garden S,T1,2
Coral Garden\2024_AUG_CG_S\2024_AUG_CG_S_T1\GOPR4886.JPG,Coral Garden\2024_AUG_CG_S\2024_AUG_CG_S_T1\GOPR4886\Coral24.JPG,24,0.1612,Coral Garden S,T1,2
Coral Garden\2024_JUL_CG_S\CG-S_T1\GOPR3092.JPG,Coral Garden\2024_JUL_CG_S\CG-S_T1\GOPR3092\Coral25.JPG,25,0.2917,Coral Garden S,T1,2
Coral Garden\2024_JUL_CG_S\CG-S_T1\GOPR3126.JPG,Coral Garden\2024_JUL_CG_S\CG-S_T1\GOPR3126\Coral3.JPG,3,0.2923,Coral Garden S,T1,2
Coral Garden\2024_JUL_CG_S\CG-S_T1\GOPR3115.JPG,Coral Garden\2024_JUL_CG_S\CG-S_T1\GOPR3115\Coral3.JPG,3,0.5555,Coral Garden S,T1,2
Coral Garden\2024_JUL_CG_S\CG-S_T1\GOPR3120.JPG,Coral Garden\2024_JUL_CG_S\CG-S_T1\GOPR3120\Coral12.JPG,12,0.1599,Coral Garden S,T1,2
Coral Garden\2024_JUL_CG_S\CG-S_T1\GOPR3108.JPG,Coral Garden\2024_JUL_CG_S\CG-S_T1\GOPR3108\Coral4.JPG,4,0.5963,Coral Garden S,T1,2
Coral Garden\2024_AUG_CG_S\2024_AUG_CG_S_T1\GOPR4829.JPG,Coral Garden\2024_AUG_CG_S\2024_AUG_CG_S_T1\GOPR4829\Coral1.JPG,1,0.6947,Coral Garden S,T1,2
Coral Garden\2024_JUL_CG_S\CG-S_T1\GOPR3105.JPG,Coral Garden\2024_JUL_CG_S\CG-S_T1\GOPR3105\Coral3.JPG,3,0.5495,Coral Garden S,T1,2
Coral Garden\2024_AUG_CG_S\2024_AUG_CG_S_T1\GOPR4846.JPG,Coral Garden\2024_AUG_CG_S\2024_AUG_CG_S_T1\GOPR4846\Coral9.JPG,9,0.1928,Coral Garden S,T1,2
Coral Garden\2024_JUL_CG_S\CG-S_T1\GOPR3095.JPG,Coral Garden\2024_JUL_CG_S\CG-S_T1\GOPR3095\Coral9.JPG,9,0.2689,Coral Garden S,T1,2
Coral Garden\2024_JUL_CG_S\CG-S_T1\GOPR3098.JPG,Coral Garden\2024_JUL_CG_S\CG-S_T1\GOPR3098\Coral8.JPG,8,0.5311,Coral Garden S,T1,2
Coral Garden\2024_JUL_CG_S\CG-S_T1\GOPR3121.JPG,Coral Garden\2024_JUL_CG_S\CG-S_T1\GOPR3121\Coral21.JPG,21,0.1698,Coral Garden S,T1,2
Coral Garden\2024_AUG_CG_S\2024_AUG_CG_S_T1\GOPR4830.JPG,Coral Garden\2024_AUG_CG_S\2024_AUG_CG_S_T1\GOPR4830\Coral5.JPG,5,0.1926,Coral Garden S,T1,2
Coral Garden\2024_AUG_CG_S\2024_AUG_CG_S_T1\GOPR4848.JPG,Coral Garden\2024_AUG_CG_S\2024_AUG_CG_S_T1\GOPR4848\Coral19.JPG,19,0.4557,Coral Garden S,T1,2
Coral Garden\2024_AUG_CG_S\2024_AUG_CG_S_T1\GOPR4852.JPG,Coral Garden\2024_AUG_CG_S\2024_AUG_CG_S_T1\GOPR4852\Coral10.JPG,10,0.1966,Coral Garden S,T1,2
Coral Garden\2024_JUL_CG_S\CG-S_T1\GOPR3110.JPG,Coral Garden\2024_JUL_CG_S\CG-S_T1\GOPR3110\Coral20.JPG,20,0.3934,Coral Garden S,T1,2
Coral Garden\2024_JUL_CG_S\CG-S_T1\GOPR3092.JPG,Coral Garden\2024_JUL_CG_S\CG-S_T1\GOPR3092\Coral9.JPG,9,0.5766,Coral Garden S,T1,2
Coral Garden\2024_AUG_CG_S\2024_AUG_CG_S_T1\GOPR4841.JPG,Coral Garden\2024_AUG_CG_S\2024_AUG_CG_S_T1\GOPR4841\Coral2.JPG,2,0.6048,Coral Garden S,T1,2
Coral Garden\2024_JUL_CG_S\CG-S_T1\GOPR3123.JPG,Coral Garden\2024_JUL_CG_S\CG-S_T1\GOPR3123\Coral3.JPG,3,0.6472,Coral Garden S,T1,2
Coral Garden\2024_JUL_CG_S\CG-S_T1\GOPR3128.JPG,Coral Garden\2024_JUL_CG_S\CG-S_T1\GOPR3128\Coral16.JPG,16,0.2656,Coral Garden S,T1,2
Coral Garden\2024_JUL_CG_S\CG-S_T1\GOPR3135.JPG,Coral Garden\2024_JUL_CG_S\CG-S_T1\GOPR3135\Coral3.JPG,3,0.4005,Coral Garden S,T1,2
Coral Garden\2024_JUL_CG_S\CG-S_T1\GOPR3126.JPG,Coral Garden\2024_JUL_CG_S\CG-S_T1\GOPR3126\Coral2.JPG,2,0.4149,Coral Garden S,T1,2
Coral Garden\2024_AUG_CG_S\2024_AUG_CG_S_T1\GOPR4858.JPG,Coral Garden\2024_AUG_CG_S\2024_AUG_CG_S_T1\GOPR4858\Coral8.JPG,8,0.2129,Coral Garden S,T1,2
Coral Garden\2024_AUG_CG_S\2024_AUG_CG_S_T1\GOPR4828.JPG,Coral Garden\2024_AUG_CG_S\2024_AUG_CG_S_T1\GOPR4828\Coral9.JPG,9,0.2695,Coral Garden S,T1,2
Coral Garden\2024_JUL_CG_S\CG-S_T1\GOPR3100.JPG,Coral Garden\2024_JUL_CG_S\CG-S_T1\GOPR3100\Coral27.JPG,27,0.1607,Coral Garden S,T1,2
Coral Garden\2024_JUL_CG_S\CG-S_T1\GOPR3115.JPG,Coral Garden\2024_JUL_CG_S\CG-S_T1\GOPR3115\Coral18.JPG,18,0.2779,Coral Garden S,T1,2
Coral Garden\2024_AUG_CG_S\2024_AUG_CG_S_T1\GOPR4853.JPG,Coral Garden\2024_AUG_CG_S\2024_AUG_CG_S_T1\GOPR4853\Coral6.JPG,6,0.7001,Coral Garden S,T1,2
Coral Garden\2024_AUG_CG_S\2024_AUG_CG_S_T1\GOPR4881.JPG,Coral Garden\2024_AUG_CG_S\2024_AUG_CG_S_T1\GOPR4881\Coral2.JPG,2,0.6692,Coral Garden S,T1,2
Coral Garden\2024_JUL_CG_S\CG-S_T1\GOPR3116.JPG,Coral Garden\2024_JUL_CG_S\CG-S_T1\GOPR3116\Coral3.JPG,3,0.656,Coral Garden S,T1,2
Coral Garden\2024_AUG_CG_S\2024_AUG_CG_S_T1\GOPR4824.JPG,Coral Garden\2024_AUG_CG_S\2024_AUG_CG_S_T1\GOPR4824\Coral12.JPG,12,0.2574,Coral Garden S,T1,2
Coral Garden\2024_JUL_CG_S\CG-S_T1\GOPR3105.JPG,Coral Garden\2024_JUL_CG_S\CG-S_T1\GOPR3105\Coral10.JPG,10,0.3221,Coral Garden S,T1,2
Coral Garden\2024_AUG_CG_S\2024_AUG_CG_S_T1\GOPR4840.JPG,Coral Garden\2024_AUG_CG_S\2024_AUG_CG_S_T1\GOPR4840\Coral4.JPG,4,0.3336,Coral Garden S,T1,2
Coral Garden\2024_AUG_CG_S\2024_AUG_CG_S_T1\GOPR4848.JPG,Coral Garden\2024_AUG_CG_S\2024_AUG_CG_S_T1\GOPR4848\Coral3.JPG,3,0.6455,Coral Garden S,T1,2
Coral Garden\2024_AUG_CG_S\2024_AUG_CG_S_T1\GOPR4844.JPG,Coral Garden\2024_AUG_CG_S\2024_AUG_CG_S_T1\GOPR4844\Coral3.JPG,3,0.2994,Coral Garden S,T1,2
Coral Garden\2024_JUL_CG_S\CG-S_T1\GOPR3106.JPG,Coral Garden\2024_JUL_CG_S\CG-S_T1\GOPR3106\Coral9.JPG,9,0.3035,Coral Garden S,T1,2
Coral Garden\2024_JUL_CG_S\CG-S_T1\GOPR3106.JPG,Coral Garden\2024_JUL_CG_S\CG-S_T1\GOPR3106\Coral13.JPG,13,0.2067,Coral Garden S,T1,2
Coral Garden\2024_AUG_CG_S\2024_AUG_CG_S_T1\GOPR4851.JPG,Coral Garden\2024_AUG_CG_S\2024_AUG_CG_S_T1\GOPR4851\Coral12.JPG,12,0.4413,Coral Garden S,T1,2
Coral Garden\2024_AUG_CG_S\2024_AUG_CG_S_T1\GOPR4851.JPG,Coral Garden\2024_AUG_CG_S\2024_AUG_CG_S_T1\GOPR4851\Coral14.JPG,14,0.4098,Coral Garden S,T1,2
Coral Garden\2024_AUG_CG_S\2024_AUG_CG_S_T1\GOPR4851.JPG,Coral Garden\2024_AUG_CG_S\2024_AUG_CG_S_T1\GOPR4851\Coral20.JPG,20,0.2813,Coral Garden S,T1,2
Coral Garden\2024_AUG_CG_S\2024_AUG_CG_S_T1\GOPR4851.JPG,Coral Garden\2024_AUG_CG_S\2024_AUG_CG_S_T1\GOPR4851\Coral31.JPG,31,0.1731,Coral Garden S,T1,2
Coral Garden\2024_AUG_CG_S\2024_AUG_CG_S_T1\GOPR4851.JPG,Coral Garden\2024_AUG_CG_S\2024_AUG_CG_S_T1\GOPR4851\Coral10.JPG,10,0.4743,Coral Garden S,T1,2
Coral Garden\2024_AUG_CG_S\2024_AUG_CG_S_T1\GOPR4851.JPG,Coral Garden\2024_AUG_CG_S\2024_AUG_CG_S_T1\GOPR4851\Coral15.JPG,15,0.3869,Coral Garden S,T1,2
Coral Garden\2024_JUL_CG_S\CG-S_T1\GOPR3133.JPG,Coral Garden\2024_JUL_CG_S\CG-S_T1\GOPR3133\Coral1.JPG,1,0.5406,Coral Garden S,T1,2
Coral Garden\2024_JUL_CG_S\CG-S_T1\GOPR3133.JPG,Coral Garden\2024_JUL_CG_S\CG-S_T1\GOPR3133\Coral4.JPG,4,0.2819,Coral Garden S,T1,2
Coral Garden\2024_JUL_CG_S\CG-S_T1\GOPR3111.JPG,Coral Garden\2024_JUL_CG_S\CG-S_T1\GOPR3111\Coral2.JPG,2,0.6965,Coral Garden S,T1,2
Coral Garden\2024_AUG_CG_S\2024_AUG_CG_S_T1\GOPR4861.JPG,Coral Garden\2024_AUG_CG_S\2024_AUG_CG_S_T1\GOPR4861\Coral11.JPG,11,0.2386,Coral Garden S,T1,2
Coral Garden\2024_AUG_CG_S\2024_AUG_CG_S_T1\GOPR4861.JPG,Coral Garden\2024_AUG_CG_S\2024_AUG_CG_S_T1\GOPR4861\Coral6.JPG,6,0.3521,Coral Garden S,T1,2
Coral Garden\2024_AUG_CG_S\2024_AUG_CG_S_T1\GOPR4861.JPG,Coral Garden\2024_AUG_CG_S\2024_AUG_CG_S_T1\GOPR4861\Coral8.JPG,8,0.3243,Coral Garden S,T1,2
Coral Garden\2024_AUG_CG_S\2024_AUG_CG_S_T1\GOPR4861.JPG,Coral Garden\2024_AUG_CG_S\2024_AUG_CG_S_T1\GOPR4861\Coral17.JPG,17,0.1912,Coral Garden S,T1,2
Coral Garden\2024_AUG_CG_S\2024_AUG_CG_S_T1\GOPR4861.JPG,Coral Garden\2024_AUG_CG_S\2024_AUG_CG_S_T1\GOPR4861\Coral7.JPG,7,0.3282,Coral Garden S,T1,2
Coral Garden\2024_JUL_CG_S\CG-S_T1\GOPR3102.JPG,Coral Garden\2024_JUL_CG_S\CG-S_T1\GOPR3102\Coral7.JPG,7,0.4401,Coral Garden S,T1,2
Coral Garden\2024_JUL_CG_S\CG-S_T1\GOPR3102.JPG,Coral Garden\2024_JUL_CG_S\CG-S_T1\GOPR3102\Coral9.JPG,9,0.3276,Coral Garden S,T1,2
Coral Garden\2024_JUL_CG_S\CG-S_T1\GOPR3102.JPG,Coral Garden\2024_JUL_CG_S\CG-S_T1\GOPR3102\Coral23.JPG,23,0.1886,Coral Garden S,T1,2
Coral Garden\2024_JUL_CG_S\CG-S_T1\GOPR3102.JPG,Coral Garden\2024_JUL_CG_S\CG-S_T1\GOPR3102\Coral8.JPG,8,0.3356,Coral Garden S,T1,2
Coral Garden\2024_JUL_CG_S\CG-S_T1\GOPR3104.JPG,Coral Garden\2024_JUL_CG_S\CG-S_T1\GOPR3104\Coral23.JPG,23,0.2518,Coral Garden S,T1,2
Coral Garden\2024_JUL_CG_S\CG-S_T1\GOPR3104.JPG,Coral Garden\2024_JUL_CG_S\CG-S_T1\GOPR3104\Coral8.JPG,8,0.4726,Coral Garden S,T1,2
Coral Garden\2024_JUL_CG_S\CG-S_T1\GOPR3104.JPG,Coral Garden\2024_JUL_CG_S\CG-S_T1\GOPR3104\Coral1.JPG,1,0.7697,Coral Garden S,T1,2
Coral Garden\2024_AUG_CG_S\2024_AUG_CG_S_T1\GOPR4852.JPG,Coral Garden\2024_AUG_CG_S\2024_AUG_CG_S_T1\GOPR4852\Coral12.JPG,12,0.1718,Coral Garden S,T1,2
Coral Garden\2024_AUG_CG_S\2024_AUG_CG_S_T1\GOPR4852.JPG,Coral Garden\2024_AUG_CG_S\2024_AUG_CG_S_T1\GOPR4852\Coral3.JPG,3,0.5077,Coral Garden S,T1,2
Coral Garden\2024_AUG_CG_S\2024_AUG_CG_S_T1\GOPR4852.JPG,Coral Garden\2024_AUG_CG_S\2024_AUG_CG_S_T1\GOPR4852\Coral1.JPG,1,0.7311,Coral Garden S,T1,2
Coral Garden\2024_JUL_CG_S\CG-S_T1\GOPR3110.JPG,Coral Garden\2024_JUL_CG_S\CG-S_T1\GOPR3110\Coral15.JPG,15,0.4679,Coral Garden S,T1,2
Coral Garden\2024_JUL_CG_S\CG-S_T1\GOPR3110.JPG,Coral Garden\2024_JUL_CG_S\CG-S_T1\GOPR3110\Coral30.JPG,30,0.2313,Coral Garden S,T1,2
Coral Garden\2024_JUL_CG_S\CG-S_T1\GOPR3110.JPG,Coral Garden\2024_JUL_CG_S\CG-S_T1\GOPR3110\Coral10.JPG,10,0.5939,Coral Garden S,T1,2
Coral Garden\2024_JUL_CG_S\CG-S_T1\GOPR3110.JPG,Coral Garden\2024_JUL_CG_S\CG-S_T1\GOPR3110\Coral11.JPG,11,0.5146,Coral Garden S,T1,2
Coral Garden\2024_JUL_CG_S\CG-S_T1\GOPR3110.JPG,Coral Garden\2024_JUL_CG_S\CG-S_T1\GOPR3110\Coral27.JPG,27,0.2874,Coral Garden S,T1,2
Coral Garden\2024_JUL_CG_S\CG-S_T1\GOPR3119.JPG,Coral Garden\2024_JUL_CG_S\CG-S_T1\GOPR3119\Coral3.JPG,3,0.5118,Coral Garden S,T1,2
Coral Garden\2024_JUL_CG_S\CG-S_T1\GOPR3119.JPG,Coral Garden\2024_JUL_CG_S\CG-S_T1\GOPR3119\Coral2.JPG,2,0.5467,Coral Garden S,T1,2
Coral Garden\2024_JUL_CG_S\CG-S_T1\GOPR3119.JPG,Coral Garden\2024_JUL_CG_S\CG-S_T1\GOPR3119\Coral1.JPG,1,0.6058,Coral Garden S,T1,2
Coral Garden\2024_JUL_CG_S\CG-S_T1\GOPR3119.JPG,Coral Garden\2024_JUL_CG_S\CG-S_T1\GOPR3119\Coral16.JPG,16,0.1536,Coral Garden S,T1,2
Coral Garden\2024_JUL_CG_S\CG-S_T1\GOPR3113.JPG,Coral Garden\2024_JUL_CG_S\CG-S_T1\GOPR3113\Coral22.JPG,22,0.3789,Coral Garden S,T1,2
Coral Garden\2024_JUL_CG_S\CG-S_T1\GOPR3113.JPG,Coral Garden\2024_JUL_CG_S\CG-S_T1\GOPR3113\Coral16.JPG,16,0.4389,Coral Garden S,T1,2
Coral Garden\2024_JUL_CG_S\CG-S_T1\GOPR3113.JPG,Coral Garden\2024_JUL_CG_S\CG-S_T1\GOPR3113\Coral3.JPG,3,0.6173,Coral Garden S,T1,2
Coral Garden\2024_JUL_CG_S\CG-S_T1\GOPR3113.JPG,Coral Garden\2024_JUL_CG_S\CG-S_T1\GOPR3113\Coral12.JPG,12,0.4954,Coral Garden S,T1,2
Coral Garden\2024_JUL_CG_S\CG-S_T1\GOPR3113.JPG,Coral Garden\2024_JUL_CG_S\CG-S_T1\GOPR3113\Coral1.JPG,1,0.696,Coral Garden S,T1,2
Coral Garden\2024_AUG_CG_S\2024_AUG_CG_S_T1\GOPR4886.JPG,Coral Garden\2024_AUG_CG_S\2024_AUG_CG_S_T1\GOPR4886\Coral4.JPG,4,0.7057,Coral Garden S,T1,2
Coral Garden\2024_AUG_CG_S\2024_AUG_CG_S_T1\GOPR4886.JPG,Coral Garden\2024_AUG_CG_S\2024_AUG_CG_S_T1\GOPR4886\Coral3.JPG,3,0.7481,Coral Garden S,T1,2
Coral Garden\2024_AUG_CG_S\2024_AUG_CG_S_T1\GOPR4886.JPG,Coral Garden\2024_AUG_CG_S\2024_AUG_CG_S_T1\GOPR4886\Coral2.JPG,2,0.7706,Coral Garden S,T1,2
Coral Garden\2024_AUG_CG_S\2024_AUG_CG_S_T1\GOPR4886.JPG,Coral Garden\2024_AUG_CG_S\2024_AUG_CG_S_T1\GOPR4886\Coral15.JPG,15,0.3133,Coral Garden S,T1,2
Coral Garden\2024_AUG_CG_S\2024_AUG_CG_S_T1\GOPR4886.JPG,Coral Garden\2024_AUG_CG_S\2024_AUG_CG_S_T1\GOPR4886\Coral11.JPG,11,0.3926,Coral Garden S,T1,2
Coral Garden\2024_JUL_CG_S\CG-S_T1\GOPR3092.JPG,Coral Garden\2024_JUL_CG_S\CG-S_T1\GOPR3092\Coral7.JPG,7,0.6249,Coral Garden S,T1,2
Coral Garden\2024_JUL_CG_S\CG-S_T1\GOPR3092.JPG,Coral Garden\2024_JUL_CG_S\CG-S_T1\GOPR3092\Coral10.JPG,10,0.5713,Coral Garden S,T1,2
Coral Garden\2024_JUL_CG_S\CG-S_T1\GOPR3092.JPG,Coral Garden\2024_JUL_CG_S\CG-S_T1\GOPR3092\Coral3.JPG,3,0.6902,Coral Garden S,T1,2
Coral Garden\2024_JUL_CG_S\CG-S_T1\GOPR3092.JPG,Coral Garden\2024_JUL_CG_S\CG-S_T1\GOPR3092\Coral15.JPG,15,0.4563,Coral Garden S,T1,2
Coral Garden\2024_JUL_CG_S\CG-S_T1\GOPR3092.JPG,Coral Garden\2024_JUL_CG_S\CG-S_T1\GOPR3092\Coral26.JPG,26,0.2672,Coral Garden S,T1,2
Coral Garden\2024_JUL_CG_S\CG-S_T1\GOPR3092.JPG,Coral Garden\2024_JUL_CG_S\CG-S_T1\GOPR3092\Coral24.JPG,24,0.3161,Coral Garden S,T1,2
Coral Garden\2024_JUL_CG_S\CG-S_T1\GOPR3092.JPG,Coral Garden\2024_JUL_CG_S\CG-S_T1\GOPR3092\Coral35.JPG,35,0.1972,Coral Garden S,T1,2
Coral Garden\2024_JUL_CG_S\CG-S_T1\GOPR3092.JPG,Coral Garden\2024_JUL_CG_S\CG-S_T1\GOPR3092\Coral28.JPG,28,0.2291,Coral Garden S,T1,2
Coral Garden\2024_JUL_CG_S\CG-S_T1\GOPR3092.JPG,Coral Garden\2024_JUL_CG_S\CG-S_T1\GOPR3092\Coral31.JPG,31,0.2107,Coral Garden S,T1,2
Coral Garden\2024_JUL_CG_S\CG-S_T1\GOPR3092.JPG,Coral Garden\2024_JUL_CG_S\CG-S_T1\GOPR3092\Coral36.JPG,36,0.1758,Coral Garden S,T1,2
Coral Garden\2024_AUG_CG_S\2024_AUG_CG_S_T1\GOPR4845.JPG,Coral Garden\2024_AUG_CG_S\2024_AUG_CG_S_T1\GOPR4845\Coral7.JPG,7,0.2212,Coral Garden S,T1,2
Coral Garden\2024_AUG_CG_S\2024_AUG_CG_S_T1\GOPR4845.JPG,Coral Garden\2024_AUG_CG_S\2024_AUG_CG_S_T1\GOPR4845\Coral1.JPG,1,0.6965,Coral Garden S,T1,2
Coral Garden\2024_AUG_CG_S\2024_AUG_CG_S_T1\GOPR4845.JPG,Coral Garden\2024_AUG_CG_S\2024_AUG_CG_S_T1\GOPR4845\Coral11.JPG,11,0.1518,Coral Garden S,T1,2
Coral Garden\2024_JUL_CG_S\CG-S_T1\GOPR3109.JPG,Coral Garden\2024_JUL_CG_S\CG-S_T1\GOPR3109\Coral11.JPG,11,0.4078,Coral Garden S,T1,2
Coral Garden\2024_JUL_CG_S\CG-S_T1\GOPR3109.JPG,Coral Garden\2024_JUL_CG_S\CG-S_T1\GOPR3109\Coral32.JPG,32,0.1513,Coral Garden S,T1,2
Coral Garden\2024_AUG_CG_S\2024_AUG_CG_S_T2\GOPR4907.JPG,Coral Garden\2024_AUG_CG_S\2024_AUG_CG_S_T2\GOPR4907\Coral22.JPG,22,0.1562,Coral Garden S,T2,2
Coral Garden\2024_JUL_CG_S\CG-S_T2\GOPR3168.JPG,Coral Garden\2024_JUL_CG_S\CG-S_T2\GOPR3168\Coral23.JPG,23,0.493,Coral Garden S,T2,2
Coral Garden\2024_AUG_CG_S\2024_AUG_CG_S_T2\GOPR4922.JPG,Coral Garden\2024_AUG_CG_S\2024_AUG_CG_S_T2\GOPR4922\Coral29.JPG,29,0.1627,Coral Garden S,T2,2
Coral Garden\2024_JUL_CG_S\CG-S_T2\GOPR3187.JPG,Coral Garden\2024_JUL_CG_S\CG-S_T2\GOPR3187\Coral11.JPG,11,0.3048,Coral Garden S,T2,2
Coral Garden\2024_JUL_CG_S\CG-S_T2\GOPR3153.JPG,Coral Garden\2024_JUL_CG_S\CG-S_T2\GOPR3153\Coral3.JPG,3,0.5485,Coral Garden S,T2,2
Coral Garden\2024_JUL_CG_S\CG-S_T2\GOPR3170.JPG,Coral Garden\2024_JUL_CG_S\CG-S_T2\GOPR3170\Coral7.JPG,7,0.1749,Coral Garden S,T2,2
Coral Garden\2024_JUL_CG_S\CG-S_T2\GOPR3163.JPG,Coral Garden\2024_JUL_CG_S\CG-S_T2\GOPR3163\Coral3.JPG,3,0.6763,Coral Garden S,T2,2
Coral Garden\2024_JUL_CG_S\CG-S_T2\GOPR3165.JPG,Coral Garden\2024_JUL_CG_S\CG-S_T2\GOPR3165\Coral2.JPG,2,0.7704,Coral Garden S,T2,2
Coral Garden\2024_AUG_CG_S\2024_AUG_CG_S_T2\GOPR4897.JPG,Coral Garden\2024_AUG_CG_S\2024_AUG_CG_S_T2\GOPR4897\Coral1.JPG,1,0.3971,Coral Garden S,T2,2
Coral Garden\2024_JUL_CG_S\CG-S_T2\GOPR3148.JPG,Coral Garden\2024_JUL_CG_S\CG-S_T2\GOPR3148\Coral8.JPG,8,0.4221,Coral Garden S,T2,2
Coral Garden\2024_AUG_CG_S\2024_AUG_CG_S_T2\GOPR4933.JPG,Coral Garden\2024_AUG_CG_S\2024_AUG_CG_S_T2\GOPR4933\Coral1.JPG,1,0.2438,Coral Garden S,T2,2
Coral Garden\2024_AUG_CG_S\2024_AUG_CG_S_T2\GOPR4931.JPG,Coral Garden\2024_AUG_CG_S\2024_AUG_CG_S_T2\GOPR4931\Coral3.JPG,3,0.3323,Coral Garden S,T2,2
Coral Garden\2024_JUL_CG_S\CG-S_T2\GOPR3164.JPG,Coral Garden\2024_JUL_CG_S\CG-S_T2\GOPR3164\Coral40.JPG,40,0.2321,Coral Garden S,T2,2
Coral Garden\2024_AUG_CG_S\2024_AUG_CG_S_T2\GOPR4927.JPG,Coral Garden\2024_AUG_CG_S\2024_AUG_CG_S_T2\GOPR4927\Coral6.JPG,6,0.4606,Coral Garden S,T2,2
Coral Garden\2024_JUL_CG_S\CG-S_T2\GOPR3169.JPG,Coral Garden\2024_JUL_CG_S\CG-S_T2\GOPR3169\Coral1.JPG,1,0.5494,Coral Garden S,T2,2
Coral Garden\2024_AUG_CG_S\2024_AUG_CG_S_T2\GOPR4908.JPG,Coral Garden\2024_AUG_CG_S\2024_AUG_CG_S_T2\GOPR4908\Coral13.JPG,13,0.254,Coral Garden S,T2,2
Coral Garden\2024_AUG_CG_S\2024_AUG_CG_S_T2\GOPR4910.JPG,Coral Garden\2024_AUG_CG_S\2024_AUG_CG_S_T2\GOPR4910\Coral11.JPG,11,0.3353,Coral Garden S,T2,2
Coral Garden\2024_AUG_CG_S\2024_AUG_CG_S_T2\GOPR4914.JPG,Coral Garden\2024_AUG_CG_S\2024_AUG_CG_S_T2\GOPR4914\Coral21.JPG,21,0.1759,Coral Garden S,T2,2
Coral Garden\2024_AUG_CG_S\2024_AUG_CG_S_T2\GOPR4920.JPG,Coral Garden\2024_AUG_CG_S\2024_AUG_CG_S_T2\GOPR4920\Coral3.JPG,3,0.3044,Coral Garden S,T2,2
Coral Garden\2024_AUG_CG_S\2024_AUG_CG_S_T2\GOPR4907.JPG,Coral Garden\2024_AUG_CG_S\2024_AUG_CG_S_T2\GOPR4907\Coral13.JPG,13,0.2448,Coral Garden S,T2,2
Coral Garden\2024_JUL_CG_S\CG-S_T2\GOPR3149.JPG,Coral Garden\2024_JUL_CG_S\CG-S_T2\GOPR3149\Coral8.JPG,8,0.4347,Coral Garden S,T2,2
Coral Garden\2024_JUL_CG_S\CG-S_T2\GOPR3171.JPG,Coral Garden\2024_JUL_CG_S\CG-S_T2\GOPR3171\Coral5.JPG,5,0.3308,Coral Garden S,T2,2
Coral Garden\2024_JUL_CG_S\CG-S_T2\GOPR3188.JPG,Coral Garden\2024_JUL_CG_S\CG-S_T2\GOPR3188\Coral18.JPG,18,0.2871,Coral Garden S,T2,2
Coral Garden\2024_JUL_CG_S\CG-S_T2\GOPR3168.JPG,Coral Garden\2024_JUL_CG_S\CG-S_T2\GOPR3168\Coral37.JPG,37,0.2636,Coral Garden S,T2,2
Coral Garden\2024_AUG_CG_S\2024_AUG_CG_S_T2\GOPR4945.JPG,Coral Garden\2024_AUG_CG_S\2024_AUG_CG_S_T2\GOPR4945\Coral6.JPG,6,0.6054,Coral Garden S,T2,2
Coral Garden\2024_JUL_CG_S\CG-S_T2\GOPR3177.JPG,Coral Garden\2024_JUL_CG_S\CG-S_T2\GOPR3177\Coral16.JPG,16,0.1777,Coral Garden S,T2,2
Coral Garden\2024_JUL_CG_S\CG-S_T2\GOPR3182.JPG,Coral Garden\2024_JUL_CG_S\CG-S_T2\GOPR3182\Coral21.JPG,21,0.1727,Coral Garden S,T2,2
Coral Garden\2024_AUG_CG_S\2024_AUG_CG_S_T2\GOPR4900.JPG,Coral Garden\2024_AUG_CG_S\2024_AUG_CG_S_T2\GOPR4900\Coral4.JPG,4,0.416,Coral Garden S,T2,2
Coral Garden\2024_JUL_CG_S\CG-S_T2\GOPR3170.JPG,Coral Garden\2024_JUL_CG_S\CG-S_T2\GOPR3170\Coral4.JPG,4,0.2487,Coral Garden S,T2,2
Coral Garden\2024_AUG_CG_S\2024_AUG_CG_S_T2\GOPR4897.JPG,Coral Garden\2024_AUG_CG_S\2024_AUG_CG_S_T2\GOPR4897\Coral9.JPG,9,0.1623,Coral Garden S,T2,2
Coral Garden\2024_AUG_CG_S\2024_AUG_CG_S_T2\GOPR4933.JPG,Coral Garden\2024_AUG_CG_S\2024_AUG_CG_S_T2\GOPR4933\Coral4.JPG,4,0.2296,Coral Garden S,T2,2
Coral Garden\2024_AUG_CG_S\2024_AUG_CG_S_T2\GOPR4940.JPG,Coral Garden\2024_AUG_CG_S\2024_AUG_CG_S_T2\GOPR4940\Coral12.JPG,12,0.2669,Coral Garden S,T2,2
Coral Garden\2024_JUL_CG_S\CG-S_T2\GOPR3178.JPG,Coral Garden\2024_JUL_CG_S\CG-S_T2\GOPR3178\Coral24.JPG,24,0.1649,Coral Garden S,T2,2
Coral Garden\2024_AUG_CG_S\2024_AUG_CG_S_T2\GOPR4931.JPG,Coral Garden\2024_AUG_CG_S\2024_AUG_CG_S_T2\GOPR4931\Coral8.JPG,8,0.2253,Coral Garden S,T2,2
Coral Garden\2024_AUG_CG_S\2024_AUG_CG_S_T2\GOPR4939.JPG,Coral Garden\2024_AUG_CG_S\2024_AUG_CG_S_T2\GOPR4939\Coral8.JPG,8,0.3501,Coral Garden S,T2,2
Coral Garden\2024_AUG_CG_S\2024_AUG_CG_S_T2\GOPR4944.JPG,Coral Garden\2024_AUG_CG_S\2024_AUG_CG_S_T2\GOPR4944\Coral31.JPG,31,0.1813,Coral Garden S,T2,2
Coral Garden\2024_JUL_CG_S\CG-S_T2\GOPR3162.JPG,Coral Garden\2024_JUL_CG_S\CG-S_T2\GOPR3162\Coral2.JPG,2,0.4363,Coral Garden S,T2,2
Coral Garden\2024_AUG_CG_S\2024_AUG_CG_S_T2\GOPR4914.JPG,Coral Garden\2024_AUG_CG_S\2024_AUG_CG_S_T2\GOPR4914\Coral23.JPG,23,0.1536,Coral Garden S,T2,2
Coral Garden\2024_JUL_CG_S\CG-S_T2\GOPR3183.JPG,Coral Garden\2024_JUL_CG_S\CG-S_T2\GOPR3183\Coral3.JPG,3,0.3001,Coral Garden S,T2,2
Coral Garden\2024_AUG_CG_S\2024_AUG_CG_S_T2\GOPR4896.JPG,Coral Garden\2024_AUG_CG_S\2024_AUG_CG_S_T2\GOPR4896\Coral9.JPG,9,0.2692,Coral Garden S,T2,2
Coral Garden\2024_AUG_CG_S\2024_AUG_CG_S_T2\GOPR4920.JPG,Coral Garden\2024_AUG_CG_S\2024_AUG_CG_S_T2\GOPR4920\Coral1.JPG,1,0.7047,Coral Garden S,T2,2
Coral Garden\2024_JUL_CG_S\CG-S_T2\GOPR3146.JPG,Coral Garden\2024_JUL_CG_S\CG-S_T2\GOPR3146\Coral4.JPG,4,0.3181,Coral Garden S,T2,2
Coral Garden\2024_JUL_CG_S\CG-S_T2\GOPR3160.JPG,Coral Garden\2024_JUL_CG_S\CG-S_T2\GOPR3160\Coral2.JPG,2,0.4228,Coral Garden S,T2,2
Coral Garden\2024_JUL_CG_S\CG-S_T2\GOPR3149.JPG,Coral Garden\2024_JUL_CG_S\CG-S_T2\GOPR3149\Coral5.JPG,5,0.6061,Coral Garden S,T2,2
Coral Garden\2024_JUL_CG_S\CG-S_T2\GOPR3173.JPG,Coral Garden\2024_JUL_CG_S\CG-S_T2\GOPR3173\Coral16.JPG,16,0.1631,Coral Garden S,T2,2
Coral Garden\2024_JUL_CG_S\CG-S_T2\GOPR3168.JPG,Coral Garden\2024_JUL_CG_S\CG-S_T2\GOPR3168\Coral13.JPG,13,0.615,Coral Garden S,T2,2
Coral Garden\2024_AUG_CG_S\2024_AUG_CG_S_T2\GOPR4909.JPG,Coral Garden\2024_AUG_CG_S\2024_AUG_CG_S_T2\GOPR4909\Coral2.JPG,2,0.774,Coral Garden S,T2,2
Coral Garden\2024_JUL_CG_S\CG-S_T2\GOPR3166.JPG,Coral Garden\2024_JUL_CG_S\CG-S_T2\GOPR3166\Coral16.JPG,16,0.4454,Coral Garden S,T2,2
Coral Garden\2024_AUG_CG_S\2024_AUG_CG_S_T2\GOPR4929.JPG,Coral Garden\2024_AUG_CG_S\2024_AUG_CG_S_T2\GOPR4929\Coral1.JPG,1,0.3641,Coral Garden S,T2,2
Coral Garden\2024_AUG_CG_S\2024_AUG_CG_S_T2\GOPR4900.JPG,Coral Garden\2024_AUG_CG_S\2024_AUG_CG_S_T2\GOPR4900\Coral14.JPG,14,0.2026,Coral Garden S,T2,2
Coral Garden\2024_JUL_CG_S\CG-S_T2\GOPR3179.JPG,Coral Garden\2024_JUL_CG_S\CG-S_T2\GOPR3179\Coral13.JPG,13,0.2126,Coral Garden S,T2,2
Coral Garden\2024_AUG_CG_S\2024_AUG_CG_S_T2\GOPR4897.JPG,Coral Garden\2024_AUG_CG_S\2024_AUG_CG_S_T2\GOPR4897\Coral3.JPG,3,0.3346,Coral Garden S,T2,2
Coral Garden\2024_JUL_CG_S\CG-S_T2\GOPR3169.JPG,Coral Garden\2024_JUL_CG_S\CG-S_T2\GOPR3169\Coral4.JPG,4,0.2912,Coral Garden S,T2,2
Coral Garden\2024_JUL_CG_S\CG-S_T2\GOPR3183.JPG,Coral Garden\2024_JUL_CG_S\CG-S_T2\GOPR3183\Coral9.JPG,9,0.1709,Coral Garden S,T2,2
Coral Garden\2024_AUG_CG_S\2024_AUG_CG_S_T2\GOPR4906.JPG,Coral Garden\2024_AUG_CG_S\2024_AUG_CG_S_T2\GOPR4906\Coral2.JPG,2,0.5128,Coral Garden S,T2,2
Coral Garden\2024_AUG_CG_S\2024_AUG_CG_S_T2\GOPR4896.JPG,Coral Garden\2024_AUG_CG_S\2024_AUG_CG_S_T2\GOPR4896\Coral8.JPG,8,0.2801,Coral Garden S,T2,2
Coral Garden\2024_JUL_CG_S\CG-S_T2\GOPR3176.JPG,Coral Garden\2024_JUL_CG_S\CG-S_T2\GOPR3176\Coral8.JPG,8,0.1566,Coral Garden S,T2,2
Coral Garden\2024_AUG_CG_S\2024_AUG_CG_S_T2\GOPR4902.JPG,Coral Garden\2024_AUG_CG_S\2024_AUG_CG_S_T2\GOPR4902\Coral6.JPG,6,0.203,Coral Garden S,T2,2
Coral Garden\2024_JUL_CG_S\CG-S_T2\GOPR3186.JPG,Coral Garden\2024_JUL_CG_S\CG-S_T2\GOPR3186\Coral17.JPG,17,0.2006,Coral Garden S,T2,2
Coral Garden\2024_JUL_CG_S\CG-S_T2\GOPR3186.JPG,Coral Garden\2024_JUL_CG_S\CG-S_T2\GOPR3186\Coral26.JPG,26,0.1536,Coral Garden S,T2,2
Coral Garden\2024_JUL_CG_S\CG-S_T2\GOPR3186.JPG,Coral Garden\2024_JUL_CG_S\CG-S_T2\GOPR3186\Coral13.JPG,13,0.242,Coral Garden S,T2,2
Coral Garden\2024_JUL_CG_S\CG-S_T2\GOPR3186.JPG,Coral Garden\2024_JUL_CG_S\CG-S_T2\GOPR3186\Coral14.JPG,14,0.2349,Coral Garden S,T2,2
Coral Garden\2024_JUL_CG_S\CG-S_T2\GOPR3186.JPG,Coral Garden\2024_JUL_CG_S\CG-S_T2\GOPR3186\Coral20.JPG,20,0.1742,Coral Garden S,T2,2
Coral Garden\2024_AUG_CG_S\2024_AUG_CG_S_T2\GOPR4913.JPG,Coral Garden\2024_AUG_CG_S\2024_AUG_CG_S_T2\GOPR4913\Coral4.JPG,4,0.4078,Coral Garden S,T2,2
Coral Garden\2024_AUG_CG_S\2024_AUG_CG_S_T2\GOPR4913.JPG,Coral Garden\2024_AUG_CG_S\2024_AUG_CG_S_T2\GOPR4913\Coral11.JPG,11,0.2691,Coral Garden S,T2,2
Coral Garden\2024_AUG_CG_S\2024_AUG_CG_S_T2\GOPR4913.JPG,Coral Garden\2024_AUG_CG_S\2024_AUG_CG_S_T2\GOPR4913\Coral14.JPG,14,0.2096,Coral Garden S,T2,2
Coral Garden\2024_AUG_CG_S\2024_AUG_CG_S_T2\GOPR4913.JPG,Coral Garden\2024_AUG_CG_S\2024_AUG_CG_S_T2\GOPR4913\Coral1.JPG,1,0.5031,Coral Garden S,T2,2
Coral Garden\2024_AUG_CG_S\2024_AUG_CG_S_T2\GOPR4913.JPG,Coral Garden\2024_AUG_CG_S\2024_AUG_CG_S_T2\GOPR4913\Coral2.JPG,2,0.4151,Coral Garden S,T2,2
Coral Garden\2024_JUL_CG_S\CG-S_T2\GOPR3146.JPG,Coral Garden\2024_JUL_CG_S\CG-S_T2\GOPR3146\Coral5.JPG,5,0.2261,Coral Garden S,T2,2
Coral Garden\2024_JUL_CG_S\CG-S_T2\GOPR3159.JPG,Coral Garden\2024_JUL_CG_S\CG-S_T2\GOPR3159\Coral20.JPG,20,0.2561,Coral Garden S,T2,2
Coral Garden\2024_JUL_CG_S\CG-S_T2\GOPR3159.JPG,Coral Garden\2024_JUL_CG_S\CG-S_T2\GOPR3159\Coral27.JPG,27,0.1603,Coral Garden S,T2,2
Coral Garden\2024_JUL_CG_S\CG-S_T2\GOPR3159.JPG,Coral Garden\2024_JUL_CG_S\CG-S_T2\GOPR3159\Coral5.JPG,5,0.5983,Coral Garden S,T2,2
Coral Garden\2024_JUL_CG_S\CG-S_T2\GOPR3159.JPG,Coral Garden\2024_JUL_CG_S\CG-S_T2\GOPR3159\Coral18.JPG,18,0.2723,Coral Garden S,T2,2
Coral Garden\2024_AUG_CG_S\2024_AUG_CG_S_T2\GOPR4926.JPG,Coral Garden\2024_AUG_CG_S\2024_AUG_CG_S_T2\GOPR4926\Coral8.JPG,8,0.1912,Coral Garden S,T2,2
Coral Garden\2024_AUG_CG_S\2024_AUG_CG_S_T2\GOPR4926.JPG,Coral Garden\2024_AUG_CG_S\2024_AUG_CG_S_T2\GOPR4926\Coral3.JPG,3,0.3634,Coral Garden S,T2,2
Coral Garden\2024_AUG_CG_S\2024_AUG_CG_S_T2\GOPR4926.JPG,Coral Garden\2024_AUG_CG_S\2024_AUG_CG_S_T2\GOPR4926\Coral2.JPG,2,0.4141,Coral Garden S,T2,2
Coral Garden\2024_JUL_CG_S\CG-S_T2\GOPR3167.JPG,Coral Garden\2024_JUL_CG_S\CG-S_T2\GOPR3167\Coral22.JPG,22,0.53,Coral Garden S,T2,2
Coral Garden\2024_JUL_CG_S\CG-S_T2\GOPR3167.JPG,Coral Garden\2024_JUL_CG_S\CG-S_T2\GOPR3167\Coral6.JPG,6,0.729,Coral Garden S,T2,2
Coral Garden\2024_JUL_CG_S\CG-S_T2\GOPR3167.JPG,Coral Garden\2024_JUL_CG_S\CG-S_T2\GOPR3167\Coral21.JPG,21,0.5337,Coral Garden S,T2,2
Coral Garden\2024_JUL_CG_S\CG-S_T2\GOPR3167.JPG,Coral Garden\2024_JUL_CG_S\CG-S_T2\GOPR3167\Coral12.JPG,12,0.6633,Coral Garden S,T2,2
Coral Garden\2024_JUL_CG_S\CG-S_T2\GOPR3167.JPG,Coral Garden\2024_JUL_CG_S\CG-S_T2\GOPR3167\Coral24.JPG,24,0.513,Coral Garden S,T2,2
Coral Garden\2024_JUL_CG_S\CG-S_T2\GOPR3167.JPG,Coral Garden\2024_JUL_CG_S\CG-S_T2\GOPR3167\Coral29.JPG,29,0.3954,Coral Garden S,T2,2
Coral Garden\2024_JUL_CG_S\CG-S_T2\GOPR3184.JPG,Coral Garden\2024_JUL_CG_S\CG-S_T2\GOPR3184\Coral5.JPG,5,0.342,Coral Garden S,T2,2
Coral Garden\2024_AUG_CG_S\2024_AUG_CG_S_T2\GOPR4907.JPG,Coral Garden\2024_AUG_CG_S\2024_AUG_CG_S_T2\GOPR4907\Coral7.JPG,7,0.5073,Coral Garden S,T2,2
Coral Garden\2024_AUG_CG_S\2024_AUG_CG_S_T2\GOPR4907.JPG,Coral Garden\2024_AUG_CG_S\2024_AUG_CG_S_T2\GOPR4907\Coral21.JPG,21,0.1779,Coral Garden S,T2,2
Coral Garden\2024_AUG_CG_S\2024_AUG_CG_S_T2\GOPR4907.JPG,Coral Garden\2024_AUG_CG_S\2024_AUG_CG_S_T2\GOPR4907\Coral6.JPG,6,0.5125,Coral Garden S,T2,2
Coral Garden\2024_AUG_CG_S\2024_AUG_CG_S_T2\GOPR4907.JPG,Coral Garden\2024_AUG_CG_S\2024_AUG_CG_S_T2\GOPR4907\Coral24.JPG,24,0.1546,Coral Garden S,T2,2
Coral Garden\2024_AUG_CG_S\2024_AUG_CG_S_T2\GOPR4907.JPG,Coral Garden\2024_AUG_CG_S\2024_AUG_CG_S_T2\GOPR4907\Coral4.JPG,4,0.549,Coral Garden S,T2,2
Coral Garden\2024_JUL_CG_S\CG-S_T2\GOPR3160.JPG,Coral Garden\2024_JUL_CG_S\CG-S_T2\GOPR3160\Coral6.JPG,6,0.2596,Coral Garden S,T2,2
Coral Garden\2024_JUL_CG_S\CG-S_T2\GOPR3160.JPG,Coral Garden\2024_JUL_CG_S\CG-S_T2\GOPR3160\Coral5.JPG,5,0.3751,Coral Garden S,T2,2
Coral Garden\2024_AUG_CG_S\2024_AUG_CG_S_T2\GOPR4921.JPG,Coral Garden\2024_AUG_CG_S\2024_AUG_CG_S_T2\GOPR4921\Coral5.JPG,5,0.5341,Coral Garden S,T2,2
Coral Garden\2024_AUG_CG_S\2024_AUG_CG_S_T2\GOPR4921.JPG,Coral Garden\2024_AUG_CG_S\2024_AUG_CG_S_T2\GOPR4921\Coral8.JPG,8,0.2698,Coral Garden S,T2,2
Coral Garden\2024_AUG_CG_S\2024_AUG_CG_S_T2\GOPR4912.JPG,Coral Garden\2024_AUG_CG_S\2024_AUG_CG_S_T2\GOPR4912\Coral35.JPG,35,0.1988,Coral Garden S,T2,2
Coral Garden\2024_AUG_CG_S\2024_AUG_CG_S_T2\GOPR4912.JPG,Coral Garden\2024_AUG_CG_S\2024_AUG_CG_S_T2\GOPR4912\Coral30.JPG,30,0.2343,Coral Garden S,T2,2
Coral Garden\2024_AUG_CG_S\2024_AUG_CG_S_T2\GOPR4912.JPG,Coral Garden\2024_AUG_CG_S\2024_AUG_CG_S_T2\GOPR4912\Coral5.JPG,5,0.5954,Coral Garden S,T2,2
Coral Garden\2024_AUG_CG_S\2024_AUG_CG_S_T2\GOPR4912.JPG,Coral Garden\2024_AUG_CG_S\2024_AUG_CG_S_T2\GOPR4912\Coral14.JPG,14,0.434,Coral Garden S,T2,2
Coral Garden\2024_AUG_CG_S\2024_AUG_CG_S_T2\GOPR4912.JPG,Coral Garden\2024_AUG_CG_S\2024_AUG_CG_S_T2\GOPR4912\Coral6.JPG,6,0.5909,Coral Garden S,T2,2
Coral Garden\2024_AUG_CG_S\2024_AUG_CG_S_T2\GOPR4912.JPG,Coral Garden\2024_AUG_CG_S\2024_AUG_CG_S_T2\GOPR4912\Coral37.JPG,37,0.1961,Coral Garden S,T2,2
Coral Garden\2024_AUG_CG_S\2024_AUG_CG_S_T2\GOPR4912.JPG,Coral Garden\2024_AUG_CG_S\2024_AUG_CG_S_T2\GOPR4912\Coral15.JPG,15,0.3865,Coral Garden S,T2,2
Coral Garden\2024_AUG_CG_S\2024_AUG_CG_S_T2\GOPR4912.JPG,Coral Garden\2024_AUG_CG_S\2024_AUG_CG_S_T2\GOPR4912\Coral2.JPG,2,0.6275,Coral Garden S,T2,2
Coral Garden\2024_AUG_CG_S\2024_AUG_CG_S_T2\GOPR4912.JPG,Coral Garden\2024_AUG_CG_S\2024_AUG_CG_S_T2\GOPR4912\Coral36.JPG,36,0.197,Coral Garden S,T2,2
Coral Garden\2024_AUG_CG_S\2024_AUG_CG_S_T2\GOPR4912.JPG,Coral Garden\2024_AUG_CG_S\2024_AUG_CG_S_T2\GOPR4912\Coral24.JPG,24,0.287,Coral Garden S,T2,2
Coral Garden\2024_JUL_CG_S\CG-S_T2\GOPR3152.JPG,Coral Garden\2024_JUL_CG_S\CG-S_T2\GOPR3152\Coral31.JPG,31,0.1596,Coral Garden S,T2,2
Coral Garden\2024_JUL_CG_S\CG-S_T2\GOPR3152.JPG,Coral Garden\2024_JUL_CG_S\CG-S_T2\GOPR3152\Coral1.JPG,1,0.6946,Coral Garden S,T2,2
Coral Garden\2024_JUL_CG_S\CG-S_T2\GOPR3152.JPG,Coral Garden\2024_JUL_CG_S\CG-S_T2\GOPR3152\Coral19.JPG,19,0.3136,Coral Garden S,T2,2
Coral Garden\2024_JUL_CG_S\CG-S_T2\GOPR3152.JPG,Coral Garden\2024_JUL_CG_S\CG-S_T2\GOPR3152\Coral3.JPG,3,0.6736,Coral Garden S,T2,2
Coral Garden\2024_AUG_CG_S\2024_AUG_CG_S_T2\GOPR4937.JPG,Coral Garden\2024_AUG_CG_S\2024_AUG_CG_S_T2\GOPR4937\Coral3.JPG,3,0.4832,Coral Garden S,T2,2
Coral Garden\2024_AUG_CG_S\2024_AUG_CG_S_T2\GOPR4937.JPG,Coral Garden\2024_AUG_CG_S\2024_AUG_CG_S_T2\GOPR4937\Coral12.JPG,12,0.1559,Coral Garden S,T2,2
Coral Garden\2024_JUL_CG_S\CG-S_T2\GOPR3149.JPG,Coral Garden\2024_JUL_CG_S\CG-S_T2\GOPR3149\Coral4.JPG,4,0.6364,Coral Garden S,T2,2
Coral Garden\2024_JUL_CG_S\CG-S_T2\GOPR3149.JPG,Coral Garden\2024_JUL_CG_S\CG-S_T2\GOPR3149\Coral9.JPG,9,0.3856,Coral Garden S,T2,2
Coral Garden\2024_JUL_CG_S\CG-S_T2\GOPR3180.JPG,Coral Garden\2024_JUL_CG_S\CG-S_T2\GOPR3180\Coral10.JPG,10,0.2924,Coral Garden S,T2,2
Coral Garden\2024_AUG_CG_S\2024_AUG_CG_S_T3\GOPR4976.JPG,Coral Garden\2024_AUG_CG_S\2024_AUG_CG_S_T3\GOPR4976\Coral10.JPG,10,0.3238,Coral Garden S,T3,2
Coral Garden\2024_AUG_CG_S\2024_AUG_CG_S_T3\GOPR4997.JPG,Coral Garden\2024_AUG_CG_S\2024_AUG_CG_S_T3\GOPR4997\Coral9.JPG,9,0.1754,Coral Garden S,T3,2
Coral Garden\2024_AUG_CG_S\2024_AUG_CG_S_T3\GOPR4987.JPG,Coral Garden\2024_AUG_CG_S\2024_AUG_CG_S_T3\GOPR4987\Coral11.JPG,11,0.1921,Coral Garden S,T3,2
Coral Garden\2024_JUL_CG_S\CG-S_T3\GOPR3201.JPG,Coral Garden\2024_JUL_CG_S\CG-S_T3\GOPR3201\Coral24.JPG,24,0.1708,Coral Garden S,T3,2
Coral Garden\2024_JUL_CG_S\CG-S_T3\GOPR3220.JPG,Coral Garden\2024_JUL_CG_S\CG-S_T3\GOPR3220\Coral1.JPG,1,0.5232,Coral Garden S,T3,2
Coral Garden\2024_AUG_CG_S\2024_AUG_CG_S_T3\GOPR4992.JPG,Coral Garden\2024_AUG_CG_S\2024_AUG_CG_S_T3\GOPR4992\Coral16.JPG,16,0.205,Coral Garden S,T3,2
Coral Garden\2024_AUG_CG_S\2024_AUG_CG_S_T3\GOPR4953.JPG,Coral Garden\2024_AUG_CG_S\2024_AUG_CG_S_T3\GOPR4953\Coral22.JPG,22,0.1703,Coral Garden S,T3,2
Coral Garden\2024_JUL_CG_S\CG-S_T3\GOPR3236.JPG,Coral Garden\2024_JUL_CG_S\CG-S_T3\GOPR3236\Coral6.JPG,6,0.2371,Coral Garden S,T3,2
Coral Garden\2024_JUL_CG_S\CG-S_T3\GOPR3224.JPG,Coral Garden\2024_JUL_CG_S\CG-S_T3\GOPR3224\Coral7.JPG,7,0.2404,Coral Garden S,T3,2
Coral Garden\2024_JUL_CG_S\CG-S_T3\GOPR3233.JPG,Coral Garden\2024_JUL_CG_S\CG-S_T3\GOPR3233\Coral1.JPG,1,0.6336,Coral Garden S,T3,2
Coral Garden\2024_AUG_CG_S\2024_AUG_CG_S_T3\GOPR5001.JPG,Coral Garden\2024_AUG_CG_S\2024_AUG_CG_S_T3\GOPR5001\Coral1.JPG,1,0.7356,Coral Garden S,T3,2
Coral Garden\2024_AUG_CG_S\2024_AUG_CG_S_T3\GOPR4968.JPG,Coral Garden\2024_AUG_CG_S\2024_AUG_CG_S_T3\GOPR4968\Coral13.JPG,13,0.1528,Coral Garden S,T3,2
Coral Garden\2024_JUL_CG_S\CG-S_T3\GOPR3210.JPG,Coral Garden\2024_JUL_CG_S\CG-S_T3\GOPR3210\Coral7.JPG,7,0.3379,Coral Garden S,T3,2
Coral Garden\2024_AUG_CG_S\2024_AUG_CG_S_T3\GOPR5006.JPG,Coral Garden\2024_AUG_CG_S\2024_AUG_CG_S_T3\GOPR5006\Coral1.JPG,1,0.5519,Coral Garden S,T3,2
Coral Garden\2024_AUG_CG_S\2024_AUG_CG_S_T3\GOPR4986.JPG,Coral Garden\2024_AUG_CG_S\2024_AUG_CG_S_T3\GOPR4986\Coral7.JPG,7,0.2235,Coral Garden S,T3,2
Coral Garden\2024_JUL_CG_S\CG-S_T3\GOPR3218.JPG,Coral Garden\2024_JUL_CG_S\CG-S_T3\GOPR3218\Coral8.JPG,8,0.4081,Coral Garden S,T3,2
Coral Garden\2024_JUL_CG_S\CG-S_T3\GOPR3205.JPG,Coral Garden\2024_JUL_CG_S\CG-S_T3\GOPR3205\Coral11.JPG,11,0.5372,Coral Garden S,T3,2
Coral Garden\2024_AUG_CG_S\2024_AUG_CG_S_T3\GOPR4978.JPG,Coral Garden\2024_AUG_CG_S\2024_AUG_CG_S_T3\GOPR4978\Coral4.JPG,4,0.258,Coral Garden S,T3,2
Coral Garden\2024_JUL_CG_S\CG-S_T3\GOPR3246.JPG,Coral Garden\2024_JUL_CG_S\CG-S_T3\GOPR3246\Coral15.JPG,15,0.1923,Coral Garden S,T3,2
Coral Garden\2024_AUG_CG_S\2024_AUG_CG_S_T3\GOPR5007.JPG,Coral Garden\2024_AUG_CG_S\2024_AUG_CG_S_T3\GOPR5007\Coral3.JPG,3,0.3042,Coral Garden S,T3,2
Coral Garden\2024_JUL_CG_S\CG-S_T3\GOPR3204.JPG,Coral Garden\2024_JUL_CG_S\CG-S_T3\GOPR3204\Coral7.JPG,7,0.5182,Coral Garden S,T3,2
Coral Garden\2024_AUG_CG_S\2024_AUG_CG_S_T3\GOPR4984.JPG,Coral Garden\2024_AUG_CG_S\2024_AUG_CG_S_T3\GOPR4984\Coral14.JPG,14,0.2418,Coral Garden S,T3,2
Coral Garden\2024_JUL_CG_S\CG-S_T3\GOPR3220.JPG,Coral Garden\2024_JUL_CG_S\CG-S_T3\GOPR3220\Coral5.JPG,5,0.2897,Coral Garden S,T3,2
Coral Garden\2024_AUG_CG_S\2024_AUG_CG_S_T3\GOPR4980.JPG,Coral Garden\2024_AUG_CG_S\2024_AUG_CG_S_T3\GOPR4980\Coral17.JPG,17,0.2623,Coral Garden S,T3,2
Coral Garden\2024_JUL_CG_S\CG-S_T3\GOPR3236.JPG,Coral Garden\2024_JUL_CG_S\CG-S_T3\GOPR3236\Coral1.JPG,1,0.4219,Coral Garden S,T3,2
Coral Garden\2024_JUL_CG_S\CG-S_T3\GOPR3224.JPG,Coral Garden\2024_JUL_CG_S\CG-S_T3\GOPR3224\Coral8.JPG,8,0.1974,Coral Garden S,T3,2
Coral Garden\2024_JUL_CG_S\CG-S_T3\GOPR3211.JPG,Coral Garden\2024_JUL_CG_S\CG-S_T3\GOPR3211\Coral3.JPG,3,0.6909,Coral Garden S,T3,2
Coral Garden\2024_JUL_CG_S\CG-S_T3\GOPR3242.JPG,Coral Garden\2024_JUL_CG_S\CG-S_T3\GOPR3242\Coral4.JPG,4,0.2676,Coral Garden S,T3,2
Coral Garden\2024_AUG_CG_S\2024_AUG_CG_S_T3\GOPR4996.JPG,Coral Garden\2024_AUG_CG_S\2024_AUG_CG_S_T3\GOPR4996\Coral5.JPG,5,0.278,Coral Garden S,T3,2
Coral Garden\2024_AUG_CG_S\2024_AUG_CG_S_T3\GOPR4985.JPG,Coral Garden\2024_AUG_CG_S\2024_AUG_CG_S_T3\GOPR4985\Coral10.JPG,10,0.185,Coral Garden S,T3,2
Coral Garden\2024_AUG_CG_S\2024_AUG_CG_S_T3\GOPR4951.JPG,Coral Garden\2024_AUG_CG_S\2024_AUG_CG_S_T3\GOPR4951\Coral4.JPG,4,0.2235,Coral Garden S,T3,2
Coral Garden\2024_AUG_CG_S\2024_AUG_CG_S_T3\GOPR4968.JPG,Coral Garden\2024_AUG_CG_S\2024_AUG_CG_S_T3\GOPR4968\Coral4.JPG,4,0.4162,Coral Garden S,T3,2
Coral Garden\2024_AUG_CG_S\2024_AUG_CG_S_T3\GOPR4991.JPG,Coral Garden\2024_AUG_CG_S\2024_AUG_CG_S_T3\GOPR4991\Coral11.JPG,11,0.3589,Coral Garden S,T3,2
Coral Garden\2024_AUG_CG_S\2024_AUG_CG_S_T3\GOPR4972.JPG,Coral Garden\2024_AUG_CG_S\2024_AUG_CG_S_T3\GOPR4972\Coral11.JPG,11,0.3078,Coral Garden S,T3,2
Coral Garden\2024_AUG_CG_S\2024_AUG_CG_S_T3\GOPR4994.JPG,Coral Garden\2024_AUG_CG_S\2024_AUG_CG_S_T3\GOPR4994\Coral5.JPG,5,0.2342,Coral Garden S,T3,2
Coral Garden\2024_JUL_CG_S\CG-S_T3\GOPR3228.JPG,Coral Garden\2024_JUL_CG_S\CG-S_T3\GOPR3228\Coral9.JPG,9,0.1628,Coral Garden S,T3,2
Coral Garden\2024_AUG_CG_S\2024_AUG_CG_S_T3\GOPR4997.JPG,Coral Garden\2024_AUG_CG_S\2024_AUG_CG_S_T3\GOPR4997\Coral10.JPG,10,0.1676,Coral Garden S,T3,2
Coral Garden\2024_AUG_CG_S\2024_AUG_CG_S_T3\GOPR5000.JPG,Coral Garden\2024_AUG_CG_S\2024_AUG_CG_S_T3\GOPR5000\Coral6.JPG,6,0.2106,Coral Garden S,T3,2
Coral Garden\2024_JUL_CG_S\CG-S_T3\GOPR3201.JPG,Coral Garden\2024_JUL_CG_S\CG-S_T3\GOPR3201\Coral8.JPG,8,0.4435,Coral Garden S,T3,2
Coral Garden\2024_JUL_CG_S\CG-S_T3\GOPR3198.JPG,Coral Garden\2024_JUL_CG_S\CG-S_T3\GOPR3198\Coral1.JPG,1,0.4697,Coral Garden S,T3,2
Coral Garden\2024_AUG_CG_S\2024_AUG_CG_S_T3\GOPR5002.JPG,Coral Garden\2024_AUG_CG_S\2024_AUG_CG_S_T3\GOPR5002\Coral4.JPG,4,0.5142,Coral Garden S,T3,2
Coral Garden\2024_AUG_CG_S\2024_AUG_CG_S_T3\GOPR4972.JPG,Coral Garden\2024_AUG_CG_S\2024_AUG_CG_S_T3\GOPR4972\Coral15.JPG,15,0.2396,Coral Garden S,T3,2
Coral Garden\2024_AUG_CG_S\2024_AUG_CG_S_T3\GOPR4986.JPG,Coral Garden\2024_AUG_CG_S\2024_AUG_CG_S_T3\GOPR4986\Coral12.JPG,12,0.1795,Coral Garden S,T3,2
Coral Garden\2024_JUL_CG_S\CG-S_T3\GOPR3227.JPG,Coral Garden\2024_JUL_CG_S\CG-S_T3\GOPR3227\Coral11.JPG,11,0.1919,Coral Garden S,T3,2
Coral Garden\2024_JUL_CG_S\CG-S_T3\GOPR3223.JPG,Coral Garden\2024_JUL_CG_S\CG-S_T3\GOPR3223\Coral2.JPG,2,0.4791,Coral Garden S,T3,2
Coral Garden\2024_AUG_CG_S\2024_AUG_CG_S_T3\GOPR4977.JPG,Coral Garden\2024_AUG_CG_S\2024_AUG_CG_S_T3\GOPR4977\Coral5.JPG,5,0.39,Coral Garden S,T3,2
Coral Garden\2024_JUL_CG_S\CG-S_T3\GOPR3218.JPG,Coral Garden\2024_JUL_CG_S\CG-S_T3\GOPR3218\Coral10.JPG,10,0.387,Coral Garden S,T3,2
Coral Garden\2024_JUL_CG_S\CG-S_T3\GOPR3230.JPG,Coral Garden\2024_JUL_CG_S\CG-S_T3\GOPR3230\Coral1.JPG,1,0.5945,Coral Garden S,T3,2
Coral Garden\2024_AUG_CG_S\2024_AUG_CG_S_T3\GOPR4999.JPG,Coral Garden\2024_AUG_CG_S\2024_AUG_CG_S_T3\GOPR4999\Coral1.JPG,1,0.4609,Coral Garden S,T3,2
Coral Garden\2024_AUG_CG_S\2024_AUG_CG_S_T3\GOPR5003.JPG,Coral Garden\2024_AUG_CG_S\2024_AUG_CG_S_T3\GOPR5003\Coral16.JPG,16,0.2089,Coral Garden S,T3,2
Coral Garden\2024_JUL_CG_S\CG-S_T3\GOPR3237.JPG,Coral Garden\2024_JUL_CG_S\CG-S_T3\GOPR3237\Coral4.JPG,4,0.2179,Coral Garden S,T3,2
Coral Garden\2024_JUL_CG_S\CG-S_T3\GOPR3228.JPG,Coral Garden\2024_JUL_CG_S\CG-S_T3\GOPR3228\Coral12.JPG,12,0.153,Coral Garden S,T3,2
Coral Garden\2024_AUG_CG_S\2024_AUG_CG_S_T3\GOPR4955.JPG,Coral Garden\2024_AUG_CG_S\2024_AUG_CG_S_T3\GOPR4955\Coral13.JPG,13,0.2801,Coral Garden S,T3,2
Coral Garden\2024_JUL_CG_S\CG-S_T3\GOPR3204.JPG,Coral Garden\2024_JUL_CG_S\CG-S_T3\GOPR3204\Coral36.JPG,36,0.1641,Coral Garden S,T3,2
Coral Garden\2024_JUL_CG_S\CG-S_T3\GOPR3204.JPG,Coral Garden\2024_JUL_CG_S\CG-S_T3\GOPR3204\Coral10.JPG,10,0.447,Coral Garden S,T3,2
Coral Garden\2024_JUL_CG_S\CG-S_T3\GOPR3204.JPG,Coral Garden\2024_JUL_CG_S\CG-S_T3\GOPR3204\Coral15.JPG,15,0.3585,Coral Garden S,T3,2
Coral Garden\2024_JUL_CG_S\CG-S_T3\GOPR3204.JPG,Coral Garden\2024_JUL_CG_S\CG-S_T3\GOPR3204\Coral35.JPG,35,0.1713,Coral Garden S,T3,2
Coral Garden\2024_JUL_CG_S\CG-S_T3\GOPR3204.JPG,Coral Garden\2024_JUL_CG_S\CG-S_T3\GOPR3204\Coral5.JPG,5,0.5849,Coral Garden S,T3,2
Coral Garden\2024_JUL_CG_S\CG-S_T3\GOPR3204.JPG,Coral Garden\2024_JUL_CG_S\CG-S_T3\GOPR3204\Coral28.JPG,28,0.2584,Coral Garden S,T3,2
Coral Garden\2024_JUL_CG_S\CG-S_T3\GOPR3204.JPG,Coral Garden\2024_JUL_CG_S\CG-S_T3\GOPR3204\Coral6.JPG,6,0.5292,Coral Garden S,T3,2
Coral Garden\2024_AUG_CG_S\2024_AUG_CG_S_T3\GOPR4981.JPG,Coral Garden\2024_AUG_CG_S\2024_AUG_CG_S_T3\GOPR4981\Coral12.JPG,12,0.4327,Coral Garden S,T3,2
Coral Garden\2024_AUG_CG_S\2024_AUG_CG_S_T3\GOPR4981.JPG,Coral Garden\2024_AUG_CG_S\2024_AUG_CG_S_T3\GOPR4981\Coral10.JPG,10,0.4541,Coral Garden S,T3,2
Coral Garden\2024_AUG_CG_S\2024_AUG_CG_S_T3\GOPR4976.JPG,Coral Garden\2024_AUG_CG_S\2024_AUG_CG_S_T3\GOPR4976\Coral15.JPG,15,0.253,Coral Garden S,T3,2
Coral Garden\2024_AUG_CG_S\2024_AUG_CG_S_T3\GOPR4984.JPG,Coral Garden\2024_AUG_CG_S\2024_AUG_CG_S_T3\GOPR4984\Coral12.JPG,12,0.2641,Coral Garden S,T3,2
Coral Garden\2024_AUG_CG_S\2024_AUG_CG_S_T3\GOPR4984.JPG,Coral Garden\2024_AUG_CG_S\2024_AUG_CG_S_T3\GOPR4984\Coral5.JPG,5,0.4103,Coral Garden S,T3,2
Coral Garden\2024_AUG_CG_S\2024_AUG_CG_S_T3\GOPR4984.JPG,Coral Garden\2024_AUG_CG_S\2024_AUG_CG_S_T3\GOPR4984\Coral7.JPG,7,0.3621,Coral Garden S,T3,2
Coral Garden\2024_AUG_CG_S\2024_AUG_CG_S_T3\GOPR4984.JPG,Coral Garden\2024_AUG_CG_S\2024_AUG_CG_S_T3\GOPR4984\Coral3.JPG,3,0.4838,Coral Garden S,T3,2
Coral Garden\2024_AUG_CG_S\2024_AUG_CG_S_T3\GOPR4997.JPG,Coral Garden\2024_AUG_CG_S\2024_AUG_CG_S_T3\GOPR4997\Coral1.JPG,1,0.5581,Coral Garden S,T3,2
Coral Garden\2024_AUG_CG_S\2024_AUG_CG_S_T3\GOPR4987.JPG,Coral Garden\2024_AUG_CG_S\2024_AUG_CG_S_T3\GOPR4987\Coral4.JPG,4,0.4622,Coral Garden S,T3,2
Coral Garden\2024_AUG_CG_S\2024_AUG_CG_S_T3\GOPR4987.JPG,Coral Garden\2024_AUG_CG_S\2024_AUG_CG_S_T3\GOPR4987\Coral6.JPG,6,0.3743,Coral Garden S,T3,2
Coral Garden\2024_AUG_CG_S\2024_AUG_CG_S_T3\GOPR4987.JPG,Coral Garden\2024_AUG_CG_S\2024_AUG_CG_S_T3\GOPR4987\Coral3.JPG,3,0.5418,Coral Garden S,T3,2
Coral Garden\2024_AUG_CG_S\2024_AUG_CG_S_T3\GOPR4957.JPG,Coral Garden\2024_AUG_CG_S\2024_AUG_CG_S_T3\GOPR4957\Coral17.JPG,17,0.2768,Coral Garden S,T3,2
Coral Garden\2024_AUG_CG_S\2024_AUG_CG_S_T3\GOPR4957.JPG,Coral Garden\2024_AUG_CG_S\2024_AUG_CG_S_T3\GOPR4957\Coral23.JPG,23,0.2299,Coral Garden S,T3,2
Coral Garden\2024_AUG_CG_S\2024_AUG_CG_S_T3\GOPR4957.JPG,Coral Garden\2024_AUG_CG_S\2024_AUG_CG_S_T3\GOPR4957\Coral5.JPG,5,0.5678,Coral Garden S,T3,2
Coral Garden\2024_AUG_CG_S\2024_AUG_CG_S_T3\GOPR4957.JPG,Coral Garden\2024_AUG_CG_S\2024_AUG_CG_S_T3\GOPR4957\Coral24.JPG,24,0.2299,Coral Garden S,T3,2
Coral Garden\2024_AUG_CG_S\2024_AUG_CG_S_T3\GOPR4957.JPG,Coral Garden\2024_AUG_CG_S\2024_AUG_CG_S_T3\GOPR4957\Coral3.JPG,3,0.6171,Coral Garden S,T3,2
Coral Garden\2024_AUG_CG_S\2024_AUG_CG_S_T3\GOPR4957.JPG,Coral Garden\2024_AUG_CG_S\2024_AUG_CG_S_T3\GOPR4957\Coral9.JPG,9,0.4702,Coral Garden S,T3,2
Coral Garden\2024_AUG_CG_S\2024_AUG_CG_S_T3\GOPR4957.JPG,Coral Garden\2024_AUG_CG_S\2024_AUG_CG_S_T3\GOPR4957\Coral18.JPG,18,0.2734,Coral Garden S,T3,2
Coral Garden\2024_JUL_CG_S\CG-S_T3\GOPR3201.JPG,Coral Garden\2024_JUL_CG_S\CG-S_T3\GOPR3201\Coral6.JPG,6,0.5341,Coral Garden S,T3,2
Coral Garden\2024_JUL_CG_S\CG-S_T3\GOPR3201.JPG,Coral Garden\2024_JUL_CG_S\CG-S_T3\GOPR3201\Coral10.JPG,10,0.3749,Coral Garden S,T3,2
Coral Garden\2024_JUL_CG_S\CG-S_T3\GOPR3201.JPG,Coral Garden\2024_JUL_CG_S\CG-S_T3\GOPR3201\Coral4.JPG,4,0.6011,Coral Garden S,T3,2
Coral Garden\2024_JUL_CG_S\CG-S_T3\GOPR3201.JPG,Coral Garden\2024_JUL_CG_S\CG-S_T3\GOPR3201\Coral3.JPG,3,0.6279,Coral Garden S,T3,2
Coral Garden\2024_JUL_CG_S\CG-S_T3\GOPR3201.JPG,Coral Garden\2024_JUL_CG_S\CG-S_T3\GOPR3201\Coral26.JPG,26,0.1596,Coral Garden S,T3,2
Coral Garden\2024_JUL_CG_S\CG-S_T3\GOPR3201.JPG,Coral Garden\2024_JUL_CG_S\CG-S_T3\GOPR3201\Coral17.JPG,17,0.2574,Coral Garden S,T3,2
Coral Garden\2024_JUL_CG_S\CG-S_T3\GOPR3213.JPG,Coral Garden\2024_JUL_CG_S\CG-S_T3\GOPR3213\Coral7.JPG,7,0.3572,Coral Garden S,T3,2
Coral Garden\2024_AUG_CG_S\2024_AUG_CG_S_T3\GOPR4992.JPG,Coral Garden\2024_AUG_CG_S\2024_AUG_CG_S_T3\GOPR4992\Coral2.JPG,2,0.6287,Coral Garden S,T3,2
Coral Garden\2024_AUG_CG_S\2024_AUG_CG_S_T3\GOPR4992.JPG,Coral Garden\2024_AUG_CG_S\2024_AUG_CG_S_T3\GOPR4992\Coral13.JPG,13,0.2439,Coral Garden S,T3,2
Coral Garden\2024_AUG_CG_S\2024_AUG_CG_S_T3\GOPR4992.JPG,Coral Garden\2024_AUG_CG_S\2024_AUG_CG_S_T3\GOPR4992\Coral14.JPG,14,0.2426,Coral Garden S,T3,2
Coral Garden\2024_AUG_CG_S\2024_AUG_CG_S_T3\GOPR4992.JPG,Coral Garden\2024_AUG_CG_S\2024_AUG_CG_S_T3\GOPR4992\Coral12.JPG,12,0.2505,Coral Garden S,T3,2
Coral Garden\2024_AUG_CG_S\2024_AUG_CG_S_T3\GOPR4992.JPG,Coral Garden\2024_AUG_CG_S\2024_AUG_CG_S_T3\GOPR4992\Coral4.JPG,4,0.523,Coral Garden S,T3,2
Coral Garden\2024_AUG_CG_S\2024_AUG_CG_S_T3\GOPR4992.JPG,Coral Garden\2024_AUG_CG_S\2024_AUG_CG_S_T3\GOPR4992\Coral8.JPG,8,0.3168,Coral Garden S,T3,2
Coral Garden\2024_AUG_CG_S\2024_AUG_CG_S_T3\GOPR4992.JPG,Coral Garden\2024_AUG_CG_S\2024_AUG_CG_S_T3\GOPR4992\Coral11.JPG,11,0.2757,Coral Garden S,T3,2
Coral Garden\2024_AUG_CG_S\2024_AUG_CG_S_T3\GOPR4982.JPG,Coral Garden\2024_AUG_CG_S\2024_AUG_CG_S_T3\GOPR4982\Coral12.JPG,12,0.363,Coral Garden S,T3,2
Coral Garden\2024_AUG_CG_S\2024_AUG_CG_S_T3\GOPR4982.JPG,Coral Garden\2024_AUG_CG_S\2024_AUG_CG_S_T3\GOPR4982\Coral18.JPG,18,0.2789,Coral Garden S,T3,2
Coral Garden\2024_AUG_CG_S\2024_AUG_CG_S_T3\GOPR4982.JPG,Coral Garden\2024_AUG_CG_S\2024_AUG_CG_S_T3\GOPR4982\Coral13.JPG,13,0.3463,Coral Garden S,T3,2
Coral Garden\2024_AUG_CG_S\2024_AUG_CG_S_T3\GOPR4982.JPG,Coral Garden\2024_AUG_CG_S\2024_AUG_CG_S_T3\GOPR4982\Coral8.JPG,8,0.4547,Coral Garden S,T3,2
Coral Garden\2024_AUG_CG_S\2024_AUG_CG_S_T3\GOPR4982.JPG,Coral Garden\2024_AUG_CG_S\2024_AUG_CG_S_T3\GOPR4982\Coral1.JPG,1,0.7673,Coral Garden S,T3,2
Coral Garden\2024_AUG_CG_S\2024_AUG_CG_S_T3\GOPR4982.JPG,Coral Garden\2024_AUG_CG_S\2024_AUG_CG_S_T3\GOPR4982\Coral10.JPG,10,0.3736,Coral Garden S,T3,2
Coral Garden\2024_AUG_CG_S\2024_AUG_CG_S_T3\GOPR4982.JPG,Coral Garden\2024_AUG_CG_S\2024_AUG_CG_S_T3\GOPR4982\Coral22.JPG,22,0.2168,Coral Garden S,T3,2
Coral Garden\2024_AUG_CG_S\2024_AUG_CG_S_T3\GOPR4982.JPG,Coral Garden\2024_AUG_CG_S\2024_AUG_CG_S_T3\GOPR4982\Coral14.JPG,14,0.3418,Coral Garden S,T3,2
Coral Garden\2024_AUG_CG_S\2024_AUG_CG_S_T3\GOPR4953.JPG,Coral Garden\2024_AUG_CG_S\2024_AUG_CG_S_T3\GOPR4953\Coral24.JPG,24,0.1515,Coral Garden S,T3,2
Coral Garden\2024_AUG_CG_S\2024_AUG_CG_S_T3\GOPR4953.JPG,Coral Garden\2024_AUG_CG_S\2024_AUG_CG_S_T3\GOPR4953\Coral19.JPG,19,0.1779,Coral Garden S,T3,2
Coral Garden\2024_AUG_CG_S\2024_AUG_CG_S_T3\GOPR4953.JPG,Coral Garden\2024_AUG_CG_S\2024_AUG_CG_S_T3\GOPR4953\Coral3.JPG,3,0.6865,Coral Garden S,T3,2
Coral Garden\2024_AUG_CG_S\2024_AUG_CG_S_T3\GOPR4953.JPG,Coral Garden\2024_AUG_CG_S\2024_AUG_CG_S_T3\GOPR4953\Coral11.JPG,11,0.3489,Coral Garden S,T3,2
Coral Garden\2024_AUG_CG_S\2024_AUG_CG_S_T3\GOPR4953.JPG,Coral Garden\2024_AUG_CG_S\2024_AUG_CG_S_T3\GOPR4953\Coral12.JPG,12,0.3139,Coral Garden S,T3,2
Coral Garden\2024_AUG_CG_S\2024_AUG_CG_S_T3\GOPR4953.JPG,Coral Garden\2024_AUG_CG_S\2024_AUG_CG_S_T3\GOPR4953\Coral4.JPG,4,0.6629,Coral Garden S,T3,2
Coral Garden\2024_AUG_CG_S\2024_AUG_CG_S_T3\GOPR4953.JPG,Coral Garden\2024_AUG_CG_S\2024_AUG_CG_S_T3\GOPR4953\Coral17.JPG,17,0.2227,Coral Garden S,T3,2
Coral Garden\2024_AUG_CG_S\2024_AUG_CG_S_T3\GOPR4953.JPG,Coral Garden\2024_AUG_CG_S\2024_AUG_CG_S_T3\GOPR4953\Coral21.JPG,21,0.1704,Coral Garden S,T3,2
Coral Garden\2024_AUG_CG_S\2024_AUG_CG_S_T3\GOPR4980.JPG,Coral Garden\2024_AUG_CG_S\2024_AUG_CG_S_T3\GOPR4980\Coral8.JPG,8,0.4263,Coral Garden S,T3,2
Coral Garden\2024_AUG_CG_S\2024_AUG_CG_S_T3\GOPR4980.JPG,Coral Garden\2024_AUG_CG_S\2024_AUG_CG_S_T3\GOPR4980\Coral9.JPG,9,0.402,Coral Garden S,T3,2
Coral Garden\2024_AUG_CG_S\2024_AUG_CG_S_T3\GOPR4980.JPG,Coral Garden\2024_AUG_CG_S\2024_AUG_CG_S_T3\GOPR4980\Coral12.JPG,12,0.3193,Coral Garden S,T3,2
Coral Garden\AUG 2024_CG_D\AUG_2024_CG_D_T1\GOPR4585.JPG,Coral Garden\AUG 2024_CG_D\AUG_2024_CG_D_T1\GOPR4585\Coral4.JPG,4,0.1903,Coral Garden D,T1,2
Coral Garden\AUG 2024_CG_D\AUG_2024_CG_D_T1\GOPR4531.JPG,Coral Garden\AUG 2024_CG_D\AUG_2024_CG_D_T1\GOPR4531\Coral4.JPG,4,0.4793,Coral Garden D,T1,2
Coral Garden\AUG 2024_CG_D\AUG_2024_CG_D_T1\GOPR4534.JPG,Coral Garden\AUG 2024_CG_D\AUG_2024_CG_D_T1\GOPR4534\Coral1.JPG,1,0.8372,Coral Garden D,T1,2
Coral Garden\AUG 2024_CG_D\AUG_2024_CG_D_T1\GOPR4569.JPG,Coral Garden\AUG 2024_CG_D\AUG_2024_CG_D_T1\GOPR4569\Coral10.JPG,10,0.1606,Coral Garden D,T1,2
Coral Garden\JULY 2024_CG_D\CG-D_T1\GOPR2923.JPG,Coral Garden\JULY 2024_CG_D\CG-D_T1\GOPR2923\Coral5.JPG,5,0.2652,Coral Garden D,T1,2
Coral Garden\AUG 2024_CG_D\AUG_2024_CG_D_T1\GOPR4539.JPG,Coral Garden\AUG 2024_CG_D\AUG_2024_CG_D_T1\GOPR4539\Coral1.JPG,1,0.1523,Coral Garden D,T1,2
Coral Garden\AUG 2024_CG_D\AUG_2024_CG_D_T1\GOPR4561.JPG,Coral Garden\AUG 2024_CG_D\AUG_2024_CG_D_T1\GOPR4561\Coral21.JPG,21,0.2759,Coral Garden D,T1,2
Coral Garden\JULY 2024_CG_D\CG-D_T1\GOPR2944.JPG,Coral Garden\JULY 2024_CG_D\CG-D_T1\GOPR2944\Coral16.JPG,16,0.3991,Coral Garden D,T1,2
Coral Garden\AUG 2024_CG_D\AUG_2024_CG_D_T1\GOPR4530.JPG,Coral Garden\AUG 2024_CG_D\AUG_2024_CG_D_T1\GOPR4530\Coral4.JPG,4,0.5727,Coral Garden D,T1,2
Coral Garden\JULY 2024_CG_D\CG-D_T1\GOPR2954.JPG,Coral Garden\JULY 2024_CG_D\CG-D_T1\GOPR2954\Coral12.JPG,12,0.3296,Coral Garden D,T1,2
Coral Garden\JULY 2024_CG_D\CG-D_T1\GOPR2937.JPG,Coral Garden\JULY 2024_CG_D\CG-D_T1\GOPR2937\Coral6.JPG,6,0.4901,Coral Garden D,T1,2
Coral Garden\AUG 2024_CG_D\AUG_2024_CG_D_T1\GOPR4565.JPG,Coral Garden\AUG 2024_CG_D\AUG_2024_CG_D_T1\GOPR4565\Coral2.JPG,2,0.1668,Coral Garden D,T1,2
Coral Garden\AUG 2024_CG_D\AUG_2024_CG_D_T1\GOPR4568.JPG,Coral Garden\AUG 2024_CG_D\AUG_2024_CG_D_T1\GOPR4568\Coral2.JPG,2,0.35,Coral Garden D,T1,2
Coral Garden\AUG 2024_CG_D\AUG_2024_CG_D_T1\GOPR4584.JPG,Coral Garden\AUG 2024_CG_D\AUG_2024_CG_D_T1\GOPR4584\Coral2.JPG,2,0.1786,Coral Garden D,T1,2
Coral Garden\AUG 2024_CG_D\AUG_2024_CG_D_T1\GOPR4562.JPG,Coral Garden\AUG 2024_CG_D\AUG_2024_CG_D_T1\GOPR4562\Coral47.JPG,47,0.1521,Coral Garden D,T1,2
Coral Garden\JULY 2024_CG_D\CG-D_T1\GOPR2929.JPG,Coral Garden\JULY 2024_CG_D\CG-D_T1\GOPR2929\Coral1.JPG,1,0.3353,Coral Garden D,T1,2
Coral Garden\JULY 2024_CG_D\CG-D_T1\GOPR2923.JPG,Coral Garden\JULY 2024_CG_D\CG-D_T1\GOPR2923\Coral6.JPG,6,0.2578,Coral Garden D,T1,2
Coral Garden\JULY 2024_CG_D\CG-D_T1\GOPR2917.JPG,Coral Garden\JULY 2024_CG_D\CG-D_T1\GOPR2917\Coral8.JPG,8,0.3462,Coral Garden D,T1,2
Coral Garden\JULY 2024_CG_D\CG-D_T1\GOPR2916.JPG,Coral Garden\JULY 2024_CG_D\CG-D_T1\GOPR2916\Coral4.JPG,4,0.3828,Coral Garden D,T1,2
Coral Garden\JULY 2024_CG_D\CG-D_T1\GOPR2965.JPG,Coral Garden\JULY 2024_CG_D\CG-D_T1\GOPR2965\Coral20.JPG,20,0.2119,Coral Garden D,T1,2
Coral Garden\AUG 2024_CG_D\AUG_2024_CG_D_T1\GOPR4560.JPG,Coral Garden\AUG 2024_CG_D\AUG_2024_CG_D_T1\GOPR4560\Coral13.JPG,13,0.3544,Coral Garden D,T1,2
Coral Garden\JULY 2024_CG_D\CG-D_T1\GOPR2951.JPG,Coral Garden\JULY 2024_CG_D\CG-D_T1\GOPR2951\Coral4.JPG,4,0.3442,Coral Garden D,T1,2
Coral Garden\JULY 2024_CG_D\CG-D_T1\GOPR2950.JPG,Coral Garden\JULY 2024_CG_D\CG-D_T1\GOPR2950\Coral2.JPG,2,0.7405,Coral Garden D,T1,2
Coral Garden\JULY 2024_CG_D\CG-D_T1\GOPR2932.JPG,Coral Garden\JULY 2024_CG_D\CG-D_T1\GOPR2932\Coral15.JPG,15,0.4949,Coral Garden D,T1,2
Coral Garden\JULY 2024_CG_D\CG-D_T1\GOPR2943.JPG,Coral Garden\JULY 2024_CG_D\CG-D_T1\GOPR2943\Coral3.JPG,3,0.4293,Coral Garden D,T1,2
Coral Garden\AUG 2024_CG_D\AUG_2024_CG_D_T1\GOPR4566.JPG,Coral Garden\AUG 2024_CG_D\AUG_2024_CG_D_T1\GOPR4566\Coral1.JPG,1,0.8476,Coral Garden D,T1,2
Coral Garden\JULY 2024_CG_D\CG-D_T1\GOPR2920.JPG,Coral Garden\JULY 2024_CG_D\CG-D_T1\GOPR2920\Coral7.JPG,7,0.4118,Coral Garden D,T1,2
Coral Garden\JULY 2024_CG_D\CG-D_T1\GOPR2941.JPG,Coral Garden\JULY 2024_CG_D\CG-D_T1\GOPR2941\Coral6.JPG,6,0.3685,Coral Garden D,T1,2
Coral Garden\JULY 2024_CG_D\CG-D_T1\GOPR2940.JPG,Coral Garden\JULY 2024_CG_D\CG-D_T1\GOPR2940\Coral9.JPG,9,0.4784,Coral Garden D,T1,2
Coral Garden\JULY 2024_CG_D\CG-D_T1\GOPR2929.JPG,Coral Garden\JULY 2024_CG_D\CG-D_T1\GOPR2929\Coral3.JPG,3,0.2021,Coral Garden D,T1,2
Coral Garden\JULY 2024_CG_D\CG-D_T1\GOPR2942.JPG,Coral Garden\JULY 2024_CG_D\CG-D_T1\GOPR2942\Coral32.JPG,32,0.1633,Coral Garden D,T1,2
Coral Garden\AUG 2024_CG_D\AUG_2024_CG_D_T1\GOPR4569.JPG,Coral Garden\AUG 2024_CG_D\AUG_2024_CG_D_T1\GOPR4569\Coral12.JPG,12,0.152,Coral Garden D,T1,2
Coral Garden\JULY 2024_CG_D\CG-D_T1\GOPR2917.JPG,Coral Garden\JULY 2024_CG_D\CG-D_T1\GOPR2917\Coral7.JPG,7,0.3772,Coral Garden D,T1,2
Coral Garden\AUG 2024_CG_D\AUG_2024_CG_D_T1\GOPR4533.JPG,Coral Garden\AUG 2024_CG_D\AUG_2024_CG_D_T1\GOPR4533\Coral5.JPG,5,0.2654,Coral Garden D,T1,2
Coral Garden\JULY 2024_CG_D\CG-D_T1\GOPR2922.JPG,Coral Garden\JULY 2024_CG_D\CG-D_T1\GOPR2922\Coral3.JPG,3,0.2833,Coral Garden D,T1,2
Coral Garden\JULY 2024_CG_D\CG-D_T1\GOPR2933.JPG,Coral Garden\JULY 2024_CG_D\CG-D_T1\GOPR2933\Coral19.JPG,19,0.1707,Coral Garden D,T1,2
Coral Garden\AUG 2024_CG_D\AUG_2024_CG_D_T1\GOPR4559.JPG,Coral Garden\AUG 2024_CG_D\AUG_2024_CG_D_T1\GOPR4559\Coral2.JPG,2,0.5971,Coral Garden D,T1,2
Coral Garden\JULY 2024_CG_D\CG-D_T1\GOPR2956.JPG,Coral Garden\JULY 2024_CG_D\CG-D_T1\GOPR2956\Coral30.JPG,30,0.1572,Coral Garden D,T1,2
Coral Garden\AUG 2024_CG_D\AUG_2024_CG_D_T1\GOPR4528.JPG,Coral Garden\AUG 2024_CG_D\AUG_2024_CG_D_T1\GOPR4528\Coral6.JPG,6,0.4004,Coral Garden D,T1,2
Coral Garden\AUG 2024_CG_D\AUG_2024_CG_D_T1\GOPR4557.JPG,Coral Garden\AUG 2024_CG_D\AUG_2024_CG_D_T1\GOPR4557\Coral6.JPG,6,0.2971,Coral Garden D,T1,2
Coral Garden\JULY 2024_CG_D\CG-D_T1\GOPR2963.JPG,Coral Garden\JULY 2024_CG_D\CG-D_T1\GOPR2963\Coral5.JPG,5,0.3414,Coral Garden D,T1,2
Coral Garden\JULY 2024_CG_D\CG-D_T1\GOPR2924.JPG,Coral Garden\JULY 2024_CG_D\CG-D_T1\GOPR2924\Coral2.JPG,2,0.8051,Coral Garden D,T1,2
Coral Garden\JULY 2024_CG_D\CG-D_T1\GOPR2919.JPG,Coral Garden\JULY 2024_CG_D\CG-D_T1\GOPR2919\Coral2.JPG,2,0.7577,Coral Garden D,T1,2
Coral Garden\JULY 2024_CG_D\CG-D_T1\GOPR2919.JPG,Coral Garden\JULY 2024_CG_D\CG-D_T1\GOPR2919\Coral24.JPG,24,0.1836,Coral Garden D,T1,2
Coral Garden\JULY 2024_CG_D\CG-D_T1\GOPR2919.JPG,Coral Garden\JULY 2024_CG_D\CG-D_T1\GOPR2919\Coral10.JPG,10,0.3921,Coral Garden D,T1,2
Coral Garden\JULY 2024_CG_D\CG-D_T1\GOPR2953.JPG,Coral Garden\JULY 2024_CG_D\CG-D_T1\GOPR2953\Coral17.JPG,17,0.1968,Coral Garden D,T1,2
Coral Garden\JULY 2024_CG_D\CG-D_T1\GOPR2953.JPG,Coral Garden\JULY 2024_CG_D\CG-D_T1\GOPR2953\Coral11.JPG,11,0.2917,Coral Garden D,T1,2
Coral Garden\JULY 2024_CG_D\CG-D_T1\GOPR2953.JPG,Coral Garden\JULY 2024_CG_D\CG-D_T1\GOPR2953\Coral3.JPG,3,0.6595,Coral Garden D,T1,2
Coral Garden\JULY 2024_CG_D\CG-D_T1\GOPR2953.JPG,Coral Garden\JULY 2024_CG_D\CG-D_T1\GOPR2953\Coral12.JPG,12,0.2679,Coral Garden D,T1,2
Coral Garden\AUG 2024_CG_D\AUG_2024_CG_D_T1\GOPR4585.JPG,Coral Garden\AUG 2024_CG_D\AUG_2024_CG_D_T1\GOPR4585\Coral6.JPG,6,0.1589,Coral Garden D,T1,2
Coral Garden\AUG 2024_CG_D\AUG_2024_CG_D_T1\GOPR4585.JPG,Coral Garden\AUG 2024_CG_D\AUG_2024_CG_D_T1\GOPR4585\Coral1.JPG,1,0.5763,Coral Garden D,T1,2
Coral Garden\AUG 2024_CG_D\AUG_2024_CG_D_T1\GOPR4552.JPG,Coral Garden\AUG 2024_CG_D\AUG_2024_CG_D_T1\GOPR4552\Coral30.JPG,30,0.2503,Coral Garden D,T1,2
Coral Garden\AUG 2024_CG_D\AUG_2024_CG_D_T1\GOPR4552.JPG,Coral Garden\AUG 2024_CG_D\AUG_2024_CG_D_T1\GOPR4552\Coral40.JPG,40,0.212,Coral Garden D,T1,2
Coral Garden\AUG 2024_CG_D\AUG_2024_CG_D_T1\GOPR4552.JPG,Coral Garden\AUG 2024_CG_D\AUG_2024_CG_D_T1\GOPR4552\Coral18.JPG,18,0.3821,Coral Garden D,T1,2
Coral Garden\AUG 2024_CG_D\AUG_2024_CG_D_T1\GOPR4552.JPG,Coral Garden\AUG 2024_CG_D\AUG_2024_CG_D_T1\GOPR4552\Coral13.JPG,13,0.4479,Coral Garden D,T1,2
Coral Garden\AUG 2024_CG_D\AUG_2024_CG_D_T1\GOPR4552.JPG,Coral Garden\AUG 2024_CG_D\AUG_2024_CG_D_T1\GOPR4552\Coral19.JPG,19,0.3802,Coral Garden D,T1,2
Coral Garden\AUG 2024_CG_D\AUG_2024_CG_D_T1\GOPR4552.JPG,Coral Garden\AUG 2024_CG_D\AUG_2024_CG_D_T1\GOPR4552\Coral7.JPG,7,0.5442,Coral Garden D,T1,2
Coral Garden\AUG 2024_CG_D\AUG_2024_CG_D_T1\GOPR4552.JPG,Coral Garden\AUG 2024_CG_D\AUG_2024_CG_D_T1\GOPR4552\Coral20.JPG,20,0.335,Coral Garden D,T1,2
Coral Garden\AUG 2024_CG_D\AUG_2024_CG_D_T1\GOPR4552.JPG,Coral Garden\AUG 2024_CG_D\AUG_2024_CG_D_T1\GOPR4552\Coral14.JPG,14,0.4372,Coral Garden D,T1,2
Coral Garden\JULY 2024_CG_D\CG-D_T1\GOPR2955.JPG,Coral Garden\JULY 2024_CG_D\CG-D_T1\GOPR2955\Coral29.JPG,29,0.1771,Coral Garden D,T1,2
Coral Garden\JULY 2024_CG_D\CG-D_T1\GOPR2955.JPG,Coral Garden\JULY 2024_CG_D\CG-D_T1\GOPR2955\Coral34.JPG,34,0.1584,Coral Garden D,T1,2
Coral Garden\JULY 2024_CG_D\CG-D_T1\GOPR2955.JPG,Coral Garden\JULY 2024_CG_D\CG-D_T1\GOPR2955\Coral20.JPG,20,0.2492,Coral Garden D,T1,2
Coral Garden\JULY 2024_CG_D\CG-D_T1\GOPR2955.JPG,Coral Garden\JULY 2024_CG_D\CG-D_T1\GOPR2955\Coral21.JPG,21,0.2442,Coral Garden D,T1,2
Coral Garden\JULY 2024_CG_D\CG-D_T1\GOPR2955.JPG,Coral Garden\JULY 2024_CG_D\CG-D_T1\GOPR2955\Coral23.JPG,23,0.2188,Coral Garden D,T1,2
Coral Garden\JULY 2024_CG_D\CG-D_T1\GOPR2955.JPG,Coral Garden\JULY 2024_CG_D\CG-D_T1\GOPR2955\Coral5.JPG,5,0.6202,Coral Garden D,T1,2
Coral Garden\JULY 2024_CG_D\CG-D_T1\GOPR2955.JPG,Coral Garden\JULY 2024_CG_D\CG-D_T1\GOPR2955\Coral30.JPG,30,0.175,Coral Garden D,T1,2
Coral Garden\AUG 2024_CG_D\AUG_2024_CG_D_T1\GOPR4531.JPG,Coral Garden\AUG 2024_CG_D\AUG_2024_CG_D_T1\GOPR4531\Coral1.JPG,1,0.7202,Coral Garden D,T1,2
Coral Garden\AUG 2024_CG_D\AUG_2024_CG_D_T1\GOPR4531.JPG,Coral Garden\AUG 2024_CG_D\AUG_2024_CG_D_T1\GOPR4531\Coral25.JPG,25,0.173,Coral Garden D,T1,2
Coral Garden\AUG 2024_CG_D\AUG_2024_CG_D_T1\GOPR4531.JPG,Coral Garden\AUG 2024_CG_D\AUG_2024_CG_D_T1\GOPR4531\Coral17.JPG,17,0.2315,Coral Garden D,T1,2
Coral Garden\AUG 2024_CG_D\AUG_2024_CG_D_T1\GOPR4531.JPG,Coral Garden\AUG 2024_CG_D\AUG_2024_CG_D_T1\GOPR4531\Coral16.JPG,16,0.2324,Coral Garden D,T1,2
Coral Garden\AUG 2024_CG_D\AUG_2024_CG_D_T1\GOPR4531.JPG,Coral Garden\AUG 2024_CG_D\AUG_2024_CG_D_T1\GOPR4531\Coral20.JPG,20,0.2063,Coral Garden D,T1,2
Coral Garden\AUG 2024_CG_D\AUG_2024_CG_D_T1\GOPR4531.JPG,Coral Garden\AUG 2024_CG_D\AUG_2024_CG_D_T1\GOPR4531\Coral27.JPG,27,0.1648,Coral Garden D,T1,2
Coral Garden\AUG 2024_CG_D\AUG_2024_CG_D_T1\GOPR4531.JPG,Coral Garden\AUG 2024_CG_D\AUG_2024_CG_D_T1\GOPR4531\Coral3.JPG,3,0.4954,Coral Garden D,T1,2
Coral Garden\AUG 2024_CG_D\AUG_2024_CG_D_T1\GOPR4531.JPG,Coral Garden\AUG 2024_CG_D\AUG_2024_CG_D_T1\GOPR4531\Coral22.JPG,22,0.1842,Coral Garden D,T1,2
Coral Garden\AUG 2024_CG_D\AUG_2024_CG_D_T1\GOPR4531.JPG,Coral Garden\AUG 2024_CG_D\AUG_2024_CG_D_T1\GOPR4531\Coral14.JPG,14,0.299,Coral Garden D,T1,2
Coral Garden\AUG 2024_CG_D\AUG_2024_CG_D_T1\GOPR4531.JPG,Coral Garden\AUG 2024_CG_D\AUG_2024_CG_D_T1\GOPR4531\Coral18.JPG,18,0.2161,Coral Garden D,T1,2
Coral Garden\JULY 2024_CG_D\CG-D_T1\GOPR2921.JPG,Coral Garden\JULY 2024_CG_D\CG-D_T1\GOPR2921\Coral8.JPG,8,0.274,Coral Garden D,T1,2
Coral Garden\JULY 2024_CG_D\CG-D_T1\GOPR2921.JPG,Coral Garden\JULY 2024_CG_D\CG-D_T1\GOPR2921\Coral4.JPG,4,0.4774,Coral Garden D,T1,2
Coral Garden\JULY 2024_CG_D\CG-D_T1\GOPR2921.JPG,Coral Garden\JULY 2024_CG_D\CG-D_T1\GOPR2921\Coral12.JPG,12,0.1644,Coral Garden D,T1,2
Coral Garden\AUG 2024_CG_D\AUG_2024_CG_D_T1\GOPR4575.JPG,Coral Garden\AUG 2024_CG_D\AUG_2024_CG_D_T1\GOPR4575\Coral4.JPG,4,0.2073,Coral Garden D,T1,2
Coral Garden\AUG 2024_CG_D\AUG_2024_CG_D_T1\GOPR4574.JPG,Coral Garden\AUG 2024_CG_D\AUG_2024_CG_D_T1\GOPR4574\Coral12.JPG,12,0.3904,Coral Garden D,T1,2
Coral Garden\AUG 2024_CG_D\AUG_2024_CG_D_T1\GOPR4574.JPG,Coral Garden\AUG 2024_CG_D\AUG_2024_CG_D_T1\GOPR4574\Coral11.JPG,11,0.4176,Coral Garden D,T1,2
Coral Garden\AUG 2024_CG_D\AUG_2024_CG_D_T1\GOPR4574.JPG,Coral Garden\AUG 2024_CG_D\AUG_2024_CG_D_T1\GOPR4574\Coral2.JPG,2,0.6935,Coral Garden D,T1,2
Coral Garden\AUG 2024_CG_D\AUG_2024_CG_D_T1\GOPR4574.JPG,Coral Garden\AUG 2024_CG_D\AUG_2024_CG_D_T1\GOPR4574\Coral15.JPG,15,0.3624,Coral Garden D,T1,2
Coral Garden\AUG 2024_CG_D\AUG_2024_CG_D_T1\GOPR4555.JPG,Coral Garden\AUG 2024_CG_D\AUG_2024_CG_D_T1\GOPR4555\Coral2.JPG,2,0.6806,Coral Garden D,T1,2
Coral Garden\AUG 2024_CG_D\AUG_2024_CG_D_T1\GOPR4555.JPG,Coral Garden\AUG 2024_CG_D\AUG_2024_CG_D_T1\GOPR4555\Coral10.JPG,10,0.3229,Coral Garden D,T1,2
Coral Garden\JULY 2024_CG_D\CG-D_T1\GOPR2934.JPG,Coral Garden\JULY 2024_CG_D\CG-D_T1\GOPR2934\Coral1.JPG,1,0.5432,Coral Garden D,T1,2
Coral Garden\JULY 2024_CG_D\CG-D_T1\GOPR2934.JPG,Coral Garden\JULY 2024_CG_D\CG-D_T1\GOPR2934\Coral10.JPG,10,0.1567,Coral Garden D,T1,2
Coral Garden\JULY 2024_CG_D\CG-D_T1\GOPR2934.JPG,Coral Garden\JULY 2024_CG_D\CG-D_T1\GOPR2934\Coral4.JPG,4,0.3069,Coral Garden D,T1,2
Coral Garden\AUG 2024_CG_D\AUG_2024_CG_D_T1\GOPR4562.JPG,Coral Garden\AUG 2024_CG_D\AUG_2024_CG_D_T1\GOPR4562\Coral23.JPG,23,0.2527,Coral Garden D,T1,2
Coral Garden\AUG 2024_CG_D\AUG_2024_CG_D_T1\GOPR4562.JPG,Coral Garden\AUG 2024_CG_D\AUG_2024_CG_D_T1\GOPR4562\Coral21.JPG,21,0.2684,Coral Garden D,T1,2
Coral Garden\AUG 2024_CG_D\AUG_2024_CG_D_T1\GOPR4562.JPG,Coral Garden\AUG 2024_CG_D\AUG_2024_CG_D_T1\GOPR4562\Coral20.JPG,20,0.2732,Coral Garden D,T1,2
Coral Garden\AUG 2024_CG_D\AUG_2024_CG_D_T1\GOPR4562.JPG,Coral Garden\AUG 2024_CG_D\AUG_2024_CG_D_T1\GOPR4562\Coral30.JPG,30,0.2086,Coral Garden D,T1,2
Coral Garden\AUG 2024_CG_D\AUG_2024_CG_D_T1\GOPR4562.JPG,Coral Garden\AUG 2024_CG_D\AUG_2024_CG_D_T1\GOPR4562\Coral27.JPG,27,0.2285,Coral Garden D,T1,2
Coral Garden\AUG 2024_CG_D\AUG_2024_CG_D_T1\GOPR4562.JPG,Coral Garden\AUG 2024_CG_D\AUG_2024_CG_D_T1\GOPR4562\Coral17.JPG,17,0.2828,Coral Garden D,T1,2
Coral Garden\AUG 2024_CG_D\AUG_2024_CG_D_T1\GOPR4562.JPG,Coral Garden\AUG 2024_CG_D\AUG_2024_CG_D_T1\GOPR4562\Coral41.JPG,41,0.164,Coral Garden D,T1,2
Coral Garden\AUG 2024_CG_D\AUG_2024_CG_D_T1\GOPR4562.JPG,Coral Garden\AUG 2024_CG_D\AUG_2024_CG_D_T1\GOPR4562\Coral24.JPG,24,0.2472,Coral Garden D,T1,2
Coral Garden\AUG 2024_CG_D\AUG_2024_CG_D_T1\GOPR4562.JPG,Coral Garden\AUG 2024_CG_D\AUG_2024_CG_D_T1\GOPR4562\Coral46.JPG,46,0.1525,Coral Garden D,T1,2
Coral Garden\AUG 2024_CG_D\AUG_2024_CG_D_T1\GOPR4562.JPG,Coral Garden\AUG 2024_CG_D\AUG_2024_CG_D_T1\GOPR4562\Coral43.JPG,43,0.1567,Coral Garden D,T1,2
Coral Garden\AUG 2024_CG_D\AUG_2024_CG_D_T1\GOPR4562.JPG,Coral Garden\AUG 2024_CG_D\AUG_2024_CG_D_T1\GOPR4562\Coral22.JPG,22,0.2661,Coral Garden D,T1,2
Coral Garden\AUG 2024_CG_D\AUG_2024_CG_D_T1\GOPR4562.JPG,Coral Garden\AUG 2024_CG_D\AUG_2024_CG_D_T1\GOPR4562\Coral26.JPG,26,0.2319,Coral Garden D,T1,2
Coral Garden\JULY 2024_CG_D\CG-D_T1\GOPR2941.JPG,Coral Garden\JULY 2024_CG_D\CG-D_T1\GOPR2941\Coral2.JPG,2,0.4757,Coral Garden D,T1,2
Coral Garden\AUG 2024_CG_D\AUG_2024_CG_D_T1\GOPR4529.JPG,Coral Garden\AUG 2024_CG_D\AUG_2024_CG_D_T1\GOPR4529\Coral21.JPG,21,0.1709,Coral Garden D,T1,2
Coral Garden\AUG 2024_CG_D\AUG_2024_CG_D_T1\GOPR4529.JPG,Coral Garden\AUG 2024_CG_D\AUG_2024_CG_D_T1\GOPR4529\Coral5.JPG,5,0.3788,Coral Garden D,T1,2
Coral Garden\JULY 2024_CG_D\CG-D_T1\GOPR2940.JPG,Coral Garden\JULY 2024_CG_D\CG-D_T1\GOPR2940\Coral21.JPG,21,0.2416,Coral Garden D,T1,2
Coral Garden\JULY 2024_CG_D\CG-D_T1\GOPR2940.JPG,Coral Garden\JULY 2024_CG_D\CG-D_T1\GOPR2940\Coral1.JPG,1,0.7578,Coral Garden D,T1,2
Coral Garden\JULY 2024_CG_D\CG-D_T1\GOPR2940.JPG,Coral Garden\JULY 2024_CG_D\CG-D_T1\GOPR2940\Coral6.JPG,6,0.5241,Coral Garden D,T1,2
Coral Garden\JULY 2024_CG_D\CG-D_T1\GOPR2942.JPG,Coral Garden\JULY 2024_CG_D\CG-D_T1\GOPR2942\Coral18.JPG,18,0.3443,Coral Garden D,T1,2
Coral Garden\JULY 2024_CG_D\CG-D_T1\GOPR2942.JPG,Coral Garden\JULY 2024_CG_D\CG-D_T1\GOPR2942\Coral3.JPG,3,0.7666,Coral Garden D,T1,2
Coral Garden\JULY 2024_CG_D\CG-D_T1\GOPR2942.JPG,Coral Garden\JULY 2024_CG_D\CG-D_T1\GOPR2942\Coral4.JPG,4,0.7067,Coral Garden D,T1,2
Coral Garden\JULY 2024_CG_D\CG-D_T1\GOPR2942.JPG,Coral Garden\JULY 2024_CG_D\CG-D_T1\GOPR2942\Coral21.JPG,21,0.2874,Coral Garden D,T1,2
Coral Garden\AUG 2024_CG_D\AUG_2024_CG_D_T2\GOPR4618.JPG,Coral Garden\AUG 2024_CG_D\AUG_2024_CG_D_T2\GOPR4618\Coral12.JPG,12,0.1767,Coral Garden D,T2,2
Coral Garden\JULY 2024_CG_D\CG-D_T2\GOPR2999.JPG,Coral Garden\JULY 2024_CG_D\CG-D_T2\GOPR2999\Coral3.JPG,3,0.2709,Coral Garden D,T2,2
Coral Garden\AUG 2024_CG_D\AUG_2024_CG_D_T2\GOPR4609.JPG,Coral Garden\AUG 2024_CG_D\AUG_2024_CG_D_T2\GOPR4609\Coral1.JPG,1,0.337,Coral Garden D,T2,2
Coral Garden\JULY 2024_CG_D\CG-D_T2\GOPR3006.JPG,Coral Garden\JULY 2024_CG_D\CG-D_T2\GOPR3006\Coral3.JPG,3,0.5248,Coral Garden D,T2,2
Coral Garden\JULY 2024_CG_D\CG-D_T2\GOPR2976.JPG,Coral Garden\JULY 2024_CG_D\CG-D_T2\GOPR2976\Coral4.JPG,4,0.2186,Coral Garden D,T2,2
Coral Garden\AUG 2024_CG_D\AUG_2024_CG_D_T2\GOPR4631.JPG,Coral Garden\AUG 2024_CG_D\AUG_2024_CG_D_T2\GOPR4631\Coral17.JPG,17,0.4279,Coral Garden D,T2,2
Coral Garden\AUG 2024_CG_D\AUG_2024_CG_D_T2\GOPR4606.JPG,Coral Garden\AUG 2024_CG_D\AUG_2024_CG_D_T2\GOPR4606\Coral3.JPG,3,0.1622,Coral Garden D,T2,2
Coral Garden\AUG 2024_CG_D\AUG_2024_CG_D_T2\GOPR4608.JPG,Coral Garden\AUG 2024_CG_D\AUG_2024_CG_D_T2\GOPR4608\Coral7.JPG,7,0.1761,Coral Garden D,T2,2
Coral Garden\AUG 2024_CG_D\AUG_2024_CG_D_T2\GOPR4613.JPG,Coral Garden\AUG 2024_CG_D\AUG_2024_CG_D_T2\GOPR4613\Coral1.JPG,1,0.3969,Coral Garden D,T2,2
Coral Garden\AUG 2024_CG_D\AUG_2024_CG_D_T2\GOPR4628.JPG,Coral Garden\AUG 2024_CG_D\AUG_2024_CG_D_T2\GOPR4628\Coral13.JPG,13,0.1593,Coral Garden D,T2,2
Coral Garden\AUG 2024_CG_D\AUG_2024_CG_D_T2\GOPR4616.JPG,Coral Garden\AUG 2024_CG_D\AUG_2024_CG_D_T2\GOPR4616\Coral3.JPG,3,0.2861,Coral Garden D,T2,2
Coral Garden\AUG 2024_CG_D\AUG_2024_CG_D_T2\GOPR4615.JPG,Coral Garden\AUG 2024_CG_D\AUG_2024_CG_D_T2\GOPR4615\Coral4.JPG,4,0.2116,Coral Garden D,T2,2
Coral Garden\AUG 2024_CG_D\AUG_2024_CG_D_T2\GOPR4632.JPG,Coral Garden\AUG 2024_CG_D\AUG_2024_CG_D_T2\GOPR4632\Coral3.JPG,3,0.5943,Coral Garden D,T2,2
Coral Garden\JULY 2024_CG_D\CG-D_T2\GOPR2992.JPG,Coral Garden\JULY 2024_CG_D\CG-D_T2\GOPR2992\Coral2.JPG,2,0.6806,Coral Garden D,T2,2
Coral Garden\AUG 2024_CG_D\AUG_2024_CG_D_T2\GOPR4621.JPG,Coral Garden\AUG 2024_CG_D\AUG_2024_CG_D_T2\GOPR4621\Coral9.JPG,9,0.1547,Coral Garden D,T2,2
Coral Garden\AUG 2024_CG_D\AUG_2024_CG_D_T2\GOPR4605.JPG,Coral Garden\AUG 2024_CG_D\AUG_2024_CG_D_T2\GOPR4605\Coral4.JPG,4,0.2528,Coral Garden D,T2,2
Coral Garden\JULY 2024_CG_D\CG-D_T2\GOPR2975.JPG,Coral Garden\JULY 2024_CG_D\CG-D_T2\GOPR2975\Coral1.JPG,1,0.2023,Coral Garden D,T2,2
Coral Garden\AUG 2024_CG_D\AUG_2024_CG_D_T2\GOPR4618.JPG,Coral Garden\AUG 2024_CG_D\AUG_2024_CG_D_T2\GOPR4618\Coral3.JPG,3,0.5848,Coral Garden D,T2,2
Coral Garden\JULY 2024_CG_D\CG-D_T2\GOPR3015.JPG,Coral Garden\JULY 2024_CG_D\CG-D_T2\GOPR3015\Coral3.JPG,3,0.4607,Coral Garden D,T2,2
Coral Garden\AUG 2024_CG_D\AUG_2024_CG_D_T2\GOPR4617.JPG,Coral Garden\AUG 2024_CG_D\AUG_2024_CG_D_T2\GOPR4617\Coral12.JPG,12,0.5527,Coral Garden D,T2,2
Coral Garden\AUG 2024_CG_D\AUG_2024_CG_D_T2\GOPR4607.JPG,Coral Garden\AUG 2024_CG_D\AUG_2024_CG_D_T2\GOPR4607\Coral2.JPG,2,0.1798,Coral Garden D,T2,2
Coral Garden\JULY 2024_CG_D\CG-D_T2\GOPR2978.JPG,Coral Garden\JULY 2024_CG_D\CG-D_T2\GOPR2978\Coral2.JPG,2,0.5828,Coral Garden D,T2,2
Coral Garden\AUG 2024_CG_D\AUG_2024_CG_D_T2\GOPR4634.JPG,Coral Garden\AUG 2024_CG_D\AUG_2024_CG_D_T2\GOPR4634\Coral3.JPG,3,0.749,Coral Garden D,T2,2
Coral Garden\JULY 2024_CG_D\CG-D_T2\GOPR3007.JPG,Coral Garden\JULY 2024_CG_D\CG-D_T2\GOPR3007\Coral9.JPG,9,0.4223,Coral Garden D,T2,2
Coral Garden\AUG 2024_CG_D\AUG_2024_CG_D_T2\GOPR4589.JPG,Coral Garden\AUG 2024_CG_D\AUG_2024_CG_D_T2\GOPR4589\Coral7.JPG,7,0.1918,Coral Garden D,T2,2
Coral Garden\AUG 2024_CG_D\AUG_2024_CG_D_T2\GOPR4588.JPG,Coral Garden\AUG 2024_CG_D\AUG_2024_CG_D_T2\GOPR4588\Coral7.JPG,7,0.5464,Coral Garden D,T2,2
Coral Garden\AUG 2024_CG_D\AUG_2024_CG_D_T2\GOPR4601.JPG,Coral Garden\AUG 2024_CG_D\AUG_2024_CG_D_T2\GOPR4601\Coral3.JPG,3,0.5024,Coral Garden D,T2,2
Coral Garden\JULY 2024_CG_D\CG-D_T2\GOPR3001.JPG,Coral Garden\JULY 2024_CG_D\CG-D_T2\GOPR3001\Coral5.JPG,5,0.4928,Coral Garden D,T2,2
Coral Garden\AUG 2024_CG_D\AUG_2024_CG_D_T2\GOPR4631.JPG,Coral Garden\AUG 2024_CG_D\AUG_2024_CG_D_T2\GOPR4631\Coral34.JPG,34,0.254,Coral Garden D,T2,2
Coral Garden\AUG 2024_CG_D\AUG_2024_CG_D_T2\GOPR4616.JPG,Coral Garden\AUG 2024_CG_D\AUG_2024_CG_D_T2\GOPR4616\Coral7.JPG,7,0.16,Coral Garden D,T2,2
Coral Garden\JULY 2024_CG_D\CG-D_T2\GOPR2990.JPG,Coral Garden\JULY 2024_CG_D\CG-D_T2\GOPR2990\Coral8.JPG,8,0.2021,Coral Garden D,T2,2
Coral Garden\JULY 2024_CG_D\CG-D_T2\GOPR2984.JPG,Coral Garden\JULY 2024_CG_D\CG-D_T2\GOPR2984\Coral1.JPG,1,0.8847,Coral Garden D,T2,2
Coral Garden\JULY 2024_CG_D\CG-D_T2\GOPR2992.JPG,Coral Garden\JULY 2024_CG_D\CG-D_T2\GOPR2992\Coral7.JPG,7,0.456,Coral Garden D,T2,2
Coral Garden\AUG 2024_CG_D\AUG_2024_CG_D_T2\GOPR4621.JPG,Coral Garden\AUG 2024_CG_D\AUG_2024_CG_D_T2\GOPR4621\Coral4.JPG,4,0.2926,Coral Garden D,T2,2
Coral Garden\JULY 2024_CG_D\CG-D_T2\GOPR2981.JPG,Coral Garden\JULY 2024_CG_D\CG-D_T2\GOPR2981\Coral11.JPG,11,0.5161,Coral Garden D,T2,2
Coral Garden\AUG 2024_CG_D\AUG_2024_CG_D_T2\GOPR4591.JPG,Coral Garden\AUG 2024_CG_D\AUG_2024_CG_D_T2\GOPR4591\Coral4.JPG,4,0.1597,Coral Garden D,T2,2
Coral Garden\JULY 2024_CG_D\CG-D_T2\GOPR3010.JPG,Coral Garden\JULY 2024_CG_D\CG-D_T2\GOPR3010\Coral3.JPG,3,0.5747,Coral Garden D,T2,2
Coral Garden\JULY 2024_CG_D\CG-D_T2\GOPR3016.JPG,Coral Garden\JULY 2024_CG_D\CG-D_T2\GOPR3016\Coral12.JPG,12,0.198,Coral Garden D,T2,2
Coral Garden\JULY 2024_CG_D\CG-D_T2\GOPR3003.JPG,Coral Garden\JULY 2024_CG_D\CG-D_T2\GOPR3003\Coral3.JPG,3,0.2639,Coral Garden D,T2,2
Coral Garden\JULY 2024_CG_D\CG-D_T2\GOPR2979.JPG,Coral Garden\JULY 2024_CG_D\CG-D_T2\GOPR2979\Coral13.JPG,13,0.2444,Coral Garden D,T2,2
Coral Garden\JULY 2024_CG_D\CG-D_T2\GOPR3014.JPG,Coral Garden\JULY 2024_CG_D\CG-D_T2\GOPR3014\Coral11.JPG,11,0.2864,Coral Garden D,T2,2
Coral Garden\AUG 2024_CG_D\AUG_2024_CG_D_T2\GOPR4631.JPG,Coral Garden\AUG 2024_CG_D\AUG_2024_CG_D_T2\GOPR4631\Coral37.JPG,37,0.2149,Coral Garden D,T2,2
Coral Garden\JULY 2024_CG_D\CG-D_T2\GOPR2991.JPG,Coral Garden\JULY 2024_CG_D\CG-D_T2\GOPR2991\Coral12.JPG,12,0.188,Coral Garden D,T2,2
Coral Garden\JULY 2024_CG_D\CG-D_T2\GOPR2988.JPG,Coral Garden\JULY 2024_CG_D\CG-D_T2\GOPR2988\Coral9.JPG,9,0.2425,Coral Garden D,T2,2
Coral Garden\AUG 2024_CG_D\AUG_2024_CG_D_T2\GOPR4623.JPG,Coral Garden\AUG 2024_CG_D\AUG_2024_CG_D_T2\GOPR4623\Coral1.JPG,1,0.4669,Coral Garden D,T2,2
Coral Garden\AUG 2024_CG_D\AUG_2024_CG_D_T2\GOPR4615.JPG,Coral Garden\AUG 2024_CG_D\AUG_2024_CG_D_T2\GOPR4615\Coral8.JPG,8,0.1653,Coral Garden D,T2,2
Coral Garden\JULY 2024_CG_D\CG-D_T2\GOPR2981.JPG,Coral Garden\JULY 2024_CG_D\CG-D_T2\GOPR2981\Coral1.JPG,1,0.8016,Coral Garden D,T2,2
Coral Garden\JULY 2024_CG_D\CG-D_T2\GOPR3011.JPG,Coral Garden\JULY 2024_CG_D\CG-D_T2\GOPR3011\Coral5.JPG,5,0.5232,Coral Garden D,T2,2
Coral Garden\AUG 2024_CG_D\AUG_2024_CG_D_T2\GOPR4591.JPG,Coral Garden\AUG 2024_CG_D\AUG_2024_CG_D_T2\GOPR4591\Coral2.JPG,2,0.2412,Coral Garden D,T2,2
Coral Garden\AUG 2024_CG_D\AUG_2024_CG_D_T2\GOPR4625.JPG,Coral Garden\AUG 2024_CG_D\AUG_2024_CG_D_T2\GOPR4625\Coral6.JPG,6,0.1507,Coral Garden D,T2,2
Coral Garden\JULY 2024_CG_D\CG-D_T2\GOPR2985.JPG,Coral Garden\JULY 2024_CG_D\CG-D_T2\GOPR2985\Coral5.JPG,5,0.3876,Coral Garden D,T2,2
Coral Garden\JULY 2024_CG_D\CG-D_T2\GOPR2985.JPG,Coral Garden\JULY 2024_CG_D\CG-D_T2\GOPR2985\Coral10.JPG,10,0.3492,Coral Garden D,T2,2
Coral Garden\JULY 2024_CG_D\CG-D_T2\GOPR2985.JPG,Coral Garden\JULY 2024_CG_D\CG-D_T2\GOPR2985\Coral9.JPG,9,0.3516,Coral Garden D,T2,2
Coral Garden\JULY 2024_CG_D\CG-D_T2\GOPR3008.JPG,Coral Garden\JULY 2024_CG_D\CG-D_T2\GOPR3008\Coral14.JPG,14,0.4279,Coral Garden D,T2,2
Coral Garden\JULY 2024_CG_D\CG-D_T2\GOPR3008.JPG,Coral Garden\JULY 2024_CG_D\CG-D_T2\GOPR3008\Coral15.JPG,15,0.3817,Coral Garden D,T2,2
Coral Garden\JULY 2024_CG_D\CG-D_T2\GOPR3008.JPG,Coral Garden\JULY 2024_CG_D\CG-D_T2\GOPR3008\Coral2.JPG,2,0.6891,Coral Garden D,T2,2
Coral Garden\JULY 2024_CG_D\CG-D_T2\GOPR3008.JPG,Coral Garden\JULY 2024_CG_D\CG-D_T2\GOPR3008\Coral9.JPG,9,0.4996,Coral Garden D,T2,2
Coral Garden\JULY 2024_CG_D\CG-D_T2\GOPR3008.JPG,Coral Garden\JULY 2024_CG_D\CG-D_T2\GOPR3008\Coral5.JPG,5,0.6145,Coral Garden D,T2,2
Coral Garden\JULY 2024_CG_D\CG-D_T2\GOPR3008.JPG,Coral Garden\JULY 2024_CG_D\CG-D_T2\GOPR3008\Coral32.JPG,32,0.1618,Coral Garden D,T2,2
Coral Garden\JULY 2024_CG_D\CG-D_T2\GOPR2994.JPG,Coral Garden\JULY 2024_CG_D\CG-D_T2\GOPR2994\Coral4.JPG,4,0.6762,Coral Garden D,T2,2
Coral Garden\JULY 2024_CG_D\CG-D_T2\GOPR2994.JPG,Coral Garden\JULY 2024_CG_D\CG-D_T2\GOPR2994\Coral6.JPG,6,0.6476,Coral Garden D,T2,2
Coral Garden\JULY 2024_CG_D\CG-D_T2\GOPR2994.JPG,Coral Garden\JULY 2024_CG_D\CG-D_T2\GOPR2994\Coral41.JPG,41,0.1975,Coral Garden D,T2,2
Coral Garden\JULY 2024_CG_D\CG-D_T2\GOPR2994.JPG,Coral Garden\JULY 2024_CG_D\CG-D_T2\GOPR2994\Coral30.JPG,30,0.2858,Coral Garden D,T2,2
Coral Garden\JULY 2024_CG_D\CG-D_T2\GOPR2994.JPG,Coral Garden\JULY 2024_CG_D\CG-D_T2\GOPR2994\Coral34.JPG,34,0.2633,Coral Garden D,T2,2
Coral Garden\JULY 2024_CG_D\CG-D_T2\GOPR2986.JPG,Coral Garden\JULY 2024_CG_D\CG-D_T2\GOPR2986\Coral3.JPG,3,0.6919,Coral Garden D,T2,2
Coral Garden\JULY 2024_CG_D\CG-D_T2\GOPR2986.JPG,Coral Garden\JULY 2024_CG_D\CG-D_T2\GOPR2986\Coral1.JPG,1,0.7656,Coral Garden D,T2,2
Coral Garden\JULY 2024_CG_D\CG-D_T2\GOPR2986.JPG,Coral Garden\JULY 2024_CG_D\CG-D_T2\GOPR2986\Coral19.JPG,19,0.2804,Coral Garden D,T2,2
Coral Garden\JULY 2024_CG_D\CG-D_T2\GOPR2986.JPG,Coral Garden\JULY 2024_CG_D\CG-D_T2\GOPR2986\Coral31.JPG,31,0.1647,Coral Garden D,T2,2
Coral Garden\AUG 2024_CG_D\AUG_2024_CG_D_T2\GOPR4598.JPG,Coral Garden\AUG 2024_CG_D\AUG_2024_CG_D_T2\GOPR4598\Coral1.JPG,1,0.6926,Coral Garden D,T2,2
Coral Garden\AUG 2024_CG_D\AUG_2024_CG_D_T2\GOPR4598.JPG,Coral Garden\AUG 2024_CG_D\AUG_2024_CG_D_T2\GOPR4598\Coral25.JPG,25,0.1773,Coral Garden D,T2,2
Coral Garden\AUG 2024_CG_D\AUG_2024_CG_D_T2\GOPR4598.JPG,Coral Garden\AUG 2024_CG_D\AUG_2024_CG_D_T2\GOPR4598\Coral10.JPG,10,0.3444,Coral Garden D,T2,2
Coral Garden\AUG 2024_CG_D\AUG_2024_CG_D_T2\GOPR4598.JPG,Coral Garden\AUG 2024_CG_D\AUG_2024_CG_D_T2\GOPR4598\Coral24.JPG,24,0.1791,Coral Garden D,T2,2
Coral Garden\AUG 2024_CG_D\AUG_2024_CG_D_T2\GOPR4598.JPG,Coral Garden\AUG 2024_CG_D\AUG_2024_CG_D_T2\GOPR4598\Coral13.JPG,13,0.2907,Coral Garden D,T2,2
Coral Garden\AUG 2024_CG_D\AUG_2024_CG_D_T2\GOPR4598.JPG,Coral Garden\AUG 2024_CG_D\AUG_2024_CG_D_T2\GOPR4598\Coral23.JPG,23,0.1934,Coral Garden D,T2,2
Coral Garden\AUG 2024_CG_D\AUG_2024_CG_D_T2\GOPR4598.JPG,Coral Garden\AUG 2024_CG_D\AUG_2024_CG_D_T2\GOPR4598\Coral31.JPG,31,0.1562,Coral Garden D,T2,2
Coral Garden\AUG 2024_CG_D\AUG_2024_CG_D_T2\GOPR4629.JPG,Coral Garden\AUG 2024_CG_D\AUG_2024_CG_D_T2\GOPR4629\Coral20.JPG,20,0.2579,Coral Garden D,T2,2
Coral Garden\AUG 2024_CG_D\AUG_2024_CG_D_T2\GOPR4629.JPG,Coral Garden\AUG 2024_CG_D\AUG_2024_CG_D_T2\GOPR4629\Coral23.JPG,23,0.2474,Coral Garden D,T2,2
Coral Garden\AUG 2024_CG_D\AUG_2024_CG_D_T2\GOPR4629.JPG,Coral Garden\AUG 2024_CG_D\AUG_2024_CG_D_T2\GOPR4629\Coral5.JPG,5,0.6778,Coral Garden D,T2,2
Coral Garden\AUG 2024_CG_D\AUG_2024_CG_D_T2\GOPR4629.JPG,Coral Garden\AUG 2024_CG_D\AUG_2024_CG_D_T2\GOPR4629\Coral22.JPG,22,0.2537,Coral Garden D,T2,2
Coral Garden\AUG 2024_CG_D\AUG_2024_CG_D_T2\GOPR4629.JPG,Coral Garden\AUG 2024_CG_D\AUG_2024_CG_D_T2\GOPR4629\Coral30.JPG,30,0.1955,Coral Garden D,T2,2
Coral Garden\AUG 2024_CG_D\AUG_2024_CG_D_T2\GOPR4629.JPG,Coral Garden\AUG 2024_CG_D\AUG_2024_CG_D_T2\GOPR4629\Coral19.JPG,19,0.2617,Coral Garden D,T2,2
Coral Garden\AUG 2024_CG_D\AUG_2024_CG_D_T2\GOPR4629.JPG,Coral Garden\AUG 2024_CG_D\AUG_2024_CG_D_T2\GOPR4629\Coral21.JPG,21,0.255,Coral Garden D,T2,2
Coral Garden\AUG 2024_CG_D\AUG_2024_CG_D_T2\GOPR4629.JPG,Coral Garden\AUG 2024_CG_D\AUG_2024_CG_D_T2\GOPR4629\Coral25.JPG,25,0.2144,Coral Garden D,T2,2
Coral Garden\AUG 2024_CG_D\AUG_2024_CG_D_T2\GOPR4629.JPG,Coral Garden\AUG 2024_CG_D\AUG_2024_CG_D_T2\GOPR4629\Coral13.JPG,13,0.327,Coral Garden D,T2,2
Coral Garden\AUG 2024_CG_D\AUG_2024_CG_D_T2\GOPR4629.JPG,Coral Garden\AUG 2024_CG_D\AUG_2024_CG_D_T2\GOPR4629\Coral2.JPG,2,0.7343,Coral Garden D,T2,2
Coral Garden\JULY 2024_CG_D\CG-D_T2\GOPR3000.JPG,Coral Garden\JULY 2024_CG_D\CG-D_T2\GOPR3000\Coral17.JPG,17,0.2073,Coral Garden D,T2,2
Coral Garden\JULY 2024_CG_D\CG-D_T2\GOPR3000.JPG,Coral Garden\JULY 2024_CG_D\CG-D_T2\GOPR3000\Coral10.JPG,10,0.321,Coral Garden D,T2,2
Coral Garden\JULY 2024_CG_D\CG-D_T2\GOPR2972.JPG,Coral Garden\JULY 2024_CG_D\CG-D_T2\GOPR2972\Coral4.JPG,4,0.2936,Coral Garden D,T2,2
Coral Garden\AUG 2024_CG_D\AUG_2024_CG_D_T2\GOPR4602.JPG,Coral Garden\AUG 2024_CG_D\AUG_2024_CG_D_T2\GOPR4602\Coral8.JPG,8,0.2468,Coral Garden D,T2,2
Coral Garden\AUG 2024_CG_D\AUG_2024_CG_D_T2\GOPR4602.JPG,Coral Garden\AUG 2024_CG_D\AUG_2024_CG_D_T2\GOPR4602\Coral2.JPG,2,0.5514,Coral Garden D,T2,2
Coral Garden\AUG 2024_CG_D\AUG_2024_CG_D_T2\GOPR4602.JPG,Coral Garden\AUG 2024_CG_D\AUG_2024_CG_D_T2\GOPR4602\Coral4.JPG,4,0.4171,Coral Garden D,T2,2
Coral Garden\AUG 2024_CG_D\AUG_2024_CG_D_T2\GOPR4602.JPG,Coral Garden\AUG 2024_CG_D\AUG_2024_CG_D_T2\GOPR4602\Coral6.JPG,6,0.3095,Coral Garden D,T2,2
Coral Garden\JULY 2024_CG_D\CG-D_T2\GOPR3022.JPG,Coral Garden\JULY 2024_CG_D\CG-D_T2\GOPR3022\Coral11.JPG,11,0.3959,Coral Garden D,T2,2
Coral Garden\JULY 2024_CG_D\CG-D_T2\GOPR3022.JPG,Coral Garden\JULY 2024_CG_D\CG-D_T2\GOPR3022\Coral15.JPG,15,0.3435,Coral Garden D,T2,2
Coral Garden\JULY 2024_CG_D\CG-D_T2\GOPR3022.JPG,Coral Garden\JULY 2024_CG_D\CG-D_T2\GOPR3022\Coral25.JPG,25,0.1605,Coral Garden D,T2,2
Coral Garden\JULY 2024_CG_D\CG-D_T2\GOPR3022.JPG,Coral Garden\JULY 2024_CG_D\CG-D_T2\GOPR3022\Coral16.JPG,16,0.3112,Coral Garden D,T2,2
Coral Garden\JULY 2024_CG_D\CG-D_T2\GOPR3017.JPG,Coral Garden\JULY 2024_CG_D\CG-D_T2\GOPR3017\Coral4.JPG,4,0.3276,Coral Garden D,T2,2
Coral Garden\JULY 2024_CG_D\CG-D_T2\GOPR3017.JPG,Coral Garden\JULY 2024_CG_D\CG-D_T2\GOPR3017\Coral21.JPG,21,0.1544,Coral Garden D,T2,2
Coral Garden\AUG 2024_CG_D\AUG_2024_CG_D_T2\GOPR4592.JPG,Coral Garden\AUG 2024_CG_D\AUG_2024_CG_D_T2\GOPR4592\Coral12.JPG,12,0.2023,Coral Garden D,T2,2
Coral Garden\AUG 2024_CG_D\AUG_2024_CG_D_T2\GOPR4592.JPG,Coral Garden\AUG 2024_CG_D\AUG_2024_CG_D_T2\GOPR4592\Coral15.JPG,15,0.1853,Coral Garden D,T2,2
Coral Garden\AUG 2024_CG_D\AUG_2024_CG_D_T2\GOPR4592.JPG,Coral Garden\AUG 2024_CG_D\AUG_2024_CG_D_T2\GOPR4592\Coral9.JPG,9,0.2476,Coral Garden D,T2,2
Coral Garden\AUG 2024_CG_D\AUG_2024_CG_D_T2\GOPR4592.JPG,Coral Garden\AUG 2024_CG_D\AUG_2024_CG_D_T2\GOPR4592\Coral13.JPG,13,0.1878,Coral Garden D,T2,2
Coral Garden\AUG 2024_CG_D\AUG_2024_CG_D_T2\GOPR4592.JPG,Coral Garden\AUG 2024_CG_D\AUG_2024_CG_D_T2\GOPR4592\Coral8.JPG,8,0.28,Coral Garden D,T2,2
Coral Garden\AUG 2024_CG_D\AUG_2024_CG_D_T2\GOPR4603.JPG,Coral Garden\AUG 2024_CG_D\AUG_2024_CG_D_T2\GOPR4603\Coral3.JPG,3,0.3466,Coral Garden D,T2,2
Coral Garden\AUG 2024_CG_D\AUG_2024_CG_D_T2\GOPR4617.JPG,Coral Garden\AUG 2024_CG_D\AUG_2024_CG_D_T2\GOPR4617\Coral5.JPG,5,0.7031,Coral Garden D,T2,2
Coral Garden\AUG 2024_CG_D\AUG_2024_CG_D_T2\GOPR4617.JPG,Coral Garden\AUG 2024_CG_D\AUG_2024_CG_D_T2\GOPR4617\Coral34.JPG,34,0.202,Coral Garden D,T2,2
Coral Garden\AUG 2024_CG_D\AUG_2024_CG_D_T2\GOPR4617.JPG,Coral Garden\AUG 2024_CG_D\AUG_2024_CG_D_T2\GOPR4617\Coral27.JPG,27,0.2557,Coral Garden D,T2,2
Coral Garden\AUG 2024_CG_D\AUG_2024_CG_D_T2\GOPR4617.JPG,Coral Garden\AUG 2024_CG_D\AUG_2024_CG_D_T2\GOPR4617\Coral13.JPG,13,0.5006,Coral Garden D,T2,2
Coral Garden\AUG 2024_CG_D\AUG_2024_CG_D_T2\GOPR4617.JPG,Coral Garden\AUG 2024_CG_D\AUG_2024_CG_D_T2\GOPR4617\Coral37.JPG,37,0.1956,Coral Garden D,T2,2
Coral Garden\AUG 2024_CG_D\AUG_2024_CG_D_T2\GOPR4617.JPG,Coral Garden\AUG 2024_CG_D\AUG_2024_CG_D_T2\GOPR4617\Coral7.JPG,7,0.6363,Coral Garden D,T2,2
Coral Garden\AUG 2024_CG_D\AUG_2024_CG_D_T2\GOPR4626.JPG,Coral Garden\AUG 2024_CG_D\AUG_2024_CG_D_T2\GOPR4626\Coral24.JPG,24,0.1835,Coral Garden D,T2,2
Coral Garden\AUG 2024_CG_D\AUG_2024_CG_D_T3\GOPR4666.JPG,Coral Garden\AUG 2024_CG_D\AUG_2024_CG_D_T3\GOPR4666\Coral1.JPG,1,0.6267,Coral Garden D,T3,2
Coral Garden\JULY 2024_CG_D\CG-D_T3\GOPR3066.JPG,Coral Garden\JULY 2024_CG_D\CG-D_T3\GOPR3066\Coral9.JPG,9,0.1817,Coral Garden D,T3,2
Coral Garden\JULY 2024_CG_D\CG-D_T3\GOPR3052.JPG,Coral Garden\JULY 2024_CG_D\CG-D_T3\GOPR3052\Coral2.JPG,2,0.3973,Coral Garden D,T3,2
Coral Garden\AUG 2024_CG_D\AUG_2024_CG_D_T3\GOPR4680.JPG,Coral Garden\AUG 2024_CG_D\AUG_2024_CG_D_T3\GOPR4680\Coral1.JPG,1,0.2037,Coral Garden D,T3,2
Coral Garden\AUG 2024_CG_D\AUG_2024_CG_D_T3\GOPR4674.JPG,Coral Garden\AUG 2024_CG_D\AUG_2024_CG_D_T3\GOPR4674\Coral9.JPG,9,0.4387,Coral Garden D,T3,2
Coral Garden\AUG 2024_CG_D\AUG_2024_CG_D_T3\GOPR4659.JPG,Coral Garden\AUG 2024_CG_D\AUG_2024_CG_D_T3\GOPR4659\Coral2.JPG,2,0.4436,Coral Garden D,T3,2
Coral Garden\JULY 2024_CG_D\CG-D_T3\GOPR3048.JPG,Coral Garden\JULY 2024_CG_D\CG-D_T3\GOPR3048\Coral1.JPG,1,0.7167,Coral Garden D,T3,2
Coral Garden\JULY 2024_CG_D\CG-D_T3\GOPR3032.JPG,Coral Garden\JULY 2024_CG_D\CG-D_T3\GOPR3032\Coral13.JPG,13,0.2723,Coral Garden D,T3,2
Coral Garden\AUG 2024_CG_D\AUG_2024_CG_D_T3\GOPR4654.JPG,Coral Garden\AUG 2024_CG_D\AUG_2024_CG_D_T3\GOPR4654\Coral5.JPG,5,0.154,Coral Garden D,T3,2
Coral Garden\AUG 2024_CG_D\AUG_2024_CG_D_T3\GOPR4647.JPG,Coral Garden\AUG 2024_CG_D\AUG_2024_CG_D_T3\GOPR4647\Coral1.JPG,1,0.1927,Coral Garden D,T3,2
Coral Garden\JULY 2024_CG_D\CG-D_T3\GOPR3029.JPG,Coral Garden\JULY 2024_CG_D\CG-D_T3\GOPR3029\Coral4.JPG,4,0.6337,Coral Garden D,T3,2
Coral Garden\JULY 2024_CG_D\CG-D_T3\GOPR3067.JPG,Coral Garden\JULY 2024_CG_D\CG-D_T3\GOPR3067\Coral8.JPG,8,0.2161,Coral Garden D,T3,2
Coral Garden\JULY 2024_CG_D\CG-D_T3\GOPR3073.JPG,Coral Garden\JULY 2024_CG_D\CG-D_T3\GOPR3073\Coral1.JPG,1,0.2374,Coral Garden D,T3,2
Coral Garden\AUG 2024_CG_D\AUG_2024_CG_D_T3\GOPR4667.JPG,Coral Garden\AUG 2024_CG_D\AUG_2024_CG_D_T3\GOPR4667\Coral2.JPG,2,0.3611,Coral Garden D,T3,2
Coral Garden\JULY 2024_CG_D\CG-D_T3\GOPR3040.JPG,Coral Garden\JULY 2024_CG_D\CG-D_T3\GOPR3040\Coral4.JPG,4,0.1808,Coral Garden D,T3,2
Coral Garden\JULY 2024_CG_D\CG-D_T3\GOPR3039.JPG,Coral Garden\JULY 2024_CG_D\CG-D_T3\GOPR3039\Coral3.JPG,3,0.2484,Coral Garden D,T3,2
Coral Garden\AUG 2024_CG_D\AUG_2024_CG_D_T3\GOPR4648.JPG,Coral Garden\AUG 2024_CG_D\AUG_2024_CG_D_T3\GOPR4648\Coral1.JPG,1,0.504,Coral Garden D,T3,2
Coral Garden\AUG 2024_CG_D\AUG_2024_CG_D_T3\GOPR4670.JPG,Coral Garden\AUG 2024_CG_D\AUG_2024_CG_D_T3\GOPR4670\Coral18.JPG,18,0.1953,Coral Garden D,T3,2
Coral Garden\AUG 2024_CG_D\AUG_2024_CG_D_T3\GOPR4697.JPG,Coral Garden\AUG 2024_CG_D\AUG_2024_CG_D_T3\GOPR4697\Coral9.JPG,9,0.2802,Coral Garden D,T3,2
Coral Garden\AUG 2024_CG_D\AUG_2024_CG_D_T3\GOPR4686.JPG,Coral Garden\AUG 2024_CG_D\AUG_2024_CG_D_T3\GOPR4686\Coral1.JPG,1,0.2851,Coral Garden D,T3,2
Coral Garden\AUG 2024_CG_D\AUG_2024_CG_D_T3\GOPR4643.JPG,Coral Garden\AUG 2024_CG_D\AUG_2024_CG_D_T3\GOPR4643\Coral3.JPG,3,0.6666,Coral Garden D,T3,2
Coral Garden\JULY 2024_CG_D\CG-D_T3\GOPR3041.JPG,Coral Garden\JULY 2024_CG_D\CG-D_T3\GOPR3041\Coral8.JPG,8,0.3396,Coral Garden D,T3,2
Coral Garden\AUG 2024_CG_D\AUG_2024_CG_D_T3\GOPR4674.JPG,Coral Garden\AUG 2024_CG_D\AUG_2024_CG_D_T3\GOPR4674\Coral24.JPG,24,0.2274,Coral Garden D,T3,2
Coral Garden\JULY 2024_CG_D\CG-D_T3\GOPR3064.JPG,Coral Garden\JULY 2024_CG_D\CG-D_T3\GOPR3064\Coral12.JPG,12,0.3456,Coral Garden D,T3,2
Coral Garden\AUG 2024_CG_D\AUG_2024_CG_D_T3\GOPR4656.JPG,Coral Garden\AUG 2024_CG_D\AUG_2024_CG_D_T3\GOPR4656\Coral4.JPG,4,0.5851,Coral Garden D,T3,2
Coral Garden\JULY 2024_CG_D\CG-D_T3\GOPR3028.JPG,Coral Garden\JULY 2024_CG_D\CG-D_T3\GOPR3028\Coral20.JPG,20,0.2285,Coral Garden D,T3,2
Coral Garden\JULY 2024_CG_D\CG-D_T3\GOPR3035.JPG,Coral Garden\JULY 2024_CG_D\CG-D_T3\GOPR3035\Coral2.JPG,2,0.7286,Coral Garden D,T3,2
Coral Garden\JULY 2024_CG_D\CG-D_T3\GOPR3055.JPG,Coral Garden\JULY 2024_CG_D\CG-D_T3\GOPR3055\Coral3.JPG,3,0.3813,Coral Garden D,T3,2
Coral Garden\JULY 2024_CG_D\CG-D_T3\GOPR3032.JPG,Coral Garden\JULY 2024_CG_D\CG-D_T3\GOPR3032\Coral11.JPG,11,0.3593,Coral Garden D,T3,2
Coral Garden\JULY 2024_CG_D\CG-D_T3\GOPR3063.JPG,Coral Garden\JULY 2024_CG_D\CG-D_T3\GOPR3063\Coral3.JPG,3,0.3552,Coral Garden D,T3,2
Coral Garden\JULY 2024_CG_D\CG-D_T3\GOPR3073.JPG,Coral Garden\JULY 2024_CG_D\CG-D_T3\GOPR3073\Coral2.JPG,2,0.2139,Coral Garden D,T3,2
Coral Garden\JULY 2024_CG_D\CG-D_T3\GOPR3043.JPG,Coral Garden\JULY 2024_CG_D\CG-D_T3\GOPR3043\Coral5.JPG,5,0.4338,Coral Garden D,T3,2
Coral Garden\AUG 2024_CG_D\AUG_2024_CG_D_T3\GOPR4694.JPG,Coral Garden\AUG 2024_CG_D\AUG_2024_CG_D_T3\GOPR4694\Coral1.JPG,1,0.3749,Coral Garden D,T3,2
Coral Garden\AUG 2024_CG_D\AUG_2024_CG_D_T3\GOPR4660.JPG,Coral Garden\AUG 2024_CG_D\AUG_2024_CG_D_T3\GOPR4660\Coral34.JPG,34,0.1614,Coral Garden D,T3,2
Coral Garden\AUG 2024_CG_D\AUG_2024_CG_D_T3\GOPR4674.JPG,Coral Garden\AUG 2024_CG_D\AUG_2024_CG_D_T3\GOPR4674\Coral31.JPG,31,0.1885,Coral Garden D,T3,2
Coral Garden\JULY 2024_CG_D\CG-D_T3\GOPR3072.JPG,Coral Garden\JULY 2024_CG_D\CG-D_T3\GOPR3072\Coral12.JPG,12,0.2861,Coral Garden D,T3,2
Coral Garden\AUG 2024_CG_D\AUG_2024_CG_D_T3\GOPR4659.JPG,Coral Garden\AUG 2024_CG_D\AUG_2024_CG_D_T3\GOPR4659\Coral4.JPG,4,0.183,Coral Garden D,T3,2
Coral Garden\AUG 2024_CG_D\AUG_2024_CG_D_T3\GOPR4692.JPG,Coral Garden\AUG 2024_CG_D\AUG_2024_CG_D_T3\GOPR4692\Coral8.JPG,8,0.3587,Coral Garden D,T3,2
Coral Garden\AUG 2024_CG_D\AUG_2024_CG_D_T3\GOPR4691.JPG,Coral Garden\AUG 2024_CG_D\AUG_2024_CG_D_T3\GOPR4691\Coral12.JPG,12,0.3011,Coral Garden D,T3,2
Coral Garden\JULY 2024_CG_D\CG-D_T3\GOPR3057.JPG,Coral Garden\JULY 2024_CG_D\CG-D_T3\GOPR3057\Coral12.JPG,12,0.1607,Coral Garden D,T3,2
Coral Garden\JULY 2024_CG_D\CG-D_T3\GOPR3038.JPG,Coral Garden\JULY 2024_CG_D\CG-D_T3\GOPR3038\Coral8.JPG,8,0.1643,Coral Garden D,T3,2
Coral Garden\AUG 2024_CG_D\AUG_2024_CG_D_T3\GOPR4673.JPG,Coral Garden\AUG 2024_CG_D\AUG_2024_CG_D_T3\GOPR4673\Coral15.JPG,15,0.2579,Coral Garden D,T3,2
Coral Garden\JULY 2024_CG_D\CG-D_T3\GOPR3074.JPG,Coral Garden\JULY 2024_CG_D\CG-D_T3\GOPR3074\Coral2.JPG,2,0.2579,Coral Garden D,T3,2
Coral Garden\AUG 2024_CG_D\AUG_2024_CG_D_T3\GOPR4690.JPG,Coral Garden\AUG 2024_CG_D\AUG_2024_CG_D_T3\GOPR4690\Coral14.JPG,14,0.1767,Coral Garden D,T3,2
Coral Garden\JULY 2024_CG_D\CG-D_T3\GOPR3031.JPG,Coral Garden\JULY 2024_CG_D\CG-D_T3\GOPR3031\Coral20.JPG,20,0.2578,Coral Garden D,T3,2
Coral Garden\JULY 2024_CG_D\CG-D_T3\GOPR3060.JPG,Coral Garden\JULY 2024_CG_D\CG-D_T3\GOPR3060\Coral12.JPG,12,0.2388,Coral Garden D,T3,2
Coral Garden\AUG 2024_CG_D\AUG_2024_CG_D_T3\GOPR4695.JPG,Coral Garden\AUG 2024_CG_D\AUG_2024_CG_D_T3\GOPR4695\Coral11.JPG,11,0.2543,Coral Garden D,T3,2
Coral Garden\JULY 2024_CG_D\CG-D_T3\GOPR3036.JPG,Coral Garden\JULY 2024_CG_D\CG-D_T3\GOPR3036\Coral12.JPG,12,0.3676,Coral Garden D,T3,2
Coral Garden\JULY 2024_CG_D\CG-D_T3\GOPR3049.JPG,Coral Garden\JULY 2024_CG_D\CG-D_T3\GOPR3049\Coral4.JPG,4,0.3443,Coral Garden D,T3,2
Coral Garden\JULY 2024_CG_D\CG-D_T3\GOPR3040.JPG,Coral Garden\JULY 2024_CG_D\CG-D_T3\GOPR3040\Coral5.JPG,5,0.1726,Coral Garden D,T3,2
Coral Garden\AUG 2024_CG_D\AUG_2024_CG_D_T3\GOPR4658.JPG,Coral Garden\AUG 2024_CG_D\AUG_2024_CG_D_T3\GOPR4658\Coral15.JPG,15,0.2207,Coral Garden D,T3,2
Coral Garden\AUG 2024_CG_D\AUG_2024_CG_D_T3\GOPR4662.JPG,Coral Garden\AUG 2024_CG_D\AUG_2024_CG_D_T3\GOPR4662\Coral4.JPG,4,0.5736,Coral Garden D,T3,2
Coral Garden\AUG 2024_CG_D\AUG_2024_CG_D_T3\GOPR4697.JPG,Coral Garden\AUG 2024_CG_D\AUG_2024_CG_D_T3\GOPR4697\Coral11.JPG,11,0.2632,Coral Garden D,T3,2
Coral Garden\JULY 2024_CG_D\CG-D_T3\GOPR3042.JPG,Coral Garden\JULY 2024_CG_D\CG-D_T3\GOPR3042\Coral3.JPG,3,0.4651,Coral Garden D,T3,2
Coral Garden\JULY 2024_CG_D\CG-D_T3\GOPR3066.JPG,Coral Garden\JULY 2024_CG_D\CG-D_T3\GOPR3066\Coral2.JPG,2,0.3211,Coral Garden D,T3,2
Coral Garden\JULY 2024_CG_D\CG-D_T3\GOPR3066.JPG,Coral Garden\JULY 2024_CG_D\CG-D_T3\GOPR3066\Coral10.JPG,10,0.1815,Coral Garden D,T3,2
Coral Garden\JULY 2024_CG_D\CG-D_T3\GOPR3066.JPG,Coral Garden\JULY 2024_CG_D\CG-D_T3\GOPR3066\Coral11.JPG,11,0.1697,Coral Garden D,T3,2
Coral Garden\JULY 2024_CG_D\CG-D_T3\GOPR3066.JPG,Coral Garden\JULY 2024_CG_D\CG-D_T3\GOPR3066\Coral12.JPG,12,0.1661,Coral Garden D,T3,2
Coral Garden\JULY 2024_CG_D\CG-D_T3\GOPR3066.JPG,Coral Garden\JULY 2024_CG_D\CG-D_T3\GOPR3066\Coral3.JPG,3,0.3157,Coral Garden D,T3,2
Coral Garden\JULY 2024_CG_D\CG-D_T3\GOPR3041.JPG,Coral Garden\JULY 2024_CG_D\CG-D_T3\GOPR3041\Coral9.JPG,9,0.3244,Coral Garden D,T3,2
Coral Garden\JULY 2024_CG_D\CG-D_T3\GOPR3041.JPG,Coral Garden\JULY 2024_CG_D\CG-D_T3\GOPR3041\Coral19.JPG,19,0.1745,Coral Garden D,T3,2
Coral Garden\JULY 2024_CG_D\CG-D_T3\GOPR3041.JPG,Coral Garden\JULY 2024_CG_D\CG-D_T3\GOPR3041\Coral22.JPG,22,0.159,Coral Garden D,T3,2
Coral Garden\JULY 2024_CG_D\CG-D_T3\GOPR3041.JPG,Coral Garden\JULY 2024_CG_D\CG-D_T3\GOPR3041\Coral3.JPG,3,0.501,Coral Garden D,T3,2
Coral Garden\JULY 2024_CG_D\CG-D_T3\GOPR3041.JPG,Coral Garden\JULY 2024_CG_D\CG-D_T3\GOPR3041\Coral2.JPG,2,0.5581,Coral Garden D,T3,2
Coral Garden\JULY 2024_CG_D\CG-D_T3\GOPR3071.JPG,Coral Garden\JULY 2024_CG_D\CG-D_T3\GOPR3071\Coral10.JPG,10,0.3369,Coral Garden D,T3,2
Coral Garden\JULY 2024_CG_D\CG-D_T3\GOPR3071.JPG,Coral Garden\JULY 2024_CG_D\CG-D_T3\GOPR3071\Coral15.JPG,15,0.2524,Coral Garden D,T3,2
Coral Garden\JULY 2024_CG_D\CG-D_T3\GOPR3071.JPG,Coral Garden\JULY 2024_CG_D\CG-D_T3\GOPR3071\Coral22.JPG,22,0.1687,Coral Garden D,T3,2
Coral Garden\JULY 2024_CG_D\CG-D_T3\GOPR3071.JPG,Coral Garden\JULY 2024_CG_D\CG-D_T3\GOPR3071\Coral11.JPG,11,0.3147,Coral Garden D,T3,2
Coral Garden\JULY 2024_CG_D\CG-D_T3\GOPR3071.JPG,Coral Garden\JULY 2024_CG_D\CG-D_T3\GOPR3071\Coral16.JPG,16,0.2156,Coral Garden D,T3,2
Coral Garden\JULY 2024_CG_D\CG-D_T3\GOPR3052.JPG,Coral Garden\JULY 2024_CG_D\CG-D_T3\GOPR3052\Coral11.JPG,11,0.1549,Coral Garden D,T3,2
Coral Garden\JULY 2024_CG_D\CG-D_T3\GOPR3052.JPG,Coral Garden\JULY 2024_CG_D\CG-D_T3\GOPR3052\Coral8.JPG,8,0.1849,Coral Garden D,T3,2
Coral Garden\AUG 2024_CG_D\AUG_2024_CG_D_T3\GOPR4674.JPG,Coral Garden\AUG 2024_CG_D\AUG_2024_CG_D_T3\GOPR4674\Coral18.JPG,18,0.2996,Coral Garden D,T3,2
Coral Garden\AUG 2024_CG_D\AUG_2024_CG_D_T3\GOPR4674.JPG,Coral Garden\AUG 2024_CG_D\AUG_2024_CG_D_T3\GOPR4674\Coral22.JPG,22,0.2593,Coral Garden D,T3,2
Coral Garden\AUG 2024_CG_D\AUG_2024_CG_D_T3\GOPR4674.JPG,Coral Garden\AUG 2024_CG_D\AUG_2024_CG_D_T3\GOPR4674\Coral4.JPG,4,0.553,Coral Garden D,T3,2
Coral Garden\AUG 2024_CG_D\AUG_2024_CG_D_T3\GOPR4674.JPG,Coral Garden\AUG 2024_CG_D\AUG_2024_CG_D_T3\GOPR4674\Coral7.JPG,7,0.5362,Coral Garden D,T3,2
Coral Garden\AUG 2024_CG_D\AUG_2024_CG_D_T3\GOPR4674.JPG,Coral Garden\AUG 2024_CG_D\AUG_2024_CG_D_T3\GOPR4674\Coral25.JPG,25,0.2208,Coral Garden D,T3,2
Coral Garden\AUG 2024_CG_D\AUG_2024_CG_D_T3\GOPR4674.JPG,Coral Garden\AUG 2024_CG_D\AUG_2024_CG_D_T3\GOPR4674\Coral3.JPG,3,0.5744,Coral Garden D,T3,2
Coral Garden\AUG 2024_CG_D\AUG_2024_CG_D_T3\GOPR4674.JPG,Coral Garden\AUG 2024_CG_D\AUG_2024_CG_D_T3\GOPR4674\Coral2.JPG,2,0.6793,Coral Garden D,T3,2
Coral Garden\JULY 2024_CG_D\CG-D_T3\GOPR3064.JPG,Coral Garden\JULY 2024_CG_D\CG-D_T3\GOPR3064\Coral3.JPG,3,0.5977,Coral Garden D,T3,2
Coral Garden\JULY 2024_CG_D\CG-D_T3\GOPR3064.JPG,Coral Garden\JULY 2024_CG_D\CG-D_T3\GOPR3064\Coral20.JPG,20,0.2286,Coral Garden D,T3,2
Coral Garden\JULY 2024_CG_D\CG-D_T3\GOPR3062.JPG,Coral Garden\JULY 2024_CG_D\CG-D_T3\GOPR3062\Coral2.JPG,2,0.5899,Coral Garden D,T3,2
Coral Garden\JULY 2024_CG_D\CG-D_T3\GOPR3062.JPG,Coral Garden\JULY 2024_CG_D\CG-D_T3\GOPR3062\Coral3.JPG,3,0.4061,Coral Garden D,T3,2
Coral Garden\JULY 2024_CG_D\CG-D_T3\GOPR3072.JPG,Coral Garden\JULY 2024_CG_D\CG-D_T3\GOPR3072\Coral3.JPG,3,0.5614,Coral Garden D,T3,2
Coral Garden\JULY 2024_CG_D\CG-D_T3\GOPR3072.JPG,Coral Garden\JULY 2024_CG_D\CG-D_T3\GOPR3072\Coral11.JPG,11,0.3244,Coral Garden D,T3,2
Coral Garden\AUG 2024_CG_D\AUG_2024_CG_D_T3\GOPR4676.JPG,Coral Garden\AUG 2024_CG_D\AUG_2024_CG_D_T3\GOPR4676\Coral21.JPG,21,0.1752,Coral Garden D,T3,2
Coral Garden\AUG 2024_CG_D\AUG_2024_CG_D_T3\GOPR4676.JPG,Coral Garden\AUG 2024_CG_D\AUG_2024_CG_D_T3\GOPR4676\Coral5.JPG,5,0.4323,Coral Garden D,T3,2
Coral Garden\AUG 2024_CG_D\AUG_2024_CG_D_T3\GOPR4676.JPG,Coral Garden\AUG 2024_CG_D\AUG_2024_CG_D_T3\GOPR4676\Coral12.JPG,12,0.2416,Coral Garden D,T3,2
Coral Garden\AUG 2024_CG_D\AUG_2024_CG_D_T3\GOPR4676.JPG,Coral Garden\AUG 2024_CG_D\AUG_2024_CG_D_T3\GOPR4676\Coral18.JPG,18,0.189,Coral Garden D,T3,2
Coral Garden\AUG 2024_CG_D\AUG_2024_CG_D_T3\GOPR4676.JPG,Coral Garden\AUG 2024_CG_D\AUG_2024_CG_D_T3\GOPR4676\Coral17.JPG,17,0.1923,Coral Garden D,T3,2
Coral Garden\JULY 2024_CG_D\CG-D_T3\GOPR3047.JPG,Coral Garden\JULY 2024_CG_D\CG-D_T3\GOPR3047\Coral4.JPG,4,0.4633,Coral Garden D,T3,2
Coral Garden\JULY 2024_CG_D\CG-D_T3\GOPR3047.JPG,Coral Garden\JULY 2024_CG_D\CG-D_T3\GOPR3047\Coral7.JPG,7,0.3006,Coral Garden D,T3,2
Coral Garden\JULY 2024_CG_D\CG-D_T3\GOPR3047.JPG,Coral Garden\JULY 2024_CG_D\CG-D_T3\GOPR3047\Coral8.JPG,8,0.2656,Coral Garden D,T3,2
Coral Garden\AUG 2024_CG_D\AUG_2024_CG_D_T3\GOPR4656.JPG,Coral Garden\AUG 2024_CG_D\AUG_2024_CG_D_T3\GOPR4656\Coral2.JPG,2,0.6369,Coral Garden D,T3,2
Coral Garden\AUG 2024_CG_D\AUG_2024_CG_D_T3\GOPR4656.JPG,Coral Garden\AUG 2024_CG_D\AUG_2024_CG_D_T3\GOPR4656\Coral13.JPG,13,0.349,Coral Garden D,T3,2
Coral Garden\AUG 2024_CG_D\AUG_2024_CG_D_T3\GOPR4656.JPG,Coral Garden\AUG 2024_CG_D\AUG_2024_CG_D_T3\GOPR4656\Coral24.JPG,24,0.2394,Coral Garden D,T3,2
Coral Garden\AUG 2024_CG_D\AUG_2024_CG_D_T3\GOPR4656.JPG,Coral Garden\AUG 2024_CG_D\AUG_2024_CG_D_T3\GOPR4656\Coral10.JPG,10,0.4104,Coral Garden D,T3,2
Coral Garden\AUG 2024_CG_D\AUG_2024_CG_D_T3\GOPR4656.JPG,Coral Garden\AUG 2024_CG_D\AUG_2024_CG_D_T3\GOPR4656\Coral17.JPG,17,0.3411,Coral Garden D,T3,2
Coral Garden\AUG 2024_CG_D\AUG_2024_CG_D_T3\GOPR4656.JPG,Coral Garden\AUG 2024_CG_D\AUG_2024_CG_D_T3\GOPR4656\Coral7.JPG,7,0.5006,Coral Garden D,T3,2
Coral Garden\AUG 2024_CG_D\AUG_2024_CG_D_T3\GOPR4656.JPG,Coral Garden\AUG 2024_CG_D\AUG_2024_CG_D_T3\GOPR4656\Coral19.JPG,19,0.331,Coral Garden D,T3,2
Coral Garden\AUG 2024_CG_D\AUG_2024_CG_D_T3\GOPR4656.JPG,Coral Garden\AUG 2024_CG_D\AUG_2024_CG_D_T3\GOPR4656\Coral11.JPG,11,0.4075,Coral Garden D,T3,2
Coral Garden\AUG 2024_CG_D\AUG_2024_CG_D_T3\GOPR4656.JPG,Coral Garden\AUG 2024_CG_D\AUG_2024_CG_D_T3\GOPR4656\Coral23.JPG,23,0.2492,Coral Garden D,T3,2
Coral Garden\AUG 2024_CG_D\AUG_2024_CG_D_T3\GOPR4692.JPG,Coral Garden\AUG 2024_CG_D\AUG_2024_CG_D_T3\GOPR4692\Coral18.JPG,18,0.2614,Coral Garden D,T3,2
Coral Garden\AUG 2024_CG_D\AUG_2024_CG_D_T3\GOPR4692.JPG,Coral Garden\AUG 2024_CG_D\AUG_2024_CG_D_T3\GOPR4692\Coral20.JPG,20,0.2154,Coral Garden D,T3,2
Coral Garden\AUG 2024_CG_D\AUG_2024_CG_D_T3\GOPR4692.JPG,Coral Garden\AUG 2024_CG_D\AUG_2024_CG_D_T3\GOPR4692\Coral11.JPG,11,0.2976,Coral Garden D,T3,2
Coral Garden\AUG 2024_CG_D\AUG_2024_CG_D_T3\GOPR4692.JPG,Coral Garden\AUG 2024_CG_D\AUG_2024_CG_D_T3\GOPR4692\Coral23.JPG,23,0.171,Coral Garden D,T3,2
Coral Garden\AUG 2024_CG_D\AUG_2024_CG_D_T3\GOPR4692.JPG,Coral Garden\AUG 2024_CG_D\AUG_2024_CG_D_T3\GOPR4692\Coral19.JPG,19,0.2417,Coral Garden D,T3,2
Coral Garden\JULY 2024_CG_D\CG-D_T3\GOPR3028.JPG,Coral Garden\JULY 2024_CG_D\CG-D_T3\GOPR3028\Coral1.JPG,1,0.7948,Coral Garden D,T3,2
Coral Garden\JULY 2024_CG_D\CG-D_T3\GOPR3035.JPG,Coral Garden\JULY 2024_CG_D\CG-D_T3\GOPR3035\Coral1.JPG,1,0.7713,Coral Garden D,T3,2
Coral Garden\JULY 2024_CG_D\CG-D_T3\GOPR3055.JPG,Coral Garden\JULY 2024_CG_D\CG-D_T3\GOPR3055\Coral8.JPG,8,0.2692,Coral Garden D,T3,2
Coral Garden\JULY 2024_CG_D\CG-D_T3\GOPR3055.JPG,Coral Garden\JULY 2024_CG_D\CG-D_T3\GOPR3055\Coral7.JPG,7,0.2956,Coral Garden D,T3,2
Coral Garden\AUG 2024_CG_D\AUG_2024_CG_D_T3\GOPR4696.JPG,Coral Garden\AUG 2024_CG_D\AUG_2024_CG_D_T3\GOPR4696\Coral23.JPG,23,0.1605,Coral Garden D,T3,2
Giant Clam (Shallow Only)\2024_AUG_GC_D\2024_AUG_GC_T1\GOPR4408.JPG,Giant Clam (Shallow Only)\2024_AUG_GC_D\2024_AUG_GC_T1\GOPR4408\Coral3.JPG,3,0.6157,Giant Clam,T1,2
Giant Clam (Shallow Only)\2024_JUL_GC_D\2024_JUL_GC-D_T1\GOPR3416.JPG,Giant Clam (Shallow Only)\2024_JUL_GC_D\2024_JUL_GC-D_T1\GOPR3416\Coral34.JPG,34,0.2269,Giant Clam,T1,2
Giant Clam (Shallow Only)\2024_AUG_GC_D\2024_AUG_GC_T1\GOPR4388.JPG,Giant Clam (Shallow Only)\2024_AUG_GC_D\2024_AUG_GC_T1\GOPR4388\Coral4.JPG,4,0.2636,Giant Clam,T1,2
Giant Clam (Shallow Only)\2024_AUG_GC_D\2024_AUG_GC_T1\GOPR4387.JPG,Giant Clam (Shallow Only)\2024_AUG_GC_D\2024_AUG_GC_T1\GOPR4387\Coral3.JPG,3,0.5018,Giant Clam,T1,2
Giant Clam (Shallow Only)\2024_JUL_GC_D\2024_JUL_GC-D_T1\GOPR3406.JPG,Giant Clam (Shallow Only)\2024_JUL_GC_D\2024_JUL_GC-D_T1\GOPR3406\Coral13.JPG,13,0.4231,Giant Clam,T1,2
Giant Clam (Shallow Only)\2024_JUL_GC_D\2024_JUL_GC-D_T1\GOPR3383.JPG,Giant Clam (Shallow Only)\2024_JUL_GC_D\2024_JUL_GC-D_T1\GOPR3383\Coral24.JPG,24,0.2201,Giant Clam,T1,2
Giant Clam (Shallow Only)\2024_AUG_GC_D\2024_AUG_GC_T1\GOPR4414.JPG,Giant Clam (Shallow Only)\2024_AUG_GC_D\2024_AUG_GC_T1\GOPR4414\Coral10.JPG,10,0.4138,Giant Clam,T1,2
Giant Clam (Shallow Only)\2024_JUL_GC_D\2024_JUL_GC-D_T1\GOPR3420.JPG,Giant Clam (Shallow Only)\2024_JUL_GC_D\2024_JUL_GC-D_T1\GOPR3420\Coral28.JPG,28,0.1726,Giant Clam,T1,2
Giant Clam (Shallow Only)\2024_AUG_GC_D\2024_AUG_GC_T1\GOPR4369.JPG,Giant Clam (Shallow Only)\2024_AUG_GC_D\2024_AUG_GC_T1\GOPR4369\Coral5.JPG,5,0.1968,Giant Clam,T1,2
Giant Clam (Shallow Only)\2024_AUG_GC_D\2024_AUG_GC_T1\GOPR4410.JPG,Giant Clam (Shallow Only)\2024_AUG_GC_D\2024_AUG_GC_T1\GOPR4410\Coral3.JPG,3,0.6529,Giant Clam,T1,2
Giant Clam (Shallow Only)\2024_AUG_GC_D\2024_AUG_GC_T1\GOPR4413.JPG,Giant Clam (Shallow Only)\2024_AUG_GC_D\2024_AUG_GC_T1\GOPR4413\Coral21.JPG,21,0.2173,Giant Clam,T1,2
Giant Clam (Shallow Only)\2024_JUL_GC_D\2024_JUL_GC-D_T1\GOPR3379.JPG,Giant Clam (Shallow Only)\2024_JUL_GC_D\2024_JUL_GC-D_T1\GOPR3379\Coral11.JPG,11,0.3932,Giant Clam,T1,2
Giant Clam (Shallow Only)\2024_JUL_GC_D\2024_JUL_GC-D_T1\GOPR3382.JPG,Giant Clam (Shallow Only)\2024_JUL_GC_D\2024_JUL_GC-D_T1\GOPR3382\Coral14.JPG,14,0.3049,Giant Clam,T1,2
Giant Clam (Shallow Only)\2024_JUL_GC_D\2024_JUL_GC-D_T1\GOPR3391.JPG,Giant Clam (Shallow Only)\2024_JUL_GC_D\2024_JUL_GC-D_T1\GOPR3391\Coral10.JPG,10,0.4549,Giant Clam,T1,2
Giant Clam (Shallow Only)\2024_AUG_GC_D\2024_AUG_GC_T1\GOPR4378.JPG,Giant Clam (Shallow Only)\2024_AUG_GC_D\2024_AUG_GC_T1\GOPR4378\Coral8.JPG,8,0.1506,Giant Clam,T1,2
Giant Clam (Shallow Only)\2024_AUG_GC_D\2024_AUG_GC_T1\GOPR4383.JPG,Giant Clam (Shallow Only)\2024_AUG_GC_D\2024_AUG_GC_T1\GOPR4383\Coral12.JPG,12,0.3673,Giant Clam,T1,2
Giant Clam (Shallow Only)\2024_JUL_GC_D\2024_JUL_GC-D_T1\GOPR3398.JPG,Giant Clam (Shallow Only)\2024_JUL_GC_D\2024_JUL_GC-D_T1\GOPR3398\Coral4.JPG,4,0.3437,Giant Clam,T1,2
Giant Clam (Shallow Only)\2024_AUG_GC_D\2024_AUG_GC_T1\GOPR4380.JPG,Giant Clam (Shallow Only)\2024_AUG_GC_D\2024_AUG_GC_T1\GOPR4380\Coral2.JPG,2,0.4418,Giant Clam,T1,2
Giant Clam (Shallow Only)\2024_AUG_GC_D\2024_AUG_GC_T1\GOPR4403.JPG,Giant Clam (Shallow Only)\2024_AUG_GC_D\2024_AUG_GC_T1\GOPR4403\Coral4.JPG,4,0.4828,Giant Clam,T1,2
Giant Clam (Shallow Only)\2024_JUL_GC_D\2024_JUL_GC-D_T1\GOPR3378.JPG,Giant Clam (Shallow Only)\2024_JUL_GC_D\2024_JUL_GC-D_T1\GOPR3378\Coral19.JPG,19,0.1506,Giant Clam,T1,2
Giant Clam (Shallow Only)\2024_JUL_GC_D\2024_JUL_GC-D_T1\GOPR3380.JPG,Giant Clam (Shallow Only)\2024_JUL_GC_D\2024_JUL_GC-D_T1\GOPR3380\Coral17.JPG,17,0.2244,Giant Clam,T1,2
Giant Clam (Shallow Only)\2024_JUL_GC_D\2024_JUL_GC-D_T1\GOPR3402.JPG,Giant Clam (Shallow Only)\2024_JUL_GC_D\2024_JUL_GC-D_T1\GOPR3402\Coral21.JPG,21,0.1519,Giant Clam,T1,2
Giant Clam (Shallow Only)\2024_JUL_GC_D\2024_JUL_GC-D_T1\GOPR3422.JPG,Giant Clam (Shallow Only)\2024_JUL_GC_D\2024_JUL_GC-D_T1\GOPR3422\Coral32.JPG,32,0.2456,Giant Clam,T1,2
Giant Clam (Shallow Only)\2024_JUL_GC_D\2024_JUL_GC-D_T1\GOPR3423.JPG,Giant Clam (Shallow Only)\2024_JUL_GC_D\2024_JUL_GC-D_T1\GOPR3423\Coral3.JPG,3,0.6616,Giant Clam,T1,2
Giant Clam (Shallow Only)\2024_AUG_GC_D\2024_AUG_GC_T1\GOPR4382.JPG,Giant Clam (Shallow Only)\2024_AUG_GC_D\2024_AUG_GC_T1\GOPR4382\Coral23.JPG,23,0.1681,Giant Clam,T1,2
Giant Clam (Shallow Only)\2024_AUG_GC_D\2024_AUG_GC_T1\GOPR4399.JPG,Giant Clam (Shallow Only)\2024_AUG_GC_D\2024_AUG_GC_T1\GOPR4399\Coral15.JPG,15,0.2468,Giant Clam,T1,2
Giant Clam (Shallow Only)\2024_AUG_GC_D\2024_AUG_GC_T1\GOPR4377.JPG,Giant Clam (Shallow Only)\2024_AUG_GC_D\2024_AUG_GC_T1\GOPR4377\Coral10.JPG,10,0.3113,Giant Clam,T1,2
Giant Clam (Shallow Only)\2024_JUL_GC_D\2024_JUL_GC-D_T1\GOPR3383.JPG,Giant Clam (Shallow Only)\2024_JUL_GC_D\2024_JUL_GC-D_T1\GOPR3383\Coral20.JPG,20,0.263,Giant Clam,T1,2
Giant Clam (Shallow Only)\2024_AUG_GC_D\2024_AUG_GC_T1\GOPR4370.JPG,Giant Clam (Shallow Only)\2024_AUG_GC_D\2024_AUG_GC_T1\GOPR4370\Coral7.JPG,7,0.2734,Giant Clam,T1,2
Giant Clam (Shallow Only)\2024_AUG_GC_D\2024_AUG_GC_T1\GOPR4395.JPG,Giant Clam (Shallow Only)\2024_AUG_GC_D\2024_AUG_GC_T1\GOPR4395\Coral33.JPG,33,0.2879,Giant Clam,T1,2
Giant Clam (Shallow Only)\2024_JUL_GC_D\2024_JUL_GC-D_T1\GOPR3388.JPG,Giant Clam (Shallow Only)\2024_JUL_GC_D\2024_JUL_GC-D_T1\GOPR3388\Coral4.JPG,4,0.3778,Giant Clam,T1,2
Giant Clam (Shallow Only)\2024_JUL_GC_D\2024_JUL_GC-D_T1\GOPR3377.JPG,Giant Clam (Shallow Only)\2024_JUL_GC_D\2024_JUL_GC-D_T1\GOPR3377\Coral15.JPG,15,0.2987,Giant Clam,T1,2
Giant Clam (Shallow Only)\2024_AUG_GC_D\2024_AUG_GC_T1\GOPR4384.JPG,Giant Clam (Shallow Only)\2024_AUG_GC_D\2024_AUG_GC_T1\GOPR4384\Coral5.JPG,5,0.3464,Giant Clam,T1,2
Giant Clam (Shallow Only)\2024_JUL_GC_D\2024_JUL_GC-D_T1\GOPR3417.JPG,Giant Clam (Shallow Only)\2024_JUL_GC_D\2024_JUL_GC-D_T1\GOPR3417\Coral35.JPG,35,0.216,Giant Clam,T1,2
Giant Clam (Shallow Only)\2024_AUG_GC_D\2024_AUG_GC_T1\GOPR4407.JPG,Giant Clam (Shallow Only)\2024_AUG_GC_D\2024_AUG_GC_T1\GOPR4407\Coral13.JPG,13,0.1952,Giant Clam,T1,2
Giant Clam (Shallow Only)\2024_AUG_GC_D\2024_AUG_GC_T1\GOPR4381.JPG,Giant Clam (Shallow Only)\2024_AUG_GC_D\2024_AUG_GC_T1\GOPR4381\Coral4.JPG,4,0.7007,Giant Clam,T1,2
Giant Clam (Shallow Only)\2024_AUG_GC_D\2024_AUG_GC_T1\GOPR4375.JPG,Giant Clam (Shallow Only)\2024_AUG_GC_D\2024_AUG_GC_T1\GOPR4375\Coral4.JPG,4,0.3142,Giant Clam,T1,2
Giant Clam (Shallow Only)\2024_AUG_GC_D\2024_AUG_GC_T1\GOPR4376.JPG,Giant Clam (Shallow Only)\2024_AUG_GC_D\2024_AUG_GC_T1\GOPR4376\Coral2.JPG,2,0.2721,Giant Clam,T1,2
Giant Clam (Shallow Only)\2024_AUG_GC_D\2024_AUG_GC_T1\GOPR4366.JPG,Giant Clam (Shallow Only)\2024_AUG_GC_D\2024_AUG_GC_T1\GOPR4366\Coral1.JPG,1,0.7727,Giant Clam,T1,2
Giant Clam (Shallow Only)\2024_AUG_GC_D\2024_AUG_GC_T1\GOPR4400.JPG,Giant Clam (Shallow Only)\2024_AUG_GC_D\2024_AUG_GC_T1\GOPR4400\Coral4.JPG,4,0.3584,Giant Clam,T1,2
Giant Clam (Shallow Only)\2024_JUL_GC_D\2024_JUL_GC-D_T1\GOPR3405.JPG,Giant Clam (Shallow Only)\2024_JUL_GC_D\2024_JUL_GC-D_T1\GOPR3405\Coral7.JPG,7,0.67,Giant Clam,T1,2
Giant Clam (Shallow Only)\2024_JUL_GC_D\2024_JUL_GC-D_T1\GOPR3385.JPG,Giant Clam (Shallow Only)\2024_JUL_GC_D\2024_JUL_GC-D_T1\GOPR3385\Coral30.JPG,30,0.2308,Giant Clam,T1,2
Giant Clam (Shallow Only)\2024_JUL_GC_D\2024_JUL_GC-D_T1\GOPR3409.JPG,Giant Clam (Shallow Only)\2024_JUL_GC_D\2024_JUL_GC-D_T1\GOPR3409\Coral42.JPG,42,0.1719,Giant Clam,T1,2
Giant Clam (Shallow Only)\2024_JUL_GC_D\2024_JUL_GC-D_T1\GOPR3424.JPG,Giant Clam (Shallow Only)\2024_JUL_GC_D\2024_JUL_GC-D_T1\GOPR3424\Coral42.JPG,42,0.1572,Giant Clam,T1,2
Giant Clam (Shallow Only)\2024_JUL_GC_D\2024_JUL_GC-D_T1\GOPR3415.JPG,Giant Clam (Shallow Only)\2024_JUL_GC_D\2024_JUL_GC-D_T1\GOPR3415\Coral9.JPG,9,0.38,Giant Clam,T1,2
Giant Clam (Shallow Only)\2024_AUG_GC_D\2024_AUG_GC_T1\GOPR4382.JPG,Giant Clam (Shallow Only)\2024_AUG_GC_D\2024_AUG_GC_T1\GOPR4382\Coral10.JPG,10,0.385,Giant Clam,T1,2
Giant Clam (Shallow Only)\2024_AUG_GC_D\2024_AUG_GC_T1\GOPR4397.JPG,Giant Clam (Shallow Only)\2024_AUG_GC_D\2024_AUG_GC_T1\GOPR4397\Coral4.JPG,4,0.5622,Giant Clam,T1,2
Giant Clam (Shallow Only)\2024_JUL_GC_D\2024_JUL_GC-D_T1\GOPR3426.JPG,Giant Clam (Shallow Only)\2024_JUL_GC_D\2024_JUL_GC-D_T1\GOPR3426\Coral18.JPG,18,0.2723,Giant Clam,T1,2
Giant Clam (Shallow Only)\2024_AUG_GC_D\2024_AUG_GC_T1\GOPR4368.JPG,Giant Clam (Shallow Only)\2024_AUG_GC_D\2024_AUG_GC_T1\GOPR4368\Coral10.JPG,10,0.2797,Giant Clam,T1,2
Giant Clam (Shallow Only)\2024_JUL_GC_D\2024_JUL_GC-D_T1\GOPR3383.JPG,Giant Clam (Shallow Only)\2024_JUL_GC_D\2024_JUL_GC-D_T1\GOPR3383\Coral28.JPG,28,0.1924,Giant Clam,T1,2
Giant Clam (Shallow Only)\2024_JUL_GC_D\2024_JUL_GC-D_T1\GOPR3393.JPG,Giant Clam (Shallow Only)\2024_JUL_GC_D\2024_JUL_GC-D_T1\GOPR3393\Coral22.JPG,22,0.1733,Giant Clam,T1,2
Giant Clam (Shallow Only)\2024_JUL_GC_D\2024_JUL_GC-D_T1\GOPR3404.JPG,Giant Clam (Shallow Only)\2024_JUL_GC_D\2024_JUL_GC-D_T1\GOPR3404\Coral1.JPG,1,0.7269,Giant Clam,T1,2
Giant Clam (Shallow Only)\2024_AUG_GC_D\2024_AUG_GC_T1\GOPR4413.JPG,Giant Clam (Shallow Only)\2024_AUG_GC_D\2024_AUG_GC_T1\GOPR4413\Coral19.JPG,19,0.2384,Giant Clam,T1,2
Giant Clam (Shallow Only)\2024_JUL_GC_D\2024_JUL_GC-D_T1\GOPR3417.JPG,Giant Clam (Shallow Only)\2024_JUL_GC_D\2024_JUL_GC-D_T1\GOPR3417\Coral17.JPG,17,0.4029,Giant Clam,T1,2
Giant Clam (Shallow Only)\2024_JUL_GC_D\2024_JUL_GC-D_T1\GOPR3391.JPG,Giant Clam (Shallow Only)\2024_JUL_GC_D\2024_JUL_GC-D_T1\GOPR3391\Coral19.JPG,19,0.2339,Giant Clam,T1,2
Giant Clam (Shallow Only)\2024_AUG_GC_D\2024_AUG_GC_T1\GOPR4396.JPG,Giant Clam (Shallow Only)\2024_AUG_GC_D\2024_AUG_GC_T1\GOPR4396\Coral1.JPG,1,0.8625,Giant Clam,T1,2
Giant Clam (Shallow Only)\2024_JUL_GC_D\2024_JUL_GC-D_T1\GOPR3408.JPG,Giant Clam (Shallow Only)\2024_JUL_GC_D\2024_JUL_GC-D_T1\GOPR3408\Coral6.JPG,6,0.4962,Giant Clam,T1,2
Giant Clam (Shallow Only)\2024_JUL_GC_D\2024_JUL_GC-D_T1\GOPR3403.JPG,Giant Clam (Shallow Only)\2024_JUL_GC_D\2024_JUL_GC-D_T1\GOPR3403\Coral4.JPG,4,0.6397,Giant Clam,T1,2
Giant Clam (Shallow Only)\2024_JUL_GC_D\2024_JUL_GC-D_T1\GOPR3390.JPG,Giant Clam (Shallow Only)\2024_JUL_GC_D\2024_JUL_GC-D_T1\GOPR3390\Coral24.JPG,24,0.2441,Giant Clam,T1,2
Giant Clam (Shallow Only)\2024_JUL_GC_D\2024_JUL_GC-D_T1\GOPR3390.JPG,Giant Clam (Shallow Only)\2024_JUL_GC_D\2024_JUL_GC-D_T1\GOPR3390\Coral3.JPG,3,0.742,Giant Clam,T1,2
Giant Clam (Shallow Only)\2024_JUL_GC_D\2024_JUL_GC-D_T1\GOPR3390.JPG,Giant Clam (Shallow Only)\2024_JUL_GC_D\2024_JUL_GC-D_T1\GOPR3390\Coral31.JPG,31,0.1561,Giant Clam,T1,2
Giant Clam (Shallow Only)\2024_JUL_GC_D\2024_JUL_GC-D_T1\GOPR3390.JPG,Giant Clam (Shallow Only)\2024_JUL_GC_D\2024_JUL_GC-D_T1\GOPR3390\Coral2.JPG,2,0.7725,Giant Clam,T1,2
Giant Clam (Shallow Only)\2024_JUL_GC_D\2024_JUL_GC-D_T1\GOPR3390.JPG,Giant Clam (Shallow Only)\2024_JUL_GC_D\2024_JUL_GC-D_T1\GOPR3390\Coral22.JPG,22,0.264,Giant Clam,T1,2
Giant Clam (Shallow Only)\2024_AUG_GC_D\2024_AUG_GC_T1\GOPR4398.JPG,Giant Clam (Shallow Only)\2024_AUG_GC_D\2024_AUG_GC_T1\GOPR4398\Coral16.JPG,16,0.2308,Giant Clam,T1,2
Giant Clam (Shallow Only)\2024_AUG_GC_D\2024_AUG_GC_T1\GOPR4398.JPG,Giant Clam (Shallow Only)\2024_AUG_GC_D\2024_AUG_GC_T1\GOPR4398\Coral17.JPG,17,0.1904,Giant Clam,T1,2
Giant Clam (Shallow Only)\2024_AUG_GC_D\2024_AUG_GC_T1\GOPR4398.JPG,Giant Clam (Shallow Only)\2024_AUG_GC_D\2024_AUG_GC_T1\GOPR4398\Coral13.JPG,13,0.2537,Giant Clam,T1,2
Giant Clam (Shallow Only)\2024_AUG_GC_D\2024_AUG_GC_T1\GOPR4398.JPG,Giant Clam (Shallow Only)\2024_AUG_GC_D\2024_AUG_GC_T1\GOPR4398\Coral3.JPG,3,0.4773,Giant Clam,T1,2
Giant Clam (Shallow Only)\2024_JUL_GC_D\2024_JUL_GC-D_T1\GOPR3392.JPG,Giant Clam (Shallow Only)\2024_JUL_GC_D\2024_JUL_GC-D_T1\GOPR3392\Coral2.JPG,2,0.6624,Giant Clam,T1,2
Giant Clam (Shallow Only)\2024_JUL_GC_D\2024_JUL_GC-D_T1\GOPR3392.JPG,Giant Clam (Shallow Only)\2024_JUL_GC_D\2024_JUL_GC-D_T1\GOPR3392\Coral12.JPG,12,0.3231,Giant Clam,T1,2
Giant Clam (Shallow Only)\2024_JUL_GC_D\2024_JUL_GC-D_T1\GOPR3392.JPG,Giant Clam (Shallow Only)\2024_JUL_GC_D\2024_JUL_GC-D_T1\GOPR3392\Coral8.JPG,8,0.3461,Giant Clam,T1,2
Giant Clam (Shallow Only)\2024_JUL_GC_D\2024_JUL_GC-D_T1\GOPR3392.JPG,Giant Clam (Shallow Only)\2024_JUL_GC_D\2024_JUL_GC-D_T1\GOPR3392\Coral9.JPG,9,0.3362,Giant Clam,T1,2
Giant Clam (Shallow Only)\2024_JUL_GC_D\2024_JUL_GC-D_T1\GOPR3392.JPG,Giant Clam (Shallow Only)\2024_JUL_GC_D\2024_JUL_GC-D_T1\GOPR3392\Coral3.JPG,3,0.658,Giant Clam,T1,2
Giant Clam (Shallow Only)\2024_AUG_GC_D\2024_AUG_GC_T1\GOPR4375.JPG,Giant Clam (Shallow Only)\2024_AUG_GC_D\2024_AUG_GC_T1\GOPR4375\Coral3.JPG,3,0.3616,Giant Clam,T1,2
Giant Clam (Shallow Only)\2024_AUG_GC_D\2024_AUG_GC_T1\GOPR4390.JPG,Giant Clam (Shallow Only)\2024_AUG_GC_D\2024_AUG_GC_T1\GOPR4390\Coral10.JPG,10,0.2734,Giant Clam,T1,2
Giant Clam (Shallow Only)\2024_AUG_GC_D\2024_AUG_GC_T1\GOPR4390.JPG,Giant Clam (Shallow Only)\2024_AUG_GC_D\2024_AUG_GC_T1\GOPR4390\Coral8.JPG,8,0.3213,Giant Clam,T1,2
Giant Clam (Shallow Only)\2024_AUG_GC_D\2024_AUG_GC_T1\GOPR4390.JPG,Giant Clam (Shallow Only)\2024_AUG_GC_D\2024_AUG_GC_T1\GOPR4390\Coral5.JPG,5,0.3794,Giant Clam,T1,2
Giant Clam (Shallow Only)\2024_AUG_GC_D\2024_AUG_GC_T1\GOPR4390.JPG,Giant Clam (Shallow Only)\2024_AUG_GC_D\2024_AUG_GC_T1\GOPR4390\Coral3.JPG,3,0.6415,Giant Clam,T1,2
Giant Clam (Shallow Only)\2024_AUG_GC_D\2024_AUG_GC_T1\GOPR4390.JPG,Giant Clam (Shallow Only)\2024_AUG_GC_D\2024_AUG_GC_T1\GOPR4390\Coral4.JPG,4,0.5384,Giant Clam,T1,2
Giant Clam (Shallow Only)\2024_AUG_GC_D\2024_AUG_GC_T1\GOPR4380.JPG,Giant Clam (Shallow Only)\2024_AUG_GC_D\2024_AUG_GC_T1\GOPR4380\Coral5.JPG,5,0.3473,Giant Clam,T1,2
Giant Clam (Shallow Only)\2024_AUG_GC_D\2024_AUG_GC_T1\GOPR4403.JPG,Giant Clam (Shallow Only)\2024_AUG_GC_D\2024_AUG_GC_T1\GOPR4403\Coral17.JPG,17,0.1918,Giant Clam,T1,2
Giant Clam (Shallow Only)\2024_AUG_GC_D\2024_AUG_GC_T1\GOPR4403.JPG,Giant Clam (Shallow Only)\2024_AUG_GC_D\2024_AUG_GC_T1\GOPR4403\Coral1.JPG,1,0.5634,Giant Clam,T1,2
Giant Clam (Shallow Only)\2024_JUL_GC_D\2024_JUL_GC-D_T1\GOPR3413.JPG,Giant Clam (Shallow Only)\2024_JUL_GC_D\2024_JUL_GC-D_T1\GOPR3413\Coral34.JPG,34,0.2438,Giant Clam,T1,2
Giant Clam (Shallow Only)\2024_JUL_GC_D\2024_JUL_GC-D_T1\GOPR3413.JPG,Giant Clam (Shallow Only)\2024_JUL_GC_D\2024_JUL_GC-D_T1\GOPR3413\Coral28.JPG,28,0.3389,Giant Clam,T1,2
Giant Clam (Shallow Only)\2024_JUL_GC_D\2024_JUL_GC-D_T1\GOPR3413.JPG,Giant Clam (Shallow Only)\2024_JUL_GC_D\2024_JUL_GC-D_T1\GOPR3413\Coral3.JPG,3,0.7859,Giant Clam,T1,2
Giant Clam (Shallow Only)\2024_JUL_GC_D\2024_JUL_GC-D_T1\GOPR3413.JPG,Giant Clam (Shallow Only)\2024_JUL_GC_D\2024_JUL_GC-D_T1\GOPR3413\Coral43.JPG,43,0.171,Giant Clam,T1,2
Giant Clam (Shallow Only)\2024_JUL_GC_D\2024_JUL_GC-D_T1\GOPR3413.JPG,Giant Clam (Shallow Only)\2024_JUL_GC_D\2024_JUL_GC-D_T1\GOPR3413\Coral27.JPG,27,0.3661,Giant Clam,T1,2
Giant Clam (Shallow Only)\2024_JUL_GC_D\2024_JUL_GC-D_T1\GOPR3413.JPG,Giant Clam (Shallow Only)\2024_JUL_GC_D\2024_JUL_GC-D_T1\GOPR3413\Coral38.JPG,38,0.2156,Giant Clam,T1,2
Giant Clam (Shallow Only)\2024_JUL_GC_D\2024_JUL_GC-D_T1\GOPR3413.JPG,Giant Clam (Shallow Only)\2024_JUL_GC_D\2024_JUL_GC-D_T1\GOPR3413\Coral45.JPG,45,0.1534,Giant Clam,T1,2
Giant Clam (Shallow Only)\2024_JUL_GC_D\2024_JUL_GC-D_T1\GOPR3413.JPG,Giant Clam (Shallow Only)\2024_JUL_GC_D\2024_JUL_GC-D_T1\GOPR3413\Coral21.JPG,21,0.4238,Giant Clam,T1,2
Giant Clam (Shallow Only)\2024_AUG_GC_D\2024_AUG_GC_T1\GOPR4371.JPG,Giant Clam (Shallow Only)\2024_AUG_GC_D\2024_AUG_GC_T1\GOPR4371\Coral8.JPG,8,0.3101,Giant Clam,T1,2
Giant Clam (Shallow Only)\2024_AUG_GC_D\2024_AUG_GC_T1\GOPR4371.JPG,Giant Clam (Shallow Only)\2024_AUG_GC_D\2024_AUG_GC_T1\GOPR4371\Coral4.JPG,4,0.4289,Giant Clam,T1,2
Giant Clam (Shallow Only)\2024_AUG_GC_D\2024_AUG_GC_T1\GOPR4371.JPG,Giant Clam (Shallow Only)\2024_AUG_GC_D\2024_AUG_GC_T1\GOPR4371\Coral2.JPG,2,0.5714,Giant Clam,T1,2
Giant Clam (Shallow Only)\2024_AUG_GC_D\2024_AUG_GC_T1\GOPR4415.JPG,Giant Clam (Shallow Only)\2024_AUG_GC_D\2024_AUG_GC_T1\GOPR4415\Coral21.JPG,21,0.4475,Giant Clam,T1,2
Giant Clam (Shallow Only)\2024_AUG_GC_D\2024_AUG_GC_T1\GOPR4415.JPG,Giant Clam (Shallow Only)\2024_AUG_GC_D\2024_AUG_GC_T1\GOPR4415\Coral27.JPG,27,0.3241,Giant Clam,T1,2
Giant Clam (Shallow Only)\2024_AUG_GC_D\2024_AUG_GC_T1\GOPR4415.JPG,Giant Clam (Shallow Only)\2024_AUG_GC_D\2024_AUG_GC_T1\GOPR4415\Coral7.JPG,7,0.6432,Giant Clam,T1,2
Giant Clam (Shallow Only)\2024_AUG_GC_D\2024_AUG_GC_T1\GOPR4415.JPG,Giant Clam (Shallow Only)\2024_AUG_GC_D\2024_AUG_GC_T1\GOPR4415\Coral8.JPG,8,0.5619,Giant Clam,T1,2
Giant Clam (Shallow Only)\2024_AUG_GC_D\2024_AUG_GC_T1\GOPR4415.JPG,Giant Clam (Shallow Only)\2024_AUG_GC_D\2024_AUG_GC_T1\GOPR4415\Coral1.JPG,1,0.7097,Giant Clam,T1,2
Giant Clam (Shallow Only)\2024_AUG_GC_D\2024_AUG_GC_T1\GOPR4415.JPG,Giant Clam (Shallow Only)\2024_AUG_GC_D\2024_AUG_GC_T1\GOPR4415\Coral22.JPG,22,0.4318,Giant Clam,T1,2
Giant Clam (Shallow Only)\2024_AUG_GC_D\2024_AUG_GC_T1\GOPR4415.JPG,Giant Clam (Shallow Only)\2024_AUG_GC_D\2024_AUG_GC_T1\GOPR4415\Coral18.JPG,18,0.4672,Giant Clam,T1,2
Giant Clam (Shallow Only)\2024_AUG_GC_D\2024_AUG_GC_T1\GOPR4415.JPG,Giant Clam (Shallow Only)\2024_AUG_GC_D\2024_AUG_GC_T1\GOPR4415\Coral17.JPG,17,0.4699,Giant Clam,T1,2
Giant Clam (Shallow Only)\2024_AUG_GC_D\2024_AUG_GC_T1\GOPR4415.JPG,Giant Clam (Shallow Only)\2024_AUG_GC_D\2024_AUG_GC_T1\GOPR4415\Coral25.JPG,25,0.3693,Giant Clam,T1,2
Giant Clam (Shallow Only)\2024_AUG_GC_D\2024_AUG_GC_T1\GOPR4415.JPG,Giant Clam (Shallow Only)\2024_AUG_GC_D\2024_AUG_GC_T1\GOPR4415\Coral13.JPG,13,0.5109,Giant Clam,T1,2
Giant Clam (Shallow Only)\2024_AUG_GC_D\2024_AUG_GC_T1\GOPR4415.JPG,Giant Clam (Shallow Only)\2024_AUG_GC_D\2024_AUG_GC_T1\GOPR4415\Coral11.JPG,11,0.5244,Giant Clam,T1,2
Giant Clam (Shallow Only)\2024_AUG_GC_D\2024_AUG_GC_T1\GOPR4415.JPG,Giant Clam (Shallow Only)\2024_AUG_GC_D\2024_AUG_GC_T1\GOPR4415\Coral19.JPG,19,0.4619,Giant Clam,T1,2
Giant Clam (Shallow Only)\2024_AUG_GC_D\2024_AUG_GC_T1\GOPR4400.JPG,Giant Clam (Shallow Only)\2024_AUG_GC_D\2024_AUG_GC_T1\GOPR4400\Coral1.JPG,1,0.6307,Giant Clam,T1,2
Giant Clam (Shallow Only)\2024_AUG_GC_D\2024_AUG_GC_T1\GOPR4400.JPG,Giant Clam (Shallow Only)\2024_AUG_GC_D\2024_AUG_GC_T1\GOPR4400\Coral6.JPG,6,0.3364,Giant Clam,T1,2
Giant Clam (Shallow Only)\2024_AUG_GC_D\2024_AUG_GC_T1\GOPR4400.JPG,Giant Clam (Shallow Only)\2024_AUG_GC_D\2024_AUG_GC_T1\GOPR4400\Coral15.JPG,15,0.2278,Giant Clam,T1,2
Giant Clam (Shallow Only)\2024_AUG_GC_D\2024_AUG_GC_T1\GOPR4400.JPG,Giant Clam (Shallow Only)\2024_AUG_GC_D\2024_AUG_GC_T1\GOPR4400\Coral23.JPG,23,0.1694,Giant Clam,T1,2
Giant Clam (Shallow Only)\2024_AUG_GC_D\2024_AUG_GC_T1\GOPR4400.JPG,Giant Clam (Shallow Only)\2024_AUG_GC_D\2024_AUG_GC_T1\GOPR4400\Coral13.JPG,13,0.2341,Giant Clam,T1,2
Giant Clam (Shallow Only)\2024_JUL_GC_D\2024_JUL_GC-D_T1\GOPR3401.JPG,Giant Clam (Shallow Only)\2024_JUL_GC_D\2024_JUL_GC-D_T1\GOPR3401\Coral6.JPG,6,0.3295,Giant Clam,T1,2
Giant Clam (Shallow Only)\2024_JUL_GC_D\2024_JUL_GC-D_T1\GOPR3405.JPG,Giant Clam (Shallow Only)\2024_JUL_GC_D\2024_JUL_GC-D_T1\GOPR3405\Coral21.JPG,21,0.4977,Giant Clam,T1,2
Giant Clam (Shallow Only)\2024_JUL_GC_D\2024_JUL_GC-D_T2\GOPR3455.JPG,Giant Clam (Shallow Only)\2024_JUL_GC_D\2024_JUL_GC-D_T2\GOPR3455\Coral45.JPG,45,0.1894,Giant Clam,T2,2
Giant Clam (Shallow Only)\2024_JUL_GC_D\2024_JUL_GC-D_T2\GOPR3447.JPG,Giant Clam (Shallow Only)\2024_JUL_GC_D\2024_JUL_GC-D_T2\GOPR3447\Coral41.JPG,41,0.204,Giant Clam,T2,2
Giant Clam (Shallow Only)\2024_JUL_GC_D\2024_JUL_GC-D_T2\GOPR3438.JPG,Giant Clam (Shallow Only)\2024_JUL_GC_D\2024_JUL_GC-D_T2\GOPR3438\Coral12.JPG,12,0.6359,Giant Clam,T2,2
Giant Clam (Shallow Only)\2024_AUG_GC_D\2024_AUG_GC_T2\GOPR4438.JPG,Giant Clam (Shallow Only)\2024_AUG_GC_D\2024_AUG_GC_T2\GOPR4438\Coral9.JPG,9,0.34,Giant Clam,T2,2
Giant Clam (Shallow Only)\2024_JUL_GC_D\2024_JUL_GC-D_T2\GOPR3479.JPG,Giant Clam (Shallow Only)\2024_JUL_GC_D\2024_JUL_GC-D_T2\GOPR3479\Coral7.JPG,7,0.5845,Giant Clam,T2,2
Giant Clam (Shallow Only)\2024_JUL_GC_D\2024_JUL_GC-D_T2\GOPR3480.JPG,Giant Clam (Shallow Only)\2024_JUL_GC_D\2024_JUL_GC-D_T2\GOPR3480\Coral9.JPG,9,0.3824,Giant Clam,T2,2
Giant Clam (Shallow Only)\2024_JUL_GC_D\2024_JUL_GC-D_T2\GOPR3456.JPG,Giant Clam (Shallow Only)\2024_JUL_GC_D\2024_JUL_GC-D_T2\GOPR3456\Coral34.JPG,34,0.2747,Giant Clam,T2,2
Giant Clam (Shallow Only)\2024_AUG_GC_D\2024_AUG_GC_T2\GOPR4428.JPG,Giant Clam (Shallow Only)\2024_AUG_GC_D\2024_AUG_GC_T2\GOPR4428\Coral8.JPG,8,0.6044,Giant Clam,T2,2
Giant Clam (Shallow Only)\2024_JUL_GC_D\2024_JUL_GC-D_T2\GOPR3468.JPG,Giant Clam (Shallow Only)\2024_JUL_GC_D\2024_JUL_GC-D_T2\GOPR3468\Coral24.JPG,24,0.2459,Giant Clam,T2,2
Giant Clam (Shallow Only)\2024_AUG_GC_D\2024_AUG_GC_T2\GOPR4440.JPG,Giant Clam (Shallow Only)\2024_AUG_GC_D\2024_AUG_GC_T2\GOPR4440\Coral14.JPG,14,0.1832,Giant Clam,T2,2
Giant Clam (Shallow Only)\2024_JUL_GC_D\2024_JUL_GC-D_T2\GOPR3452.JPG,Giant Clam (Shallow Only)\2024_JUL_GC_D\2024_JUL_GC-D_T2\GOPR3452\Coral14.JPG,14,0.4182,Giant Clam,T2,2
Giant Clam (Shallow Only)\2024_JUL_GC_D\2024_JUL_GC-D_T2\GOPR3451.JPG,Giant Clam (Shallow Only)\2024_JUL_GC_D\2024_JUL_GC-D_T2\GOPR3451\Coral20.JPG,20,0.206,Giant Clam,T2,2
Giant Clam (Shallow Only)\2024_AUG_GC_D\2024_AUG_GC_T2\GOPR4441.JPG,Giant Clam (Shallow Only)\2024_AUG_GC_D\2024_AUG_GC_T2\GOPR4441\Coral9.JPG,9,0.2992,Giant Clam,T2,2
Giant Clam (Shallow Only)\2024_JUL_GC_D\2024_JUL_GC-D_T2\GOPR3440.JPG,Giant Clam (Shallow Only)\2024_JUL_GC_D\2024_JUL_GC-D_T2\GOPR3440\Coral58.JPG,58,0.162,Giant Clam,T2,2
Giant Clam (Shallow Only)\2024_JUL_GC_D\2024_JUL_GC-D_T2\GOPR3443.JPG,Giant Clam (Shallow Only)\2024_JUL_GC_D\2024_JUL_GC-D_T2\GOPR3443\Coral13.JPG,13,0.3219,Giant Clam,T2,2
Giant Clam (Shallow Only)\2024_JUL_GC_D\2024_JUL_GC-D_T2\GOPR3448.JPG,Giant Clam (Shallow Only)\2024_JUL_GC_D\2024_JUL_GC-D_T2\GOPR3448\Coral1.JPG,1,0.8236,Giant Clam,T2,2
Giant Clam (Shallow Only)\2024_AUG_GC_D\2024_AUG_GC_T2\GOPR4436.JPG,Giant Clam (Shallow Only)\2024_AUG_GC_D\2024_AUG_GC_T2\GOPR4436\Coral29.JPG,29,0.1682,Giant Clam,T2,2
Giant Clam (Shallow Only)\2024_AUG_GC_D\2024_AUG_GC_T2\GOPR4433.JPG,Giant Clam (Shallow Only)\2024_AUG_GC_D\2024_AUG_GC_T2\GOPR4433\Coral20.JPG,20,0.1884,Giant Clam,T2,2
Giant Clam (Shallow Only)\2024_AUG_GC_D\2024_AUG_GC_T2\GOPR4451.JPG,Giant Clam (Shallow Only)\2024_AUG_GC_D\2024_AUG_GC_T2\GOPR4451\Coral14.JPG,14,0.2593,Giant Clam,T2,2
Giant Clam (Shallow Only)\2024_JUL_GC_D\2024_JUL_GC-D_T2\GOPR3453.JPG,Giant Clam (Shallow Only)\2024_JUL_GC_D\2024_JUL_GC-D_T2\GOPR3453\Coral1.JPG,1,0.7599,Giant Clam,T2,2
Giant Clam (Shallow Only)\2024_JUL_GC_D\2024_JUL_GC-D_T2\GOPR3458.JPG,Giant Clam (Shallow Only)\2024_JUL_GC_D\2024_JUL_GC-D_T2\GOPR3458\Coral4.JPG,4,0.6002,Giant Clam,T2,2
Giant Clam (Shallow Only)\2024_AUG_GC_D\2024_AUG_GC_T2\GOPR4448.JPG,Giant Clam (Shallow Only)\2024_AUG_GC_D\2024_AUG_GC_T2\GOPR4448\Coral8.JPG,8,0.3757,Giant Clam,T2,2
Giant Clam (Shallow Only)\2024_JUL_GC_D\2024_JUL_GC-D_T2\GOPR3438.JPG,Giant Clam (Shallow Only)\2024_JUL_GC_D\2024_JUL_GC-D_T2\GOPR3438\Coral52.JPG,52,0.1969,Giant Clam,T2,2
Giant Clam (Shallow Only)\2024_AUG_GC_D\2024_AUG_GC_T2\GOPR4469.JPG,Giant Clam (Shallow Only)\2024_AUG_GC_D\2024_AUG_GC_T2\GOPR4469\Coral29.JPG,29,0.177,Giant Clam,T2,2
Giant Clam (Shallow Only)\2024_JUL_GC_D\2024_JUL_GC-D_T2\GOPR3480.JPG,Giant Clam (Shallow Only)\2024_JUL_GC_D\2024_JUL_GC-D_T2\GOPR3480\Coral1.JPG,1,0.6634,Giant Clam,T2,2
Giant Clam (Shallow Only)\2024_AUG_GC_D\2024_AUG_GC_T2\GOPR4449.JPG,Giant Clam (Shallow Only)\2024_AUG_GC_D\2024_AUG_GC_T2\GOPR4449\Coral14.JPG,14,0.2069,Giant Clam,T2,2
Giant Clam (Shallow Only)\2024_JUL_GC_D\2024_JUL_GC-D_T2\GOPR3468.JPG,Giant Clam (Shallow Only)\2024_JUL_GC_D\2024_JUL_GC-D_T2\GOPR3468\Coral7.JPG,7,0.6279,Giant Clam,T2,2
Giant Clam (Shallow Only)\2024_AUG_GC_D\2024_AUG_GC_T2\GOPR4460.JPG,Giant Clam (Shallow Only)\2024_AUG_GC_D\2024_AUG_GC_T2\GOPR4460\Coral4.JPG,4,0.3677,Giant Clam,T2,2
Giant Clam (Shallow Only)\2024_AUG_GC_D\2024_AUG_GC_T2\GOPR4441.JPG,Giant Clam (Shallow Only)\2024_AUG_GC_D\2024_AUG_GC_T2\GOPR4441\Coral16.JPG,16,0.2286,Giant Clam,T2,2
Giant Clam (Shallow Only)\2024_JUL_GC_D\2024_JUL_GC-D_T2\GOPR3443.JPG,Giant Clam (Shallow Only)\2024_JUL_GC_D\2024_JUL_GC-D_T2\GOPR3443\Coral14.JPG,14,0.3146,Giant Clam,T2,2
Giant Clam (Shallow Only)\2024_JUL_GC_D\2024_JUL_GC-D_T2\GOPR3448.JPG,Giant Clam (Shallow Only)\2024_JUL_GC_D\2024_JUL_GC-D_T2\GOPR3448\Coral14.JPG,14,0.5123,Giant Clam,T2,2
Giant Clam (Shallow Only)\2024_JUL_GC_D\2024_JUL_GC-D_T2\GOPR3449.JPG,Giant Clam (Shallow Only)\2024_JUL_GC_D\2024_JUL_GC-D_T2\GOPR3449\Coral2.JPG,2,0.6557,Giant Clam,T2,2
Giant Clam (Shallow Only)\2024_JUL_GC_D\2024_JUL_GC-D_T2\GOPR3471.JPG,Giant Clam (Shallow Only)\2024_JUL_GC_D\2024_JUL_GC-D_T2\GOPR3471\Coral6.JPG,6,0.5212,Giant Clam,T2,2
Giant Clam (Shallow Only)\2024_JUL_GC_D\2024_JUL_GC-D_T2\GOPR3463.JPG,Giant Clam (Shallow Only)\2024_JUL_GC_D\2024_JUL_GC-D_T2\GOPR3463\Coral4.JPG,4,0.5658,Giant Clam,T2,2
Giant Clam (Shallow Only)\2024_AUG_GC_D\2024_AUG_GC_T2\GOPR4424.JPG,Giant Clam (Shallow Only)\2024_AUG_GC_D\2024_AUG_GC_T2\GOPR4424\Coral27.JPG,27,0.1507,Giant Clam,T2,2
Giant Clam (Shallow Only)\2024_JUL_GC_D\2024_JUL_GC-D_T2\GOPR3453.JPG,Giant Clam (Shallow Only)\2024_JUL_GC_D\2024_JUL_GC-D_T2\GOPR3453\Coral10.JPG,10,0.3452,Giant Clam,T2,2
Giant Clam (Shallow Only)\2024_AUG_GC_D\2024_AUG_GC_T2\GOPR4447.JPG,Giant Clam (Shallow Only)\2024_AUG_GC_D\2024_AUG_GC_T2\GOPR4447\Coral14.JPG,14,0.2193,Giant Clam,T2,2
Giant Clam (Shallow Only)\2024_JUL_GC_D\2024_JUL_GC-D_T2\GOPR3434.JPG,Giant Clam (Shallow Only)\2024_JUL_GC_D\2024_JUL_GC-D_T2\GOPR3434\Coral2.JPG,2,0.5282,Giant Clam,T2,2
Giant Clam (Shallow Only)\2024_JUL_GC_D\2024_JUL_GC-D_T2\GOPR3447.JPG,Giant Clam (Shallow Only)\2024_JUL_GC_D\2024_JUL_GC-D_T2\GOPR3447\Coral21.JPG,21,0.2791,Giant Clam,T2,2
Giant Clam (Shallow Only)\2024_JUL_GC_D\2024_JUL_GC-D_T2\GOPR3438.JPG,Giant Clam (Shallow Only)\2024_JUL_GC_D\2024_JUL_GC-D_T2\GOPR3438\Coral3.JPG,3,0.7587,Giant Clam,T2,2
Giant Clam (Shallow Only)\2024_AUG_GC_D\2024_AUG_GC_T2\GOPR4438.JPG,Giant Clam (Shallow Only)\2024_AUG_GC_D\2024_AUG_GC_T2\GOPR4438\Coral31.JPG,31,0.1833,Giant Clam,T2,2
Giant Clam (Shallow Only)\2024_JUL_GC_D\2024_JUL_GC-D_T2\GOPR3460.JPG,Giant Clam (Shallow Only)\2024_JUL_GC_D\2024_JUL_GC-D_T2\GOPR3460\Coral5.JPG,5,0.46,Giant Clam,T2,2
Giant Clam (Shallow Only)\2024_AUG_GC_D\2024_AUG_GC_T2\GOPR4442.JPG,Giant Clam (Shallow Only)\2024_AUG_GC_D\2024_AUG_GC_T2\GOPR4442\Coral3.JPG,3,0.5465,Giant Clam,T2,2
Giant Clam (Shallow Only)\2024_JUL_GC_D\2024_JUL_GC-D_T2\GOPR3476.JPG,Giant Clam (Shallow Only)\2024_JUL_GC_D\2024_JUL_GC-D_T2\GOPR3476\Coral19.JPG,19,0.2272,Giant Clam,T2,2
Giant Clam (Shallow Only)\2024_AUG_GC_D\2024_AUG_GC_T2\GOPR4426.JPG,Giant Clam (Shallow Only)\2024_AUG_GC_D\2024_AUG_GC_T2\GOPR4426\Coral3.JPG,3,0.6377,Giant Clam,T2,2
Giant Clam (Shallow Only)\2024_JUL_GC_D\2024_JUL_GC-D_T2\GOPR3473.JPG,Giant Clam (Shallow Only)\2024_JUL_GC_D\2024_JUL_GC-D_T2\GOPR3473\Coral9.JPG,9,0.4553,Giant Clam,T2,2
Giant Clam (Shallow Only)\2024_JUL_GC_D\2024_JUL_GC-D_T2\GOPR3445.JPG,Giant Clam (Shallow Only)\2024_JUL_GC_D\2024_JUL_GC-D_T2\GOPR3445\Coral43.JPG,43,0.2846,Giant Clam,T2,2
Giant Clam (Shallow Only)\2024_AUG_GC_D\2024_AUG_GC_T2\GOPR4459.JPG,Giant Clam (Shallow Only)\2024_AUG_GC_D\2024_AUG_GC_T2\GOPR4459\Coral4.JPG,4,0.3567,Giant Clam,T2,2
Giant Clam (Shallow Only)\2024_JUL_GC_D\2024_JUL_GC-D_T2\GOPR3462.JPG,Giant Clam (Shallow Only)\2024_JUL_GC_D\2024_JUL_GC-D_T2\GOPR3462\Coral19.JPG,19,0.2559,Giant Clam,T2,2
Giant Clam (Shallow Only)\2024_AUG_GC_D\2024_AUG_GC_T2\GOPR4421.JPG,Giant Clam (Shallow Only)\2024_AUG_GC_D\2024_AUG_GC_T2\GOPR4421\Coral2.JPG,2,0.7074,Giant Clam,T2,2
Giant Clam (Shallow Only)\2024_AUG_GC_D\2024_AUG_GC_T2\GOPR4446.JPG,Giant Clam (Shallow Only)\2024_AUG_GC_D\2024_AUG_GC_T2\GOPR4446\Coral19.JPG,19,0.2922,Giant Clam,T2,2
Giant Clam (Shallow Only)\2024_JUL_GC_D\2024_JUL_GC-D_T2\GOPR3463.JPG,Giant Clam (Shallow Only)\2024_JUL_GC_D\2024_JUL_GC-D_T2\GOPR3463\Coral33.JPG,33,0.1625,Giant Clam,T2,2
Giant Clam (Shallow Only)\2024_JUL_GC_D\2024_JUL_GC-D_T2\GOPR3475.JPG,Giant Clam (Shallow Only)\2024_JUL_GC_D\2024_JUL_GC-D_T2\GOPR3475\Coral5.JPG,5,0.5883,Giant Clam,T2,2
Giant Clam (Shallow Only)\2024_JUL_GC_D\2024_JUL_GC-D_T2\GOPR3454.JPG,Giant Clam (Shallow Only)\2024_JUL_GC_D\2024_JUL_GC-D_T2\GOPR3454\Coral30.JPG,30,0.189,Giant Clam,T2,2
Giant Clam (Shallow Only)\2024_JUL_GC_D\2024_JUL_GC-D_T2\GOPR3433.JPG,Giant Clam (Shallow Only)\2024_JUL_GC_D\2024_JUL_GC-D_T2\GOPR3433\Coral10.JPG,10,0.5188,Giant Clam,T2,2
Giant Clam (Shallow Only)\2024_AUG_GC_D\2024_AUG_GC_T2\GOPR4458.JPG,Giant Clam (Shallow Only)\2024_AUG_GC_D\2024_AUG_GC_T2\GOPR4458\Coral12.JPG,12,0.1532,Giant Clam,T2,2
Giant Clam (Shallow Only)\2024_AUG_GC_D\2024_AUG_GC_T2\GOPR4431.JPG,Giant Clam (Shallow Only)\2024_AUG_GC_D\2024_AUG_GC_T2\GOPR4431\Coral29.JPG,29,0.194,Giant Clam,T2,2
Giant Clam (Shallow Only)\2024_JUL_GC_D\2024_JUL_GC-D_T2\GOPR3437.JPG,Giant Clam (Shallow Only)\2024_JUL_GC_D\2024_JUL_GC-D_T2\GOPR3437\Coral49.JPG,49,0.1699,Giant Clam,T2,2
Giant Clam (Shallow Only)\2024_AUG_GC_D\2024_AUG_GC_T2\GOPR4443.JPG,Giant Clam (Shallow Only)\2024_AUG_GC_D\2024_AUG_GC_T2\GOPR4443\Coral3.JPG,3,0.6632,Giant Clam,T2,2
Giant Clam (Shallow Only)\2024_AUG_GC_D\2024_AUG_GC_T2\GOPR4443.JPG,Giant Clam (Shallow Only)\2024_AUG_GC_D\2024_AUG_GC_T2\GOPR4443\Coral5.JPG,5,0.5388,Giant Clam,T2,2
Giant Clam (Shallow Only)\2024_AUG_GC_D\2024_AUG_GC_T2\GOPR4443.JPG,Giant Clam (Shallow Only)\2024_AUG_GC_D\2024_AUG_GC_T2\GOPR4443\Coral34.JPG,34,0.1971,Giant Clam,T2,2
Giant Clam (Shallow Only)\2024_AUG_GC_D\2024_AUG_GC_T2\GOPR4443.JPG,Giant Clam (Shallow Only)\2024_AUG_GC_D\2024_AUG_GC_T2\GOPR4443\Coral11.JPG,11,0.4754,Giant Clam,T2,2
Giant Clam (Shallow Only)\2024_AUG_GC_D\2024_AUG_GC_T2\GOPR4443.JPG,Giant Clam (Shallow Only)\2024_AUG_GC_D\2024_AUG_GC_T2\GOPR4443\Coral6.JPG,6,0.5301,Giant Clam,T2,2
Giant Clam (Shallow Only)\2024_AUG_GC_D\2024_AUG_GC_T2\GOPR4443.JPG,Giant Clam (Shallow Only)\2024_AUG_GC_D\2024_AUG_GC_T2\GOPR4443\Coral15.JPG,15,0.3351,Giant Clam,T2,2
Giant Clam (Shallow Only)\2024_AUG_GC_D\2024_AUG_GC_T2\GOPR4443.JPG,Giant Clam (Shallow Only)\2024_AUG_GC_D\2024_AUG_GC_T2\GOPR4443\Coral39.JPG,39,0.168,Giant Clam,T2,2
Giant Clam (Shallow Only)\2024_AUG_GC_D\2024_AUG_GC_T2\GOPR4443.JPG,Giant Clam (Shallow Only)\2024_AUG_GC_D\2024_AUG_GC_T2\GOPR4443\Coral13.JPG,13,0.4134,Giant Clam,T2,2
Giant Clam (Shallow Only)\2024_AUG_GC_D\2024_AUG_GC_T2\GOPR4443.JPG,Giant Clam (Shallow Only)\2024_AUG_GC_D\2024_AUG_GC_T2\GOPR4443\Coral21.JPG,21,0.257,Giant Clam,T2,2
Giant Clam (Shallow Only)\2024_AUG_GC_D\2024_AUG_GC_T2\GOPR4443.JPG,Giant Clam (Shallow Only)\2024_AUG_GC_D\2024_AUG_GC_T2\GOPR4443\Coral14.JPG,14,0.3576,Giant Clam,T2,2
Giant Clam (Shallow Only)\2024_AUG_GC_D\2024_AUG_GC_T2\GOPR4443.JPG,Giant Clam (Shallow Only)\2024_AUG_GC_D\2024_AUG_GC_T2\GOPR4443\Coral31.JPG,31,0.2053,Giant Clam,T2,2
Giant Clam (Shallow Only)\2024_JUL_GC_D\2024_JUL_GC-D_T2\GOPR3434.JPG,Giant Clam (Shallow Only)\2024_JUL_GC_D\2024_JUL_GC-D_T2\GOPR3434\Coral8.JPG,8,0.3626,Giant Clam,T2,2
Giant Clam (Shallow Only)\2024_JUL_GC_D\2024_JUL_GC-D_T2\GOPR3434.JPG,Giant Clam (Shallow Only)\2024_JUL_GC_D\2024_JUL_GC-D_T2\GOPR3434\Coral13.JPG,13,0.2887,Giant Clam,T2,2
Giant Clam (Shallow Only)\2024_JUL_GC_D\2024_JUL_GC-D_T2\GOPR3434.JPG,Giant Clam (Shallow Only)\2024_JUL_GC_D\2024_JUL_GC-D_T2\GOPR3434\Coral16.JPG,16,0.2701,Giant Clam,T2,2
Giant Clam (Shallow Only)\2024_JUL_GC_D\2024_JUL_GC-D_T2\GOPR3434.JPG,Giant Clam (Shallow Only)\2024_JUL_GC_D\2024_JUL_GC-D_T2\GOPR3434\Coral1.JPG,1,0.7314,Giant Clam,T2,2
Giant Clam (Shallow Only)\2024_JUL_GC_D\2024_JUL_GC-D_T2\GOPR3434.JPG,Giant Clam (Shallow Only)\2024_JUL_GC_D\2024_JUL_GC-D_T2\GOPR3434\Coral9.JPG,9,0.3541,Giant Clam,T2,2
Giant Clam (Shallow Only)\2024_JUL_GC_D\2024_JUL_GC-D_T2\GOPR3434.JPG,Giant Clam (Shallow Only)\2024_JUL_GC_D\2024_JUL_GC-D_T2\GOPR3434\Coral23.JPG,23,0.2081,Giant Clam,T2,2
Giant Clam (Shallow Only)\2024_JUL_GC_D\2024_JUL_GC-D_T2\GOPR3434.JPG,Giant Clam (Shallow Only)\2024_JUL_GC_D\2024_JUL_GC-D_T2\GOPR3434\Coral28.JPG,28,0.1608,Giant Clam,T2,2
Giant Clam (Shallow Only)\2024_AUG_GC_D\2024_AUG_GC_T2\GOPR4435.JPG,Giant Clam (Shallow Only)\2024_AUG_GC_D\2024_AUG_GC_T2\GOPR4435\Coral14.JPG,14,0.2642,Giant Clam,T2,2
Giant Clam (Shallow Only)\2024_AUG_GC_D\2024_AUG_GC_T2\GOPR4435.JPG,Giant Clam (Shallow Only)\2024_AUG_GC_D\2024_AUG_GC_T2\GOPR4435\Coral11.JPG,11,0.2917,Giant Clam,T2,2
Giant Clam (Shallow Only)\2024_AUG_GC_D\2024_AUG_GC_T2\GOPR4435.JPG,Giant Clam (Shallow Only)\2024_AUG_GC_D\2024_AUG_GC_T2\GOPR4435\Coral10.JPG,10,0.3007,Giant Clam,T2,2
Giant Clam (Shallow Only)\2024_AUG_GC_D\2024_AUG_GC_T2\GOPR4435.JPG,Giant Clam (Shallow Only)\2024_AUG_GC_D\2024_AUG_GC_T2\GOPR4435\Coral5.JPG,5,0.4504,Giant Clam,T2,2
Giant Clam (Shallow Only)\2024_AUG_GC_D\2024_AUG_GC_T2\GOPR4435.JPG,Giant Clam (Shallow Only)\2024_AUG_GC_D\2024_AUG_GC_T2\GOPR4435\Coral16.JPG,16,0.2348,Giant Clam,T2,2
Giant Clam (Shallow Only)\2024_AUG_GC_D\2024_AUG_GC_T2\GOPR4435.JPG,Giant Clam (Shallow Only)\2024_AUG_GC_D\2024_AUG_GC_T2\GOPR4435\Coral21.JPG,21,0.1562,Giant Clam,T2,2
Giant Clam (Shallow Only)\2024_JUL_GC_D\2024_JUL_GC-D_T2\GOPR3455.JPG,Giant Clam (Shallow Only)\2024_JUL_GC_D\2024_JUL_GC-D_T2\GOPR3455\Coral49.JPG,49,0.1696,Giant Clam,T2,2
Giant Clam (Shallow Only)\2024_JUL_GC_D\2024_JUL_GC-D_T2\GOPR3455.JPG,Giant Clam (Shallow Only)\2024_JUL_GC_D\2024_JUL_GC-D_T2\GOPR3455\Coral12.JPG,12,0.435,Giant Clam,T2,2
Giant Clam (Shallow Only)\2024_JUL_GC_D\2024_JUL_GC-D_T2\GOPR3455.JPG,Giant Clam (Shallow Only)\2024_JUL_GC_D\2024_JUL_GC-D_T2\GOPR3455\Coral27.JPG,27,0.2874,Giant Clam,T2,2
Giant Clam (Shallow Only)\2024_JUL_GC_D\2024_JUL_GC-D_T2\GOPR3455.JPG,Giant Clam (Shallow Only)\2024_JUL_GC_D\2024_JUL_GC-D_T2\GOPR3455\Coral54.JPG,54,0.1527,Giant Clam,T2,2
Giant Clam (Shallow Only)\2024_JUL_GC_D\2024_JUL_GC-D_T2\GOPR3455.JPG,Giant Clam (Shallow Only)\2024_JUL_GC_D\2024_JUL_GC-D_T2\GOPR3455\Coral18.JPG,18,0.3542,Giant Clam,T2,2
Giant Clam (Shallow Only)\2024_JUL_GC_D\2024_JUL_GC-D_T2\GOPR3455.JPG,Giant Clam (Shallow Only)\2024_JUL_GC_D\2024_JUL_GC-D_T2\GOPR3455\Coral14.JPG,14,0.398,Giant Clam,T2,2
Giant Clam (Shallow Only)\2024_JUL_GC_D\2024_JUL_GC-D_T2\GOPR3455.JPG,Giant Clam (Shallow Only)\2024_JUL_GC_D\2024_JUL_GC-D_T2\GOPR3455\Coral15.JPG,15,0.3781,Giant Clam,T2,2
Giant Clam (Shallow Only)\2024_JUL_GC_D\2024_JUL_GC-D_T2\GOPR3450.JPG,Giant Clam (Shallow Only)\2024_JUL_GC_D\2024_JUL_GC-D_T2\GOPR3450\Coral4.JPG,4,0.7458,Giant Clam,T2,2
Giant Clam (Shallow Only)\2024_JUL_GC_D\2024_JUL_GC-D_T2\GOPR3450.JPG,Giant Clam (Shallow Only)\2024_JUL_GC_D\2024_JUL_GC-D_T2\GOPR3450\Coral18.JPG,18,0.4107,Giant Clam,T2,2
Giant Clam (Shallow Only)\2024_JUL_GC_D\2024_JUL_GC-D_T2\GOPR3450.JPG,Giant Clam (Shallow Only)\2024_JUL_GC_D\2024_JUL_GC-D_T2\GOPR3450\Coral45.JPG,45,0.1677,Giant Clam,T2,2
Giant Clam (Shallow Only)\2024_JUL_GC_D\2024_JUL_GC-D_T2\GOPR3450.JPG,Giant Clam (Shallow Only)\2024_JUL_GC_D\2024_JUL_GC-D_T2\GOPR3450\Coral47.JPG,47,0.1632,Giant Clam,T2,2
Giant Clam (Shallow Only)\2024_JUL_GC_D\2024_JUL_GC-D_T2\GOPR3450.JPG,Giant Clam (Shallow Only)\2024_JUL_GC_D\2024_JUL_GC-D_T2\GOPR3450\Coral7.JPG,7,0.6441,Giant Clam,T2,2
Giant Clam (Shallow Only)\2024_JUL_GC_D\2024_JUL_GC-D_T2\GOPR3450.JPG,Giant Clam (Shallow Only)\2024_JUL_GC_D\2024_JUL_GC-D_T2\GOPR3450\Coral29.JPG,29,0.2972,Giant Clam,T2,2
Giant Clam (Shallow Only)\2024_JUL_GC_D\2024_JUL_GC-D_T2\GOPR3465.JPG,Giant Clam (Shallow Only)\2024_JUL_GC_D\2024_JUL_GC-D_T2\GOPR3465\Coral29.JPG,29,0.2646,Giant Clam,T2,2
Giant Clam (Shallow Only)\2024_JUL_GC_D\2024_JUL_GC-D_T2\GOPR3465.JPG,Giant Clam (Shallow Only)\2024_JUL_GC_D\2024_JUL_GC-D_T2\GOPR3465\Coral33.JPG,33,0.2042,Giant Clam,T2,2
Giant Clam (Shallow Only)\2024_JUL_GC_D\2024_JUL_GC-D_T2\GOPR3465.JPG,Giant Clam (Shallow Only)\2024_JUL_GC_D\2024_JUL_GC-D_T2\GOPR3465\Coral7.JPG,7,0.5488,Giant Clam,T2,2
Giant Clam (Shallow Only)\2024_JUL_GC_D\2024_JUL_GC-D_T2\GOPR3465.JPG,Giant Clam (Shallow Only)\2024_JUL_GC_D\2024_JUL_GC-D_T2\GOPR3465\Coral40.JPG,40,0.1725,Giant Clam,T2,2
Giant Clam (Shallow Only)\2024_JUL_GC_D\2024_JUL_GC-D_T2\GOPR3465.JPG,Giant Clam (Shallow Only)\2024_JUL_GC_D\2024_JUL_GC-D_T2\GOPR3465\Coral19.JPG,19,0.3624,Giant Clam,T2,2
Giant Clam (Shallow Only)\2024_JUL_GC_D\2024_JUL_GC-D_T2\GOPR3465.JPG,Giant Clam (Shallow Only)\2024_JUL_GC_D\2024_JUL_GC-D_T2\GOPR3465\Coral13.JPG,13,0.4404,Giant Clam,T2,2
Giant Clam (Shallow Only)\2024_JUL_GC_D\2024_JUL_GC-D_T2\GOPR3465.JPG,Giant Clam (Shallow Only)\2024_JUL_GC_D\2024_JUL_GC-D_T2\GOPR3465\Coral25.JPG,25,0.2869,Giant Clam,T2,2
Giant Clam (Shallow Only)\2024_JUL_GC_D\2024_JUL_GC-D_T2\GOPR3465.JPG,Giant Clam (Shallow Only)\2024_JUL_GC_D\2024_JUL_GC-D_T2\GOPR3465\Coral11.JPG,11,0.4711,Giant Clam,T2,2
Giant Clam (Shallow Only)\2024_JUL_GC_D\2024_JUL_GC-D_T2\GOPR3465.JPG,Giant Clam (Shallow Only)\2024_JUL_GC_D\2024_JUL_GC-D_T2\GOPR3465\Coral18.JPG,18,0.3684,Giant Clam,T2,2
Giant Clam (Shallow Only)\2024_JUL_GC_D\2024_JUL_GC-D_T2\GOPR3447.JPG,Giant Clam (Shallow Only)\2024_JUL_GC_D\2024_JUL_GC-D_T2\GOPR3447\Coral23.JPG,23,0.2676,Giant Clam,T2,2
Giant Clam (Shallow Only)\2024_JUL_GC_D\2024_JUL_GC-D_T2\GOPR3447.JPG,Giant Clam (Shallow Only)\2024_JUL_GC_D\2024_JUL_GC-D_T2\GOPR3447\Coral18.JPG,18,0.3113,Giant Clam,T2,2
Giant Clam (Shallow Only)\2024_JUL_GC_D\2024_JUL_GC-D_T2\GOPR3447.JPG,Giant Clam (Shallow Only)\2024_JUL_GC_D\2024_JUL_GC-D_T2\GOPR3447\Coral6.JPG,6,0.5254,Giant Clam,T2,2
Giant Clam (Shallow Only)\2024_JUL_GC_D\2024_JUL_GC-D_T2\GOPR3447.JPG,Giant Clam (Shallow Only)\2024_JUL_GC_D\2024_JUL_GC-D_T2\GOPR3447\Coral1.JPG,1,0.676,Giant Clam,T2,2
Giant Clam (Shallow Only)\2024_JUL_GC_D\2024_JUL_GC-D_T2\GOPR3447.JPG,Giant Clam (Shallow Only)\2024_JUL_GC_D\2024_JUL_GC-D_T2\GOPR3447\Coral14.JPG,14,0.3451,Giant Clam,T2,2
Giant Clam (Shallow Only)\2024_JUL_GC_D\2024_JUL_GC-D_T2\GOPR3447.JPG,Giant Clam (Shallow Only)\2024_JUL_GC_D\2024_JUL_GC-D_T2\GOPR3447\Coral5.JPG,5,0.5352,Giant Clam,T2,2
Giant Clam (Shallow Only)\2024_JUL_GC_D\2024_JUL_GC-D_T2\GOPR3447.JPG,Giant Clam (Shallow Only)\2024_JUL_GC_D\2024_JUL_GC-D_T2\GOPR3447\Coral30.JPG,30,0.237,Giant Clam,T2,2
Giant Clam (Shallow Only)\2024_JUL_GC_D\2024_JUL_GC-D_T3\GOPR3489.JPG,Giant Clam (Shallow Only)\2024_JUL_GC_D\2024_JUL_GC-D_T3\GOPR3489\Coral12.JPG,12,0.2462,Giant Clam,T3,2
Giant Clam (Shallow Only)\2024_JUL_GC_D\2024_JUL_GC-D_T3\GOPR3535.JPG,Giant Clam (Shallow Only)\2024_JUL_GC_D\2024_JUL_GC-D_T3\GOPR3535\Coral15.JPG,15,0.2155,Giant Clam,T3,2
Giant Clam (Shallow Only)\2024_JUL_GC_D\2024_JUL_GC-D_T3\GOPR3499.JPG,Giant Clam (Shallow Only)\2024_JUL_GC_D\2024_JUL_GC-D_T3\GOPR3499\Coral12.JPG,12,0.2388,Giant Clam,T3,2
Giant Clam (Shallow Only)\2024_JUL_GC_D\2024_JUL_GC-D_T3\GOPR3495.JPG,Giant Clam (Shallow Only)\2024_JUL_GC_D\2024_JUL_GC-D_T3\GOPR3495\Coral11.JPG,11,0.3246,Giant Clam,T3,2
Giant Clam (Shallow Only)\2024_AUG_GC_D\2024_AUG_GC_T3\GOPR4515.JPG,Giant Clam (Shallow Only)\2024_AUG_GC_D\2024_AUG_GC_T3\GOPR4515\Coral2.JPG,2,0.6172,Giant Clam,T3,2
Giant Clam (Shallow Only)\2024_JUL_GC_D\2024_JUL_GC-D_T3\GOPR3507.JPG,Giant Clam (Shallow Only)\2024_JUL_GC_D\2024_JUL_GC-D_T3\GOPR3507\Coral9.JPG,9,0.2753,Giant Clam,T3,2
Giant Clam (Shallow Only)\2024_AUG_GC_D\2024_AUG_GC_T3\GOPR4512.JPG,Giant Clam (Shallow Only)\2024_AUG_GC_D\2024_AUG_GC_T3\GOPR4512\Coral6.JPG,6,0.2846,Giant Clam,T3,2
Giant Clam (Shallow Only)\2024_AUG_GC_D\2024_AUG_GC_T3\GOPR4486.JPG,Giant Clam (Shallow Only)\2024_AUG_GC_D\2024_AUG_GC_T3\GOPR4486\Coral19.JPG,19,0.2333,Giant Clam,T3,2
Giant Clam (Shallow Only)\2024_AUG_GC_D\2024_AUG_GC_T3\GOPR4487.JPG,Giant Clam (Shallow Only)\2024_AUG_GC_D\2024_AUG_GC_T3\GOPR4487\Coral13.JPG,13,0.2455,Giant Clam,T3,2
Giant Clam (Shallow Only)\2024_AUG_GC_D\2024_AUG_GC_T3\GOPR4500.JPG,Giant Clam (Shallow Only)\2024_AUG_GC_D\2024_AUG_GC_T3\GOPR4500\Coral13.JPG,13,0.2496,Giant Clam,T3,2
Giant Clam (Shallow Only)\2024_AUG_GC_D\2024_AUG_GC_T3\GOPR4508.JPG,Giant Clam (Shallow Only)\2024_AUG_GC_D\2024_AUG_GC_T3\GOPR4508\Coral10.JPG,10,0.5679,Giant Clam,T3,2
Giant Clam (Shallow Only)\2024_AUG_GC_D\2024_AUG_GC_T3\GOPR4521.JPG,Giant Clam (Shallow Only)\2024_AUG_GC_D\2024_AUG_GC_T3\GOPR4521\Coral8.JPG,8,0.3986,Giant Clam,T3,2
Giant Clam (Shallow Only)\2024_AUG_GC_D\2024_AUG_GC_T3\GOPR4476.JPG,Giant Clam (Shallow Only)\2024_AUG_GC_D\2024_AUG_GC_T3\GOPR4476\Coral11.JPG,11,0.1928,Giant Clam,T3,2
Giant Clam (Shallow Only)\2024_JUL_GC_D\2024_JUL_GC-D_T3\GOPR3523.JPG,Giant Clam (Shallow Only)\2024_JUL_GC_D\2024_JUL_GC-D_T3\GOPR3523\Coral5.JPG,5,0.576,Giant Clam,T3,2
Giant Clam (Shallow Only)\2024_JUL_GC_D\2024_JUL_GC-D_T3\GOPR3534.JPG,Giant Clam (Shallow Only)\2024_JUL_GC_D\2024_JUL_GC-D_T3\GOPR3534\Coral20.JPG,20,0.1851,Giant Clam,T3,2
Giant Clam (Shallow Only)\2024_JUL_GC_D\2024_JUL_GC-D_T3\GOPR3532.JPG,Giant Clam (Shallow Only)\2024_JUL_GC_D\2024_JUL_GC-D_T3\GOPR3532\Coral39.JPG,39,0.2289,Giant Clam,T3,2
Giant Clam (Shallow Only)\2024_JUL_GC_D\2024_JUL_GC-D_T3\GOPR3500.JPG,Giant Clam (Shallow Only)\2024_JUL_GC_D\2024_JUL_GC-D_T3\GOPR3500\Coral5.JPG,5,0.6081,Giant Clam,T3,2
Giant Clam (Shallow Only)\2024_JUL_GC_D\2024_JUL_GC-D_T3\GOPR3501.JPG,Giant Clam (Shallow Only)\2024_JUL_GC_D\2024_JUL_GC-D_T3\GOPR3501\Coral30.JPG,30,0.2004,Giant Clam,T3,2
Giant Clam (Shallow Only)\2024_JUL_GC_D\2024_JUL_GC-D_T3\GOPR3522.JPG,Giant Clam (Shallow Only)\2024_JUL_GC_D\2024_JUL_GC-D_T3\GOPR3522\Coral4.JPG,4,0.5608,Giant Clam,T3,2
Giant Clam (Shallow Only)\2024_JUL_GC_D\2024_JUL_GC-D_T3\GOPR3505.JPG,Giant Clam (Shallow Only)\2024_JUL_GC_D\2024_JUL_GC-D_T3\GOPR3505\Coral2.JPG,2,0.6797,Giant Clam,T3,2
Giant Clam (Shallow Only)\2024_AUG_GC_D\2024_AUG_GC_T3\GOPR4505.JPG,Giant Clam (Shallow Only)\2024_AUG_GC_D\2024_AUG_GC_T3\GOPR4505\Coral8.JPG,8,0.2629,Giant Clam,T3,2
Giant Clam (Shallow Only)\2024_JUL_GC_D\2024_JUL_GC-D_T3\GOPR3487.JPG,Giant Clam (Shallow Only)\2024_JUL_GC_D\2024_JUL_GC-D_T3\GOPR3487\Coral11.JPG,11,0.5123,Giant Clam,T3,2
Giant Clam (Shallow Only)\2024_AUG_GC_D\2024_AUG_GC_T3\GOPR4494.JPG,Giant Clam (Shallow Only)\2024_AUG_GC_D\2024_AUG_GC_T3\GOPR4494\Coral4.JPG,4,0.3604,Giant Clam,T3,2
Giant Clam (Shallow Only)\2024_AUG_GC_D\2024_AUG_GC_T3\GOPR4485.JPG,Giant Clam (Shallow Only)\2024_AUG_GC_D\2024_AUG_GC_T3\GOPR4485\Coral27.JPG,27,0.2404,Giant Clam,T3,2
Giant Clam (Shallow Only)\2024_JUL_GC_D\2024_JUL_GC-D_T3\GOPR3515.JPG,Giant Clam (Shallow Only)\2024_JUL_GC_D\2024_JUL_GC-D_T3\GOPR3515\Coral28.JPG,28,0.2201,Giant Clam,T3,2
Giant Clam (Shallow Only)\2024_AUG_GC_D\2024_AUG_GC_T3\GOPR4517.JPG,Giant Clam (Shallow Only)\2024_AUG_GC_D\2024_AUG_GC_T3\GOPR4517\Coral14.JPG,14,0.2479,Giant Clam,T3,2
Giant Clam (Shallow Only)\2024_AUG_GC_D\2024_AUG_GC_T3\GOPR4498.JPG,Giant Clam (Shallow Only)\2024_AUG_GC_D\2024_AUG_GC_T3\GOPR4498\Coral10.JPG,10,0.2011,Giant Clam,T3,2
Giant Clam (Shallow Only)\2024_JUL_GC_D\2024_JUL_GC-D_T3\GOPR3525.JPG,Giant Clam (Shallow Only)\2024_JUL_GC_D\2024_JUL_GC-D_T3\GOPR3525\Coral22.JPG,22,0.1937,Giant Clam,T3,2
Giant Clam (Shallow Only)\2024_JUL_GC_D\2024_JUL_GC-D_T3\GOPR3521.JPG,Giant Clam (Shallow Only)\2024_JUL_GC_D\2024_JUL_GC-D_T3\GOPR3521\Coral2.JPG,2,0.4722,Giant Clam,T3,2
Giant Clam (Shallow Only)\2024_AUG_GC_D\2024_AUG_GC_T3\GOPR4478.JPG,Giant Clam (Shallow Only)\2024_AUG_GC_D\2024_AUG_GC_T3\GOPR4478\Coral9.JPG,9,0.2869,Giant Clam,T3,2
Giant Clam (Shallow Only)\2024_AUG_GC_D\2024_AUG_GC_T3\GOPR4482.JPG,Giant Clam (Shallow Only)\2024_AUG_GC_D\2024_AUG_GC_T3\GOPR4482\Coral4.JPG,4,0.2722,Giant Clam,T3,2
Giant Clam (Shallow Only)\2024_JUL_GC_D\2024_JUL_GC-D_T3\GOPR3536.JPG,Giant Clam (Shallow Only)\2024_JUL_GC_D\2024_JUL_GC-D_T3\GOPR3536\Coral17.JPG,17,0.2345,Giant Clam,T3,2
Giant Clam (Shallow Only)\2024_AUG_GC_D\2024_AUG_GC_T3\GOPR4488.JPG,Giant Clam (Shallow Only)\2024_AUG_GC_D\2024_AUG_GC_T3\GOPR4488\Coral5.JPG,5,0.6951,Giant Clam,T3,2
Giant Clam (Shallow Only)\2024_JUL_GC_D\2024_JUL_GC-D_T3\GOPR3500.JPG,Giant Clam (Shallow Only)\2024_JUL_GC_D\2024_JUL_GC-D_T3\GOPR3500\Coral11.JPG,11,0.4622,Giant Clam,T3,2
Giant Clam (Shallow Only)\2024_AUG_GC_D\2024_AUG_GC_T3\GOPR4509.JPG,Giant Clam (Shallow Only)\2024_AUG_GC_D\2024_AUG_GC_T3\GOPR4509\Coral8.JPG,8,0.4357,Giant Clam,T3,2
Giant Clam (Shallow Only)\2024_JUL_GC_D\2024_JUL_GC-D_T3\GOPR3530.JPG,Giant Clam (Shallow Only)\2024_JUL_GC_D\2024_JUL_GC-D_T3\GOPR3530\Coral9.JPG,9,0.5453,Giant Clam,T3,2
Giant Clam (Shallow Only)\2024_AUG_GC_D\2024_AUG_GC_T3\GOPR4505.JPG,Giant Clam (Shallow Only)\2024_AUG_GC_D\2024_AUG_GC_T3\GOPR4505\Coral14.JPG,14,0.1561,Giant Clam,T3,2
Giant Clam (Shallow Only)\2024_AUG_GC_D\2024_AUG_GC_T3\GOPR4522.JPG,Giant Clam (Shallow Only)\2024_AUG_GC_D\2024_AUG_GC_T3\GOPR4522\Coral26.JPG,26,0.2853,Giant Clam,T3,2
Giant Clam (Shallow Only)\2024_JUL_GC_D\2024_JUL_GC-D_T3\GOPR3499.JPG,Giant Clam (Shallow Only)\2024_JUL_GC_D\2024_JUL_GC-D_T3\GOPR3499\Coral4.JPG,4,0.5276,Giant Clam,T3,2
Giant Clam (Shallow Only)\2024_JUL_GC_D\2024_JUL_GC-D_T3\GOPR3498.JPG,Giant Clam (Shallow Only)\2024_JUL_GC_D\2024_JUL_GC-D_T3\GOPR3498\Coral2.JPG,2,0.5629,Giant Clam,T3,2
Giant Clam (Shallow Only)\2024_AUG_GC_D\2024_AUG_GC_T3\GOPR4485.JPG,Giant Clam (Shallow Only)\2024_AUG_GC_D\2024_AUG_GC_T3\GOPR4485\Coral12.JPG,12,0.3876,Giant Clam,T3,2
Giant Clam (Shallow Only)\2024_AUG_GC_D\2024_AUG_GC_T3\GOPR4504.JPG,Giant Clam (Shallow Only)\2024_AUG_GC_D\2024_AUG_GC_T3\GOPR4504\Coral7.JPG,7,0.3218,Giant Clam,T3,2
Giant Clam (Shallow Only)\2024_JUL_GC_D\2024_JUL_GC-D_T3\GOPR3516.JPG,Giant Clam (Shallow Only)\2024_JUL_GC_D\2024_JUL_GC-D_T3\GOPR3516\Coral4.JPG,4,0.5494,Giant Clam,T3,2
Giant Clam (Shallow Only)\2024_AUG_GC_D\2024_AUG_GC_T3\GOPR4487.JPG,Giant Clam (Shallow Only)\2024_AUG_GC_D\2024_AUG_GC_T3\GOPR4487\Coral4.JPG,4,0.4229,Giant Clam,T3,2
Giant Clam (Shallow Only)\2024_AUG_GC_D\2024_AUG_GC_T3\GOPR4502.JPG,Giant Clam (Shallow Only)\2024_AUG_GC_D\2024_AUG_GC_T3\GOPR4502\Coral14.JPG,14,0.2479,Giant Clam,T3,2
Giant Clam (Shallow Only)\2024_JUL_GC_D\2024_JUL_GC-D_T3\GOPR3511.JPG,Giant Clam (Shallow Only)\2024_JUL_GC_D\2024_JUL_GC-D_T3\GOPR3511\Coral3.JPG,3,0.6568,Giant Clam,T3,2
Giant Clam (Shallow Only)\2024_AUG_GC_D\2024_AUG_GC_T3\GOPR4491.JPG,Giant Clam (Shallow Only)\2024_AUG_GC_D\2024_AUG_GC_T3\GOPR4491\Coral21.JPG,21,0.3268,Giant Clam,T3,2
Giant Clam (Shallow Only)\2024_AUG_GC_D\2024_AUG_GC_T3\GOPR4475.JPG,Giant Clam (Shallow Only)\2024_AUG_GC_D\2024_AUG_GC_T3\GOPR4475\Coral12.JPG,12,0.1637,Giant Clam,T3,2
Giant Clam (Shallow Only)\2024_AUG_GC_D\2024_AUG_GC_T3\GOPR4518.JPG,Giant Clam (Shallow Only)\2024_AUG_GC_D\2024_AUG_GC_T3\GOPR4518\Coral18.JPG,18,0.1907,Giant Clam,T3,2
Giant Clam (Shallow Only)\2024_JUL_GC_D\2024_JUL_GC-D_T3\GOPR3506.JPG,Giant Clam (Shallow Only)\2024_JUL_GC_D\2024_JUL_GC-D_T3\GOPR3506\Coral15.JPG,15,0.214,Giant Clam,T3,2
Giant Clam (Shallow Only)\2024_AUG_GC_D\2024_AUG_GC_T3\GOPR4496.JPG,Giant Clam (Shallow Only)\2024_AUG_GC_D\2024_AUG_GC_T3\GOPR4496\Coral8.JPG,8,0.3019,Giant Clam,T3,2
Giant Clam (Shallow Only)\2024_JUL_GC_D\2024_JUL_GC-D_T3\GOPR3531.JPG,Giant Clam (Shallow Only)\2024_JUL_GC_D\2024_JUL_GC-D_T3\GOPR3531\Coral16.JPG,16,0.3533,Giant Clam,T3,2
Giant Clam (Shallow Only)\2024_AUG_GC_D\2024_AUG_GC_T3\GOPR4511.JPG,Giant Clam (Shallow Only)\2024_AUG_GC_D\2024_AUG_GC_T3\GOPR4511\Coral8.JPG,8,0.2064,Giant Clam,T3,2
Giant Clam (Shallow Only)\2024_JUL_GC_D\2024_JUL_GC-D_T3\GOPR3503.JPG,Giant Clam (Shallow Only)\2024_JUL_GC_D\2024_JUL_GC-D_T3\GOPR3503\Coral9.JPG,9,0.6039,Giant Clam,T3,2
Giant Clam (Shallow Only)\2024_JUL_GC_D\2024_JUL_GC-D_T3\GOPR3530.JPG,Giant Clam (Shallow Only)\2024_JUL_GC_D\2024_JUL_GC-D_T3\GOPR3530\Coral25.JPG,25,0.2574,Giant Clam,T3,2
Giant Clam (Shallow Only)\2024_JUL_GC_D\2024_JUL_GC-D_T3\GOPR3488.JPG,Giant Clam (Shallow Only)\2024_JUL_GC_D\2024_JUL_GC-D_T3\GOPR3488\Coral23.JPG,23,0.1711,Giant Clam,T3,2
Giant Clam (Shallow Only)\2024_AUG_GC_D\2024_AUG_GC_T3\GOPR4481.JPG,Giant Clam (Shallow Only)\2024_AUG_GC_D\2024_AUG_GC_T3\GOPR4481\Coral1.JPG,1,0.7867,Giant Clam,T3,2
Giant Clam (Shallow Only)\2024_AUG_GC_D\2024_AUG_GC_T3\GOPR4505.JPG,Giant Clam (Shallow Only)\2024_AUG_GC_D\2024_AUG_GC_T3\GOPR4505\Coral3.JPG,3,0.4914,Giant Clam,T3,2
Giant Clam (Shallow Only)\2024_JUL_GC_D\2024_JUL_GC-D_T3\GOPR3508.JPG,Giant Clam (Shallow Only)\2024_JUL_GC_D\2024_JUL_GC-D_T3\GOPR3508\Coral5.JPG,5,0.6082,Giant Clam,T3,2
Giant Clam (Shallow Only)\2024_JUL_GC_D\2024_JUL_GC-D_T3\GOPR3529.JPG,Giant Clam (Shallow Only)\2024_JUL_GC_D\2024_JUL_GC-D_T3\GOPR3529\Coral20.JPG,20,0.3422,Giant Clam,T3,2
Giant Clam (Shallow Only)\2024_JUL_GC_D\2024_JUL_GC-D_T3\GOPR3489.JPG,Giant Clam (Shallow Only)\2024_JUL_GC_D\2024_JUL_GC-D_T3\GOPR3489\Coral4.JPG,4,0.3911,Giant Clam,T3,2
Giant Clam (Shallow Only)\2024_JUL_GC_D\2024_JUL_GC-D_T3\GOPR3489.JPG,Giant Clam (Shallow Only)\2024_JUL_GC_D\2024_JUL_GC-D_T3\GOPR3489\Coral1.JPG,1,0.6988,Giant Clam,T3,2
Giant Clam (Shallow Only)\2024_JUL_GC_D\2024_JUL_GC-D_T3\GOPR3489.JPG,Giant Clam (Shallow Only)\2024_JUL_GC_D\2024_JUL_GC-D_T3\GOPR3489\Coral6.JPG,6,0.331,Giant Clam,T3,2
Giant Clam (Shallow Only)\2024_JUL_GC_D\2024_JUL_GC-D_T3\GOPR3535.JPG,Giant Clam (Shallow Only)\2024_JUL_GC_D\2024_JUL_GC-D_T3\GOPR3535\Coral17.JPG,17,0.1964,Giant Clam,T3,2
Giant Clam (Shallow Only)\2024_JUL_GC_D\2024_JUL_GC-D_T3\GOPR3535.JPG,Giant Clam (Shallow Only)\2024_JUL_GC_D\2024_JUL_GC-D_T3\GOPR3535\Coral10.JPG,10,0.2929,Giant Clam,T3,2
Giant Clam (Shallow Only)\2024_JUL_GC_D\2024_JUL_GC-D_T3\GOPR3486.JPG,Giant Clam (Shallow Only)\2024_JUL_GC_D\2024_JUL_GC-D_T3\GOPR3486\Coral26.JPG,26,0.3792,Giant Clam,T3,2
Giant Clam (Shallow Only)\2024_JUL_GC_D\2024_JUL_GC-D_T3\GOPR3486.JPG,Giant Clam (Shallow Only)\2024_JUL_GC_D\2024_JUL_GC-D_T3\GOPR3486\Coral12.JPG,12,0.5301,Giant Clam,T3,2
Giant Clam (Shallow Only)\2024_JUL_GC_D\2024_JUL_GC-D_T3\GOPR3486.JPG,Giant Clam (Shallow Only)\2024_JUL_GC_D\2024_JUL_GC-D_T3\GOPR3486\Coral33.JPG,33,0.2454,Giant Clam,T3,2
Giant Clam (Shallow Only)\2024_JUL_GC_D\2024_JUL_GC-D_T3\GOPR3486.JPG,Giant Clam (Shallow Only)\2024_JUL_GC_D\2024_JUL_GC-D_T3\GOPR3486\Coral37.JPG,37,0.2125,Giant Clam,T3,2
Giant Clam (Shallow Only)\2024_JUL_GC_D\2024_JUL_GC-D_T3\GOPR3486.JPG,Giant Clam (Shallow Only)\2024_JUL_GC_D\2024_JUL_GC-D_T3\GOPR3486\Coral2.JPG,2,0.7773,Giant Clam,T3,2
Giant Clam (Shallow Only)\2024_JUL_GC_D\2024_JUL_GC-D_T3\GOPR3486.JPG,Giant Clam (Shallow Only)\2024_JUL_GC_D\2024_JUL_GC-D_T3\GOPR3486\Coral34.JPG,34,0.2392,Giant Clam,T3,2
Giant Clam (Shallow Only)\2024_JUL_GC_D\2024_JUL_GC-D_T3\GOPR3486.JPG,Giant Clam (Shallow Only)\2024_JUL_GC_D\2024_JUL_GC-D_T3\GOPR3486\Coral25.JPG,25,0.3805,Giant Clam,T3,2
Giant Clam (Shallow Only)\2024_JUL_GC_D\2024_JUL_GC-D_T3\GOPR3486.JPG,Giant Clam (Shallow Only)\2024_JUL_GC_D\2024_JUL_GC-D_T3\GOPR3486\Coral20.JPG,20,0.4214,Giant Clam,T3,2
Giant Clam (Shallow Only)\2024_AUG_GC_D\2024_AUG_GC_T3\GOPR4522.JPG,Giant Clam (Shallow Only)\2024_AUG_GC_D\2024_AUG_GC_T3\GOPR4522\Coral3.JPG,3,0.6919,Giant Clam,T3,2
Giant Clam (Shallow Only)\2024_AUG_GC_D\2024_AUG_GC_T3\GOPR4522.JPG,Giant Clam (Shallow Only)\2024_AUG_GC_D\2024_AUG_GC_T3\GOPR4522\Coral25.JPG,25,0.2924,Giant Clam,T3,2
Giant Clam (Shallow Only)\2024_AUG_GC_D\2024_AUG_GC_T3\GOPR4522.JPG,Giant Clam (Shallow Only)\2024_AUG_GC_D\2024_AUG_GC_T3\GOPR4522\Coral18.JPG,18,0.4346,Giant Clam,T3,2
Giant Clam (Shallow Only)\2024_AUG_GC_D\2024_AUG_GC_T3\GOPR4522.JPG,Giant Clam (Shallow Only)\2024_AUG_GC_D\2024_AUG_GC_T3\GOPR4522\Coral6.JPG,6,0.6115,Giant Clam,T3,2
Giant Clam (Shallow Only)\2024_AUG_GC_D\2024_AUG_GC_T3\GOPR4522.JPG,Giant Clam (Shallow Only)\2024_AUG_GC_D\2024_AUG_GC_T3\GOPR4522\Coral2.JPG,2,0.7312,Giant Clam,T3,2
Giant Clam (Shallow Only)\2024_AUG_GC_D\2024_AUG_GC_T3\GOPR4522.JPG,Giant Clam (Shallow Only)\2024_AUG_GC_D\2024_AUG_GC_T3\GOPR4522\Coral31.JPG,31,0.1559,Giant Clam,T3,2
Giant Clam (Shallow Only)\2024_JUL_GC_D\2024_JUL_GC-D_T3\GOPR3491.JPG,Giant Clam (Shallow Only)\2024_JUL_GC_D\2024_JUL_GC-D_T3\GOPR3491\Coral23.JPG,23,0.1769,Giant Clam,T3,2
Giant Clam (Shallow Only)\2024_JUL_GC_D\2024_JUL_GC-D_T3\GOPR3491.JPG,Giant Clam (Shallow Only)\2024_JUL_GC_D\2024_JUL_GC-D_T3\GOPR3491\Coral1.JPG,1,0.7502,Giant Clam,T3,2
Giant Clam (Shallow Only)\2024_JUL_GC_D\2024_JUL_GC-D_T3\GOPR3491.JPG,Giant Clam (Shallow Only)\2024_JUL_GC_D\2024_JUL_GC-D_T3\GOPR3491\Coral18.JPG,18,0.2306,Giant Clam,T3,2
Giant Clam (Shallow Only)\2024_JUL_GC_D\2024_JUL_GC-D_T3\GOPR3491.JPG,Giant Clam (Shallow Only)\2024_JUL_GC_D\2024_JUL_GC-D_T3\GOPR3491\Coral20.JPG,20,0.2046,Giant Clam,T3,2
Giant Clam (Shallow Only)\2024_JUL_GC_D\2024_JUL_GC-D_T3\GOPR3491.JPG,Giant Clam (Shallow Only)\2024_JUL_GC_D\2024_JUL_GC-D_T3\GOPR3491\Coral9.JPG,9,0.3571,Giant Clam,T3,2
Giant Clam (Shallow Only)\2024_JUL_GC_D\2024_JUL_GC-D_T3\GOPR3487.JPG,Giant Clam (Shallow Only)\2024_JUL_GC_D\2024_JUL_GC-D_T3\GOPR3487\Coral8.JPG,8,0.5326,Giant Clam,T3,2
Giant Clam (Shallow Only)\2024_JUL_GC_D\2024_JUL_GC-D_T3\GOPR3487.JPG,Giant Clam (Shallow Only)\2024_JUL_GC_D\2024_JUL_GC-D_T3\GOPR3487\Coral34.JPG,34,0.2092,Giant Clam,T3,2
Giant Clam (Shallow Only)\2024_JUL_GC_D\2024_JUL_GC-D_T3\GOPR3487.JPG,Giant Clam (Shallow Only)\2024_JUL_GC_D\2024_JUL_GC-D_T3\GOPR3487\Coral2.JPG,2,0.652,Giant Clam,T3,2
Giant Clam (Shallow Only)\2024_JUL_GC_D\2024_JUL_GC-D_T3\GOPR3487.JPG,Giant Clam (Shallow Only)\2024_JUL_GC_D\2024_JUL_GC-D_T3\GOPR3487\Coral28.JPG,28,0.2686,Giant Clam,T3,2
Giant Clam (Shallow Only)\2024_JUL_GC_D\2024_JUL_GC-D_T3\GOPR3487.JPG,Giant Clam (Shallow Only)\2024_JUL_GC_D\2024_JUL_GC-D_T3\GOPR3487\Coral36.JPG,36,0.1915,Giant Clam,T3,2
Giant Clam (Shallow Only)\2024_JUL_GC_D\2024_JUL_GC-D_T3\GOPR3487.JPG,Giant Clam (Shallow Only)\2024_JUL_GC_D\2024_JUL_GC-D_T3\GOPR3487\Coral10.JPG,10,0.5156,Giant Clam,T3,2
Giant Clam (Shallow Only)\2024_JUL_GC_D\2024_JUL_GC-D_T3\GOPR3487.JPG,Giant Clam (Shallow Only)\2024_JUL_GC_D\2024_JUL_GC-D_T3\GOPR3487\Coral25.JPG,25,0.2995,Giant Clam,T3,2
Giant Clam (Shallow Only)\2024_JUL_GC_D\2024_JUL_GC-D_T3\GOPR3487.JPG,Giant Clam (Shallow Only)\2024_JUL_GC_D\2024_JUL_GC-D_T3\GOPR3487\Coral33.JPG,33,0.2182,Giant Clam,T3,2
Giant Clam (Shallow Only)\2024_JUL_GC_D\2024_JUL_GC-D_T3\GOPR3487.JPG,Giant Clam (Shallow Only)\2024_JUL_GC_D\2024_JUL_GC-D_T3\GOPR3487\Coral31.JPG,31,0.2636,Giant Clam,T3,2
Giant Clam (Shallow Only)\2024_AUG_GC_D\2024_AUG_GC_T3\GOPR4497.JPG,Giant Clam (Shallow Only)\2024_AUG_GC_D\2024_AUG_GC_T3\GOPR4497\Coral4.JPG,4,0.2828,Giant Clam,T3,2
Giant Clam (Shallow Only)\2024_JUL_GC_D\2024_JUL_GC-D_T3\GOPR3499.JPG,Giant Clam (Shallow Only)\2024_JUL_GC_D\2024_JUL_GC-D_T3\GOPR3499\Coral11.JPG,11,0.2735,Giant Clam,T3,2
Giant Clam (Shallow Only)\2024_JUL_GC_D\2024_JUL_GC-D_T3\GOPR3499.JPG,Giant Clam (Shallow Only)\2024_JUL_GC_D\2024_JUL_GC-D_T3\GOPR3499\Coral8.JPG,8,0.3151,Giant Clam,T3,2
Giant Clam (Shallow Only)\2024_JUL_GC_D\2024_JUL_GC-D_T3\GOPR3499.JPG,Giant Clam (Shallow Only)\2024_JUL_GC_D\2024_JUL_GC-D_T3\GOPR3499\Coral21.JPG,21,0.1526,Giant Clam,T3,2
Giant Clam (Shallow Only)\2024_JUL_GC_D\2024_JUL_GC-D_T3\GOPR3498.JPG,Giant Clam (Shallow Only)\2024_JUL_GC_D\2024_JUL_GC-D_T3\GOPR3498\Coral22.JPG,22,0.1543,Giant Clam,T3,2
Giant Clam (Shallow Only)\2024_AUG_GC_D\2024_AUG_GC_T3\GOPR4494.JPG,Giant Clam (Shallow Only)\2024_AUG_GC_D\2024_AUG_GC_T3\GOPR4494\Coral5.JPG,5,0.3382,Giant Clam,T3,2
Giant Clam (Shallow Only)\2024_AUG_GC_D\2024_AUG_GC_T3\GOPR4494.JPG,Giant Clam (Shallow Only)\2024_AUG_GC_D\2024_AUG_GC_T3\GOPR4494\Coral11.JPG,11,0.2274,Giant Clam,T3,2
Giant Clam (Shallow Only)\2024_AUG_GC_D\2024_AUG_GC_T3\GOPR4494.JPG,Giant Clam (Shallow Only)\2024_AUG_GC_D\2024_AUG_GC_T3\GOPR4494\Coral6.JPG,6,0.3195,Giant Clam,T3,2
Giant Clam (Shallow Only)\2024_AUG_GC_D\2024_AUG_GC_T3\GOPR4494.JPG,Giant Clam (Shallow Only)\2024_AUG_GC_D\2024_AUG_GC_T3\GOPR4494\Coral7.JPG,7,0.283,Giant Clam,T3,2
Giant Clam (Shallow Only)\2024_AUG_GC_D\2024_AUG_GC_T3\GOPR4485.JPG,Giant Clam (Shallow Only)\2024_AUG_GC_D\2024_AUG_GC_T3\GOPR4485\Coral36.JPG,36,0.1704,Giant Clam,T3,2
Giant Clam (Shallow Only)\2024_AUG_GC_D\2024_AUG_GC_T3\GOPR4485.JPG,Giant Clam (Shallow Only)\2024_AUG_GC_D\2024_AUG_GC_T3\GOPR4485\Coral24.JPG,24,0.2585,Giant Clam,T3,2
Giant Clam (Shallow Only)\2024_AUG_GC_D\2024_AUG_GC_T3\GOPR4485.JPG,Giant Clam (Shallow Only)\2024_AUG_GC_D\2024_AUG_GC_T3\GOPR4485\Coral22.JPG,22,0.2666,Giant Clam,T3,2
Giant Clam (Shallow Only)\2024_AUG_GC_D\2024_AUG_GC_T3\GOPR4485.JPG,Giant Clam (Shallow Only)\2024_AUG_GC_D\2024_AUG_GC_T3\GOPR4485\Coral34.JPG,34,0.1869,Giant Clam,T3,2
Giant Clam (Shallow Only)\2024_AUG_GC_D\2024_AUG_GC_T3\GOPR4485.JPG,Giant Clam (Shallow Only)\2024_AUG_GC_D\2024_AUG_GC_T3\GOPR4485\Coral13.JPG,13,0.3831,Giant Clam,T3,2
Giant Clam (Shallow Only)\2024_AUG_GC_D\2024_AUG_GC_T3\GOPR4485.JPG,Giant Clam (Shallow Only)\2024_AUG_GC_D\2024_AUG_GC_T3\GOPR4485\Coral33.JPG,33,0.1943,Giant Clam,T3,2
Giant Clam (Shallow Only)\2024_AUG_GC_D\2024_AUG_GC_T3\GOPR4485.JPG,Giant Clam (Shallow Only)\2024_AUG_GC_D\2024_AUG_GC_T3\GOPR4485\Coral15.JPG,15,0.3588,Giant Clam,T3,2
Giant Clam (Shallow Only)\2024_AUG_GC_D\2024_AUG_GC_T3\GOPR4485.JPG,Giant Clam (Shallow Only)\2024_AUG_GC_D\2024_AUG_GC_T3\GOPR4485\Coral30.JPG,30,0.2174,Giant Clam,T3,2
Giant Clam (Shallow Only)\2024_AUG_GC_D\2024_AUG_GC_T3\GOPR4485.JPG,Giant Clam (Shallow Only)\2024_AUG_GC_D\2024_AUG_GC_T3\GOPR4485\Coral23.JPG,23,0.2599,Giant Clam,T3,2
Harka Piloto\2024_AUG_HPFS_S\2024_AUG_HPFS_S_T1\GOPR5499.JPG,Harka Piloto\2024_AUG_HPFS_S\2024_AUG_HPFS_S_T1\GOPR5499\Coral1.JPG,1,0.7521,Harka Piloto S,T1,2
Harka Piloto\2024_HP_JUL_S\HP_S_T1\GOPR3866.JPG,Harka Piloto\2024_HP_JUL_S\HP_S_T1\GOPR3866\Coral32.JPG,32,0.1599,Harka Piloto S,T1,2
Harka Piloto\2024_HP_JUL_S\HP_S_T1\GOPR3876.JPG,Harka Piloto\2024_HP_JUL_S\HP_S_T1\GOPR3876\Coral9.JPG,9,0.4665,Harka Piloto S,T1,2
Harka Piloto\2024_AUG_HPFS_S\2024_AUG_HPFS_S_T1\GOPR5501.JPG,Harka Piloto\2024_AUG_HPFS_S\2024_AUG_HPFS_S_T1\GOPR5501\Coral2.JPG,2,0.5913,Harka Piloto S,T1,2
Harka Piloto\2024_AUG_HPFS_S\2024_AUG_HPFS_S_T1\GOPR5506.JPG,Harka Piloto\2024_AUG_HPFS_S\2024_AUG_HPFS_S_T1\GOPR5506\Coral10.JPG,10,0.1894,Harka Piloto S,T1,2
Harka Piloto\2024_AUG_HPFS_S\2024_AUG_HPFS_S_T1\GOPR5513.JPG,Harka Piloto\2024_AUG_HPFS_S\2024_AUG_HPFS_S_T1\GOPR5513\Coral14.JPG,14,0.2425,Harka Piloto S,T1,2
Harka Piloto\2024_AUG_HPFS_S\2024_AUG_HPFS_S_T1\GOPR5496.JPG,Harka Piloto\2024_AUG_HPFS_S\2024_AUG_HPFS_S_T1\GOPR5496\Coral23.JPG,23,0.1664,Harka Piloto S,T1,2
Harka Piloto\2024_HP_JUL_S\HP_S_T1\GOPR3896.JPG,Harka Piloto\2024_HP_JUL_S\HP_S_T1\GOPR3896\Coral2.JPG,2,0.8044,Harka Piloto S,T1,2
Harka Piloto\2024_HP_JUL_S\HP_S_T1\GOPR3849.JPG,Harka Piloto\2024_HP_JUL_S\HP_S_T1\GOPR3849\Coral47.JPG,47,0.2116,Harka Piloto S,T1,2
Harka Piloto\2024_HP_JUL_S\HP_S_T1\GOPR3851.JPG,Harka Piloto\2024_HP_JUL_S\HP_S_T1\GOPR3851\Coral19.JPG,19,0.2339,Harka Piloto S,T1,2
Harka Piloto\2024_HP_JUL_S\HP_S_T1\GOPR3858.JPG,Harka Piloto\2024_HP_JUL_S\HP_S_T1\GOPR3858\Coral9.JPG,9,0.4832,Harka Piloto S,T1,2
Harka Piloto\2024_AUG_HPFS_S\2024_AUG_HPFS_S_T1\GOPR5510.JPG,Harka Piloto\2024_AUG_HPFS_S\2024_AUG_HPFS_S_T1\GOPR5510\Coral25.JPG,25,0.1536,Harka Piloto S,T1,2
Harka Piloto\2024_HP_JUL_S\HP_S_T1\GOPR3855.JPG,Harka Piloto\2024_HP_JUL_S\HP_S_T1\GOPR3855\Coral2.JPG,2,0.672,Harka Piloto S,T1,2
Harka Piloto\2024_AUG_HPFS_S\2024_AUG_HPFS_S_T1\GOPR5518.JPG,Harka Piloto\2024_AUG_HPFS_S\2024_AUG_HPFS_S_T1\GOPR5518\Coral10.JPG,10,0.4623,Harka Piloto S,T1,2
Harka Piloto\2024_HP_JUL_S\HP_S_T1\GOPR3891.JPG,Harka Piloto\2024_HP_JUL_S\HP_S_T1\GOPR3891\Coral14.JPG,14,0.3009,Harka Piloto S,T1,2
Harka Piloto\2024_AUG_HPFS_S\2024_AUG_HPFS_S_T1\GOPR5490.JPG,Harka Piloto\2024_AUG_HPFS_S\2024_AUG_HPFS_S_T1\GOPR5490\Coral4.JPG,4,0.5407,Harka Piloto S,T1,2
Harka Piloto\2024_HP_JUL_S\HP_S_T1\GOPR3870.JPG,Harka Piloto\2024_HP_JUL_S\HP_S_T1\GOPR3870\Coral7.JPG,7,0.5174,Harka Piloto S,T1,2
Harka Piloto\2024_AUG_HPFS_S\2024_AUG_HPFS_S_T1\GOPR5478.JPG,Harka Piloto\2024_AUG_HPFS_S\2024_AUG_HPFS_S_T1\GOPR5478\Coral16.JPG,16,0.1934,Harka Piloto S,T1,2
Harka Piloto\2024_AUG_HPFS_S\2024_AUG_HPFS_S_T1\GOPR5509.JPG,Harka Piloto\2024_AUG_HPFS_S\2024_AUG_HPFS_S_T1\GOPR5509\Coral29.JPG,29,0.1531,Harka Piloto S,T1,2
Harka Piloto\2024_HP_JUL_S\HP_S_T1\GOPR3859.JPG,Harka Piloto\2024_HP_JUL_S\HP_S_T1\GOPR3859\Coral35.JPG,35,0.1635,Harka Piloto S,T1,2
Harka Piloto\2024_AUG_HPFS_S\2024_AUG_HPFS_S_T1\GOPR5481.JPG,Harka Piloto\2024_AUG_HPFS_S\2024_AUG_HPFS_S_T1\GOPR5481\Coral5.JPG,5,0.3021,Harka Piloto S,T1,2
Harka Piloto\2024_AUG_HPFS_S\2024_AUG_HPFS_S_T1\GOPR5503.JPG,Harka Piloto\2024_AUG_HPFS_S\2024_AUG_HPFS_S_T1\GOPR5503\Coral16.JPG,16,0.2093,Harka Piloto S,T1,2
Harka Piloto\2024_AUG_HPFS_S\2024_AUG_HPFS_S_T1\GOPR5517.JPG,Harka Piloto\2024_AUG_HPFS_S\2024_AUG_HPFS_S_T1\GOPR5517\Coral12.JPG,12,0.3091,Harka Piloto S,T1,2
Harka Piloto\2024_AUG_HPFS_S\2024_AUG_HPFS_S_T1\GOPR5486.JPG,Harka Piloto\2024_AUG_HPFS_S\2024_AUG_HPFS_S_T1\GOPR5486\Coral9.JPG,9,0.3245,Harka Piloto S,T1,2
Harka Piloto\2024_HP_JUL_S\HP_S_T1\GOPR3888.JPG,Harka Piloto\2024_HP_JUL_S\HP_S_T1\GOPR3888\Coral13.JPG,13,0.2525,Harka Piloto S,T1,2
Harka Piloto\2024_AUG_HPFS_S\2024_AUG_HPFS_S_T1\GOPR5474.JPG,Harka Piloto\2024_AUG_HPFS_S\2024_AUG_HPFS_S_T1\GOPR5474\Coral4.JPG,4,0.4141,Harka Piloto S,T1,2
Harka Piloto\2024_HP_JUL_S\HP_S_T1\GOPR3868.JPG,Harka Piloto\2024_HP_JUL_S\HP_S_T1\GOPR3868\Coral15.JPG,15,0.3362,Harka Piloto S,T1,2
Harka Piloto\2024_HP_JUL_S\HP_S_T1\GOPR3896.JPG,Harka Piloto\2024_HP_JUL_S\HP_S_T1\GOPR3896\Coral10.JPG,10,0.2348,Harka Piloto S,T1,2
Harka Piloto\2024_AUG_HPFS_S\2024_AUG_HPFS_S_T1\GOPR5512.JPG,Harka Piloto\2024_AUG_HPFS_S\2024_AUG_HPFS_S_T1\GOPR5512\Coral4.JPG,4,0.52,Harka Piloto S,T1,2
Harka Piloto\2024_AUG_HPFS_S\2024_AUG_HPFS_S_T1\GOPR5473.JPG,Harka Piloto\2024_AUG_HPFS_S\2024_AUG_HPFS_S_T1\GOPR5473\Coral1.JPG,1,0.5646,Harka Piloto S,T1,2
Harka Piloto\2024_AUG_HPFS_S\2024_AUG_HPFS_S_T1\GOPR5475.JPG,Harka Piloto\2024_AUG_HPFS_S\2024_AUG_HPFS_S_T1\GOPR5475\Coral10.JPG,10,0.1816,Harka Piloto S,T1,2
Harka Piloto\2024_HP_JUL_S\HP_S_T1\GOPR3851.JPG,Harka Piloto\2024_HP_JUL_S\HP_S_T1\GOPR3851\Coral25.JPG,25,0.1657,Harka Piloto S,T1,2
Harka Piloto\2024_HP_JUL_S\HP_S_T1\GOPR3863.JPG,Harka Piloto\2024_HP_JUL_S\HP_S_T1\GOPR3863\Coral14.JPG,14,0.3643,Harka Piloto S,T1,2
Harka Piloto\2024_AUG_HPFS_S\2024_AUG_HPFS_S_T1\GOPR5498.JPG,Harka Piloto\2024_AUG_HPFS_S\2024_AUG_HPFS_S_T1\GOPR5498\Coral1.JPG,1,0.8434,Harka Piloto S,T1,2
Harka Piloto\2024_HP_JUL_S\HP_S_T1\GOPR3891.JPG,Harka Piloto\2024_HP_JUL_S\HP_S_T1\GOPR3891\Coral21.JPG,21,0.1775,Harka Piloto S,T1,2
Harka Piloto\2024_AUG_HPFS_S\2024_AUG_HPFS_S_T1\GOPR5483.JPG,Harka Piloto\2024_AUG_HPFS_S\2024_AUG_HPFS_S_T1\GOPR5483\Coral18.JPG,18,0.1889,Harka Piloto S,T1,2
Harka Piloto\2024_AUG_HPFS_S\2024_AUG_HPFS_S_T1\GOPR5509.JPG,Harka Piloto\2024_AUG_HPFS_S\2024_AUG_HPFS_S_T1\GOPR5509\Coral24.JPG,24,0.188,Harka Piloto S,T1,2
Harka Piloto\2024_HP_JUL_S\HP_S_T1\GOPR3859.JPG,Harka Piloto\2024_HP_JUL_S\HP_S_T1\GOPR3859\Coral23.JPG,23,0.2902,Harka Piloto S,T1,2
Harka Piloto\2024_HP_JUL_S\HP_S_T1\GOPR3887.JPG,Harka Piloto\2024_HP_JUL_S\HP_S_T1\GOPR3887\Coral17.JPG,17,0.2174,Harka Piloto S,T1,2
Harka Piloto\2024_AUG_HPFS_S\2024_AUG_HPFS_S_T1\GOPR5492.JPG,Harka Piloto\2024_AUG_HPFS_S\2024_AUG_HPFS_S_T1\GOPR5492\Coral2.JPG,2,0.5259,Harka Piloto S,T1,2
Harka Piloto\2024_HP_JUL_S\HP_S_T1\GOPR3883.JPG,Harka Piloto\2024_HP_JUL_S\HP_S_T1\GOPR3883\Coral13.JPG,13,0.4714,Harka Piloto S,T1,2
Harka Piloto\2024_HP_JUL_S\HP_S_T1\GOPR3877.JPG,Harka Piloto\2024_HP_JUL_S\HP_S_T1\GOPR3877\Coral19.JPG,19,0.1935,Harka Piloto S,T1,2
Harka Piloto\2024_AUG_HPFS_S\2024_AUG_HPFS_S_T1\GOPR5484.JPG,Harka Piloto\2024_AUG_HPFS_S\2024_AUG_HPFS_S_T1\GOPR5484\Coral10.JPG,10,0.2904,Harka Piloto S,T1,2
Harka Piloto\2024_AUG_HPFS_S\2024_AUG_HPFS_S_T1\GOPR5503.JPG,Harka Piloto\2024_AUG_HPFS_S\2024_AUG_HPFS_S_T1\GOPR5503\Coral18.JPG,18,0.1877,Harka Piloto S,T1,2
Harka Piloto\2024_HP_JUL_S\HP_S_T1\GOPR3876.JPG,Harka Piloto\2024_HP_JUL_S\HP_S_T1\GOPR3876\Coral28.JPG,28,0.2012,Harka Piloto S,T1,2
Harka Piloto\2024_AUG_HPFS_S\2024_AUG_HPFS_S_T1\GOPR5517.JPG,Harka Piloto\2024_AUG_HPFS_S\2024_AUG_HPFS_S_T1\GOPR5517\Coral2.JPG,2,0.6944,Harka Piloto S,T1,2
Harka Piloto\2024_AUG_HPFS_S\2024_AUG_HPFS_S_T1\GOPR5508.JPG,Harka Piloto\2024_AUG_HPFS_S\2024_AUG_HPFS_S_T1\GOPR5508\Coral2.JPG,2,0.6547,Harka Piloto S,T1,2
Harka Piloto\2024_HP_JUL_S\HP_S_T1\GOPR3893.JPG,Harka Piloto\2024_HP_JUL_S\HP_S_T1\GOPR3893\Coral2.JPG,2,0.7043,Harka Piloto S,T1,2
Harka Piloto\2024_AUG_HPFS_S\2024_AUG_HPFS_S_T1\GOPR5487.JPG,Harka Piloto\2024_AUG_HPFS_S\2024_AUG_HPFS_S_T1\GOPR5487\Coral34.JPG,34,0.1629,Harka Piloto S,T1,2
Harka Piloto\2024_AUG_HPFS_S\2024_AUG_HPFS_S_T1\GOPR5504.JPG,Harka Piloto\2024_AUG_HPFS_S\2024_AUG_HPFS_S_T1\GOPR5504\Coral14.JPG,14,0.2323,Harka Piloto S,T1,2
Harka Piloto\2024_HP_JUL_S\HP_S_T1\GOPR3874.JPG,Harka Piloto\2024_HP_JUL_S\HP_S_T1\GOPR3874\Coral29.JPG,29,0.2901,Harka Piloto S,T1,2
Harka Piloto\2024_AUG_HPFS_S\2024_AUG_HPFS_S_T1\GOPR5516.JPG,Harka Piloto\2024_AUG_HPFS_S\2024_AUG_HPFS_S_T1\GOPR5516\Coral3.JPG,3,0.4986,Harka Piloto S,T1,2
Harka Piloto\2024_HP_JUL_S\HP_S_T1\GOPR3878.JPG,Harka Piloto\2024_HP_JUL_S\HP_S_T1\GOPR3878\Coral1.JPG,1,0.8263,Harka Piloto S,T1,2
Harka Piloto\2024_HP_JUL_S\HP_S_T1\GOPR3894.JPG,Harka Piloto\2024_HP_JUL_S\HP_S_T1\GOPR3894\Coral34.JPG,34,0.2223,Harka Piloto S,T1,2
Harka Piloto\2024_HP_JUL_S\HP_S_T1\GOPR3881.JPG,Harka Piloto\2024_HP_JUL_S\HP_S_T1\GOPR3881\Coral12.JPG,12,0.409,Harka Piloto S,T1,2
Harka Piloto\2024_HP_JUL_S\HP_S_T1\GOPR3859.JPG,Harka Piloto\2024_HP_JUL_S\HP_S_T1\GOPR3859\Coral21.JPG,21,0.3034,Harka Piloto S,T1,2
Harka Piloto\2024_AUG_HPFS_S\2024_AUG_HPFS_S_T1\GOPR5476.JPG,Harka Piloto\2024_AUG_HPFS_S\2024_AUG_HPFS_S_T1\GOPR5476\Coral11.JPG,11,0.2132,Harka Piloto S,T1,2
Harka Piloto\2024_HP_JUL_S\HP_S_T1\GOPR3887.JPG,Harka Piloto\2024_HP_JUL_S\HP_S_T1\GOPR3887\Coral16.JPG,16,0.2198,Harka Piloto S,T1,2
Harka Piloto\2024_HP_JUL_S\HP_S_T1\GOPR3883.JPG,Harka Piloto\2024_HP_JUL_S\HP_S_T1\GOPR3883\Coral15.JPG,15,0.4226,Harka Piloto S,T1,2
Harka Piloto\2024_AUG_HPFS_S\2024_AUG_HPFS_S_T1\GOPR5519.JPG,Harka Piloto\2024_AUG_HPFS_S\2024_AUG_HPFS_S_T1\GOPR5519\Coral14.JPG,14,0.2373,Harka Piloto S,T1,2
Harka Piloto\2024_HP_JUL_S\HP_S_T1\GOPR3898.JPG,Harka Piloto\2024_HP_JUL_S\HP_S_T1\GOPR3898\Coral4.JPG,4,0.6858,Harka Piloto S,T1,2
Harka Piloto\2024_HP_JUL_S\HP_S_T1\GOPR3898.JPG,Harka Piloto\2024_HP_JUL_S\HP_S_T1\GOPR3898\Coral19.JPG,19,0.2125,Harka Piloto S,T1,2
Harka Piloto\2024_HP_JUL_S\HP_S_T1\GOPR3898.JPG,Harka Piloto\2024_HP_JUL_S\HP_S_T1\GOPR3898\Coral3.JPG,3,0.6962,Harka Piloto S,T1,2
Harka Piloto\2024_HP_JUL_S\HP_S_T1\GOPR3898.JPG,Harka Piloto\2024_HP_JUL_S\HP_S_T1\GOPR3898\Coral27.JPG,27,0.1566,Harka Piloto S,T1,2
Harka Piloto\2024_HP_JUL_S\HP_S_T1\GOPR3898.JPG,Harka Piloto\2024_HP_JUL_S\HP_S_T1\GOPR3898\Coral8.JPG,8,0.4539,Harka Piloto S,T1,2
Harka Piloto\2024_AUG_HPFS_S\2024_AUG_HPFS_S_T1\GOPR5505.JPG,Harka Piloto\2024_AUG_HPFS_S\2024_AUG_HPFS_S_T1\GOPR5505\Coral21.JPG,21,0.1568,Harka Piloto S,T1,2
Harka Piloto\2024_AUG_HPFS_S\2024_AUG_HPFS_S_T1\GOPR5505.JPG,Harka Piloto\2024_AUG_HPFS_S\2024_AUG_HPFS_S_T1\GOPR5505\Coral8.JPG,8,0.2499,Harka Piloto S,T1,2
Harka Piloto\2024_AUG_HPFS_S\2024_AUG_HPFS_S_T1\GOPR5499.JPG,Harka Piloto\2024_AUG_HPFS_S\2024_AUG_HPFS_S_T1\GOPR5499\Coral16.JPG,16,0.178,Harka Piloto S,T1,2
Harka Piloto\2024_AUG_HPFS_S\2024_AUG_HPFS_S_T1\GOPR5499.JPG,Harka Piloto\2024_AUG_HPFS_S\2024_AUG_HPFS_S_T1\GOPR5499\Coral23.JPG,23,0.1502,Harka Piloto S,T1,2
Harka Piloto\2024_HP_JUL_S\HP_S_T1\GOPR3850.JPG,Harka Piloto\2024_HP_JUL_S\HP_S_T1\GOPR3850\Coral16.JPG,16,0.4152,Harka Piloto S,T1,2
Harka Piloto\2024_HP_JUL_S\HP_S_T1\GOPR3850.JPG,Harka Piloto\2024_HP_JUL_S\HP_S_T1\GOPR3850\Coral26.JPG,26,0.3226,Harka Piloto S,T1,2
Harka Piloto\2024_HP_JUL_S\HP_S_T1\GOPR3850.JPG,Harka Piloto\2024_HP_JUL_S\HP_S_T1\GOPR3850\Coral47.JPG,47,0.1527,Harka Piloto S,T1,2
Harka Piloto\2024_HP_JUL_S\HP_S_T1\GOPR3850.JPG,Harka Piloto\2024_HP_JUL_S\HP_S_T1\GOPR3850\Coral35.JPG,35,0.2343,Harka Piloto S,T1,2
Harka Piloto\2024_HP_JUL_S\HP_S_T1\GOPR3850.JPG,Harka Piloto\2024_HP_JUL_S\HP_S_T1\GOPR3850\Coral28.JPG,28,0.3038,Harka Piloto S,T1,2
Harka Piloto\2024_HP_JUL_S\HP_S_T1\GOPR3850.JPG,Harka Piloto\2024_HP_JUL_S\HP_S_T1\GOPR3850\Coral6.JPG,6,0.6189,Harka Piloto S,T1,2
Harka Piloto\2024_HP_JUL_S\HP_S_T1\GOPR3889.JPG,Harka Piloto\2024_HP_JUL_S\HP_S_T1\GOPR3889\Coral3.JPG,3,0.2214,Harka Piloto S,T1,2
Harka Piloto\2024_HP_JUL_S\HP_S_T1\GOPR3871.JPG,Harka Piloto\2024_HP_JUL_S\HP_S_T1\GOPR3871\Coral9.JPG,9,0.4388,Harka Piloto S,T1,2
Harka Piloto\2024_HP_JUL_S\HP_S_T1\GOPR3871.JPG,Harka Piloto\2024_HP_JUL_S\HP_S_T1\GOPR3871\Coral29.JPG,29,0.2047,Harka Piloto S,T1,2
Harka Piloto\2024_HP_JUL_S\HP_S_T1\GOPR3871.JPG,Harka Piloto\2024_HP_JUL_S\HP_S_T1\GOPR3871\Coral17.JPG,17,0.3344,Harka Piloto S,T1,2
Harka Piloto\2024_HP_JUL_S\HP_S_T1\GOPR3871.JPG,Harka Piloto\2024_HP_JUL_S\HP_S_T1\GOPR3871\Coral35.JPG,35,0.1733,Harka Piloto S,T1,2
Harka Piloto\2024_HP_JUL_S\HP_S_T1\GOPR3871.JPG,Harka Piloto\2024_HP_JUL_S\HP_S_T1\GOPR3871\Coral5.JPG,5,0.5004,Harka Piloto S,T1,2
Harka Piloto\2024_HP_JUL_S\HP_S_T1\GOPR3871.JPG,Harka Piloto\2024_HP_JUL_S\HP_S_T1\GOPR3871\Coral22.JPG,22,0.2525,Harka Piloto S,T1,2
Harka Piloto\2024_HP_JUL_S\HP_S_T1\GOPR3871.JPG,Harka Piloto\2024_HP_JUL_S\HP_S_T1\GOPR3871\Coral21.JPG,21,0.2689,Harka Piloto S,T1,2
Harka Piloto\2024_HP_JUL_S\HP_S_T1\GOPR3871.JPG,Harka Piloto\2024_HP_JUL_S\HP_S_T1\GOPR3871\Coral10.JPG,10,0.433,Harka Piloto S,T1,2
Harka Piloto\2024_HP_JUL_S\HP_S_T1\GOPR3853.JPG,Harka Piloto\2024_HP_JUL_S\HP_S_T1\GOPR3853\Coral30.JPG,30,0.1567,Harka Piloto S,T1,2
Harka Piloto\2024_HP_JUL_S\HP_S_T1\GOPR3853.JPG,Harka Piloto\2024_HP_JUL_S\HP_S_T1\GOPR3853\Coral7.JPG,7,0.4805,Harka Piloto S,T1,2
Harka Piloto\2024_HP_JUL_S\HP_S_T1\GOPR3853.JPG,Harka Piloto\2024_HP_JUL_S\HP_S_T1\GOPR3853\Coral3.JPG,3,0.5981,Harka Piloto S,T1,2
Harka Piloto\2024_HP_JUL_S\HP_S_T1\GOPR3853.JPG,Harka Piloto\2024_HP_JUL_S\HP_S_T1\GOPR3853\Coral17.JPG,17,0.2578,Harka Piloto S,T1,2
Harka Piloto\2024_HP_JUL_S\HP_S_T1\GOPR3853.JPG,Harka Piloto\2024_HP_JUL_S\HP_S_T1\GOPR3853\Coral15.JPG,15,0.3323,Harka Piloto S,T1,2
Harka Piloto\2024_HP_JUL_S\HP_S_T1\GOPR3853.JPG,Harka Piloto\2024_HP_JUL_S\HP_S_T1\GOPR3853\Coral25.JPG,25,0.2019,Harka Piloto S,T1,2
Harka Piloto\2024_HP_JUL_S\HP_S_T1\GOPR3853.JPG,Harka Piloto\2024_HP_JUL_S\HP_S_T1\GOPR3853\Coral31.JPG,31,0.1556,Harka Piloto S,T1,2
Harka Piloto\2024_HP_JUL_S\HP_S_T1\GOPR3853.JPG,Harka Piloto\2024_HP_JUL_S\HP_S_T1\GOPR3853\Coral21.JPG,21,0.2295,Harka Piloto S,T1,2
Harka Piloto\2024_HP_JUL_S\HP_S_T1\GOPR3853.JPG,Harka Piloto\2024_HP_JUL_S\HP_S_T1\GOPR3853\Coral20.JPG,20,0.2376,Harka Piloto S,T1,2
Harka Piloto\2024_HP_JUL_S\HP_S_T1\GOPR3853.JPG,Harka Piloto\2024_HP_JUL_S\HP_S_T1\GOPR3853\Coral26.JPG,26,0.1824,Harka Piloto S,T1,2
Harka Piloto\2024_HP_JUL_S\HP_S_T1\GOPR3853.JPG,Harka Piloto\2024_HP_JUL_S\HP_S_T1\GOPR3853\Coral22.JPG,22,0.2232,Harka Piloto S,T1,2
Harka Piloto\2024_HP_JUL_S\HP_S_T1\GOPR3877.JPG,Harka Piloto\2024_HP_JUL_S\HP_S_T1\GOPR3877\Coral13.JPG,13,0.3141,Harka Piloto S,T1,2
Harka Piloto\2024_HP_JUL_S\HP_S_T1\GOPR3877.JPG,Harka Piloto\2024_HP_JUL_S\HP_S_T1\GOPR3877\Coral20.JPG,20,0.1896,Harka Piloto S,T1,2
Harka Piloto\2024_HP_JUL_S\HP_S_T1\GOPR3877.JPG,Harka Piloto\2024_HP_JUL_S\HP_S_T1\GOPR3877\Coral11.JPG,11,0.3726,Harka Piloto S,T1,2
Harka Piloto\2024_HP_JUL_S\HP_S_T1\GOPR3877.JPG,Harka Piloto\2024_HP_JUL_S\HP_S_T1\GOPR3877\Coral12.JPG,12,0.3528,Harka Piloto S,T1,2
Harka Piloto\2024_HP_JUL_S\HP_S_T1\GOPR3877.JPG,Harka Piloto\2024_HP_JUL_S\HP_S_T1\GOPR3877\Coral6.JPG,6,0.4531,Harka Piloto S,T1,2
Harka Piloto\2024_HP_JUL_S\HP_S_T1\GOPR3877.JPG,Harka Piloto\2024_HP_JUL_S\HP_S_T1\GOPR3877\Coral1.JPG,1,0.7205,Harka Piloto S,T1,2
Harka Piloto\2024_HP_JUL_S\HP_S_T1\GOPR3877.JPG,Harka Piloto\2024_HP_JUL_S\HP_S_T1\GOPR3877\Coral17.JPG,17,0.2154,Harka Piloto S,T1,2
Harka Piloto\2024_HP_JUL_S\HP_S_T1\GOPR3866.JPG,Harka Piloto\2024_HP_JUL_S\HP_S_T1\GOPR3866\Coral27.JPG,27,0.1799,Harka Piloto S,T1,2
Harka Piloto\2024_HP_JUL_S\HP_S_T1\GOPR3866.JPG,Harka Piloto\2024_HP_JUL_S\HP_S_T1\GOPR3866\Coral29.JPG,29,0.1746,Harka Piloto S,T1,2
Harka Piloto\2024_HP_JUL_S\HP_S_T1\GOPR3866.JPG,Harka Piloto\2024_HP_JUL_S\HP_S_T1\GOPR3866\Coral11.JPG,11,0.3287,Harka Piloto S,T1,2
Harka Piloto\2024_HP_JUL_S\HP_S_T1\GOPR3866.JPG,Harka Piloto\2024_HP_JUL_S\HP_S_T1\GOPR3866\Coral33.JPG,33,0.1521,Harka Piloto S,T1,2
Harka Piloto\2024_HP_JUL_S\HP_S_T1\GOPR3866.JPG,Harka Piloto\2024_HP_JUL_S\HP_S_T1\GOPR3866\Coral30.JPG,30,0.1735,Harka Piloto S,T1,2
Harka Piloto\2024_HP_JUL_S\HP_S_T1\GOPR3866.JPG,Harka Piloto\2024_HP_JUL_S\HP_S_T1\GOPR3866\Coral19.JPG,19,0.2545,Harka Piloto S,T1,2
Harka Piloto\2024_HP_JUL_S\HP_S_T1\GOPR3866.JPG,Harka Piloto\2024_HP_JUL_S\HP_S_T1\GOPR3866\Coral31.JPG,31,0.1706,Harka Piloto S,T1,2
Harka Piloto\2024_AUG_HPFS_S\2024_AUG_HPFS_S_T1\GOPR5484.JPG,Harka Piloto\2024_AUG_HPFS_S\2024_AUG_HPFS_S_T1\GOPR5484\Coral1.JPG,1,0.8087,Harka Piloto S,T1,2
Harka Piloto\2024_AUG_HPFS_S\2024_AUG_HPFS_S_T1\GOPR5484.JPG,Harka Piloto\2024_AUG_HPFS_S\2024_AUG_HPFS_S_T1\GOPR5484\Coral19.JPG,19,0.165,Harka Piloto S,T1,2
Harka Piloto\2024_HP_JUL_S\HP_S_T2\GOPR3754.JPG,Harka Piloto\2024_HP_JUL_S\HP_S_T2\GOPR3754\Coral9.JPG,9,0.4582,Harka Piloto S,T2,2
Harka Piloto\2024_HP_JUL_S\HP_S_T2\GOPR3780.JPG,Harka Piloto\2024_HP_JUL_S\HP_S_T2\GOPR3780\Coral6.JPG,6,0.5882,Harka Piloto S,T2,2
Harka Piloto\2024_AUG_HPFS_S\2024_AUG_HPFS_S_T2\GOPR5532.JPG,Harka Piloto\2024_AUG_HPFS_S\2024_AUG_HPFS_S_T2\GOPR5532\Coral9.JPG,9,0.3164,Harka Piloto S,T2,2
Harka Piloto\2024_HP_JUL_S\HP_S_T2\GOPR3749.JPG,Harka Piloto\2024_HP_JUL_S\HP_S_T2\GOPR3749\Coral16.JPG,16,0.4977,Harka Piloto S,T2,2
Harka Piloto\2024_HP_JUL_S\HP_S_T2\GOPR3759.JPG,Harka Piloto\2024_HP_JUL_S\HP_S_T2\GOPR3759\Coral25.JPG,25,0.3759,Harka Piloto S,T2,2
Harka Piloto\2024_AUG_HPFS_S\2024_AUG_HPFS_S_T2\GOPR5570.JPG,Harka Piloto\2024_AUG_HPFS_S\2024_AUG_HPFS_S_T2\GOPR5570\Coral9.JPG,9,0.4897,Harka Piloto S,T2,2
Harka Piloto\2024_HP_JUL_S\HP_S_T2\GOPR3763.JPG,Harka Piloto\2024_HP_JUL_S\HP_S_T2\GOPR3763\Coral1.JPG,1,0.7092,Harka Piloto S,T2,2
Harka Piloto\2024_AUG_HPFS_S\2024_AUG_HPFS_S_T2\GOPR5533.JPG,Harka Piloto\2024_AUG_HPFS_S\2024_AUG_HPFS_S_T2\GOPR5533\Coral8.JPG,8,0.4934,Harka Piloto S,T2,2
Harka Piloto\2024_HP_JUL_S\HP_S_T2\GOPR3750.JPG,Harka Piloto\2024_HP_JUL_S\HP_S_T2\GOPR3750\Coral23.JPG,23,0.3075,Harka Piloto S,T2,2
Harka Piloto\2024_AUG_HPFS_S\2024_AUG_HPFS_S_T2\GOPR5531.JPG,Harka Piloto\2024_AUG_HPFS_S\2024_AUG_HPFS_S_T2\GOPR5531\Coral5.JPG,5,0.5505,Harka Piloto S,T2,2
Harka Piloto\2024_AUG_HPFS_S\2024_AUG_HPFS_S_T2\GOPR5561.JPG,Harka Piloto\2024_AUG_HPFS_S\2024_AUG_HPFS_S_T2\GOPR5561\Coral31.JPG,31,0.2499,Harka Piloto S,T2,2
Harka Piloto\2024_HP_JUL_S\HP_S_T2\GOPR3786.JPG,Harka Piloto\2024_HP_JUL_S\HP_S_T2\GOPR3786\Coral20.JPG,20,0.3137,Harka Piloto S,T2,2
Harka Piloto\2024_HP_JUL_S\HP_S_T2\GOPR3776.JPG,Harka Piloto\2024_HP_JUL_S\HP_S_T2\GOPR3776\Coral7.JPG,7,0.4775,Harka Piloto S,T2,2
Harka Piloto\2024_AUG_HPFS_S\2024_AUG_HPFS_S_T2\GOPR5528.JPG,Harka Piloto\2024_AUG_HPFS_S\2024_AUG_HPFS_S_T2\GOPR5528\Coral22.JPG,22,0.1886,Harka Piloto S,T2,2
Harka Piloto\2024_AUG_HPFS_S\2024_AUG_HPFS_S_T2\GOPR5550.JPG,Harka Piloto\2024_AUG_HPFS_S\2024_AUG_HPFS_S_T2\GOPR5550\Coral8.JPG,8,0.3401,Harka Piloto S,T2,2
Harka Piloto\2024_HP_JUL_S\HP_S_T2\GOPR3747.JPG,Harka Piloto\2024_HP_JUL_S\HP_S_T2\GOPR3747\Coral39.JPG,39,0.1559,Harka Piloto S,T2,2
Harka Piloto\2024_HP_JUL_S\HP_S_T2\GOPR3773.JPG,Harka Piloto\2024_HP_JUL_S\HP_S_T2\GOPR3773\Coral44.JPG,44,0.1519,Harka Piloto S,T2,2
Harka Piloto\2024_HP_JUL_S\HP_S_T2\GOPR3751.JPG,Harka Piloto\2024_HP_JUL_S\HP_S_T2\GOPR3751\Coral22.JPG,22,0.3372,Harka Piloto S,T2,2
Harka Piloto\2024_HP_JUL_S\HP_S_T2\GOPR3784.JPG,Harka Piloto\2024_HP_JUL_S\HP_S_T2\GOPR3784\Coral10.JPG,10,0.4839,Harka Piloto S,T2,2
Harka Piloto\2024_AUG_HPFS_S\2024_AUG_HPFS_S_T2\GOPR5571.JPG,Harka Piloto\2024_AUG_HPFS_S\2024_AUG_HPFS_S_T2\GOPR5571\Coral52.JPG,52,0.152,Harka Piloto S,T2,2
Harka Piloto\2024_HP_JUL_S\HP_S_T2\GOPR3777.JPG,Harka Piloto\2024_HP_JUL_S\HP_S_T2\GOPR3777\Coral10.JPG,10,0.4946,Harka Piloto S,T2,2
Harka Piloto\2024_HP_JUL_S\HP_S_T2\GOPR3743.JPG,Harka Piloto\2024_HP_JUL_S\HP_S_T2\GOPR3743\Coral13.JPG,13,0.3801,Harka Piloto S,T2,2
Harka Piloto\2024_HP_JUL_S\HP_S_T2\GOPR3754.JPG,Harka Piloto\2024_HP_JUL_S\HP_S_T2\GOPR3754\Coral30.JPG,30,0.193,Harka Piloto S,T2,2
Harka Piloto\2024_HP_JUL_S\HP_S_T2\GOPR3770.JPG,Harka Piloto\2024_HP_JUL_S\HP_S_T2\GOPR3770\Coral14.JPG,14,0.2469,Harka Piloto S,T2,2
Harka Piloto\2024_AUG_HPFS_S\2024_AUG_HPFS_S_T2\GOPR5565.JPG,Harka Piloto\2024_AUG_HPFS_S\2024_AUG_HPFS_S_T2\GOPR5565\Coral13.JPG,13,0.4374,Harka Piloto S,T2,2
Harka Piloto\2024_HP_JUL_S\HP_S_T2\GOPR3791.JPG,Harka Piloto\2024_HP_JUL_S\HP_S_T2\GOPR3791\Coral28.JPG,28,0.2082,Harka Piloto S,T2,2
Harka Piloto\2024_AUG_HPFS_S\2024_AUG_HPFS_S_T2\GOPR5536.JPG,Harka Piloto\2024_AUG_HPFS_S\2024_AUG_HPFS_S_T2\GOPR5536\Coral31.JPG,31,0.2009,Harka Piloto S,T2,2
Harka Piloto\2024_HP_JUL_S\HP_S_T2\GOPR3749.JPG,Harka Piloto\2024_HP_JUL_S\HP_S_T2\GOPR3749\Coral20.JPG,20,0.4092,Harka Piloto S,T2,2
Harka Piloto\2024_AUG_HPFS_S\2024_AUG_HPFS_S_T2\GOPR5578.JPG,Harka Piloto\2024_AUG_HPFS_S\2024_AUG_HPFS_S_T2\GOPR5578\Coral27.JPG,27,0.2591,Harka Piloto S,T2,2
Harka Piloto\2024_HP_JUL_S\HP_S_T2\GOPR3748.JPG,Harka Piloto\2024_HP_JUL_S\HP_S_T2\GOPR3748\Coral8.JPG,8,0.5335,Harka Piloto S,T2,2
Harka Piloto\2024_AUG_HPFS_S\2024_AUG_HPFS_S_T2\GOPR5568.JPG,Harka Piloto\2024_AUG_HPFS_S\2024_AUG_HPFS_S_T2\GOPR5568\Coral49.JPG,49,0.2675,Harka Piloto S,T2,2
Harka Piloto\2024_HP_JUL_S\HP_S_T2\GOPR3778.JPG,Harka Piloto\2024_HP_JUL_S\HP_S_T2\GOPR3778\Coral4.JPG,4,0.5659,Harka Piloto S,T2,2
Harka Piloto\2024_HP_JUL_S\HP_S_T2\GOPR3763.JPG,Harka Piloto\2024_HP_JUL_S\HP_S_T2\GOPR3763\Coral35.JPG,35,0.1949,Harka Piloto S,T2,2
Harka Piloto\2024_AUG_HPFS_S\2024_AUG_HPFS_S_T2\GOPR5531.JPG,Harka Piloto\2024_AUG_HPFS_S\2024_AUG_HPFS_S_T2\GOPR5531\Coral30.JPG,30,0.2107,Harka Piloto S,T2,2
Harka Piloto\2024_HP_JUL_S\HP_S_T2\GOPR3790.JPG,Harka Piloto\2024_HP_JUL_S\HP_S_T2\GOPR3790\Coral29.JPG,29,0.1887,Harka Piloto S,T2,2
Harka Piloto\2024_HP_JUL_S\HP_S_T2\GOPR3786.JPG,Harka Piloto\2024_HP_JUL_S\HP_S_T2\GOPR3786\Coral28.JPG,28,0.2047,Harka Piloto S,T2,2
Harka Piloto\2024_AUG_HPFS_S\2024_AUG_HPFS_S_T2\GOPR5528.JPG,Harka Piloto\2024_AUG_HPFS_S\2024_AUG_HPFS_S_T2\GOPR5528\Coral3.JPG,3,0.4943,Harka Piloto S,T2,2
Harka Piloto\2024_AUG_HPFS_S\2024_AUG_HPFS_S_T2\GOPR5550.JPG,Harka Piloto\2024_AUG_HPFS_S\2024_AUG_HPFS_S_T2\GOPR5550\Coral1.JPG,1,0.5466,Harka Piloto S,T2,2
Harka Piloto\2024_AUG_HPFS_S\2024_AUG_HPFS_S_T2\GOPR5548.JPG,Harka Piloto\2024_AUG_HPFS_S\2024_AUG_HPFS_S_T2\GOPR5548\Coral94.JPG,94,0.1543,Harka Piloto S,T2,2
Harka Piloto\2024_HP_JUL_S\HP_S_T2\GOPR3784.JPG,Harka Piloto\2024_HP_JUL_S\HP_S_T2\GOPR3784\Coral1.JPG,1,0.6337,Harka Piloto S,T2,2
Harka Piloto\2024_HP_JUL_S\HP_S_T2\GOPR3777.JPG,Harka Piloto\2024_HP_JUL_S\HP_S_T2\GOPR3777\Coral5.JPG,5,0.5418,Harka Piloto S,T2,2
Harka Piloto\2024_HP_JUL_S\HP_S_T2\GOPR3743.JPG,Harka Piloto\2024_HP_JUL_S\HP_S_T2\GOPR3743\Coral20.JPG,20,0.2725,Harka Piloto S,T2,2
Harka Piloto\2024_HP_JUL_S\HP_S_T2\GOPR3741.JPG,Harka Piloto\2024_HP_JUL_S\HP_S_T2\GOPR3741\Coral33.JPG,33,0.1669,Harka Piloto S,T2,2
Harka Piloto\2024_HP_JUL_S\HP_S_T2\GOPR3754.JPG,Harka Piloto\2024_HP_JUL_S\HP_S_T2\GOPR3754\Coral12.JPG,12,0.4184,Harka Piloto S,T2,2
Harka Piloto\2024_AUG_HPFS_S\2024_AUG_HPFS_S_T2\GOPR5557.JPG,Harka Piloto\2024_AUG_HPFS_S\2024_AUG_HPFS_S_T2\GOPR5557\Coral18.JPG,18,0.2827,Harka Piloto S,T2,2
Harka Piloto\2024_HP_JUL_S\HP_S_T2\GOPR3791.JPG,Harka Piloto\2024_HP_JUL_S\HP_S_T2\GOPR3791\Coral33.JPG,33,0.1634,Harka Piloto S,T2,2
Harka Piloto\2024_AUG_HPFS_S\2024_AUG_HPFS_S_T2\GOPR5552.JPG,Harka Piloto\2024_AUG_HPFS_S\2024_AUG_HPFS_S_T2\GOPR5552\Coral12.JPG,12,0.411,Harka Piloto S,T2,2
Harka Piloto\2024_HP_JUL_S\HP_S_T2\GOPR3755.JPG,Harka Piloto\2024_HP_JUL_S\HP_S_T2\GOPR3755\Coral16.JPG,16,0.2618,Harka Piloto S,T2,2
Harka Piloto\2024_HP_JUL_S\HP_S_T2\GOPR3769.JPG,Harka Piloto\2024_HP_JUL_S\HP_S_T2\GOPR3769\Coral19.JPG,19,0.2923,Harka Piloto S,T2,2
Harka Piloto\2024_AUG_HPFS_S\2024_AUG_HPFS_S_T2\GOPR5536.JPG,Harka Piloto\2024_AUG_HPFS_S\2024_AUG_HPFS_S_T2\GOPR5536\Coral20.JPG,20,0.304,Harka Piloto S,T2,2
Harka Piloto\2024_HP_JUL_S\HP_S_T2\GOPR3760.JPG,Harka Piloto\2024_HP_JUL_S\HP_S_T2\GOPR3760\Coral15.JPG,15,0.3818,Harka Piloto S,T2,2
Harka Piloto\2024_HP_JUL_S\HP_S_T2\GOPR3763.JPG,Harka Piloto\2024_HP_JUL_S\HP_S_T2\GOPR3763\Coral13.JPG,13,0.4471,Harka Piloto S,T2,2
Harka Piloto\2024_AUG_HPFS_S\2024_AUG_HPFS_S_T2\GOPR5579.JPG,Harka Piloto\2024_AUG_HPFS_S\2024_AUG_HPFS_S_T2\GOPR5579\Coral10.JPG,10,0.3963,Harka Piloto S,T2,2
Harka Piloto\2024_HP_JUL_S\HP_S_T2\GOPR3752.JPG,Harka Piloto\2024_HP_JUL_S\HP_S_T2\GOPR3752\Coral2.JPG,2,0.7541,Harka Piloto S,T2,2
Harka Piloto\2024_HP_JUL_S\HP_S_T2\GOPR3790.JPG,Harka Piloto\2024_HP_JUL_S\HP_S_T2\GOPR3790\Coral23.JPG,23,0.282,Harka Piloto S,T2,2
Harka Piloto\2024_AUG_HPFS_S\2024_AUG_HPFS_S_T2\GOPR5574.JPG,Harka Piloto\2024_AUG_HPFS_S\2024_AUG_HPFS_S_T2\GOPR5574\Coral7.JPG,7,0.6084,Harka Piloto S,T2,2
Harka Piloto\2024_AUG_HPFS_S\2024_AUG_HPFS_S_T2\GOPR5561.JPG,Harka Piloto\2024_AUG_HPFS_S\2024_AUG_HPFS_S_T2\GOPR5561\Coral26.JPG,26,0.3508,Harka Piloto S,T2,2
Harka Piloto\2024_HP_JUL_S\HP_S_T2\GOPR3766.JPG,Harka Piloto\2024_HP_JUL_S\HP_S_T2\GOPR3766\Coral16.JPG,16,0.3621,Harka Piloto S,T2,2
Harka Piloto\2024_AUG_HPFS_S\2024_AUG_HPFS_S_T2\GOPR5539.JPG,Harka Piloto\2024_AUG_HPFS_S\2024_AUG_HPFS_S_T2\GOPR5539\Coral1.JPG,1,0.6977,Harka Piloto S,T2,2
Harka Piloto\2024_HP_JUL_S\HP_S_T2\GOPR3786.JPG,Harka Piloto\2024_HP_JUL_S\HP_S_T2\GOPR3786\Coral37.JPG,37,0.1641,Harka Piloto S,T2,2
Harka Piloto\2024_AUG_HPFS_S\2024_AUG_HPFS_S_T2\GOPR5529.JPG,Harka Piloto\2024_AUG_HPFS_S\2024_AUG_HPFS_S_T2\GOPR5529\Coral19.JPG,19,0.2512,Harka Piloto S,T2,2
Harka Piloto\2024_AUG_HPFS_S\2024_AUG_HPFS_S_T2\GOPR5529.JPG,Harka Piloto\2024_AUG_HPFS_S\2024_AUG_HPFS_S_T2\GOPR5529\Coral16.JPG,16,0.2922,Harka Piloto S,T2,2
Harka Piloto\2024_AUG_HPFS_S\2024_AUG_HPFS_S_T2\GOPR5529.JPG,Harka Piloto\2024_AUG_HPFS_S\2024_AUG_HPFS_S_T2\GOPR5529\Coral10.JPG,10,0.3543,Harka Piloto S,T2,2
Harka Piloto\2024_AUG_HPFS_S\2024_AUG_HPFS_S_T2\GOPR5529.JPG,Harka Piloto\2024_AUG_HPFS_S\2024_AUG_HPFS_S_T2\GOPR5529\Coral23.JPG,23,0.2269,Harka Piloto S,T2,2
Harka Piloto\2024_AUG_HPFS_S\2024_AUG_HPFS_S_T2\GOPR5529.JPG,Harka Piloto\2024_AUG_HPFS_S\2024_AUG_HPFS_S_T2\GOPR5529\Coral12.JPG,12,0.3244,Harka Piloto S,T2,2
Harka Piloto\2024_AUG_HPFS_S\2024_AUG_HPFS_S_T2\GOPR5529.JPG,Harka Piloto\2024_AUG_HPFS_S\2024_AUG_HPFS_S_T2\GOPR5529\Coral31.JPG,31,0.1639,Harka Piloto S,T2,2
Harka Piloto\2024_AUG_HPFS_S\2024_AUG_HPFS_S_T2\GOPR5529.JPG,Harka Piloto\2024_AUG_HPFS_S\2024_AUG_HPFS_S_T2\GOPR5529\Coral20.JPG,20,0.242,Harka Piloto S,T2,2
Harka Piloto\2024_HP_JUL_S\HP_S_T2\GOPR3751.JPG,Harka Piloto\2024_HP_JUL_S\HP_S_T2\GOPR3751\Coral32.JPG,32,0.1915,Harka Piloto S,T2,2
Harka Piloto\2024_HP_JUL_S\HP_S_T2\GOPR3751.JPG,Harka Piloto\2024_HP_JUL_S\HP_S_T2\GOPR3751\Coral1.JPG,1,0.5993,Harka Piloto S,T2,2
Harka Piloto\2024_HP_JUL_S\HP_S_T2\GOPR3751.JPG,Harka Piloto\2024_HP_JUL_S\HP_S_T2\GOPR3751\Coral28.JPG,28,0.2531,Harka Piloto S,T2,2
Harka Piloto\2024_HP_JUL_S\HP_S_T2\GOPR3751.JPG,Harka Piloto\2024_HP_JUL_S\HP_S_T2\GOPR3751\Coral2.JPG,2,0.5688,Harka Piloto S,T2,2
Harka Piloto\2024_HP_JUL_S\HP_S_T2\GOPR3751.JPG,Harka Piloto\2024_HP_JUL_S\HP_S_T2\GOPR3751\Coral33.JPG,33,0.1698,Harka Piloto S,T2,2
Harka Piloto\2024_HP_JUL_S\HP_S_T2\GOPR3751.JPG,Harka Piloto\2024_HP_JUL_S\HP_S_T2\GOPR3751\Coral11.JPG,11,0.4173,Harka Piloto S,T2,2
Harka Piloto\2024_HP_JUL_S\HP_S_T2\GOPR3751.JPG,Harka Piloto\2024_HP_JUL_S\HP_S_T2\GOPR3751\Coral12.JPG,12,0.4146,Harka Piloto S,T2,2
Harka Piloto\2024_HP_JUL_S\HP_S_T2\GOPR3751.JPG,Harka Piloto\2024_HP_JUL_S\HP_S_T2\GOPR3751\Coral5.JPG,5,0.5508,Harka Piloto S,T2,2
Harka Piloto\2024_HP_JUL_S\HP_S_T2\GOPR3784.JPG,Harka Piloto\2024_HP_JUL_S\HP_S_T2\GOPR3784\Coral21.JPG,21,0.3728,Harka Piloto S,T2,2
Harka Piloto\2024_HP_JUL_S\HP_S_T2\GOPR3784.JPG,Harka Piloto\2024_HP_JUL_S\HP_S_T2\GOPR3784\Coral8.JPG,8,0.5035,Harka Piloto S,T2,2
Harka Piloto\2024_HP_JUL_S\HP_S_T2\GOPR3784.JPG,Harka Piloto\2024_HP_JUL_S\HP_S_T2\GOPR3784\Coral33.JPG,33,0.1897,Harka Piloto S,T2,2
Harka Piloto\2024_HP_JUL_S\HP_S_T2\GOPR3784.JPG,Harka Piloto\2024_HP_JUL_S\HP_S_T2\GOPR3784\Coral13.JPG,13,0.4589,Harka Piloto S,T2,2
Harka Piloto\2024_HP_JUL_S\HP_S_T2\GOPR3784.JPG,Harka Piloto\2024_HP_JUL_S\HP_S_T2\GOPR3784\Coral18.JPG,18,0.3862,Harka Piloto S,T2,2
Harka Piloto\2024_AUG_HPFS_S\2024_AUG_HPFS_S_T2\GOPR5563.JPG,Harka Piloto\2024_AUG_HPFS_S\2024_AUG_HPFS_S_T2\GOPR5563\Coral17.JPG,17,0.229,Harka Piloto S,T2,2
Harka Piloto\2024_AUG_HPFS_S\2024_AUG_HPFS_S_T2\GOPR5571.JPG,Harka Piloto\2024_AUG_HPFS_S\2024_AUG_HPFS_S_T2\GOPR5571\Coral4.JPG,4,0.6209,Harka Piloto S,T2,2
Harka Piloto\2024_AUG_HPFS_S\2024_AUG_HPFS_S_T2\GOPR5571.JPG,Harka Piloto\2024_AUG_HPFS_S\2024_AUG_HPFS_S_T2\GOPR5571\Coral48.JPG,48,0.1633,Harka Piloto S,T2,2
Harka Piloto\2024_AUG_HPFS_S\2024_AUG_HPFS_S_T2\GOPR5571.JPG,Harka Piloto\2024_AUG_HPFS_S\2024_AUG_HPFS_S_T2\GOPR5571\Coral10.JPG,10,0.4607,Harka Piloto S,T2,2
Harka Piloto\2024_AUG_HPFS_S\2024_AUG_HPFS_S_T2\GOPR5571.JPG,Harka Piloto\2024_AUG_HPFS_S\2024_AUG_HPFS_S_T2\GOPR5571\Coral30.JPG,30,0.2788,Harka Piloto S,T2,2
Harka Piloto\2024_AUG_HPFS_S\2024_AUG_HPFS_S_T2\GOPR5571.JPG,Harka Piloto\2024_AUG_HPFS_S\2024_AUG_HPFS_S_T2\GOPR5571\Coral11.JPG,11,0.434,Harka Piloto S,T2,2
Harka Piloto\2024_AUG_HPFS_S\2024_AUG_HPFS_S_T2\GOPR5571.JPG,Harka Piloto\2024_AUG_HPFS_S\2024_AUG_HPFS_S_T2\GOPR5571\Coral8.JPG,8,0.4883,Harka Piloto S,T2,2
Harka Piloto\2024_AUG_HPFS_S\2024_AUG_HPFS_S_T2\GOPR5571.JPG,Harka Piloto\2024_AUG_HPFS_S\2024_AUG_HPFS_S_T2\GOPR5571\Coral38.JPG,38,0.2179,Harka Piloto S,T2,2
Harka Piloto\2024_AUG_HPFS_S\2024_AUG_HPFS_S_T2\GOPR5571.JPG,Harka Piloto\2024_AUG_HPFS_S\2024_AUG_HPFS_S_T2\GOPR5571\Coral42.JPG,42,0.2051,Harka Piloto S,T2,2
Harka Piloto\2024_AUG_HPFS_S\2024_AUG_HPFS_S_T2\GOPR5571.JPG,Harka Piloto\2024_AUG_HPFS_S\2024_AUG_HPFS_S_T2\GOPR5571\Coral37.JPG,37,0.2221,Harka Piloto S,T2,2
Harka Piloto\2024_AUG_HPFS_S\2024_AUG_HPFS_S_T2\GOPR5571.JPG,Harka Piloto\2024_AUG_HPFS_S\2024_AUG_HPFS_S_T2\GOPR5571\Coral9.JPG,9,0.4817,Harka Piloto S,T2,2
Harka Piloto\2024_AUG_HPFS_S\2024_AUG_HPFS_S_T2\GOPR5571.JPG,Harka Piloto\2024_AUG_HPFS_S\2024_AUG_HPFS_S_T2\GOPR5571\Coral6.JPG,6,0.5389,Harka Piloto S,T2,2
Harka Piloto\2024_AUG_HPFS_S\2024_AUG_HPFS_S_T2\GOPR5571.JPG,Harka Piloto\2024_AUG_HPFS_S\2024_AUG_HPFS_S_T2\GOPR5571\Coral35.JPG,35,0.2449,Harka Piloto S,T2,2
Harka Piloto\2024_AUG_HPFS_S\2024_AUG_HPFS_S_T2\GOPR5571.JPG,Harka Piloto\2024_AUG_HPFS_S\2024_AUG_HPFS_S_T2\GOPR5571\Coral19.JPG,19,0.3575,Harka Piloto S,T2,2
Harka Piloto\2024_HP_JUL_S\HP_S_T2\GOPR3774.JPG,Harka Piloto\2024_HP_JUL_S\HP_S_T2\GOPR3774\Coral3.JPG,3,0.6518,Harka Piloto S,T2,2
Harka Piloto\2024_HP_JUL_S\HP_S_T2\GOPR3774.JPG,Harka Piloto\2024_HP_JUL_S\HP_S_T2\GOPR3774\Coral4.JPG,4,0.621,Harka Piloto S,T2,2
Harka Piloto\2024_HP_JUL_S\HP_S_T2\GOPR3774.JPG,Harka Piloto\2024_HP_JUL_S\HP_S_T2\GOPR3774\Coral34.JPG,34,0.1514,Harka Piloto S,T2,2
Harka Piloto\2024_HP_JUL_S\HP_S_T2\GOPR3774.JPG,Harka Piloto\2024_HP_JUL_S\HP_S_T2\GOPR3774\Coral9.JPG,9,0.5328,Harka Piloto S,T2,2
Harka Piloto\2024_HP_JUL_S\HP_S_T2\GOPR3774.JPG,Harka Piloto\2024_HP_JUL_S\HP_S_T2\GOPR3774\Coral23.JPG,23,0.2766,Harka Piloto S,T2,2
Harka Piloto\2024_AUG_HPFS_S\2024_AUG_HPFS_S_T2\GOPR5530.JPG,Harka Piloto\2024_AUG_HPFS_S\2024_AUG_HPFS_S_T2\GOPR5530\Coral13.JPG,13,0.3206,Harka Piloto S,T2,2
Harka Piloto\2024_AUG_HPFS_S\2024_AUG_HPFS_S_T2\GOPR5530.JPG,Harka Piloto\2024_AUG_HPFS_S\2024_AUG_HPFS_S_T2\GOPR5530\Coral28.JPG,28,0.1519,Harka Piloto S,T2,2
Harka Piloto\2024_AUG_HPFS_S\2024_AUG_HPFS_S_T2\GOPR5530.JPG,Harka Piloto\2024_AUG_HPFS_S\2024_AUG_HPFS_S_T2\GOPR5530\Coral4.JPG,4,0.5728,Harka Piloto S,T2,2
Harka Piloto\2024_AUG_HPFS_S\2024_AUG_HPFS_S_T2\GOPR5530.JPG,Harka Piloto\2024_AUG_HPFS_S\2024_AUG_HPFS_S_T2\GOPR5530\Coral11.JPG,11,0.3502,Harka Piloto S,T2,2
Harka Piloto\2024_AUG_HPFS_S\2024_AUG_HPFS_S_T2\GOPR5530.JPG,Harka Piloto\2024_AUG_HPFS_S\2024_AUG_HPFS_S_T2\GOPR5530\Coral16.JPG,16,0.2567,Harka Piloto S,T2,2
Harka Piloto\2024_HP_JUL_S\HP_S_T2\GOPR3753.JPG,Harka Piloto\2024_HP_JUL_S\HP_S_T2\GOPR3753\Coral1.JPG,1,0.6271,Harka Piloto S,T2,2
Harka Piloto\2024_HP_JUL_S\HP_S_T2\GOPR3753.JPG,Harka Piloto\2024_HP_JUL_S\HP_S_T2\GOPR3753\Coral25.JPG,25,0.1941,Harka Piloto S,T2,2
Harka Piloto\2024_HP_JUL_S\HP_S_T2\GOPR3753.JPG,Harka Piloto\2024_HP_JUL_S\HP_S_T2\GOPR3753\Coral14.JPG,14,0.2525,Harka Piloto S,T2,2
Harka Piloto\2024_HP_JUL_S\HP_S_T2\GOPR3753.JPG,Harka Piloto\2024_HP_JUL_S\HP_S_T2\GOPR3753\Coral3.JPG,3,0.5483,Harka Piloto S,T2,2
Harka Piloto\2024_HP_JUL_S\HP_S_T2\GOPR3761.JPG,Harka Piloto\2024_HP_JUL_S\HP_S_T2\GOPR3761\Coral4.JPG,4,0.5042,Harka Piloto S,T2,2
Harka Piloto\2024_HP_JUL_S\HP_S_T2\GOPR3761.JPG,Harka Piloto\2024_HP_JUL_S\HP_S_T2\GOPR3761\Coral1.JPG,1,0.7398,Harka Piloto S,T2,2
Harka Piloto\2024_HP_JUL_S\HP_S_T2\GOPR3761.JPG,Harka Piloto\2024_HP_JUL_S\HP_S_T2\GOPR3761\Coral15.JPG,15,0.2216,Harka Piloto S,T2,2
Harka Piloto\2024_AUG_HPFS_S\2024_AUG_HPFS_S_T3\GOPR5605.JPG,Harka Piloto\2024_AUG_HPFS_S\2024_AUG_HPFS_S_T3\GOPR5605\Coral3.JPG,3,0.7302,Harka Piloto S,T3,2
Harka Piloto\2024_HP_JUL_S\HP_S_T3\GOPR3820.JPG,Harka Piloto\2024_HP_JUL_S\HP_S_T3\GOPR3820\Coral20.JPG,20,0.2811,Harka Piloto S,T3,2
Harka Piloto\2024_HP_JUL_S\HP_S_T3\GOPR3845.JPG,Harka Piloto\2024_HP_JUL_S\HP_S_T3\GOPR3845\Coral10.JPG,10,0.3465,Harka Piloto S,T3,2
Harka Piloto\2024_HP_JUL_S\HP_S_T3\GOPR3806.JPG,Harka Piloto\2024_HP_JUL_S\HP_S_T3\GOPR3806\Coral14.JPG,14,0.4341,Harka Piloto S,T3,2
Harka Piloto\2024_HP_JUL_S\HP_S_T3\GOPR3805.JPG,Harka Piloto\2024_HP_JUL_S\HP_S_T3\GOPR3805\Coral37.JPG,37,0.1844,Harka Piloto S,T3,2
Harka Piloto\2024_HP_JUL_S\HP_S_T3\GOPR3815.JPG,Harka Piloto\2024_HP_JUL_S\HP_S_T3\GOPR3815\Coral22.JPG,22,0.298,Harka Piloto S,T3,2
Harka Piloto\2024_AUG_HPFS_S\2024_AUG_HPFS_S_T3\GOPR5635.JPG,Harka Piloto\2024_AUG_HPFS_S\2024_AUG_HPFS_S_T3\GOPR5635\Coral20.JPG,20,0.1546,Harka Piloto S,T3,2
Harka Piloto\2024_AUG_HPFS_S\2024_AUG_HPFS_S_T3\GOPR5627.JPG,Harka Piloto\2024_AUG_HPFS_S\2024_AUG_HPFS_S_T3\GOPR5627\Coral19.JPG,19,0.1755,Harka Piloto S,T3,2
Harka Piloto\2024_AUG_HPFS_S\2024_AUG_HPFS_S_T3\GOPR5630.JPG,Harka Piloto\2024_AUG_HPFS_S\2024_AUG_HPFS_S_T3\GOPR5630\Coral3.JPG,3,0.5235,Harka Piloto S,T3,2
Harka Piloto\2024_HP_JUL_S\HP_S_T3\GOPR3807.JPG,Harka Piloto\2024_HP_JUL_S\HP_S_T3\GOPR3807\Coral12.JPG,12,0.4381,Harka Piloto S,T3,2
Harka Piloto\2024_HP_JUL_S\HP_S_T3\GOPR3801.JPG,Harka Piloto\2024_HP_JUL_S\HP_S_T3\GOPR3801\Coral26.JPG,26,0.3582,Harka Piloto S,T3,2
Harka Piloto\2024_AUG_HPFS_S\2024_AUG_HPFS_S_T3\GOPR5599.JPG,Harka Piloto\2024_AUG_HPFS_S\2024_AUG_HPFS_S_T3\GOPR5599\Coral8.JPG,8,0.3388,Harka Piloto S,T3,2
Harka Piloto\2024_AUG_HPFS_S\2024_AUG_HPFS_S_T3\GOPR5602.JPG,Harka Piloto\2024_AUG_HPFS_S\2024_AUG_HPFS_S_T3\GOPR5602\Coral5.JPG,5,0.6332,Harka Piloto S,T3,2
Harka Piloto\2024_AUG_HPFS_S\2024_AUG_HPFS_S_T3\GOPR5611.JPG,Harka Piloto\2024_AUG_HPFS_S\2024_AUG_HPFS_S_T3\GOPR5611\Coral7.JPG,7,0.5409,Harka Piloto S,T3,2
Harka Piloto\2024_AUG_HPFS_S\2024_AUG_HPFS_S_T3\GOPR5620.JPG,Harka Piloto\2024_AUG_HPFS_S\2024_AUG_HPFS_S_T3\GOPR5620\Coral13.JPG,13,0.2705,Harka Piloto S,T3,2
Harka Piloto\2024_AUG_HPFS_S\2024_AUG_HPFS_S_T3\GOPR5596.JPG,Harka Piloto\2024_AUG_HPFS_S\2024_AUG_HPFS_S_T3\GOPR5596\Coral14.JPG,14,0.285,Harka Piloto S,T3,2
Harka Piloto\2024_HP_JUL_S\HP_S_T3\GOPR3796.JPG,Harka Piloto\2024_HP_JUL_S\HP_S_T3\GOPR3796\Coral15.JPG,15,0.4633,Harka Piloto S,T3,2
Harka Piloto\2024_HP_JUL_S\HP_S_T3\GOPR3825.JPG,Harka Piloto\2024_HP_JUL_S\HP_S_T3\GOPR3825\Coral26.JPG,26,0.3057,Harka Piloto S,T3,2
Harka Piloto\2024_HP_JUL_S\HP_S_T3\GOPR3813.JPG,Harka Piloto\2024_HP_JUL_S\HP_S_T3\GOPR3813\Coral3.JPG,3,0.5535,Harka Piloto S,T3,2
Harka Piloto\2024_HP_JUL_S\HP_S_T3\GOPR3845.JPG,Harka Piloto\2024_HP_JUL_S\HP_S_T3\GOPR3845\Coral22.JPG,22,0.2229,Harka Piloto S,T3,2
Harka Piloto\2024_HP_JUL_S\HP_S_T3\GOPR3800.JPG,Harka Piloto\2024_HP_JUL_S\HP_S_T3\GOPR3800\Coral47.JPG,47,0.2137,Harka Piloto S,T3,2
Harka Piloto\2024_AUG_HPFS_S\2024_AUG_HPFS_S_T3\GOPR5600.JPG,Harka Piloto\2024_AUG_HPFS_S\2024_AUG_HPFS_S_T3\GOPR5600\Coral3.JPG,3,0.4838,Harka Piloto S,T3,2
Harka Piloto\2024_HP_JUL_S\HP_S_T3\GOPR3808.JPG,Harka Piloto\2024_HP_JUL_S\HP_S_T3\GOPR3808\Coral4.JPG,4,0.4862,Harka Piloto S,T3,2
Harka Piloto\2024_HP_JUL_S\HP_S_T3\GOPR3806.JPG,Harka Piloto\2024_HP_JUL_S\HP_S_T3\GOPR3806\Coral29.JPG,29,0.164,Harka Piloto S,T3,2
Harka Piloto\2024_HP_JUL_S\HP_S_T3\GOPR3823.JPG,Harka Piloto\2024_HP_JUL_S\HP_S_T3\GOPR3823\Coral35.JPG,35,0.1918,Harka Piloto S,T3,2
Harka Piloto\2024_AUG_HPFS_S\2024_AUG_HPFS_S_T3\GOPR5594.JPG,Harka Piloto\2024_AUG_HPFS_S\2024_AUG_HPFS_S_T3\GOPR5594\Coral15.JPG,15,0.3599,Harka Piloto S,T3,2
Harka Piloto\2024_HP_JUL_S\HP_S_T3\GOPR3815.JPG,Harka Piloto\2024_HP_JUL_S\HP_S_T3\GOPR3815\Coral4.JPG,4,0.7105,Harka Piloto S,T3,2
Harka Piloto\2024_AUG_HPFS_S\2024_AUG_HPFS_S_T3\GOPR5630.JPG,Harka Piloto\2024_AUG_HPFS_S\2024_AUG_HPFS_S_T3\GOPR5630\Coral11.JPG,11,0.2683,Harka Piloto S,T3,2
Harka Piloto\2024_AUG_HPFS_S\2024_AUG_HPFS_S_T3\GOPR5608.JPG,Harka Piloto\2024_AUG_HPFS_S\2024_AUG_HPFS_S_T3\GOPR5608\Coral15.JPG,15,0.2465,Harka Piloto S,T3,2
Harka Piloto\2024_HP_JUL_S\HP_S_T3\GOPR3821.JPG,Harka Piloto\2024_HP_JUL_S\HP_S_T3\GOPR3821\Coral6.JPG,6,0.5123,Harka Piloto S,T3,2
Harka Piloto\2024_AUG_HPFS_S\2024_AUG_HPFS_S_T3\GOPR5626.JPG,Harka Piloto\2024_AUG_HPFS_S\2024_AUG_HPFS_S_T3\GOPR5626\Coral18.JPG,18,0.2386,Harka Piloto S,T3,2
Harka Piloto\2024_AUG_HPFS_S\2024_AUG_HPFS_S_T3\GOPR5611.JPG,Harka Piloto\2024_AUG_HPFS_S\2024_AUG_HPFS_S_T3\GOPR5611\Coral9.JPG,9,0.5193,Harka Piloto S,T3,2
Harka Piloto\2024_HP_JUL_S\HP_S_T3\GOPR3838.JPG,Harka Piloto\2024_HP_JUL_S\HP_S_T3\GOPR3838\Coral1.JPG,1,0.6906,Harka Piloto S,T3,2
Harka Piloto\2024_AUG_HPFS_S\2024_AUG_HPFS_S_T3\GOPR5615.JPG,Harka Piloto\2024_AUG_HPFS_S\2024_AUG_HPFS_S_T3\GOPR5615\Coral6.JPG,6,0.4843,Harka Piloto S,T3,2
Harka Piloto\2024_AUG_HPFS_S\2024_AUG_HPFS_S_T3\GOPR5634.JPG,Harka Piloto\2024_AUG_HPFS_S\2024_AUG_HPFS_S_T3\GOPR5634\Coral12.JPG,12,0.1523,Harka Piloto S,T3,2
Harka Piloto\2024_HP_JUL_S\HP_S_T3\GOPR3802.JPG,Harka Piloto\2024_HP_JUL_S\HP_S_T3\GOPR3802\Coral52.JPG,52,0.1701,Harka Piloto S,T3,2
Harka Piloto\2024_HP_JUL_S\HP_S_T3\GOPR3806.JPG,Harka Piloto\2024_HP_JUL_S\HP_S_T3\GOPR3806\Coral17.JPG,17,0.3708,Harka Piloto S,T3,2
Harka Piloto\2024_HP_JUL_S\HP_S_T3\GOPR3823.JPG,Harka Piloto\2024_HP_JUL_S\HP_S_T3\GOPR3823\Coral29.JPG,29,0.2799,Harka Piloto S,T3,2
Harka Piloto\2024_AUG_HPFS_S\2024_AUG_HPFS_S_T3\GOPR5593.JPG,Harka Piloto\2024_AUG_HPFS_S\2024_AUG_HPFS_S_T3\GOPR5593\Coral19.JPG,19,0.2774,Harka Piloto S,T3,2
Harka Piloto\2024_AUG_HPFS_S\2024_AUG_HPFS_S_T3\GOPR5604.JPG,Harka Piloto\2024_AUG_HPFS_S\2024_AUG_HPFS_S_T3\GOPR5604\Coral14.JPG,14,0.192,Harka Piloto S,T3,2
Harka Piloto\2024_AUG_HPFS_S\2024_AUG_HPFS_S_T3\GOPR5594.JPG,Harka Piloto\2024_AUG_HPFS_S\2024_AUG_HPFS_S_T3\GOPR5594\Coral6.JPG,6,0.5026,Harka Piloto S,T3,2
Harka Piloto\2024_HP_JUL_S\HP_S_T3\GOPR3837.JPG,Harka Piloto\2024_HP_JUL_S\HP_S_T3\GOPR3837\Coral5.JPG,5,0.4805,Harka Piloto S,T3,2
Harka Piloto\2024_AUG_HPFS_S\2024_AUG_HPFS_S_T3\GOPR5628.JPG,Harka Piloto\2024_AUG_HPFS_S\2024_AUG_HPFS_S_T3\GOPR5628\Coral17.JPG,17,0.3263,Harka Piloto S,T3,2
Harka Piloto\2024_AUG_HPFS_S\2024_AUG_HPFS_S_T3\GOPR5623.JPG,Harka Piloto\2024_AUG_HPFS_S\2024_AUG_HPFS_S_T3\GOPR5623\Coral1.JPG,1,0.6839,Harka Piloto S,T3,2
Harka Piloto\2024_AUG_HPFS_S\2024_AUG_HPFS_S_T3\GOPR5635.JPG,Harka Piloto\2024_AUG_HPFS_S\2024_AUG_HPFS_S_T3\GOPR5635\Coral3.JPG,3,0.5779,Harka Piloto S,T3,2
Harka Piloto\2024_HP_JUL_S\HP_S_T3\GOPR3814.JPG,Harka Piloto\2024_HP_JUL_S\HP_S_T3\GOPR3814\Coral14.JPG,14,0.4538,Harka Piloto S,T3,2
Harka Piloto\2024_HP_JUL_S\HP_S_T3\GOPR3842.JPG,Harka Piloto\2024_HP_JUL_S\HP_S_T3\GOPR3842\Coral5.JPG,5,0.4407,Harka Piloto S,T3,2
Harka Piloto\2024_AUG_HPFS_S\2024_AUG_HPFS_S_T3\GOPR5636.JPG,Harka Piloto\2024_AUG_HPFS_S\2024_AUG_HPFS_S_T3\GOPR5636\Coral16.JPG,16,0.2234,Harka Piloto S,T3,2
Harka Piloto\2024_HP_JUL_S\HP_S_T3\GOPR3799.JPG,Harka Piloto\2024_HP_JUL_S\HP_S_T3\GOPR3799\Coral14.JPG,14,0.4144,Harka Piloto S,T3,2
Harka Piloto\2024_HP_JUL_S\HP_S_T3\GOPR3839.JPG,Harka Piloto\2024_HP_JUL_S\HP_S_T3\GOPR3839\Coral15.JPG,15,0.2419,Harka Piloto S,T3,2
Harka Piloto\2024_AUG_HPFS_S\2024_AUG_HPFS_S_T3\GOPR5630.JPG,Harka Piloto\2024_AUG_HPFS_S\2024_AUG_HPFS_S_T3\GOPR5630\Coral5.JPG,5,0.3583,Harka Piloto S,T3,2
Harka Piloto\2024_AUG_HPFS_S\2024_AUG_HPFS_S_T3\GOPR5598.JPG,Harka Piloto\2024_AUG_HPFS_S\2024_AUG_HPFS_S_T3\GOPR5598\Coral12.JPG,12,0.325,Harka Piloto S,T3,2
Harka Piloto\2024_HP_JUL_S\HP_S_T3\GOPR3801.JPG,Harka Piloto\2024_HP_JUL_S\HP_S_T3\GOPR3801\Coral20.JPG,20,0.4347,Harka Piloto S,T3,2
Harka Piloto\2024_AUG_HPFS_S\2024_AUG_HPFS_S_T3\GOPR5606.JPG,Harka Piloto\2024_AUG_HPFS_S\2024_AUG_HPFS_S_T3\GOPR5606\Coral8.JPG,8,0.5365,Harka Piloto S,T3,2
Harka Piloto\2024_AUG_HPFS_S\2024_AUG_HPFS_S_T3\GOPR5608.JPG,Harka Piloto\2024_AUG_HPFS_S\2024_AUG_HPFS_S_T3\GOPR5608\Coral19.JPG,19,0.1846,Harka Piloto S,T3,2
Harka Piloto\2024_AUG_HPFS_S\2024_AUG_HPFS_S_T3\GOPR5625.JPG,Harka Piloto\2024_AUG_HPFS_S\2024_AUG_HPFS_S_T3\GOPR5625\Coral12.JPG,12,0.2437,Harka Piloto S,T3,2
Harka Piloto\2024_AUG_HPFS_S\2024_AUG_HPFS_S_T3\GOPR5626.JPG,Harka Piloto\2024_AUG_HPFS_S\2024_AUG_HPFS_S_T3\GOPR5626\Coral3.JPG,3,0.6697,Harka Piloto S,T3,2
Harka Piloto\2024_HP_JUL_S\HP_S_T3\GOPR3835.JPG,Harka Piloto\2024_HP_JUL_S\HP_S_T3\GOPR3835\Coral16.JPG,16,0.4004,Harka Piloto S,T3,2
Harka Piloto\2024_HP_JUL_S\HP_S_T3\GOPR3812.JPG,Harka Piloto\2024_HP_JUL_S\HP_S_T3\GOPR3812\Coral24.JPG,24,0.2459,Harka Piloto S,T3,2
Harka Piloto\2024_AUG_HPFS_S\2024_AUG_HPFS_S_T3\GOPR5613.JPG,Harka Piloto\2024_AUG_HPFS_S\2024_AUG_HPFS_S_T3\GOPR5613\Coral20.JPG,20,0.1553,Harka Piloto S,T3,2
Harka Piloto\2024_AUG_HPFS_S\2024_AUG_HPFS_S_T3\GOPR5620.JPG,Harka Piloto\2024_AUG_HPFS_S\2024_AUG_HPFS_S_T3\GOPR5620\Coral14.JPG,14,0.268,Harka Piloto S,T3,2
Harka Piloto\2024_AUG_HPFS_S\2024_AUG_HPFS_S_T3\GOPR5616.JPG,Harka Piloto\2024_AUG_HPFS_S\2024_AUG_HPFS_S_T3\GOPR5616\Coral1.JPG,1,0.7934,Harka Piloto S,T3,2
Harka Piloto\2024_AUG_HPFS_S\2024_AUG_HPFS_S_T3\GOPR5634.JPG,Harka Piloto\2024_AUG_HPFS_S\2024_AUG_HPFS_S_T3\GOPR5634\Coral6.JPG,6,0.184,Harka Piloto S,T3,2
Harka Piloto\2024_HP_JUL_S\HP_S_T3\GOPR3802.JPG,Harka Piloto\2024_HP_JUL_S\HP_S_T3\GOPR3802\Coral38.JPG,38,0.2461,Harka Piloto S,T3,2
Harka Piloto\2024_AUG_HPFS_S\2024_AUG_HPFS_S_T3\GOPR5591.JPG,Harka Piloto\2024_AUG_HPFS_S\2024_AUG_HPFS_S_T3\GOPR5591\Coral9.JPG,9,0.4274,Harka Piloto S,T3,2
Harka Piloto\2024_AUG_HPFS_S\2024_AUG_HPFS_S_T3\GOPR5614.JPG,Harka Piloto\2024_AUG_HPFS_S\2024_AUG_HPFS_S_T3\GOPR5614\Coral14.JPG,14,0.2394,Harka Piloto S,T3,2
Harka Piloto\2024_AUG_HPFS_S\2024_AUG_HPFS_S_T3\GOPR5614.JPG,Harka Piloto\2024_AUG_HPFS_S\2024_AUG_HPFS_S_T3\GOPR5614\Coral7.JPG,7,0.4902,Harka Piloto S,T3,2
Harka Piloto\2024_AUG_HPFS_S\2024_AUG_HPFS_S_T3\GOPR5614.JPG,Harka Piloto\2024_AUG_HPFS_S\2024_AUG_HPFS_S_T3\GOPR5614\Coral17.JPG,17,0.1944,Harka Piloto S,T3,2
Harka Piloto\2024_AUG_HPFS_S\2024_AUG_HPFS_S_T3\GOPR5614.JPG,Harka Piloto\2024_AUG_HPFS_S\2024_AUG_HPFS_S_T3\GOPR5614\Coral6.JPG,6,0.4966,Harka Piloto S,T3,2
Harka Piloto\2024_AUG_HPFS_S\2024_AUG_HPFS_S_T3\GOPR5614.JPG,Harka Piloto\2024_AUG_HPFS_S\2024_AUG_HPFS_S_T3\GOPR5614\Coral5.JPG,5,0.4968,Harka Piloto S,T3,2
Harka Piloto\2024_AUG_HPFS_S\2024_AUG_HPFS_S_T3\GOPR5605.JPG,Harka Piloto\2024_AUG_HPFS_S\2024_AUG_HPFS_S_T3\GOPR5605\Coral17.JPG,17,0.1674,Harka Piloto S,T3,2
Harka Piloto\2024_AUG_HPFS_S\2024_AUG_HPFS_S_T3\GOPR5605.JPG,Harka Piloto\2024_AUG_HPFS_S\2024_AUG_HPFS_S_T3\GOPR5605\Coral16.JPG,16,0.1884,Harka Piloto S,T3,2
Harka Piloto\2024_AUG_HPFS_S\2024_AUG_HPFS_S_T3\GOPR5605.JPG,Harka Piloto\2024_AUG_HPFS_S\2024_AUG_HPFS_S_T3\GOPR5605\Coral6.JPG,6,0.4418,Harka Piloto S,T3,2
Harka Piloto\2024_AUG_HPFS_S\2024_AUG_HPFS_S_T3\GOPR5632.JPG,Harka Piloto\2024_AUG_HPFS_S\2024_AUG_HPFS_S_T3\GOPR5632\Coral4.JPG,4,0.4231,Harka Piloto S,T3,2
Harka Piloto\2024_AUG_HPFS_S\2024_AUG_HPFS_S_T3\GOPR5609.JPG,Harka Piloto\2024_AUG_HPFS_S\2024_AUG_HPFS_S_T3\GOPR5609\Coral5.JPG,5,0.6629,Harka Piloto S,T3,2
Harka Piloto\2024_AUG_HPFS_S\2024_AUG_HPFS_S_T3\GOPR5609.JPG,Harka Piloto\2024_AUG_HPFS_S\2024_AUG_HPFS_S_T3\GOPR5609\Coral20.JPG,20,0.3069,Harka Piloto S,T3,2
Harka Piloto\2024_AUG_HPFS_S\2024_AUG_HPFS_S_T3\GOPR5609.JPG,Harka Piloto\2024_AUG_HPFS_S\2024_AUG_HPFS_S_T3\GOPR5609\Coral25.JPG,25,0.256,Harka Piloto S,T3,2
Harka Piloto\2024_AUG_HPFS_S\2024_AUG_HPFS_S_T3\GOPR5609.JPG,Harka Piloto\2024_AUG_HPFS_S\2024_AUG_HPFS_S_T3\GOPR5609\Coral7.JPG,7,0.6458,Harka Piloto S,T3,2
Harka Piloto\2024_HP_JUL_S\HP_S_T3\GOPR3820.JPG,Harka Piloto\2024_HP_JUL_S\HP_S_T3\GOPR3820\Coral16.JPG,16,0.367,Harka Piloto S,T3,2
Harka Piloto\2024_HP_JUL_S\HP_S_T3\GOPR3820.JPG,Harka Piloto\2024_HP_JUL_S\HP_S_T3\GOPR3820\Coral4.JPG,4,0.5802,Harka Piloto S,T3,2
Harka Piloto\2024_HP_JUL_S\HP_S_T3\GOPR3820.JPG,Harka Piloto\2024_HP_JUL_S\HP_S_T3\GOPR3820\Coral24.JPG,24,0.2516,Harka Piloto S,T3,2
Harka Piloto\2024_HP_JUL_S\HP_S_T3\GOPR3820.JPG,Harka Piloto\2024_HP_JUL_S\HP_S_T3\GOPR3820\Coral12.JPG,12,0.4325,Harka Piloto S,T3,2
Harka Piloto\2024_HP_JUL_S\HP_S_T3\GOPR3820.JPG,Harka Piloto\2024_HP_JUL_S\HP_S_T3\GOPR3820\Coral23.JPG,23,0.2648,Harka Piloto S,T3,2
Harka Piloto\2024_HP_JUL_S\HP_S_T3\GOPR3820.JPG,Harka Piloto\2024_HP_JUL_S\HP_S_T3\GOPR3820\Coral7.JPG,7,0.5561,Harka Piloto S,T3,2
Harka Piloto\2024_HP_JUL_S\HP_S_T3\GOPR3820.JPG,Harka Piloto\2024_HP_JUL_S\HP_S_T3\GOPR3820\Coral28.JPG,28,0.186,Harka Piloto S,T3,2
Harka Piloto\2024_HP_JUL_S\HP_S_T3\GOPR3845.JPG,Harka Piloto\2024_HP_JUL_S\HP_S_T3\GOPR3845\Coral5.JPG,5,0.4478,Harka Piloto S,T3,2
Harka Piloto\2024_HP_JUL_S\HP_S_T3\GOPR3845.JPG,Harka Piloto\2024_HP_JUL_S\HP_S_T3\GOPR3845\Coral15.JPG,15,0.3004,Harka Piloto S,T3,2
Harka Piloto\2024_HP_JUL_S\HP_S_T3\GOPR3845.JPG,Harka Piloto\2024_HP_JUL_S\HP_S_T3\GOPR3845\Coral30.JPG,30,0.1708,Harka Piloto S,T3,2
Harka Piloto\2024_HP_JUL_S\HP_S_T3\GOPR3845.JPG,Harka Piloto\2024_HP_JUL_S\HP_S_T3\GOPR3845\Coral25.JPG,25,0.1912,Harka Piloto S,T3,2
Harka Piloto\2024_HP_JUL_S\HP_S_T3\GOPR3845.JPG,Harka Piloto\2024_HP_JUL_S\HP_S_T3\GOPR3845\Coral2.JPG,2,0.6595,Harka Piloto S,T3,2
Harka Piloto\2024_HP_JUL_S\HP_S_T3\GOPR3845.JPG,Harka Piloto\2024_HP_JUL_S\HP_S_T3\GOPR3845\Coral18.JPG,18,0.2845,Harka Piloto S,T3,2
Harka Piloto\2024_HP_JUL_S\HP_S_T3\GOPR3800.JPG,Harka Piloto\2024_HP_JUL_S\HP_S_T3\GOPR3800\Coral14.JPG,14,0.4522,Harka Piloto S,T3,2
Harka Piloto\2024_HP_JUL_S\HP_S_T3\GOPR3800.JPG,Harka Piloto\2024_HP_JUL_S\HP_S_T3\GOPR3800\Coral25.JPG,25,0.3665,Harka Piloto S,T3,2
Harka Piloto\2024_HP_JUL_S\HP_S_T3\GOPR3800.JPG,Harka Piloto\2024_HP_JUL_S\HP_S_T3\GOPR3800\Coral31.JPG,31,0.3088,Harka Piloto S,T3,2
Harka Piloto\2024_HP_JUL_S\HP_S_T3\GOPR3800.JPG,Harka Piloto\2024_HP_JUL_S\HP_S_T3\GOPR3800\Coral35.JPG,35,0.289,Harka Piloto S,T3,2
Harka Piloto\2024_HP_JUL_S\HP_S_T3\GOPR3800.JPG,Harka Piloto\2024_HP_JUL_S\HP_S_T3\GOPR3800\Coral7.JPG,7,0.5617,Harka Piloto S,T3,2
Harka Piloto\2024_HP_JUL_S\HP_S_T3\GOPR3800.JPG,Harka Piloto\2024_HP_JUL_S\HP_S_T3\GOPR3800\Coral41.JPG,41,0.2508,Harka Piloto S,T3,2
Harka Piloto\2024_HP_JUL_S\HP_S_T3\GOPR3800.JPG,Harka Piloto\2024_HP_JUL_S\HP_S_T3\GOPR3800\Coral22.JPG,22,0.3819,Harka Piloto S,T3,2
Harka Piloto\2024_HP_JUL_S\HP_S_T3\GOPR3800.JPG,Harka Piloto\2024_HP_JUL_S\HP_S_T3\GOPR3800\Coral16.JPG,16,0.4309,Harka Piloto S,T3,2
Harka Piloto\2024_HP_JUL_S\HP_S_T3\GOPR3800.JPG,Harka Piloto\2024_HP_JUL_S\HP_S_T3\GOPR3800\Coral21.JPG,21,0.3918,Harka Piloto S,T3,2
Harka Piloto\2024_HP_JUL_S\HP_S_T3\GOPR3800.JPG,Harka Piloto\2024_HP_JUL_S\HP_S_T3\GOPR3800\Coral50.JPG,50,0.1939,Harka Piloto S,T3,2
Harka Piloto\2024_AUG_HPFS_S\2024_AUG_HPFS_S_T3\GOPR5600.JPG,Harka Piloto\2024_AUG_HPFS_S\2024_AUG_HPFS_S_T3\GOPR5600\Coral18.JPG,18,0.2583,Harka Piloto S,T3,2
Harka Piloto\2024_AUG_HPFS_S\2024_AUG_HPFS_S_T3\GOPR5600.JPG,Harka Piloto\2024_AUG_HPFS_S\2024_AUG_HPFS_S_T3\GOPR5600\Coral14.JPG,14,0.2879,Harka Piloto S,T3,2
Harka Piloto\2024_AUG_HPFS_S\2024_AUG_HPFS_S_T3\GOPR5600.JPG,Harka Piloto\2024_AUG_HPFS_S\2024_AUG_HPFS_S_T3\GOPR5600\Coral22.JPG,22,0.1579,Harka Piloto S,T3,2
Harka Piloto\2024_AUG_HPFS_S\2024_AUG_HPFS_S_T3\GOPR5600.JPG,Harka Piloto\2024_AUG_HPFS_S\2024_AUG_HPFS_S_T3\GOPR5600\Coral20.JPG,20,0.1906,Harka Piloto S,T3,2
Harka Piloto\2024_HP_JUL_S\HP_S_T3\GOPR3816.JPG,Harka Piloto\2024_HP_JUL_S\HP_S_T3\GOPR3816\Coral43.JPG,43,0.1734,Harka Piloto S,T3,2
Harka Piloto\2024_HP_JUL_S\HP_S_T3\GOPR3816.JPG,Harka Piloto\2024_HP_JUL_S\HP_S_T3\GOPR3816\Coral32.JPG,32,0.287,Harka Piloto S,T3,2
Harka Piloto\2024_HP_JUL_S\HP_S_T3\GOPR3816.JPG,Harka Piloto\2024_HP_JUL_S\HP_S_T3\GOPR3816\Coral46.JPG,46,0.1503,Harka Piloto S,T3,2
Harka Piloto\2024_HP_JUL_S\HP_S_T3\GOPR3816.JPG,Harka Piloto\2024_HP_JUL_S\HP_S_T3\GOPR3816\Coral16.JPG,16,0.4482,Harka Piloto S,T3,2
Harka Piloto\2024_HP_JUL_S\HP_S_T3\GOPR3816.JPG,Harka Piloto\2024_HP_JUL_S\HP_S_T3\GOPR3816\Coral7.JPG,7,0.5829,Harka Piloto S,T3,2
Harka Piloto\2024_HP_JUL_S\HP_S_T3\GOPR3822.JPG,Harka Piloto\2024_HP_JUL_S\HP_S_T3\GOPR3822\Coral10.JPG,10,0.4866,Harka Piloto S,T3,2
Harka Piloto\2024_HPFS_JUL_D\HP_D_T1\GOPR3563.JPG,Harka Piloto\2024_HPFS_JUL_D\HP_D_T1\GOPR3563\Coral15.JPG,15,0.4643,Harka Piloto D,T1,2
Harka Piloto\2024_HPFS_JUL_D\HP_D_T1\GOPR3574.JPG,Harka Piloto\2024_HPFS_JUL_D\HP_D_T1\GOPR3574\Coral105.JPG,105,0.2722,Harka Piloto D,T1,2
Harka Piloto\2024_AUG_HPFS_D\2024_AUG_HPFS_D_T1\GOPR5326.JPG,Harka Piloto\2024_AUG_HPFS_D\2024_AUG_HPFS_D_T1\GOPR5326\Coral29.JPG,29,0.2692,Harka Piloto D,T1,2
Harka Piloto\2024_AUG_HPFS_D\2024_AUG_HPFS_D_T1\GOPR5333.JPG,Harka Piloto\2024_AUG_HPFS_D\2024_AUG_HPFS_D_T1\GOPR5333\Coral35.JPG,35,0.1733,Harka Piloto D,T1,2
Harka Piloto\2024_HPFS_JUL_D\HP_D_T1\GOPR3588.JPG,Harka Piloto\2024_HPFS_JUL_D\HP_D_T1\GOPR3588\Coral20.JPG,20,0.4942,Harka Piloto D,T1,2
Harka Piloto\2024_AUG_HPFS_D\2024_AUG_HPFS_D_T1\GOPR5303.JPG,Harka Piloto\2024_AUG_HPFS_D\2024_AUG_HPFS_D_T1\GOPR5303\Coral7.JPG,7,0.7432,Harka Piloto D,T1,2
Harka Piloto\2024_AUG_HPFS_D\2024_AUG_HPFS_D_T1\GOPR5318.JPG,Harka Piloto\2024_AUG_HPFS_D\2024_AUG_HPFS_D_T1\GOPR5318\Coral29.JPG,29,0.1904,Harka Piloto D,T1,2
Harka Piloto\2024_HPFS_JUL_D\HP_D_T1\GOPR3578.JPG,Harka Piloto\2024_HPFS_JUL_D\HP_D_T1\GOPR3578\Coral20.JPG,20,0.3433,Harka Piloto D,T1,2
Harka Piloto\2024_HPFS_JUL_D\HP_D_T1\GOPR3591.JPG,Harka Piloto\2024_HPFS_JUL_D\HP_D_T1\GOPR3591\Coral34.JPG,34,0.3316,Harka Piloto D,T1,2
Harka Piloto\2024_AUG_HPFS_D\2024_AUG_HPFS_D_T1\GOPR5301.JPG,Harka Piloto\2024_AUG_HPFS_D\2024_AUG_HPFS_D_T1\GOPR5301\Coral9.JPG,9,0.6541,Harka Piloto D,T1,2
Harka Piloto\2024_AUG_HPFS_D\2024_AUG_HPFS_D_T1\GOPR5331.JPG,Harka Piloto\2024_AUG_HPFS_D\2024_AUG_HPFS_D_T1\GOPR5331\Coral22.JPG,22,0.2015,Harka Piloto D,T1,2
Harka Piloto\2024_AUG_HPFS_D\2024_AUG_HPFS_D_T1\GOPR5313.JPG,Harka Piloto\2024_AUG_HPFS_D\2024_AUG_HPFS_D_T1\GOPR5313\Coral6.JPG,6,0.4699,Harka Piloto D,T1,2
Harka Piloto\2024_AUG_HPFS_D\2024_AUG_HPFS_D_T1\GOPR5291.JPG,Harka Piloto\2024_AUG_HPFS_D\2024_AUG_HPFS_D_T1\GOPR5291\Coral29.JPG,29,0.209,Harka Piloto D,T1,2
Harka Piloto\2024_HPFS_JUL_D\HP_D_T1\GOPR3566.JPG,Harka Piloto\2024_HPFS_JUL_D\HP_D_T1\GOPR3566\Coral33.JPG,33,0.2393,Harka Piloto D,T1,2
Harka Piloto\2024_AUG_HPFS_D\2024_AUG_HPFS_D_T1\GOPR5293.JPG,Harka Piloto\2024_AUG_HPFS_D\2024_AUG_HPFS_D_T1\GOPR5293\Coral19.JPG,19,0.4005,Harka Piloto D,T1,2
Harka Piloto\2024_AUG_HPFS_D\2024_AUG_HPFS_D_T1\GOPR5306.JPG,Harka Piloto\2024_AUG_HPFS_D\2024_AUG_HPFS_D_T1\GOPR5306\Coral25.JPG,25,0.31,Harka Piloto D,T1,2
Harka Piloto\2024_HPFS_JUL_D\HP_D_T1\GOPR3605.JPG,Harka Piloto\2024_HPFS_JUL_D\HP_D_T1\GOPR3605\Coral12.JPG,12,0.3875,Harka Piloto D,T1,2
Harka Piloto\2024_AUG_HPFS_D\2024_AUG_HPFS_D_T1\GOPR5298.JPG,Harka Piloto\2024_AUG_HPFS_D\2024_AUG_HPFS_D_T1\GOPR5298\Coral37.JPG,37,0.159,Harka Piloto D,T1,2
Harka Piloto\2024_AUG_HPFS_D\2024_AUG_HPFS_D_T1\GOPR5304.JPG,Harka Piloto\2024_AUG_HPFS_D\2024_AUG_HPFS_D_T1\GOPR5304\Coral6.JPG,6,0.7152,Harka Piloto D,T1,2
Harka Piloto\2024_AUG_HPFS_D\2024_AUG_HPFS_D_T1\GOPR5330.JPG,Harka Piloto\2024_AUG_HPFS_D\2024_AUG_HPFS_D_T1\GOPR5330\Coral35.JPG,35,0.162,Harka Piloto D,T1,2
Harka Piloto\2024_AUG_HPFS_D\2024_AUG_HPFS_D_T1\GOPR5340.JPG,Harka Piloto\2024_AUG_HPFS_D\2024_AUG_HPFS_D_T1\GOPR5340\Coral9.JPG,9,0.6297,Harka Piloto D,T1,2
Harka Piloto\2024_AUG_HPFS_D\2024_AUG_HPFS_D_T1\GOPR5328.JPG,Harka Piloto\2024_AUG_HPFS_D\2024_AUG_HPFS_D_T1\GOPR5328\Coral8.JPG,8,0.1611,Harka Piloto D,T1,2
Harka Piloto\2024_HPFS_JUL_D\HP_D_T1\GOPR3600.JPG,Harka Piloto\2024_HPFS_JUL_D\HP_D_T1\GOPR3600\Coral3.JPG,3,0.4087,Harka Piloto D,T1,2
Harka Piloto\2024_HPFS_JUL_D\HP_D_T1\GOPR3588.JPG,Harka Piloto\2024_HPFS_JUL_D\HP_D_T1\GOPR3588\Coral60.JPG,60,0.195,Harka Piloto D,T1,2
Harka Piloto\2024_HPFS_JUL_D\HP_D_T1\GOPR3607.JPG,Harka Piloto\2024_HPFS_JUL_D\HP_D_T1\GOPR3607\Coral17.JPG,17,0.5828,Harka Piloto D,T1,2
Harka Piloto\2024_HPFS_JUL_D\HP_D_T1\GOPR3569.JPG,Harka Piloto\2024_HPFS_JUL_D\HP_D_T1\GOPR3569\Coral43.JPG,43,0.287,Harka Piloto D,T1,2
Harka Piloto\2024_HPFS_JUL_D\HP_D_T1\GOPR3603.JPG,Harka Piloto\2024_HPFS_JUL_D\HP_D_T1\GOPR3603\Coral8.JPG,8,0.6126,Harka Piloto D,T1,2
Harka Piloto\2024_AUG_HPFS_D\2024_AUG_HPFS_D_T1\GOPR5321.JPG,Harka Piloto\2024_AUG_HPFS_D\2024_AUG_HPFS_D_T1\GOPR5321\Coral34.JPG,34,0.1501,Harka Piloto D,T1,2
Harka Piloto\2024_HPFS_JUL_D\HP_D_T1\GOPR3604.JPG,Harka Piloto\2024_HPFS_JUL_D\HP_D_T1\GOPR3604\Coral24.JPG,24,0.2198,Harka Piloto D,T1,2
Harka Piloto\2024_AUG_HPFS_D\2024_AUG_HPFS_D_T1\GOPR5302.JPG,Harka Piloto\2024_AUG_HPFS_D\2024_AUG_HPFS_D_T1\GOPR5302\Coral16.JPG,16,0.6004,Harka Piloto D,T1,2
Harka Piloto\2024_HPFS_JUL_D\HP_D_T1\GOPR3566.JPG,Harka Piloto\2024_HPFS_JUL_D\HP_D_T1\GOPR3566\Coral36.JPG,36,0.2167,Harka Piloto D,T1,2
Harka Piloto\2024_HPFS_JUL_D\HP_D_T1\GOPR3584.JPG,Harka Piloto\2024_HPFS_JUL_D\HP_D_T1\GOPR3584\Coral46.JPG,46,0.254,Harka Piloto D,T1,2
Harka Piloto\2024_AUG_HPFS_D\2024_AUG_HPFS_D_T1\GOPR5329.JPG,Harka Piloto\2024_AUG_HPFS_D\2024_AUG_HPFS_D_T1\GOPR5329\Coral3.JPG,3,0.5784,Harka Piloto D,T1,2
Harka Piloto\2024_AUG_HPFS_D\2024_AUG_HPFS_D_T1\GOPR5299.JPG,Harka Piloto\2024_AUG_HPFS_D\2024_AUG_HPFS_D_T1\GOPR5299\Coral67.JPG,67,0.2521,Harka Piloto D,T1,2
Harka Piloto\2024_AUG_HPFS_D\2024_AUG_HPFS_D_T1\GOPR5296.JPG,Harka Piloto\2024_AUG_HPFS_D\2024_AUG_HPFS_D_T1\GOPR5296\Coral36.JPG,36,0.2095,Harka Piloto D,T1,2
Harka Piloto\2024_AUG_HPFS_D\2024_AUG_HPFS_D_T1\GOPR5319.JPG,Harka Piloto\2024_AUG_HPFS_D\2024_AUG_HPFS_D_T1\GOPR5319\Coral23.JPG,23,0.3117,Harka Piloto D,T1,2
Harka Piloto\2024_HPFS_JUL_D\HP_D_T1\GOPR3582.JPG,Harka Piloto\2024_HPFS_JUL_D\HP_D_T1\GOPR3582\Coral23.JPG,23,0.3253,Harka Piloto D,T1,2
Harka Piloto\2024_AUG_HPFS_D\2024_AUG_HPFS_D_T1\GOPR5335.JPG,Harka Piloto\2024_AUG_HPFS_D\2024_AUG_HPFS_D_T1\GOPR5335\Coral81.JPG,81,0.1801,Harka Piloto D,T1,2
Harka Piloto\2024_HPFS_JUL_D\HP_D_T1\GOPR3570.JPG,Harka Piloto\2024_HPFS_JUL_D\HP_D_T1\GOPR3570\Coral15.JPG,15,0.4548,Harka Piloto D,T1,2
Harka Piloto\2024_AUG_HPFS_D\2024_AUG_HPFS_D_T1\GOPR5294.JPG,Harka Piloto\2024_AUG_HPFS_D\2024_AUG_HPFS_D_T1\GOPR5294\Coral3.JPG,3,0.7993,Harka Piloto D,T1,2
Harka Piloto\2024_HPFS_JUL_D\HP_D_T1\GOPR3581.JPG,Harka Piloto\2024_HPFS_JUL_D\HP_D_T1\GOPR3581\Coral42.JPG,42,0.1624,Harka Piloto D,T1,2
Harka Piloto\2024_AUG_HPFS_D\2024_AUG_HPFS_D_T1\GOPR5304.JPG,Harka Piloto\2024_AUG_HPFS_D\2024_AUG_HPFS_D_T1\GOPR5304\Coral18.JPG,18,0.4618,Harka Piloto D,T1,2
Harka Piloto\2024_AUG_HPFS_D\2024_AUG_HPFS_D_T1\GOPR5330.JPG,Harka Piloto\2024_AUG_HPFS_D\2024_AUG_HPFS_D_T1\GOPR5330\Coral9.JPG,9,0.6532,Harka Piloto D,T1,2
Harka Piloto\2024_AUG_HPFS_D\2024_AUG_HPFS_D_T1\GOPR5340.JPG,Harka Piloto\2024_AUG_HPFS_D\2024_AUG_HPFS_D_T1\GOPR5340\Coral25.JPG,25,0.3485,Harka Piloto D,T1,2
Harka Piloto\2024_HPFS_JUL_D\HP_D_T1\GOPR3600.JPG,Harka Piloto\2024_HPFS_JUL_D\HP_D_T1\GOPR3600\Coral8.JPG,8,0.1542,Harka Piloto D,T1,2
Harka Piloto\2024_HPFS_JUL_D\HP_D_T1\GOPR3578.JPG,Harka Piloto\2024_HPFS_JUL_D\HP_D_T1\GOPR3578\Coral22.JPG,22,0.2568,Harka Piloto D,T1,2
Harka Piloto\2024_HPFS_JUL_D\HP_D_T1\GOPR3591.JPG,Harka Piloto\2024_HPFS_JUL_D\HP_D_T1\GOPR3591\Coral58.JPG,58,0.2132,Harka Piloto D,T1,2
Harka Piloto\2024_AUG_HPFS_D\2024_AUG_HPFS_D_T1\GOPR5325.JPG,Harka Piloto\2024_AUG_HPFS_D\2024_AUG_HPFS_D_T1\GOPR5325\Coral17.JPG,17,0.4625,Harka Piloto D,T1,2
Harka Piloto\2024_HPFS_JUL_D\HP_D_T1\GOPR3585.JPG,Harka Piloto\2024_HPFS_JUL_D\HP_D_T1\GOPR3585\Coral75.JPG,75,0.4181,Harka Piloto D,T1,2
Harka Piloto\2024_AUG_HPFS_D\2024_AUG_HPFS_D_T1\GOPR5308.JPG,Harka Piloto\2024_AUG_HPFS_D\2024_AUG_HPFS_D_T1\GOPR5308\Coral16.JPG,16,0.3699,Harka Piloto D,T1,2
Harka Piloto\2024_AUG_HPFS_D\2024_AUG_HPFS_D_T1\GOPR5295.JPG,Harka Piloto\2024_AUG_HPFS_D\2024_AUG_HPFS_D_T1\GOPR5295\Coral25.JPG,25,0.2506,Harka Piloto D,T1,2
Harka Piloto\2024_HPFS_JUL_D\HP_D_T1\GOPR3597.JPG,Harka Piloto\2024_HPFS_JUL_D\HP_D_T1\GOPR3597\Coral60.JPG,60,0.3199,Harka Piloto D,T1,2
Harka Piloto\2024_HPFS_JUL_D\HP_D_T1\GOPR3562.JPG,Harka Piloto\2024_HPFS_JUL_D\HP_D_T1\GOPR3562\Coral15.JPG,15,0.5535,Harka Piloto D,T1,2
Harka Piloto\2024_AUG_HPFS_D\2024_AUG_HPFS_D_T1\GOPR5329.JPG,Harka Piloto\2024_AUG_HPFS_D\2024_AUG_HPFS_D_T1\GOPR5329\Coral4.JPG,4,0.3713,Harka Piloto D,T1,2
Harka Piloto\2024_HPFS_JUL_D\HP_D_T1\GOPR3605.JPG,Harka Piloto\2024_HPFS_JUL_D\HP_D_T1\GOPR3605\Coral26.JPG,26,0.2434,Harka Piloto D,T1,2
Harka Piloto\2024_HPFS_JUL_D\HP_D_T1\GOPR3595.JPG,Harka Piloto\2024_HPFS_JUL_D\HP_D_T1\GOPR3595\Coral11.JPG,11,0.5365,Harka Piloto D,T1,2
Harka Piloto\2024_HPFS_JUL_D\HP_D_T1\GOPR3609.JPG,Harka Piloto\2024_HPFS_JUL_D\HP_D_T1\GOPR3609\Coral19.JPG,19,0.3177,Harka Piloto D,T1,2
Harka Piloto\2024_AUG_HPFS_D\2024_AUG_HPFS_D_T1\GOPR5319.JPG,Harka Piloto\2024_AUG_HPFS_D\2024_AUG_HPFS_D_T1\GOPR5319\Coral45.JPG,45,0.2075,Harka Piloto D,T1,2
Harka Piloto\2024_AUG_HPFS_D\2024_AUG_HPFS_D_T1\GOPR5311.JPG,Harka Piloto\2024_AUG_HPFS_D\2024_AUG_HPFS_D_T1\GOPR5311\Coral31.JPG,31,0.1756,Harka Piloto D,T1,2
Harka Piloto\2024_HPFS_JUL_D\HP_D_T1\GOPR3598.JPG,Harka Piloto\2024_HPFS_JUL_D\HP_D_T1\GOPR3598\Coral49.JPG,49,0.248,Harka Piloto D,T1,2
Harka Piloto\2024_HPFS_JUL_D\HP_D_T1\GOPR3572.JPG,Harka Piloto\2024_HPFS_JUL_D\HP_D_T1\GOPR3572\Coral14.JPG,14,0.5437,Harka Piloto D,T1,2
Harka Piloto\2024_HPFS_JUL_D\HP_D_T1\GOPR3572.JPG,Harka Piloto\2024_HPFS_JUL_D\HP_D_T1\GOPR3572\Coral54.JPG,54,0.1586,Harka Piloto D,T1,2
Harka Piloto\2024_HPFS_JUL_D\HP_D_T1\GOPR3572.JPG,Harka Piloto\2024_HPFS_JUL_D\HP_D_T1\GOPR3572\Coral12.JPG,12,0.569,Harka Piloto D,T1,2
Harka Piloto\2024_HPFS_JUL_D\HP_D_T1\GOPR3572.JPG,Harka Piloto\2024_HPFS_JUL_D\HP_D_T1\GOPR3572\Coral22.JPG,22,0.4097,Harka Piloto D,T1,2
Harka Piloto\2024_HPFS_JUL_D\HP_D_T1\GOPR3572.JPG,Harka Piloto\2024_HPFS_JUL_D\HP_D_T1\GOPR3572\Coral47.JPG,47,0.1987,Harka Piloto D,T1,2
Harka Piloto\2024_HPFS_JUL_D\HP_D_T1\GOPR3572.JPG,Harka Piloto\2024_HPFS_JUL_D\HP_D_T1\GOPR3572\Coral19.JPG,19,0.4228,Harka Piloto D,T1,2
Harka Piloto\2024_HPFS_JUL_D\HP_D_T1\GOPR3572.JPG,Harka Piloto\2024_HPFS_JUL_D\HP_D_T1\GOPR3572\Coral20.JPG,20,0.4184,Harka Piloto D,T1,2
Harka Piloto\2024_HPFS_JUL_D\HP_D_T1\GOPR3572.JPG,Harka Piloto\2024_HPFS_JUL_D\HP_D_T1\GOPR3572\Coral5.JPG,5,0.7071,Harka Piloto D,T1,2
Harka Piloto\2024_HPFS_JUL_D\HP_D_T1\GOPR3572.JPG,Harka Piloto\2024_HPFS_JUL_D\HP_D_T1\GOPR3572\Coral3.JPG,3,0.7152,Harka Piloto D,T1,2
Harka Piloto\2024_HPFS_JUL_D\HP_D_T1\GOPR3572.JPG,Harka Piloto\2024_HPFS_JUL_D\HP_D_T1\GOPR3572\Coral52.JPG,52,0.1603,Harka Piloto D,T1,2
Harka Piloto\2024_HPFS_JUL_D\HP_D_T1\GOPR3572.JPG,Harka Piloto\2024_HPFS_JUL_D\HP_D_T1\GOPR3572\Coral9.JPG,9,0.634,Harka Piloto D,T1,2
Harka Piloto\2024_HPFS_JUL_D\HP_D_T1\GOPR3572.JPG,Harka Piloto\2024_HPFS_JUL_D\HP_D_T1\GOPR3572\Coral45.JPG,45,0.2023,Harka Piloto D,T1,2
Harka Piloto\2024_HPFS_JUL_D\HP_D_T1\GOPR3572.JPG,Harka Piloto\2024_HPFS_JUL_D\HP_D_T1\GOPR3572\Coral55.JPG,55,0.1573,Harka Piloto D,T1,2
Harka Piloto\2024_HPFS_JUL_D\HP_D_T1\GOPR3572.JPG,Harka Piloto\2024_HPFS_JUL_D\HP_D_T1\GOPR3572\Coral24.JPG,24,0.4045,Harka Piloto D,T1,2
Harka Piloto\2024_HPFS_JUL_D\HP_D_T1\GOPR3572.JPG,Harka Piloto\2024_HPFS_JUL_D\HP_D_T1\GOPR3572\Coral16.JPG,16,0.4518,Harka Piloto D,T1,2
Harka Piloto\2024_AUG_HPFS_D\2024_AUG_HPFS_D_T1\GOPR5335.JPG,Harka Piloto\2024_AUG_HPFS_D\2024_AUG_HPFS_D_T1\GOPR5335\Coral58.JPG,58,0.2613,Harka Piloto D,T1,2
Harka Piloto\2024_AUG_HPFS_D\2024_AUG_HPFS_D_T1\GOPR5335.JPG,Harka Piloto\2024_AUG_HPFS_D\2024_AUG_HPFS_D_T1\GOPR5335\Coral72.JPG,72,0.2151,Harka Piloto D,T1,2
Harka Piloto\2024_AUG_HPFS_D\2024_AUG_HPFS_D_T1\GOPR5335.JPG,Harka Piloto\2024_AUG_HPFS_D\2024_AUG_HPFS_D_T1\GOPR5335\Coral28.JPG,28,0.4408,Harka Piloto D,T1,2
Harka Piloto\2024_AUG_HPFS_D\2024_AUG_HPFS_D_T1\GOPR5335.JPG,Harka Piloto\2024_AUG_HPFS_D\2024_AUG_HPFS_D_T1\GOPR5335\Coral36.JPG,36,0.397,Harka Piloto D,T1,2
Harka Piloto\2024_AUG_HPFS_D\2024_AUG_HPFS_D_T1\GOPR5335.JPG,Harka Piloto\2024_AUG_HPFS_D\2024_AUG_HPFS_D_T1\GOPR5335\Coral26.JPG,26,0.455,Harka Piloto D,T1,2
Harka Piloto\2024_AUG_HPFS_D\2024_AUG_HPFS_D_T1\GOPR5335.JPG,Harka Piloto\2024_AUG_HPFS_D\2024_AUG_HPFS_D_T1\GOPR5335\Coral43.JPG,43,0.3417,Harka Piloto D,T1,2
Harka Piloto\2024_AUG_HPFS_D\2024_AUG_HPFS_D_T1\GOPR5335.JPG,Harka Piloto\2024_AUG_HPFS_D\2024_AUG_HPFS_D_T1\GOPR5335\Coral11.JPG,11,0.61,Harka Piloto D,T1,2
Harka Piloto\2024_AUG_HPFS_D\2024_AUG_HPFS_D_T1\GOPR5335.JPG,Harka Piloto\2024_AUG_HPFS_D\2024_AUG_HPFS_D_T1\GOPR5335\Coral69.JPG,69,0.219,Harka Piloto D,T1,2
Harka Piloto\2024_AUG_HPFS_D\2024_AUG_HPFS_D_T1\GOPR5335.JPG,Harka Piloto\2024_AUG_HPFS_D\2024_AUG_HPFS_D_T1\GOPR5335\Coral59.JPG,59,0.2597,Harka Piloto D,T1,2
Harka Piloto\2024_AUG_HPFS_D\2024_AUG_HPFS_D_T1\GOPR5335.JPG,Harka Piloto\2024_AUG_HPFS_D\2024_AUG_HPFS_D_T1\GOPR5335\Coral73.JPG,73,0.2117,Harka Piloto D,T1,2
Harka Piloto\2024_AUG_HPFS_D\2024_AUG_HPFS_D_T1\GOPR5335.JPG,Harka Piloto\2024_AUG_HPFS_D\2024_AUG_HPFS_D_T1\GOPR5335\Coral42.JPG,42,0.3476,Harka Piloto D,T1,2
Harka Piloto\2024_AUG_HPFS_D\2024_AUG_HPFS_D_T1\GOPR5335.JPG,Harka Piloto\2024_AUG_HPFS_D\2024_AUG_HPFS_D_T1\GOPR5335\Coral70.JPG,70,0.2166,Harka Piloto D,T1,2
Harka Piloto\2024_AUG_HPFS_D\2024_AUG_HPFS_D_T1\GOPR5335.JPG,Harka Piloto\2024_AUG_HPFS_D\2024_AUG_HPFS_D_T1\GOPR5335\Coral84.JPG,84,0.1684,Harka Piloto D,T1,2
Harka Piloto\2024_HPFS_JUL_D\HP_D_T1\GOPR3570.JPG,Harka Piloto\2024_HPFS_JUL_D\HP_D_T1\GOPR3570\Coral47.JPG,47,0.2025,Harka Piloto D,T1,2
Harka Piloto\2024_HPFS_JUL_D\HP_D_T1\GOPR3570.JPG,Harka Piloto\2024_HPFS_JUL_D\HP_D_T1\GOPR3570\Coral50.JPG,50,0.1958,Harka Piloto D,T1,2
Harka Piloto\2024_HPFS_JUL_D\HP_D_T1\GOPR3570.JPG,Harka Piloto\2024_HPFS_JUL_D\HP_D_T1\GOPR3570\Coral2.JPG,2,0.6985,Harka Piloto D,T1,2
Harka Piloto\2024_HPFS_JUL_D\HP_D_T1\GOPR3570.JPG,Harka Piloto\2024_HPFS_JUL_D\HP_D_T1\GOPR3570\Coral40.JPG,40,0.2812,Harka Piloto D,T1,2
Harka Piloto\2024_HPFS_JUL_D\HP_D_T1\GOPR3570.JPG,Harka Piloto\2024_HPFS_JUL_D\HP_D_T1\GOPR3570\Coral24.JPG,24,0.3797,Harka Piloto D,T1,2
Harka Piloto\2024_HPFS_JUL_D\HP_D_T1\GOPR3570.JPG,Harka Piloto\2024_HPFS_JUL_D\HP_D_T1\GOPR3570\Coral33.JPG,33,0.3114,Harka Piloto D,T1,2
Harka Piloto\2024_HPFS_JUL_D\HP_D_T1\GOPR3570.JPG,Harka Piloto\2024_HPFS_JUL_D\HP_D_T1\GOPR3570\Coral57.JPG,57,0.1691,Harka Piloto D,T1,2
Harka Piloto\2024_HPFS_JUL_D\HP_D_T1\GOPR3570.JPG,Harka Piloto\2024_HPFS_JUL_D\HP_D_T1\GOPR3570\Coral18.JPG,18,0.4474,Harka Piloto D,T1,2
Harka Piloto\2024_HPFS_JUL_D\HP_D_T1\GOPR3570.JPG,Harka Piloto\2024_HPFS_JUL_D\HP_D_T1\GOPR3570\Coral48.JPG,48,0.1994,Harka Piloto D,T1,2
Harka Piloto\2024_HPFS_JUL_D\HP_D_T1\GOPR3570.JPG,Harka Piloto\2024_HPFS_JUL_D\HP_D_T1\GOPR3570\Coral49.JPG,49,0.1986,Harka Piloto D,T1,2
Harka Piloto\2024_HPFS_JUL_D\HP_D_T1\GOPR3570.JPG,Harka Piloto\2024_HPFS_JUL_D\HP_D_T1\GOPR3570\Coral55.JPG,55,0.1744,Harka Piloto D,T1,2
Harka Piloto\2024_HPFS_JUL_D\HP_D_T1\GOPR3570.JPG,Harka Piloto\2024_HPFS_JUL_D\HP_D_T1\GOPR3570\Coral9.JPG,9,0.5244,Harka Piloto D,T1,2
Harka Piloto\2024_HPFS_JUL_D\HP_D_T1\GOPR3570.JPG,Harka Piloto\2024_HPFS_JUL_D\HP_D_T1\GOPR3570\Coral16.JPG,16,0.4543,Harka Piloto D,T1,2
Harka Piloto\2024_HPFS_JUL_D\HP_D_T1\GOPR3563.JPG,Harka Piloto\2024_HPFS_JUL_D\HP_D_T1\GOPR3563\Coral23.JPG,23,0.3268,Harka Piloto D,T1,2
Harka Piloto\2024_HPFS_JUL_D\HP_D_T1\GOPR3563.JPG,Harka Piloto\2024_HPFS_JUL_D\HP_D_T1\GOPR3563\Coral11.JPG,11,0.5652,Harka Piloto D,T1,2
Harka Piloto\2024_HPFS_JUL_D\HP_D_T1\GOPR3563.JPG,Harka Piloto\2024_HPFS_JUL_D\HP_D_T1\GOPR3563\Coral33.JPG,33,0.2517,Harka Piloto D,T1,2
Harka Piloto\2024_HPFS_JUL_D\HP_D_T1\GOPR3563.JPG,Harka Piloto\2024_HPFS_JUL_D\HP_D_T1\GOPR3563\Coral35.JPG,35,0.2389,Harka Piloto D,T1,2
Harka Piloto\2024_HPFS_JUL_D\HP_D_T1\GOPR3563.JPG,Harka Piloto\2024_HPFS_JUL_D\HP_D_T1\GOPR3563\Coral40.JPG,40,0.193,Harka Piloto D,T1,2
Harka Piloto\2024_HPFS_JUL_D\HP_D_T1\GOPR3563.JPG,Harka Piloto\2024_HPFS_JUL_D\HP_D_T1\GOPR3563\Coral32.JPG,32,0.2681,Harka Piloto D,T1,2
Harka Piloto\2024_HPFS_JUL_D\HP_D_T1\GOPR3563.JPG,Harka Piloto\2024_HPFS_JUL_D\HP_D_T1\GOPR3563\Coral31.JPG,31,0.2682,Harka Piloto D,T1,2
Harka Piloto\2024_HPFS_JUL_D\HP_D_T1\GOPR3563.JPG,Harka Piloto\2024_HPFS_JUL_D\HP_D_T1\GOPR3563\Coral45.JPG,45,0.1638,Harka Piloto D,T1,2
Harka Piloto\2024_AUG_HPFS_D\2024_AUG_HPFS_D_T1\GOPR5294.JPG,Harka Piloto\2024_AUG_HPFS_D\2024_AUG_HPFS_D_T1\GOPR5294\Coral6.JPG,6,0.6858,Harka Piloto D,T1,2
Harka Piloto\2024_AUG_HPFS_D\2024_AUG_HPFS_D_T1\GOPR5294.JPG,Harka Piloto\2024_AUG_HPFS_D\2024_AUG_HPFS_D_T1\GOPR5294\Coral47.JPG,47,0.1697,Harka Piloto D,T1,2
Harka Piloto\2024_AUG_HPFS_D\2024_AUG_HPFS_D_T2\GOPR5360.JPG,Harka Piloto\2024_AUG_HPFS_D\2024_AUG_HPFS_D_T2\GOPR5360\Coral32.JPG,32,0.2485,Harka Piloto D,T2,2
Harka Piloto\2024_HPFS_JUL_D\HP_D_T2\GOPR3638.JPG,Harka Piloto\2024_HPFS_JUL_D\HP_D_T2\GOPR3638\Coral15.JPG,15,0.3335,Harka Piloto D,T2,2
Harka Piloto\2024_AUG_HPFS_D\2024_AUG_HPFS_D_T2\GOPR5390.JPG,Harka Piloto\2024_AUG_HPFS_D\2024_AUG_HPFS_D_T2\GOPR5390\Coral1.JPG,1,0.7415,Harka Piloto D,T2,2
Harka Piloto\2024_AUG_HPFS_D\2024_AUG_HPFS_D_T2\GOPR5400.JPG,Harka Piloto\2024_AUG_HPFS_D\2024_AUG_HPFS_D_T2\GOPR5400\Coral4.JPG,4,0.6958,Harka Piloto D,T2,2
Harka Piloto\2024_AUG_HPFS_D\2024_AUG_HPFS_D_T2\GOPR5386.JPG,Harka Piloto\2024_AUG_HPFS_D\2024_AUG_HPFS_D_T2\GOPR5386\Coral19.JPG,19,0.3063,Harka Piloto D,T2,2
Harka Piloto\2024_AUG_HPFS_D\2024_AUG_HPFS_D_T2\GOPR5385.JPG,Harka Piloto\2024_AUG_HPFS_D\2024_AUG_HPFS_D_T2\GOPR5385\Coral12.JPG,12,0.208,Harka Piloto D,T2,2
Harka Piloto\2024_HPFS_JUL_D\HP_D_T2\GOPR3660.JPG,Harka Piloto\2024_HPFS_JUL_D\HP_D_T2\GOPR3660\Coral64.JPG,64,0.1765,Harka Piloto D,T2,2
Harka Piloto\2024_AUG_HPFS_D\2024_AUG_HPFS_D_T2\GOPR5379.JPG,Harka Piloto\2024_AUG_HPFS_D\2024_AUG_HPFS_D_T2\GOPR5379\Coral24.JPG,24,0.285,Harka Piloto D,T2,2
Harka Piloto\2024_AUG_HPFS_D\2024_AUG_HPFS_D_T2\GOPR5353.JPG,Harka Piloto\2024_AUG_HPFS_D\2024_AUG_HPFS_D_T2\GOPR5353\Coral19.JPG,19,0.2815,Harka Piloto D,T2,2
Harka Piloto\2024_AUG_HPFS_D\2024_AUG_HPFS_D_T2\GOPR5361.JPG,Harka Piloto\2024_AUG_HPFS_D\2024_AUG_HPFS_D_T2\GOPR5361\Coral49.JPG,49,0.2068,Harka Piloto D,T2,2
Harka Piloto\2024_HPFS_JUL_D\HP_D_T2\GOPR3647.JPG,Harka Piloto\2024_HPFS_JUL_D\HP_D_T2\GOPR3647\Coral15.JPG,15,0.3661,Harka Piloto D,T2,2
Harka Piloto\2024_AUG_HPFS_D\2024_AUG_HPFS_D_T2\GOPR5392.JPG,Harka Piloto\2024_AUG_HPFS_D\2024_AUG_HPFS_D_T2\GOPR5392\Coral27.JPG,27,0.1534,Harka Piloto D,T2,2
Harka Piloto\2024_AUG_HPFS_D\2024_AUG_HPFS_D_T2\GOPR5378.JPG,Harka Piloto\2024_AUG_HPFS_D\2024_AUG_HPFS_D_T2\GOPR5378\Coral22.JPG,22,0.239,Harka Piloto D,T2,2
Harka Piloto\2024_AUG_HPFS_D\2024_AUG_HPFS_D_T2\GOPR5363.JPG,Harka Piloto\2024_AUG_HPFS_D\2024_AUG_HPFS_D_T2\GOPR5363\Coral7.JPG,7,0.5384,Harka Piloto D,T2,2
Harka Piloto\2024_HPFS_JUL_D\HP_D_T2\GOPR3665.JPG,Harka Piloto\2024_HPFS_JUL_D\HP_D_T2\GOPR3665\Coral4.JPG,4,0.6218,Harka Piloto D,T2,2
Harka Piloto\2024_HPFS_JUL_D\HP_D_T2\GOPR3622.JPG,Harka Piloto\2024_HPFS_JUL_D\HP_D_T2\GOPR3622\Coral18.JPG,18,0.2691,Harka Piloto D,T2,2
Harka Piloto\2024_HPFS_JUL_D\HP_D_T2\GOPR3651.JPG,Harka Piloto\2024_HPFS_JUL_D\HP_D_T2\GOPR3651\Coral26.JPG,26,0.2476,Harka Piloto D,T2,2
Harka Piloto\2024_HPFS_JUL_D\HP_D_T2\GOPR3635.JPG,Harka Piloto\2024_HPFS_JUL_D\HP_D_T2\GOPR3635\Coral2.JPG,2,0.7965,Harka Piloto D,T2,2
Harka Piloto\2024_AUG_HPFS_D\2024_AUG_HPFS_D_T2\GOPR5383.JPG,Harka Piloto\2024_AUG_HPFS_D\2024_AUG_HPFS_D_T2\GOPR5383\Coral5.JPG,5,0.7656,Harka Piloto D,T2,2
Harka Piloto\2024_HPFS_JUL_D\HP_D_T2\GOPR3636.JPG,Harka Piloto\2024_HPFS_JUL_D\HP_D_T2\GOPR3636\Coral34.JPG,34,0.3041,Harka Piloto D,T2,2
Harka Piloto\2024_HPFS_JUL_D\HP_D_T2\GOPR3640.JPG,Harka Piloto\2024_HPFS_JUL_D\HP_D_T2\GOPR3640\Coral31.JPG,31,0.1798,Harka Piloto D,T2,2
Harka Piloto\2024_HPFS_JUL_D\HP_D_T2\GOPR3628.JPG,Harka Piloto\2024_HPFS_JUL_D\HP_D_T2\GOPR3628\Coral73.JPG,73,0.1736,Harka Piloto D,T2,2
Harka Piloto\2024_AUG_HPFS_D\2024_AUG_HPFS_D_T2\GOPR5351.JPG,Harka Piloto\2024_AUG_HPFS_D\2024_AUG_HPFS_D_T2\GOPR5351\Coral20.JPG,20,0.3895,Harka Piloto D,T2,2
Harka Piloto\2024_HPFS_JUL_D\HP_D_T2\GOPR3664.JPG,Harka Piloto\2024_HPFS_JUL_D\HP_D_T2\GOPR3664\Coral25.JPG,25,0.2028,Harka Piloto D,T2,2
Harka Piloto\2024_AUG_HPFS_D\2024_AUG_HPFS_D_T2\GOPR5373.JPG,Harka Piloto\2024_AUG_HPFS_D\2024_AUG_HPFS_D_T2\GOPR5373\Coral6.JPG,6,0.507,Harka Piloto D,T2,2
Harka Piloto\2024_AUG_HPFS_D\2024_AUG_HPFS_D_T2\GOPR5365.JPG,Harka Piloto\2024_AUG_HPFS_D\2024_AUG_HPFS_D_T2\GOPR5365\Coral11.JPG,11,0.4605,Harka Piloto D,T2,2
Harka Piloto\2024_HPFS_JUL_D\HP_D_T2\GOPR3659.JPG,Harka Piloto\2024_HPFS_JUL_D\HP_D_T2\GOPR3659\Coral17.JPG,17,0.3225,Harka Piloto D,T2,2
Harka Piloto\2024_HPFS_JUL_D\HP_D_T2\GOPR3657.JPG,Harka Piloto\2024_HPFS_JUL_D\HP_D_T2\GOPR3657\Coral14.JPG,14,0.2132,Harka Piloto D,T2,2
Harka Piloto\2024_HPFS_JUL_D\HP_D_T2\GOPR3638.JPG,Harka Piloto\2024_HPFS_JUL_D\HP_D_T2\GOPR3638\Coral32.JPG,32,0.175,Harka Piloto D,T2,2
Harka Piloto\2024_AUG_HPFS_D\2024_AUG_HPFS_D_T2\GOPR5385.JPG,Harka Piloto\2024_AUG_HPFS_D\2024_AUG_HPFS_D_T2\GOPR5385\Coral7.JPG,7,0.2606,Harka Piloto D,T2,2
Harka Piloto\2024_HPFS_JUL_D\HP_D_T2\GOPR3658.JPG,Harka Piloto\2024_HPFS_JUL_D\HP_D_T2\GOPR3658\Coral4.JPG,4,0.1741,Harka Piloto D,T2,2
Harka Piloto\2024_AUG_HPFS_D\2024_AUG_HPFS_D_T2\GOPR5361.JPG,Harka Piloto\2024_AUG_HPFS_D\2024_AUG_HPFS_D_T2\GOPR5361\Coral44.JPG,44,0.2358,Harka Piloto D,T2,2
Harka Piloto\2024_AUG_HPFS_D\2024_AUG_HPFS_D_T2\GOPR5355.JPG,Harka Piloto\2024_AUG_HPFS_D\2024_AUG_HPFS_D_T2\GOPR5355\Coral16.JPG,16,0.4011,Harka Piloto D,T2,2
Harka Piloto\2024_HPFS_JUL_D\HP_D_T2\GOPR3649.JPG,Harka Piloto\2024_HPFS_JUL_D\HP_D_T2\GOPR3649\Coral13.JPG,13,0.3102,Harka Piloto D,T2,2
Harka Piloto\2024_AUG_HPFS_D\2024_AUG_HPFS_D_T2\GOPR5362.JPG,Harka Piloto\2024_AUG_HPFS_D\2024_AUG_HPFS_D_T2\GOPR5362\Coral22.JPG,22,0.2823,Harka Piloto D,T2,2
Harka Piloto\2024_AUG_HPFS_D\2024_AUG_HPFS_D_T2\GOPR5382.JPG,Harka Piloto\2024_AUG_HPFS_D\2024_AUG_HPFS_D_T2\GOPR5382\Coral2.JPG,2,0.6518,Harka Piloto D,T2,2
Harka Piloto\2024_AUG_HPFS_D\2024_AUG_HPFS_D_T2\GOPR5397.JPG,Harka Piloto\2024_AUG_HPFS_D\2024_AUG_HPFS_D_T2\GOPR5397\Coral10.JPG,10,0.3758,Harka Piloto D,T2,2
Harka Piloto\2024_HPFS_JUL_D\HP_D_T2\GOPR3651.JPG,Harka Piloto\2024_HPFS_JUL_D\HP_D_T2\GOPR3651\Coral2.JPG,2,0.63,Harka Piloto D,T2,2
Harka Piloto\2024_HPFS_JUL_D\HP_D_T2\GOPR3620.JPG,Harka Piloto\2024_HPFS_JUL_D\HP_D_T2\GOPR3620\Coral60.JPG,60,0.261,Harka Piloto D,T2,2
Harka Piloto\2024_AUG_HPFS_D\2024_AUG_HPFS_D_T2\GOPR5384.JPG,Harka Piloto\2024_AUG_HPFS_D\2024_AUG_HPFS_D_T2\GOPR5384\Coral1.JPG,1,0.6373,Harka Piloto D,T2,2
Harka Piloto\2024_HPFS_JUL_D\HP_D_T2\GOPR3630.JPG,Harka Piloto\2024_HPFS_JUL_D\HP_D_T2\GOPR3630\Coral23.JPG,23,0.2329,Harka Piloto D,T2,2
Harka Piloto\2024_HPFS_JUL_D\HP_D_T2\GOPR3624.JPG,Harka Piloto\2024_HPFS_JUL_D\HP_D_T2\GOPR3624\Coral37.JPG,37,0.2222,Harka Piloto D,T2,2
Harka Piloto\2024_AUG_HPFS_D\2024_AUG_HPFS_D_T2\GOPR5399.JPG,Harka Piloto\2024_AUG_HPFS_D\2024_AUG_HPFS_D_T2\GOPR5399\Coral11.JPG,11,0.491,Harka Piloto D,T2,2
Harka Piloto\2024_HPFS_JUL_D\HP_D_T2\GOPR3646.JPG,Harka Piloto\2024_HPFS_JUL_D\HP_D_T2\GOPR3646\Coral22.JPG,22,0.3691,Harka Piloto D,T2,2
Harka Piloto\2024_HPFS_JUL_D\HP_D_T2\GOPR3663.JPG,Harka Piloto\2024_HPFS_JUL_D\HP_D_T2\GOPR3663\Coral23.JPG,23,0.1842,Harka Piloto D,T2,2
Harka Piloto\2024_AUG_HPFS_D\2024_AUG_HPFS_D_T2\GOPR5352.JPG,Harka Piloto\2024_AUG_HPFS_D\2024_AUG_HPFS_D_T2\GOPR5352\Coral16.JPG,16,0.4461,Harka Piloto D,T2,2
Harka Piloto\2024_AUG_HPFS_D\2024_AUG_HPFS_D_T2\GOPR5379.JPG,Harka Piloto\2024_AUG_HPFS_D\2024_AUG_HPFS_D_T2\GOPR5379\Coral2.JPG,2,0.7236,Harka Piloto D,T2,2
Harka Piloto\2024_AUG_HPFS_D\2024_AUG_HPFS_D_T2\GOPR5353.JPG,Harka Piloto\2024_AUG_HPFS_D\2024_AUG_HPFS_D_T2\GOPR5353\Coral26.JPG,26,0.2335,Harka Piloto D,T2,2
Harka Piloto\2024_AUG_HPFS_D\2024_AUG_HPFS_D_T2\GOPR5358.JPG,Harka Piloto\2024_AUG_HPFS_D\2024_AUG_HPFS_D_T2\GOPR5358\Coral26.JPG,26,0.2101,Harka Piloto D,T2,2
Harka Piloto\2024_HPFS_JUL_D\HP_D_T2\GOPR3623.JPG,Harka Piloto\2024_HPFS_JUL_D\HP_D_T2\GOPR3623\Coral10.JPG,10,0.3433,Harka Piloto D,T2,2
Harka Piloto\2024_AUG_HPFS_D\2024_AUG_HPFS_D_T2\GOPR5392.JPG,Harka Piloto\2024_AUG_HPFS_D\2024_AUG_HPFS_D_T2\GOPR5392\Coral18.JPG,18,0.2199,Harka Piloto D,T2,2
Harka Piloto\2024_AUG_HPFS_D\2024_AUG_HPFS_D_T2\GOPR5378.JPG,Harka Piloto\2024_AUG_HPFS_D\2024_AUG_HPFS_D_T2\GOPR5378\Coral21.JPG,21,0.239,Harka Piloto D,T2,2
Harka Piloto\2024_HPFS_JUL_D\HP_D_T2\GOPR3654.JPG,Harka Piloto\2024_HPFS_JUL_D\HP_D_T2\GOPR3654\Coral44.JPG,44,0.165,Harka Piloto D,T2,2
Harka Piloto\2024_AUG_HPFS_D\2024_AUG_HPFS_D_T2\GOPR5363.JPG,Harka Piloto\2024_AUG_HPFS_D\2024_AUG_HPFS_D_T2\GOPR5363\Coral5.JPG,5,0.5559,Harka Piloto D,T2,2
Harka Piloto\2024_AUG_HPFS_D\2024_AUG_HPFS_D_T2\GOPR5396.JPG,Harka Piloto\2024_AUG_HPFS_D\2024_AUG_HPFS_D_T2\GOPR5396\Coral19.JPG,19,0.2081,Harka Piloto D,T2,2
Harka Piloto\2024_AUG_HPFS_D\2024_AUG_HPFS_D_T2\GOPR5354.JPG,Harka Piloto\2024_AUG_HPFS_D\2024_AUG_HPFS_D_T2\GOPR5354\Coral5.JPG,5,0.6753,Harka Piloto D,T2,2
Harka Piloto\2024_AUG_HPFS_D\2024_AUG_HPFS_D_T2\GOPR5394.JPG,Harka Piloto\2024_AUG_HPFS_D\2024_AUG_HPFS_D_T2\GOPR5394\Coral35.JPG,35,0.1873,Harka Piloto D,T2,2
Harka Piloto\2024_HPFS_JUL_D\HP_D_T2\GOPR3639.JPG,Harka Piloto\2024_HPFS_JUL_D\HP_D_T2\GOPR3639\Coral37.JPG,37,0.3574,Harka Piloto D,T2,2
Harka Piloto\2024_HPFS_JUL_D\HP_D_T2\GOPR3631.JPG,Harka Piloto\2024_HPFS_JUL_D\HP_D_T2\GOPR3631\Coral11.JPG,11,0.5007,Harka Piloto D,T2,2
Harka Piloto\2024_AUG_HPFS_D\2024_AUG_HPFS_D_T2\GOPR5380.JPG,Harka Piloto\2024_AUG_HPFS_D\2024_AUG_HPFS_D_T2\GOPR5380\Coral8.JPG,8,0.3445,Harka Piloto D,T2,2
Harka Piloto\2024_HPFS_JUL_D\HP_D_T2\GOPR3628.JPG,Harka Piloto\2024_HPFS_JUL_D\HP_D_T2\GOPR3628\Coral56.JPG,56,0.2208,Harka Piloto D,T2,2
Harka Piloto\2024_AUG_HPFS_D\2024_AUG_HPFS_D_T2\GOPR5360.JPG,Harka Piloto\2024_AUG_HPFS_D\2024_AUG_HPFS_D_T2\GOPR5360\Coral13.JPG,13,0.5376,Harka Piloto D,T2,2
Harka Piloto\2024_AUG_HPFS_D\2024_AUG_HPFS_D_T2\GOPR5360.JPG,Harka Piloto\2024_AUG_HPFS_D\2024_AUG_HPFS_D_T2\GOPR5360\Coral35.JPG,35,0.2254,Harka Piloto D,T2,2
Harka Piloto\2024_AUG_HPFS_D\2024_AUG_HPFS_D_T2\GOPR5360.JPG,Harka Piloto\2024_AUG_HPFS_D\2024_AUG_HPFS_D_T2\GOPR5360\Coral26.JPG,26,0.3707,Harka Piloto D,T2,2
Harka Piloto\2024_AUG_HPFS_D\2024_AUG_HPFS_D_T2\GOPR5360.JPG,Harka Piloto\2024_AUG_HPFS_D\2024_AUG_HPFS_D_T2\GOPR5360\Coral8.JPG,8,0.6613,Harka Piloto D,T2,2
Harka Piloto\2024_AUG_HPFS_D\2024_AUG_HPFS_D_T2\GOPR5360.JPG,Harka Piloto\2024_AUG_HPFS_D\2024_AUG_HPFS_D_T2\GOPR5360\Coral42.JPG,42,0.1623,Harka Piloto D,T2,2
Harka Piloto\2024_AUG_HPFS_D\2024_AUG_HPFS_D_T2\GOPR5360.JPG,Harka Piloto\2024_AUG_HPFS_D\2024_AUG_HPFS_D_T2\GOPR5360\Coral24.JPG,24,0.3991,Harka Piloto D,T2,2
Harka Piloto\2024_HPFS_JUL_D\HP_D_T2\GOPR3621.JPG,Harka Piloto\2024_HPFS_JUL_D\HP_D_T2\GOPR3621\Coral2.JPG,2,0.6865,Harka Piloto D,T2,2
Harka Piloto\2024_HPFS_JUL_D\HP_D_T2\GOPR3621.JPG,Harka Piloto\2024_HPFS_JUL_D\HP_D_T2\GOPR3621\Coral33.JPG,33,0.22,Harka Piloto D,T2,2
Harka Piloto\2024_HPFS_JUL_D\HP_D_T2\GOPR3621.JPG,Harka Piloto\2024_HPFS_JUL_D\HP_D_T2\GOPR3621\Coral45.JPG,45,0.153,Harka Piloto D,T2,2
Harka Piloto\2024_HPFS_JUL_D\HP_D_T2\GOPR3621.JPG,Harka Piloto\2024_HPFS_JUL_D\HP_D_T2\GOPR3621\Coral37.JPG,37,0.1771,Harka Piloto D,T2,2
Harka Piloto\2024_HPFS_JUL_D\HP_D_T2\GOPR3621.JPG,Harka Piloto\2024_HPFS_JUL_D\HP_D_T2\GOPR3621\Coral10.JPG,10,0.4168,Harka Piloto D,T2,2
Harka Piloto\2024_HPFS_JUL_D\HP_D_T2\GOPR3621.JPG,Harka Piloto\2024_HPFS_JUL_D\HP_D_T2\GOPR3621\Coral18.JPG,18,0.3082,Harka Piloto D,T2,2
Harka Piloto\2024_HPFS_JUL_D\HP_D_T2\GOPR3621.JPG,Harka Piloto\2024_HPFS_JUL_D\HP_D_T2\GOPR3621\Coral12.JPG,12,0.3857,Harka Piloto D,T2,2
Harka Piloto\2024_HPFS_JUL_D\HP_D_T2\GOPR3621.JPG,Harka Piloto\2024_HPFS_JUL_D\HP_D_T2\GOPR3621\Coral11.JPG,11,0.4127,Harka Piloto D,T2,2
Harka Piloto\2024_AUG_HPFS_D\2024_AUG_HPFS_D_T2\GOPR5376.JPG,Harka Piloto\2024_AUG_HPFS_D\2024_AUG_HPFS_D_T2\GOPR5376\Coral26.JPG,26,0.2007,Harka Piloto D,T2,2
Harka Piloto\2024_AUG_HPFS_D\2024_AUG_HPFS_D_T2\GOPR5376.JPG,Harka Piloto\2024_AUG_HPFS_D\2024_AUG_HPFS_D_T2\GOPR5376\Coral2.JPG,2,0.5834,Harka Piloto D,T2,2
Harka Piloto\2024_AUG_HPFS_D\2024_AUG_HPFS_D_T2\GOPR5376.JPG,Harka Piloto\2024_AUG_HPFS_D\2024_AUG_HPFS_D_T2\GOPR5376\Coral9.JPG,9,0.4014,Harka Piloto D,T2,2
Harka Piloto\2024_AUG_HPFS_D\2024_AUG_HPFS_D_T2\GOPR5376.JPG,Harka Piloto\2024_AUG_HPFS_D\2024_AUG_HPFS_D_T2\GOPR5376\Coral14.JPG,14,0.3403,Harka Piloto D,T2,2
Harka Piloto\2024_AUG_HPFS_D\2024_AUG_HPFS_D_T2\GOPR5373.JPG,Harka Piloto\2024_AUG_HPFS_D\2024_AUG_HPFS_D_T2\GOPR5373\Coral26.JPG,26,0.2468,Harka Piloto D,T2,2
Harka Piloto\2024_AUG_HPFS_D\2024_AUG_HPFS_D_T2\GOPR5373.JPG,Harka Piloto\2024_AUG_HPFS_D\2024_AUG_HPFS_D_T2\GOPR5373\Coral5.JPG,5,0.6691,Harka Piloto D,T2,2
Harka Piloto\2024_AUG_HPFS_D\2024_AUG_HPFS_D_T2\GOPR5373.JPG,Harka Piloto\2024_AUG_HPFS_D\2024_AUG_HPFS_D_T2\GOPR5373\Coral2.JPG,2,0.7703,Harka Piloto D,T2,2
Harka Piloto\2024_AUG_HPFS_D\2024_AUG_HPFS_D_T2\GOPR5373.JPG,Harka Piloto\2024_AUG_HPFS_D\2024_AUG_HPFS_D_T2\GOPR5373\Coral8.JPG,8,0.4978,Harka Piloto D,T2,2
Harka Piloto\2024_AUG_HPFS_D\2024_AUG_HPFS_D_T2\GOPR5373.JPG,Harka Piloto\2024_AUG_HPFS_D\2024_AUG_HPFS_D_T2\GOPR5373\Coral7.JPG,7,0.5045,Harka Piloto D,T2,2
Harka Piloto\2024_AUG_HPFS_D\2024_AUG_HPFS_D_T2\GOPR5373.JPG,Harka Piloto\2024_AUG_HPFS_D\2024_AUG_HPFS_D_T2\GOPR5373\Coral13.JPG,13,0.4319,Harka Piloto D,T2,2
Harka Piloto\2024_AUG_HPFS_D\2024_AUG_HPFS_D_T2\GOPR5365.JPG,Harka Piloto\2024_AUG_HPFS_D\2024_AUG_HPFS_D_T2\GOPR5365\Coral26.JPG,26,0.1511,Harka Piloto D,T2,2
Harka Piloto\2024_AUG_HPFS_D\2024_AUG_HPFS_D_T2\GOPR5365.JPG,Harka Piloto\2024_AUG_HPFS_D\2024_AUG_HPFS_D_T2\GOPR5365\Coral20.JPG,20,0.2742,Harka Piloto D,T2,2
Harka Piloto\2024_AUG_HPFS_D\2024_AUG_HPFS_D_T2\GOPR5365.JPG,Harka Piloto\2024_AUG_HPFS_D\2024_AUG_HPFS_D_T2\GOPR5365\Coral25.JPG,25,0.1545,Harka Piloto D,T2,2
Harka Piloto\2024_AUG_HPFS_D\2024_AUG_HPFS_D_T2\GOPR5365.JPG,Harka Piloto\2024_AUG_HPFS_D\2024_AUG_HPFS_D_T2\GOPR5365\Coral18.JPG,18,0.3166,Harka Piloto D,T2,2
Harka Piloto\2024_AUG_HPFS_D\2024_AUG_HPFS_D_T2\GOPR5365.JPG,Harka Piloto\2024_AUG_HPFS_D\2024_AUG_HPFS_D_T2\GOPR5365\Coral6.JPG,6,0.6259,Harka Piloto D,T2,2
Harka Piloto\2024_AUG_HPFS_D\2024_AUG_HPFS_D_T2\GOPR5365.JPG,Harka Piloto\2024_AUG_HPFS_D\2024_AUG_HPFS_D_T2\GOPR5365\Coral7.JPG,7,0.5886,Harka Piloto D,T2,2
Harka Piloto\2024_AUG_HPFS_D\2024_AUG_HPFS_D_T2\GOPR5365.JPG,Harka Piloto\2024_AUG_HPFS_D\2024_AUG_HPFS_D_T2\GOPR5365\Coral12.JPG,12,0.4267,Harka Piloto D,T2,2
Harka Piloto\2024_AUG_HPFS_D\2024_AUG_HPFS_D_T2\GOPR5365.JPG,Harka Piloto\2024_AUG_HPFS_D\2024_AUG_HPFS_D_T2\GOPR5365\Coral16.JPG,16,0.3324,Harka Piloto D,T2,2
Harka Piloto\2024_AUG_HPFS_D\2024_AUG_HPFS_D_T2\GOPR5365.JPG,Harka Piloto\2024_AUG_HPFS_D\2024_AUG_HPFS_D_T2\GOPR5365\Coral15.JPG,15,0.345,Harka Piloto D,T2,2
Harka Piloto\2024_AUG_HPFS_D\2024_AUG_HPFS_D_T2\GOPR5389.JPG,Harka Piloto\2024_AUG_HPFS_D\2024_AUG_HPFS_D_T2\GOPR5389\Coral19.JPG,19,0.2122,Harka Piloto D,T2,2
Harka Piloto\2024_AUG_HPFS_D\2024_AUG_HPFS_D_T2\GOPR5389.JPG,Harka Piloto\2024_AUG_HPFS_D\2024_AUG_HPFS_D_T2\GOPR5389\Coral12.JPG,12,0.3621,Harka Piloto D,T2,2
Harka Piloto\2024_AUG_HPFS_D\2024_AUG_HPFS_D_T2\GOPR5389.JPG,Harka Piloto\2024_AUG_HPFS_D\2024_AUG_HPFS_D_T2\GOPR5389\Coral21.JPG,21,0.1516,Harka Piloto D,T2,2
Harka Piloto\2024_AUG_HPFS_D\2024_AUG_HPFS_D_T2\GOPR5389.JPG,Harka Piloto\2024_AUG_HPFS_D\2024_AUG_HPFS_D_T2\GOPR5389\Coral6.JPG,6,0.5345,Harka Piloto D,T2,2
Harka Piloto\2024_AUG_HPFS_D\2024_AUG_HPFS_D_T2\GOPR5389.JPG,Harka Piloto\2024_AUG_HPFS_D\2024_AUG_HPFS_D_T2\GOPR5389\Coral16.JPG,16,0.2478,Harka Piloto D,T2,2
Harka Piloto\2024_AUG_HPFS_D\2024_AUG_HPFS_D_T2\GOPR5375.JPG,Harka Piloto\2024_AUG_HPFS_D\2024_AUG_HPFS_D_T2\GOPR5375\Coral31.JPG,31,0.159,Harka Piloto D,T2,2
Harka Piloto\2024_AUG_HPFS_D\2024_AUG_HPFS_D_T2\GOPR5375.JPG,Harka Piloto\2024_AUG_HPFS_D\2024_AUG_HPFS_D_T2\GOPR5375\Coral30.JPG,30,0.1637,Harka Piloto D,T2,2
Harka Piloto\2024_AUG_HPFS_D\2024_AUG_HPFS_D_T2\GOPR5357.JPG,Harka Piloto\2024_AUG_HPFS_D\2024_AUG_HPFS_D_T2\GOPR5357\Coral53.JPG,53,0.2333,Harka Piloto D,T2,2
Harka Piloto\2024_AUG_HPFS_D\2024_AUG_HPFS_D_T2\GOPR5357.JPG,Harka Piloto\2024_AUG_HPFS_D\2024_AUG_HPFS_D_T2\GOPR5357\Coral29.JPG,29,0.4401,Harka Piloto D,T2,2
Harka Piloto\2024_AUG_HPFS_D\2024_AUG_HPFS_D_T2\GOPR5357.JPG,Harka Piloto\2024_AUG_HPFS_D\2024_AUG_HPFS_D_T2\GOPR5357\Coral41.JPG,41,0.3113,Harka Piloto D,T2,2
Harka Piloto\2024_AUG_HPFS_D\2024_AUG_HPFS_D_T2\GOPR5357.JPG,Harka Piloto\2024_AUG_HPFS_D\2024_AUG_HPFS_D_T2\GOPR5357\Coral42.JPG,42,0.298,Harka Piloto D,T2,2
Harka Piloto\2024_AUG_HPFS_D\2024_AUG_HPFS_D_T2\GOPR5357.JPG,Harka Piloto\2024_AUG_HPFS_D\2024_AUG_HPFS_D_T2\GOPR5357\Coral85.JPG,85,0.1508,Harka Piloto D,T2,2
Harka Piloto\2024_AUG_HPFS_D\2024_AUG_HPFS_D_T2\GOPR5357.JPG,Harka Piloto\2024_AUG_HPFS_D\2024_AUG_HPFS_D_T2\GOPR5357\Coral32.JPG,32,0.3909,Harka Piloto D,T2,2
Harka Piloto\2024_AUG_HPFS_D\2024_AUG_HPFS_D_T2\GOPR5357.JPG,Harka Piloto\2024_AUG_HPFS_D\2024_AUG_HPFS_D_T2\GOPR5357\Coral8.JPG,8,0.6257,Harka Piloto D,T2,2
Harka Piloto\2024_AUG_HPFS_D\2024_AUG_HPFS_D_T2\GOPR5357.JPG,Harka Piloto\2024_AUG_HPFS_D\2024_AUG_HPFS_D_T2\GOPR5357\Coral51.JPG,51,0.2388,Harka Piloto D,T2,2
Harka Piloto\2024_AUG_HPFS_D\2024_AUG_HPFS_D_T2\GOPR5357.JPG,Harka Piloto\2024_AUG_HPFS_D\2024_AUG_HPFS_D_T2\GOPR5357\Coral82.JPG,82,0.1574,Harka Piloto D,T2,2
Harka Piloto\2024_AUG_HPFS_D\2024_AUG_HPFS_D_T2\GOPR5357.JPG,Harka Piloto\2024_AUG_HPFS_D\2024_AUG_HPFS_D_T2\GOPR5357\Coral11.JPG,11,0.5761,Harka Piloto D,T2,2
Harka Piloto\2024_HPFS_JUL_D\HP_D_T3\GOPR3673.JPG,Harka Piloto\2024_HPFS_JUL_D\HP_D_T3\GOPR3673\Coral5.JPG,5,0.4557,Harka Piloto D,T3,2
Harka Piloto\2024_HPFS_JUL_D\HP_D_T3\GOPR3683.JPG,Harka Piloto\2024_HPFS_JUL_D\HP_D_T3\GOPR3683\Coral8.JPG,8,0.6201,Harka Piloto D,T3,2
Harka Piloto\2024_AUG_HPFS_D\2024_AUG_HPFS_D_T3\GOPR5411.JPG,Harka Piloto\2024_AUG_HPFS_D\2024_AUG_HPFS_D_T3\GOPR5411\Coral13.JPG,13,0.2751,Harka Piloto D,T3,2
Harka Piloto\2024_AUG_HPFS_D\2024_AUG_HPFS_D_T3\GOPR5410.JPG,Harka Piloto\2024_AUG_HPFS_D\2024_AUG_HPFS_D_T3\GOPR5410\Coral6.JPG,6,0.4424,Harka Piloto D,T3,2
Harka Piloto\2024_AUG_HPFS_D\2024_AUG_HPFS_D_T3\GOPR5442.JPG,Harka Piloto\2024_AUG_HPFS_D\2024_AUG_HPFS_D_T3\GOPR5442\Coral28.JPG,28,0.2145,Harka Piloto D,T3,2
Harka Piloto\2024_AUG_HPFS_D\2024_AUG_HPFS_D_T3\GOPR5452.JPG,Harka Piloto\2024_AUG_HPFS_D\2024_AUG_HPFS_D_T3\GOPR5452\Coral28.JPG,28,0.3091,Harka Piloto D,T3,2
Harka Piloto\2024_HPFS_JUL_D\HP_D_T3\GOPR3688.JPG,Harka Piloto\2024_HPFS_JUL_D\HP_D_T3\GOPR3688\Coral50.JPG,50,0.1776,Harka Piloto D,T3,2
Harka Piloto\2024_AUG_HPFS_D\2024_AUG_HPFS_D_T3\GOPR5407.JPG,Harka Piloto\2024_AUG_HPFS_D\2024_AUG_HPFS_D_T3\GOPR5407\Coral16.JPG,16,0.2806,Harka Piloto D,T3,2
Harka Piloto\2024_AUG_HPFS_D\2024_AUG_HPFS_D_T3\GOPR5449.JPG,Harka Piloto\2024_AUG_HPFS_D\2024_AUG_HPFS_D_T3\GOPR5449\Coral2.JPG,2,0.5568,Harka Piloto D,T3,2
Harka Piloto\2024_AUG_HPFS_D\2024_AUG_HPFS_D_T3\GOPR5422.JPG,Harka Piloto\2024_AUG_HPFS_D\2024_AUG_HPFS_D_T3\GOPR5422\Coral20.JPG,20,0.226,Harka Piloto D,T3,2
Harka Piloto\2024_HPFS_JUL_D\HP_D_T3\GOPR3715.JPG,Harka Piloto\2024_HPFS_JUL_D\HP_D_T3\GOPR3715\Coral2.JPG,2,0.4664,Harka Piloto D,T3,2
Harka Piloto\2024_AUG_HPFS_D\2024_AUG_HPFS_D_T3\GOPR5409.JPG,Harka Piloto\2024_AUG_HPFS_D\2024_AUG_HPFS_D_T3\GOPR5409\Coral11.JPG,11,0.2209,Harka Piloto D,T3,2
Harka Piloto\2024_HPFS_JUL_D\HP_D_T3\GOPR3705.JPG,Harka Piloto\2024_HPFS_JUL_D\HP_D_T3\GOPR3705\Coral9.JPG,9,0.4677,Harka Piloto D,T3,2
Harka Piloto\2024_AUG_HPFS_D\2024_AUG_HPFS_D_T3\GOPR5421.JPG,Harka Piloto\2024_AUG_HPFS_D\2024_AUG_HPFS_D_T3\GOPR5421\Coral18.JPG,18,0.4139,Harka Piloto D,T3,2
Harka Piloto\2024_HPFS_JUL_D\HP_D_T3\GOPR3710.JPG,Harka Piloto\2024_HPFS_JUL_D\HP_D_T3\GOPR3710\Coral16.JPG,16,0.2487,Harka Piloto D,T3,2
Harka Piloto\2024_HPFS_JUL_D\HP_D_T3\GOPR3681.JPG,Harka Piloto\2024_HPFS_JUL_D\HP_D_T3\GOPR3681\Coral13.JPG,13,0.1695,Harka Piloto D,T3,2
Harka Piloto\2024_HPFS_JUL_D\HP_D_T3\GOPR3696.JPG,Harka Piloto\2024_HPFS_JUL_D\HP_D_T3\GOPR3696\Coral39.JPG,39,0.1601,Harka Piloto D,T3,2
Harka Piloto\2024_AUG_HPFS_D\2024_AUG_HPFS_D_T3\GOPR5441.JPG,Harka Piloto\2024_AUG_HPFS_D\2024_AUG_HPFS_D_T3\GOPR5441\Coral1.JPG,1,0.6962,Harka Piloto D,T3,2
Harka Piloto\2024_AUG_HPFS_D\2024_AUG_HPFS_D_T3\GOPR5451.JPG,Harka Piloto\2024_AUG_HPFS_D\2024_AUG_HPFS_D_T3\GOPR5451\Coral1.JPG,1,0.8289,Harka Piloto D,T3,2
Harka Piloto\2024_AUG_HPFS_D\2024_AUG_HPFS_D_T3\GOPR5431.JPG,Harka Piloto\2024_AUG_HPFS_D\2024_AUG_HPFS_D_T3\GOPR5431\Coral13.JPG,13,0.274,Harka Piloto D,T3,2
Harka Piloto\2024_AUG_HPFS_D\2024_AUG_HPFS_D_T3\GOPR5459.JPG,Harka Piloto\2024_AUG_HPFS_D\2024_AUG_HPFS_D_T3\GOPR5459\Coral39.JPG,39,0.1636,Harka Piloto D,T3,2
Harka Piloto\2024_AUG_HPFS_D\2024_AUG_HPFS_D_T3\GOPR5425.JPG,Harka Piloto\2024_AUG_HPFS_D\2024_AUG_HPFS_D_T3\GOPR5425\Coral22.JPG,22,0.3478,Harka Piloto D,T3,2
Harka Piloto\2024_HPFS_JUL_D\HP_D_T3\GOPR3680.JPG,Harka Piloto\2024_HPFS_JUL_D\HP_D_T3\GOPR3680\Coral10.JPG,10,0.4135,Harka Piloto D,T3,2
Harka Piloto\2024_AUG_HPFS_D\2024_AUG_HPFS_D_T3\GOPR5428.JPG,Harka Piloto\2024_AUG_HPFS_D\2024_AUG_HPFS_D_T3\GOPR5428\Coral2.JPG,2,0.773,Harka Piloto D,T3,2
Harka Piloto\2024_HPFS_JUL_D\HP_D_T3\GOPR3711.JPG,Harka Piloto\2024_HPFS_JUL_D\HP_D_T3\GOPR3711\Coral25.JPG,25,0.2231,Harka Piloto D,T3,2
Harka Piloto\2024_AUG_HPFS_D\2024_AUG_HPFS_D_T3\GOPR5437.JPG,Harka Piloto\2024_AUG_HPFS_D\2024_AUG_HPFS_D_T3\GOPR5437\Coral14.JPG,14,0.224,Harka Piloto D,T3,2
Harka Piloto\2024_AUG_HPFS_D\2024_AUG_HPFS_D_T3\GOPR5410.JPG,Harka Piloto\2024_AUG_HPFS_D\2024_AUG_HPFS_D_T3\GOPR5410\Coral16.JPG,16,0.1808,Harka Piloto D,T3,2
Harka Piloto\2024_AUG_HPFS_D\2024_AUG_HPFS_D_T3\GOPR5433.JPG,Harka Piloto\2024_AUG_HPFS_D\2024_AUG_HPFS_D_T3\GOPR5433\Coral15.JPG,15,0.1697,Harka Piloto D,T3,2
Harka Piloto\2024_AUG_HPFS_D\2024_AUG_HPFS_D_T3\GOPR5449.JPG,Harka Piloto\2024_AUG_HPFS_D\2024_AUG_HPFS_D_T3\GOPR5449\Coral9.JPG,9,0.4056,Harka Piloto D,T3,2
Harka Piloto\2024_HPFS_JUL_D\HP_D_T3\GOPR3715.JPG,Harka Piloto\2024_HPFS_JUL_D\HP_D_T3\GOPR3715\Coral19.JPG,19,0.2,Harka Piloto D,T3,2
Harka Piloto\2024_AUG_HPFS_D\2024_AUG_HPFS_D_T3\GOPR5409.JPG,Harka Piloto\2024_AUG_HPFS_D\2024_AUG_HPFS_D_T3\GOPR5409\Coral9.JPG,9,0.251,Harka Piloto D,T3,2
Harka Piloto\2024_AUG_HPFS_D\2024_AUG_HPFS_D_T3\GOPR5443.JPG,Harka Piloto\2024_AUG_HPFS_D\2024_AUG_HPFS_D_T3\GOPR5443\Coral15.JPG,15,0.3038,Harka Piloto D,T3,2
Harka Piloto\2024_AUG_HPFS_D\2024_AUG_HPFS_D_T3\GOPR5424.JPG,Harka Piloto\2024_AUG_HPFS_D\2024_AUG_HPFS_D_T3\GOPR5424\Coral4.JPG,4,0.6758,Harka Piloto D,T3,2
Harka Piloto\2024_AUG_HPFS_D\2024_AUG_HPFS_D_T3\GOPR5457.JPG,Harka Piloto\2024_AUG_HPFS_D\2024_AUG_HPFS_D_T3\GOPR5457\Coral8.JPG,8,0.5978,Harka Piloto D,T3,2
Harka Piloto\2024_AUG_HPFS_D\2024_AUG_HPFS_D_T3\GOPR5421.JPG,Harka Piloto\2024_AUG_HPFS_D\2024_AUG_HPFS_D_T3\GOPR5421\Coral30.JPG,30,0.1529,Harka Piloto D,T3,2
Harka Piloto\2024_HPFS_JUL_D\HP_D_T3\GOPR3681.JPG,Harka Piloto\2024_HPFS_JUL_D\HP_D_T3\GOPR3681\Coral5.JPG,5,0.4556,Harka Piloto D,T3,2
Harka Piloto\2024_AUG_HPFS_D\2024_AUG_HPFS_D_T3\GOPR5438.JPG,Harka Piloto\2024_AUG_HPFS_D\2024_AUG_HPFS_D_T3\GOPR5438\Coral9.JPG,9,0.2588,Harka Piloto D,T3,2
Harka Piloto\2024_HPFS_JUL_D\HP_D_T3\GOPR3685.JPG,Harka Piloto\2024_HPFS_JUL_D\HP_D_T3\GOPR3685\Coral15.JPG,15,0.2046,Harka Piloto D,T3,2
Harka Piloto\2024_AUG_HPFS_D\2024_AUG_HPFS_D_T3\GOPR5432.JPG,Harka Piloto\2024_AUG_HPFS_D\2024_AUG_HPFS_D_T3\GOPR5432\Coral4.JPG,4,0.4723,Harka Piloto D,T3,2
Harka Piloto\2024_AUG_HPFS_D\2024_AUG_HPFS_D_T3\GOPR5451.JPG,Harka Piloto\2024_AUG_HPFS_D\2024_AUG_HPFS_D_T3\GOPR5451\Coral34.JPG,34,0.1764,Harka Piloto D,T3,2
Harka Piloto\2024_HPFS_JUL_D\HP_D_T3\GOPR3694.JPG,Harka Piloto\2024_HPFS_JUL_D\HP_D_T3\GOPR3694\Coral17.JPG,17,0.3858,Harka Piloto D,T3,2
Harka Piloto\2024_HPFS_JUL_D\HP_D_T3\GOPR3716.JPG,Harka Piloto\2024_HPFS_JUL_D\HP_D_T3\GOPR3716\Coral27.JPG,27,0.2004,Harka Piloto D,T3,2
Harka Piloto\2024_AUG_HPFS_D\2024_AUG_HPFS_D_T3\GOPR5436.JPG,Harka Piloto\2024_AUG_HPFS_D\2024_AUG_HPFS_D_T3\GOPR5436\Coral27.JPG,27,0.1701,Harka Piloto D,T3,2
Harka Piloto\2024_AUG_HPFS_D\2024_AUG_HPFS_D_T3\GOPR5448.JPG,Harka Piloto\2024_AUG_HPFS_D\2024_AUG_HPFS_D_T3\GOPR5448\Coral19.JPG,19,0.1833,Harka Piloto D,T3,2
Harka Piloto\2024_AUG_HPFS_D\2024_AUG_HPFS_D_T3\GOPR5429.JPG,Harka Piloto\2024_AUG_HPFS_D\2024_AUG_HPFS_D_T3\GOPR5429\Coral39.JPG,39,0.1589,Harka Piloto D,T3,2
Harka Piloto\2024_HPFS_JUL_D\HP_D_T3\GOPR3698.JPG,Harka Piloto\2024_HPFS_JUL_D\HP_D_T3\GOPR3698\Coral19.JPG,19,0.3079,Harka Piloto D,T3,2
Harka Piloto\2024_AUG_HPFS_D\2024_AUG_HPFS_D_T3\GOPR5453.JPG,Harka Piloto\2024_AUG_HPFS_D\2024_AUG_HPFS_D_T3\GOPR5453\Coral29.JPG,29,0.3416,Harka Piloto D,T3,2
Harka Piloto\2024_HPFS_JUL_D\HP_D_T3\GOPR3708.JPG,Harka Piloto\2024_HPFS_JUL_D\HP_D_T3\GOPR3708\Coral6.JPG,6,0.3912,Harka Piloto D,T3,2
Harka Piloto\2024_AUG_HPFS_D\2024_AUG_HPFS_D_T3\GOPR5425.JPG,Harka Piloto\2024_AUG_HPFS_D\2024_AUG_HPFS_D_T3\GOPR5425\Coral10.JPG,10,0.5693,Harka Piloto D,T3,2
Harka Piloto\2024_AUG_HPFS_D\2024_AUG_HPFS_D_T3\GOPR5437.JPG,Harka Piloto\2024_AUG_HPFS_D\2024_AUG_HPFS_D_T3\GOPR5437\Coral5.JPG,5,0.5486,Harka Piloto D,T3,2
Harka Piloto\2024_HPFS_JUL_D\HP_D_T3\GOPR3693.JPG,Harka Piloto\2024_HPFS_JUL_D\HP_D_T3\GOPR3693\Coral40.JPG,40,0.2542,Harka Piloto D,T3,2
Harka Piloto\2024_AUG_HPFS_D\2024_AUG_HPFS_D_T3\GOPR5452.JPG,Harka Piloto\2024_AUG_HPFS_D\2024_AUG_HPFS_D_T3\GOPR5452\Coral6.JPG,6,0.5277,Harka Piloto D,T3,2
Harka Piloto\2024_AUG_HPFS_D\2024_AUG_HPFS_D_T3\GOPR5424.JPG,Harka Piloto\2024_AUG_HPFS_D\2024_AUG_HPFS_D_T3\GOPR5424\Coral39.JPG,39,0.1808,Harka Piloto D,T3,2
Harka Piloto\2024_AUG_HPFS_D\2024_AUG_HPFS_D_T3\GOPR5421.JPG,Harka Piloto\2024_AUG_HPFS_D\2024_AUG_HPFS_D_T3\GOPR5421\Coral15.JPG,15,0.4482,Harka Piloto D,T3,2
Harka Piloto\2024_HPFS_JUL_D\HP_D_T3\GOPR3685.JPG,Harka Piloto\2024_HPFS_JUL_D\HP_D_T3\GOPR3685\Coral21.JPG,21,0.1695,Harka Piloto D,T3,2
Harka Piloto\2024_HPFS_JUL_D\HP_D_T3\GOPR3718.JPG,Harka Piloto\2024_HPFS_JUL_D\HP_D_T3\GOPR3718\Coral15.JPG,15,0.5303,Harka Piloto D,T3,2
Harka Piloto\2024_HPFS_JUL_D\HP_D_T3\GOPR3719.JPG,Harka Piloto\2024_HPFS_JUL_D\HP_D_T3\GOPR3719\Coral49.JPG,49,0.2428,Harka Piloto D,T3,2
Harka Piloto\2024_AUG_HPFS_D\2024_AUG_HPFS_D_T3\GOPR5418.JPG,Harka Piloto\2024_AUG_HPFS_D\2024_AUG_HPFS_D_T3\GOPR5418\Coral41.JPG,41,0.1729,Harka Piloto D,T3,2
Harka Piloto\2024_AUG_HPFS_D\2024_AUG_HPFS_D_T3\GOPR5432.JPG,Harka Piloto\2024_AUG_HPFS_D\2024_AUG_HPFS_D_T3\GOPR5432\Coral8.JPG,8,0.3065,Harka Piloto D,T3,2
Harka Piloto\2024_AUG_HPFS_D\2024_AUG_HPFS_D_T3\GOPR5426.JPG,Harka Piloto\2024_AUG_HPFS_D\2024_AUG_HPFS_D_T3\GOPR5426\Coral32.JPG,32,0.2072,Harka Piloto D,T3,2
Harka Piloto\2024_AUG_HPFS_D\2024_AUG_HPFS_D_T3\GOPR5439.JPG,Harka Piloto\2024_AUG_HPFS_D\2024_AUG_HPFS_D_T3\GOPR5439\Coral2.JPG,2,0.5193,Harka Piloto D,T3,2
Harka Piloto\2024_AUG_HPFS_D\2024_AUG_HPFS_D_T3\GOPR5412.JPG,Harka Piloto\2024_AUG_HPFS_D\2024_AUG_HPFS_D_T3\GOPR5412\Coral22.JPG,22,0.4672,Harka Piloto D,T3,2
Harka Piloto\2024_AUG_HPFS_D\2024_AUG_HPFS_D_T3\GOPR5458.JPG,Harka Piloto\2024_AUG_HPFS_D\2024_AUG_HPFS_D_T3\GOPR5458\Coral5.JPG,5,0.5895,Harka Piloto D,T3,2
Harka Piloto\2024_HPFS_JUL_D\HP_D_T3\GOPR3670.JPG,Harka Piloto\2024_HPFS_JUL_D\HP_D_T3\GOPR3670\Coral64.JPG,64,0.1804,Harka Piloto D,T3,2
Harka Piloto\2024_HPFS_JUL_D\HP_D_T3\GOPR3670.JPG,Harka Piloto\2024_HPFS_JUL_D\HP_D_T3\GOPR3670\Coral36.JPG,36,0.2954,Harka Piloto D,T3,2
Harka Piloto\2024_HPFS_JUL_D\HP_D_T3\GOPR3670.JPG,Harka Piloto\2024_HPFS_JUL_D\HP_D_T3\GOPR3670\Coral54.JPG,54,0.2158,Harka Piloto D,T3,2
Harka Piloto\2024_HPFS_JUL_D\HP_D_T3\GOPR3670.JPG,Harka Piloto\2024_HPFS_JUL_D\HP_D_T3\GOPR3670\Coral13.JPG,13,0.5537,Harka Piloto D,T3,2
Harka Piloto\2024_HPFS_JUL_D\HP_D_T3\GOPR3670.JPG,Harka Piloto\2024_HPFS_JUL_D\HP_D_T3\GOPR3670\Coral16.JPG,16,0.5322,Harka Piloto D,T3,2
Harka Piloto\2024_HPFS_JUL_D\HP_D_T3\GOPR3670.JPG,Harka Piloto\2024_HPFS_JUL_D\HP_D_T3\GOPR3670\Coral48.JPG,48,0.2401,Harka Piloto D,T3,2
Harka Piloto\2024_HPFS_JUL_D\HP_D_T3\GOPR3670.JPG,Harka Piloto\2024_HPFS_JUL_D\HP_D_T3\GOPR3670\Coral28.JPG,28,0.3429,Harka Piloto D,T3,2
Harka Piloto\2024_HPFS_JUL_D\HP_D_T3\GOPR3670.JPG,Harka Piloto\2024_HPFS_JUL_D\HP_D_T3\GOPR3670\Coral22.JPG,22,0.3885,Harka Piloto D,T3,2
Harka Piloto\2024_HPFS_JUL_D\HP_D_T3\GOPR3670.JPG,Harka Piloto\2024_HPFS_JUL_D\HP_D_T3\GOPR3670\Coral4.JPG,4,0.721,Harka Piloto D,T3,2
Harka Piloto\2024_HPFS_JUL_D\HP_D_T3\GOPR3670.JPG,Harka Piloto\2024_HPFS_JUL_D\HP_D_T3\GOPR3670\Coral53.JPG,53,0.2177,Harka Piloto D,T3,2
Harka Piloto\2024_HPFS_JUL_D\HP_D_T3\GOPR3670.JPG,Harka Piloto\2024_HPFS_JUL_D\HP_D_T3\GOPR3670\Coral44.JPG,44,0.2498,Harka Piloto D,T3,2
Harka Piloto\2024_HPFS_JUL_D\HP_D_T3\GOPR3670.JPG,Harka Piloto\2024_HPFS_JUL_D\HP_D_T3\GOPR3670\Coral32.JPG,32,0.3108,Harka Piloto D,T3,2
Harka Piloto\2024_HPFS_JUL_D\HP_D_T3\GOPR3670.JPG,Harka Piloto\2024_HPFS_JUL_D\HP_D_T3\GOPR3670\Coral30.JPG,30,0.3163,Harka Piloto D,T3,2
Harka Piloto\2024_HPFS_JUL_D\HP_D_T3\GOPR3670.JPG,Harka Piloto\2024_HPFS_JUL_D\HP_D_T3\GOPR3670\Coral45.JPG,45,0.2459,Harka Piloto D,T3,2
Harka Piloto\2024_HPFS_JUL_D\HP_D_T3\GOPR3670.JPG,Harka Piloto\2024_HPFS_JUL_D\HP_D_T3\GOPR3670\Coral47.JPG,47,0.2404,Harka Piloto D,T3,2
Harka Piloto\2024_HPFS_JUL_D\HP_D_T3\GOPR3673.JPG,Harka Piloto\2024_HPFS_JUL_D\HP_D_T3\GOPR3673\Coral7.JPG,7,0.4244,Harka Piloto D,T3,2
Harka Piloto\2024_HPFS_JUL_D\HP_D_T3\GOPR3673.JPG,Harka Piloto\2024_HPFS_JUL_D\HP_D_T3\GOPR3673\Coral27.JPG,27,0.1803,Harka Piloto D,T3,2
Harka Piloto\2024_HPFS_JUL_D\HP_D_T3\GOPR3673.JPG,Harka Piloto\2024_HPFS_JUL_D\HP_D_T3\GOPR3673\Coral2.JPG,2,0.599,Harka Piloto D,T3,2
Harka Piloto\2024_HPFS_JUL_D\HP_D_T3\GOPR3673.JPG,Harka Piloto\2024_HPFS_JUL_D\HP_D_T3\GOPR3673\Coral25.JPG,25,0.1874,Harka Piloto D,T3,2
Harka Piloto\2024_AUG_HPFS_D\2024_AUG_HPFS_D_T3\GOPR5431.JPG,Harka Piloto\2024_AUG_HPFS_D\2024_AUG_HPFS_D_T3\GOPR5431\Coral1.JPG,1,0.7571,Harka Piloto D,T3,2
Harka Piloto\2024_AUG_HPFS_D\2024_AUG_HPFS_D_T3\GOPR5431.JPG,Harka Piloto\2024_AUG_HPFS_D\2024_AUG_HPFS_D_T3\GOPR5431\Coral11.JPG,11,0.3155,Harka Piloto D,T3,2
Harka Piloto\2024_AUG_HPFS_D\2024_AUG_HPFS_D_T3\GOPR5431.JPG,Harka Piloto\2024_AUG_HPFS_D\2024_AUG_HPFS_D_T3\GOPR5431\Coral7.JPG,7,0.4578,Harka Piloto D,T3,2
Harka Piloto\2024_AUG_HPFS_D\2024_AUG_HPFS_D_T3\GOPR5436.JPG,Harka Piloto\2024_AUG_HPFS_D\2024_AUG_HPFS_D_T3\GOPR5436\Coral3.JPG,3,0.6798,Harka Piloto D,T3,2
Harka Piloto\2024_AUG_HPFS_D\2024_AUG_HPFS_D_T3\GOPR5436.JPG,Harka Piloto\2024_AUG_HPFS_D\2024_AUG_HPFS_D_T3\GOPR5436\Coral1.JPG,1,0.8044,Harka Piloto D,T3,2
Harka Piloto\2024_AUG_HPFS_D\2024_AUG_HPFS_D_T3\GOPR5436.JPG,Harka Piloto\2024_AUG_HPFS_D\2024_AUG_HPFS_D_T3\GOPR5436\Coral6.JPG,6,0.6414,Harka Piloto D,T3,2
Harka Piloto\2024_AUG_HPFS_D\2024_AUG_HPFS_D_T3\GOPR5436.JPG,Harka Piloto\2024_AUG_HPFS_D\2024_AUG_HPFS_D_T3\GOPR5436\Coral14.JPG,14,0.2701,Harka Piloto D,T3,2
Harka Piloto\2024_AUG_HPFS_D\2024_AUG_HPFS_D_T3\GOPR5436.JPG,Harka Piloto\2024_AUG_HPFS_D\2024_AUG_HPFS_D_T3\GOPR5436\Coral29.JPG,29,0.155,Harka Piloto D,T3,2
Harka Piloto\2024_AUG_HPFS_D\2024_AUG_HPFS_D_T3\GOPR5436.JPG,Harka Piloto\2024_AUG_HPFS_D\2024_AUG_HPFS_D_T3\GOPR5436\Coral16.JPG,16,0.2551,Harka Piloto D,T3,2
Harka Piloto\2024_AUG_HPFS_D\2024_AUG_HPFS_D_T3\GOPR5436.JPG,Harka Piloto\2024_AUG_HPFS_D\2024_AUG_HPFS_D_T3\GOPR5436\Coral17.JPG,17,0.2541,Harka Piloto D,T3,2
Harka Piloto\2024_AUG_HPFS_D\2024_AUG_HPFS_D_T3\GOPR5436.JPG,Harka Piloto\2024_AUG_HPFS_D\2024_AUG_HPFS_D_T3\GOPR5436\Coral9.JPG,9,0.4451,Harka Piloto D,T3,2
Harka Piloto\2024_AUG_HPFS_D\2024_AUG_HPFS_D_T3\GOPR5436.JPG,Harka Piloto\2024_AUG_HPFS_D\2024_AUG_HPFS_D_T3\GOPR5436\Coral11.JPG,11,0.3337,Harka Piloto D,T3,2
Harka Piloto\2024_HPFS_JUL_D\HP_D_T3\GOPR3713.JPG,Harka Piloto\2024_HPFS_JUL_D\HP_D_T3\GOPR3713\Coral7.JPG,7,0.3797,Harka Piloto D,T3,2
Harka Piloto\2024_HPFS_JUL_D\HP_D_T3\GOPR3713.JPG,Harka Piloto\2024_HPFS_JUL_D\HP_D_T3\GOPR3713\Coral8.JPG,8,0.3721,Harka Piloto D,T3,2
Harka Piloto\2024_HPFS_JUL_D\HP_D_T3\GOPR3713.JPG,Harka Piloto\2024_HPFS_JUL_D\HP_D_T3\GOPR3713\Coral21.JPG,21,0.2212,Harka Piloto D,T3,2
Harka Piloto\2024_HPFS_JUL_D\HP_D_T3\GOPR3683.JPG,Harka Piloto\2024_HPFS_JUL_D\HP_D_T3\GOPR3683\Coral44.JPG,44,0.2262,Harka Piloto D,T3,2
Harka Piloto\2024_HPFS_JUL_D\HP_D_T3\GOPR3683.JPG,Harka Piloto\2024_HPFS_JUL_D\HP_D_T3\GOPR3683\Coral47.JPG,47,0.2153,Harka Piloto D,T3,2
Harka Piloto\2024_HPFS_JUL_D\HP_D_T3\GOPR3683.JPG,Harka Piloto\2024_HPFS_JUL_D\HP_D_T3\GOPR3683\Coral46.JPG,46,0.2156,Harka Piloto D,T3,2
Harka Piloto\2024_HPFS_JUL_D\HP_D_T3\GOPR3683.JPG,Harka Piloto\2024_HPFS_JUL_D\HP_D_T3\GOPR3683\Coral22.JPG,22,0.4123,Harka Piloto D,T3,2
Harka Piloto\2024_HPFS_JUL_D\HP_D_T3\GOPR3683.JPG,Harka Piloto\2024_HPFS_JUL_D\HP_D_T3\GOPR3683\Coral4.JPG,4,0.6768,Harka Piloto D,T3,2
Harka Piloto\2024_HPFS_JUL_D\HP_D_T3\GOPR3683.JPG,Harka Piloto\2024_HPFS_JUL_D\HP_D_T3\GOPR3683\Coral53.JPG,53,0.1774,Harka Piloto D,T3,2
Harka Piloto\2024_HPFS_JUL_D\HP_D_T3\GOPR3683.JPG,Harka Piloto\2024_HPFS_JUL_D\HP_D_T3\GOPR3683\Coral18.JPG,18,0.4585,Harka Piloto D,T3,2
Harka Piloto\2024_HPFS_JUL_D\HP_D_T3\GOPR3683.JPG,Harka Piloto\2024_HPFS_JUL_D\HP_D_T3\GOPR3683\Coral23.JPG,23,0.3897,Harka Piloto D,T3,2
Harka Piloto\2024_HPFS_JUL_D\HP_D_T3\GOPR3683.JPG,Harka Piloto\2024_HPFS_JUL_D\HP_D_T3\GOPR3683\Coral10.JPG,10,0.5987,Harka Piloto D,T3,2
Harka Piloto\2024_AUG_HPFS_D\2024_AUG_HPFS_D_T3\GOPR5420.JPG,Harka Piloto\2024_AUG_HPFS_D\2024_AUG_HPFS_D_T3\GOPR5420\Coral10.JPG,10,0.2509,Harka Piloto D,T3,2
Harka Piloto\2024_HPFS_JUL_D\HP_D_T3\GOPR3674.JPG,Harka Piloto\2024_HPFS_JUL_D\HP_D_T3\GOPR3674\Coral20.JPG,20,0.1738,Harka Piloto D,T3,2
Harka Piloto\2024_HPFS_JUL_D\HP_D_T3\GOPR3674.JPG,Harka Piloto\2024_HPFS_JUL_D\HP_D_T3\GOPR3674\Coral4.JPG,4,0.3828,Harka Piloto D,T3,2
Harka Piloto\2024_HPFS_JUL_D\HP_D_T3\GOPR3674.JPG,Harka Piloto\2024_HPFS_JUL_D\HP_D_T3\GOPR3674\Coral1.JPG,1,0.7825,Harka Piloto D,T3,2
Harka Piloto\2024_HPFS_JUL_D\HP_D_T3\GOPR3704.JPG,Harka Piloto\2024_HPFS_JUL_D\HP_D_T3\GOPR3704\Coral21.JPG,21,0.4591,Harka Piloto D,T3,2
Sapangan (Deep Only)\2024_AUG_SAP_D\2024_AUG_S_T1\GOPR4716.JPG,Sapangan (Deep Only)\2024_AUG_SAP_D\2024_AUG_S_T1\GOPR4716\Coral10.JPG,10,0.3804,Sapangan,T1,2
Sapangan (Deep Only)\2024_JUL_SAP_D\SAP-D_T1\P7031673.JPG,Sapangan (Deep Only)\2024_JUL_SAP_D\SAP-D_T1\P7031673\Coral28.JPG,28,0.2619,Sapangan,T1,2
Sapangan (Deep Only)\2024_JUL_SAP_D\SAP-D_T1\P7031645.JPG,Sapangan (Deep Only)\2024_JUL_SAP_D\SAP-D_T1\P7031645\Coral9.JPG,9,0.4578,Sapangan,T1,2
Sapangan (Deep Only)\2024_AUG_SAP_D\2024_AUG_S_T1\GOPR4707.JPG,Sapangan (Deep Only)\2024_AUG_SAP_D\2024_AUG_S_T1\GOPR4707\Coral5.JPG,5,0.2228,Sapangan,T1,2
Sapangan (Deep Only)\2024_AUG_SAP_D\2024_AUG_S_T1\GOPR4740.JPG,Sapangan (Deep Only)\2024_AUG_SAP_D\2024_AUG_S_T1\GOPR4740\Coral18.JPG,18,0.3969,Sapangan,T1,2
Sapangan (Deep Only)\2024_JUL_SAP_D\SAP-D_T1\P7031667.JPG,Sapangan (Deep Only)\2024_JUL_SAP_D\SAP-D_T1\P7031667\Coral5.JPG,5,0.1653,Sapangan,T1,2
Sapangan (Deep Only)\2024_AUG_SAP_D\2024_AUG_S_T1\GOPR4734.JPG,Sapangan (Deep Only)\2024_AUG_SAP_D\2024_AUG_S_T1\GOPR4734\Coral8.JPG,8,0.4537,Sapangan,T1,2
Sapangan (Deep Only)\2024_AUG_SAP_D\2024_AUG_S_T1\GOPR4738.JPG,Sapangan (Deep Only)\2024_AUG_SAP_D\2024_AUG_S_T1\GOPR4738\Coral10.JPG,10,0.2227,Sapangan,T1,2
Sapangan (Deep Only)\2024_JUL_SAP_D\SAP-D_T1\P7031658.JPG,Sapangan (Deep Only)\2024_JUL_SAP_D\SAP-D_T1\P7031658\Coral10.JPG,10,0.2074,Sapangan,T1,2
Sapangan (Deep Only)\2024_AUG_SAP_D\2024_AUG_S_T1\GOPR4755.JPG,Sapangan (Deep Only)\2024_AUG_SAP_D\2024_AUG_S_T1\GOPR4755\Coral9.JPG,9,0.6268,Sapangan,T1,2
Sapangan (Deep Only)\2024_AUG_SAP_D\2024_AUG_S_T1\GOPR4741.JPG,Sapangan (Deep Only)\2024_AUG_SAP_D\2024_AUG_S_T1\GOPR4741\Coral1.JPG,1,0.7131,Sapangan,T1,2
Sapangan (Deep Only)\2024_AUG_SAP_D\2024_AUG_S_T1\GOPR4719.JPG,Sapangan (Deep Only)\2024_AUG_SAP_D\2024_AUG_S_T1\GOPR4719\Coral13.JPG,13,0.1711,Sapangan,T1,2
Sapangan (Deep Only)\2024_JUL_SAP_D\SAP-D_T1\P7031679.JPG,Sapangan (Deep Only)\2024_JUL_SAP_D\SAP-D_T1\P7031679\Coral12.JPG,12,0.2048,Sapangan,T1,2
Sapangan (Deep Only)\2024_AUG_SAP_D\2024_AUG_S_T1\GOPR4756.JPG,Sapangan (Deep Only)\2024_AUG_SAP_D\2024_AUG_S_T1\GOPR4756\Coral40.JPG,40,0.3151,Sapangan,T1,2
Sapangan (Deep Only)\2024_AUG_SAP_D\2024_AUG_S_T1\GOPR4723.JPG,Sapangan (Deep Only)\2024_AUG_SAP_D\2024_AUG_S_T1\GOPR4723\Coral3.JPG,3,0.4848,Sapangan,T1,2
Sapangan (Deep Only)\2024_JUL_SAP_D\SAP-D_T1\P7031660.JPG,Sapangan (Deep Only)\2024_JUL_SAP_D\SAP-D_T1\P7031660\Coral6.JPG,6,0.233,Sapangan,T1,2
Sapangan (Deep Only)\2024_JUL_SAP_D\SAP-D_T1\P7031651.JPG,Sapangan (Deep Only)\2024_JUL_SAP_D\SAP-D_T1\P7031651\Coral23.JPG,23,0.1522,Sapangan,T1,2
Sapangan (Deep Only)\2024_AUG_SAP_D\2024_AUG_S_T1\GOPR4751.JPG,Sapangan (Deep Only)\2024_AUG_SAP_D\2024_AUG_S_T1\GOPR4751\Coral3.JPG,3,0.6424,Sapangan,T1,2
Sapangan (Deep Only)\2024_AUG_SAP_D\2024_AUG_S_T1\GOPR4752.JPG,Sapangan (Deep Only)\2024_AUG_SAP_D\2024_AUG_S_T1\GOPR4752\Coral16.JPG,16,0.3878,Sapangan,T1,2
Sapangan (Deep Only)\2024_JUL_SAP_D\SAP-D_T1\P7031656.JPG,Sapangan (Deep Only)\2024_JUL_SAP_D\SAP-D_T1\P7031656\Coral14.JPG,14,0.2207,Sapangan,T1,2
Sapangan (Deep Only)\2024_JUL_SAP_D\SAP-D_T1\P7031669.JPG,Sapangan (Deep Only)\2024_JUL_SAP_D\SAP-D_T1\P7031669\Coral1.JPG,1,0.6043,Sapangan,T1,2
Sapangan (Deep Only)\2024_JUL_SAP_D\SAP-D_T1\P7031675.JPG,Sapangan (Deep Only)\2024_JUL_SAP_D\SAP-D_T1\P7031675\Coral5.JPG,5,0.3552,Sapangan,T1,2
Sapangan (Deep Only)\2024_AUG_SAP_D\2024_AUG_S_T1\GOPR4758.JPG,Sapangan (Deep Only)\2024_AUG_SAP_D\2024_AUG_S_T1\GOPR4758\Coral32.JPG,32,0.2348,Sapangan,T1,2
Sapangan (Deep Only)\2024_AUG_SAP_D\2024_AUG_S_T1\GOPR4753.JPG,Sapangan (Deep Only)\2024_AUG_SAP_D\2024_AUG_S_T1\GOPR4753\Coral1.JPG,1,0.6078,Sapangan,T1,2
Sapangan (Deep Only)\2024_AUG_SAP_D\2024_AUG_S_T1\GOPR4754.JPG,Sapangan (Deep Only)\2024_AUG_SAP_D\2024_AUG_S_T1\GOPR4754\Coral1.JPG,1,0.7508,Sapangan,T1,2
Sapangan (Deep Only)\2024_AUG_SAP_D\2024_AUG_S_T1\GOPR4738.JPG,Sapangan (Deep Only)\2024_AUG_SAP_D\2024_AUG_S_T1\GOPR4738\Coral9.JPG,9,0.2691,Sapangan,T1,2
Sapangan (Deep Only)\2024_AUG_SAP_D\2024_AUG_S_T1\GOPR4727.JPG,Sapangan (Deep Only)\2024_AUG_SAP_D\2024_AUG_S_T1\GOPR4727\Coral24.JPG,24,0.263,Sapangan,T1,2
Sapangan (Deep Only)\2024_AUG_SAP_D\2024_AUG_S_T1\GOPR4735.JPG,Sapangan (Deep Only)\2024_AUG_SAP_D\2024_AUG_S_T1\GOPR4735\Coral10.JPG,10,0.3347,Sapangan,T1,2
Sapangan (Deep Only)\2024_AUG_SAP_D\2024_AUG_S_T1\GOPR4733.JPG,Sapangan (Deep Only)\2024_AUG_SAP_D\2024_AUG_S_T1\GOPR4733\Coral16.JPG,16,0.3802,Sapangan,T1,2
Sapangan (Deep Only)\2024_JUL_SAP_D\SAP-D_T1\P7031649.JPG,Sapangan (Deep Only)\2024_JUL_SAP_D\SAP-D_T1\P7031649\Coral25.JPG,25,0.2452,Sapangan,T1,2
Sapangan (Deep Only)\2024_JUL_SAP_D\SAP-D_T1\P7031651.JPG,Sapangan (Deep Only)\2024_JUL_SAP_D\SAP-D_T1\P7031651\Coral8.JPG,8,0.3954,Sapangan,T1,2
Sapangan (Deep Only)\2024_AUG_SAP_D\2024_AUG_S_T1\GOPR4751.JPG,Sapangan (Deep Only)\2024_AUG_SAP_D\2024_AUG_S_T1\GOPR4751\Coral6.JPG,6,0.5022,Sapangan,T1,2
Sapangan (Deep Only)\2024_JUL_SAP_D\SAP-D_T1\P7031664.JPG,Sapangan (Deep Only)\2024_JUL_SAP_D\SAP-D_T1\P7031664\Coral4.JPG,4,0.3824,Sapangan,T1,2
Sapangan (Deep Only)\2024_JUL_SAP_D\SAP-D_T1\P7031663.JPG,Sapangan (Deep Only)\2024_JUL_SAP_D\SAP-D_T1\P7031663\Coral20.JPG,20,0.1829,Sapangan,T1,2
Sapangan (Deep Only)\2024_JUL_SAP_D\SAP-D_T1\GOPR3258.JPG,Sapangan (Deep Only)\2024_JUL_SAP_D\SAP-D_T1\GOPR3258\Coral10.JPG,10,0.2462,Sapangan,T1,2
Sapangan (Deep Only)\2024_AUG_SAP_D\2024_AUG_S_T1\GOPR4752.JPG,Sapangan (Deep Only)\2024_AUG_SAP_D\2024_AUG_S_T1\GOPR4752\Coral39.JPG,39,0.1969,Sapangan,T1,2
Sapangan (Deep Only)\2024_AUG_SAP_D\2024_AUG_S_T1\GOPR4720.JPG,Sapangan (Deep Only)\2024_AUG_SAP_D\2024_AUG_S_T1\GOPR4720\Coral4.JPG,4,0.2209,Sapangan,T1,2
Sapangan (Deep Only)\2024_AUG_SAP_D\2024_AUG_S_T1\GOPR4731.JPG,Sapangan (Deep Only)\2024_AUG_SAP_D\2024_AUG_S_T1\GOPR4731\Coral17.JPG,17,0.3218,Sapangan,T1,2
Sapangan (Deep Only)\2024_JUL_SAP_D\SAP-D_T1\P7031640.JPG,Sapangan (Deep Only)\2024_JUL_SAP_D\SAP-D_T1\P7031640\Coral3.JPG,3,0.3492,Sapangan,T1,2
Sapangan (Deep Only)\2024_AUG_SAP_D\2024_AUG_S_T1\GOPR4716.JPG,Sapangan (Deep Only)\2024_AUG_SAP_D\2024_AUG_S_T1\GOPR4716\Coral12.JPG,12,0.3033,Sapangan,T1,2
Sapangan (Deep Only)\2024_AUG_SAP_D\2024_AUG_S_T1\GOPR4706.JPG,Sapangan (Deep Only)\2024_AUG_SAP_D\2024_AUG_S_T1\GOPR4706\Coral14.JPG,14,0.1602,Sapangan,T1,2
Sapangan (Deep Only)\2024_AUG_SAP_D\2024_AUG_S_T1\GOPR4715.JPG,Sapangan (Deep Only)\2024_AUG_SAP_D\2024_AUG_S_T1\GOPR4715\Coral6.JPG,6,0.5486,Sapangan,T1,2
Sapangan (Deep Only)\2024_JUL_SAP_D\SAP-D_T1\P7031648.JPG,Sapangan (Deep Only)\2024_JUL_SAP_D\SAP-D_T1\P7031648\Coral10.JPG,10,0.2674,Sapangan,T1,2
Sapangan (Deep Only)\2024_AUG_SAP_D\2024_AUG_S_T1\GOPR4739.JPG,Sapangan (Deep Only)\2024_AUG_SAP_D\2024_AUG_S_T1\GOPR4739\Coral17.JPG,17,0.2945,Sapangan,T1,2
Sapangan (Deep Only)\2024_AUG_SAP_D\2024_AUG_S_T1\GOPR4746.JPG,Sapangan (Deep Only)\2024_AUG_SAP_D\2024_AUG_S_T1\GOPR4746\Coral11.JPG,11,0.4201,Sapangan,T1,2
Sapangan (Deep Only)\2024_JUL_SAP_D\SAP-D_T1\P7031652.JPG,Sapangan (Deep Only)\2024_JUL_SAP_D\SAP-D_T1\P7031652\Coral1.JPG,1,0.6873,Sapangan,T1,2
Sapangan (Deep Only)\2024_JUL_SAP_D\SAP-D_T1\P7031659.JPG,Sapangan (Deep Only)\2024_JUL_SAP_D\SAP-D_T1\P7031659\Coral5.JPG,5,0.2397,Sapangan,T1,2
Sapangan (Deep Only)\2024_AUG_SAP_D\2024_AUG_S_T1\GOPR4713.JPG,Sapangan (Deep Only)\2024_AUG_SAP_D\2024_AUG_S_T1\GOPR4713\Coral7.JPG,7,0.4396,Sapangan,T1,2
Sapangan (Deep Only)\2024_AUG_SAP_D\2024_AUG_S_T1\GOPR4712.JPG,Sapangan (Deep Only)\2024_AUG_SAP_D\2024_AUG_S_T1\GOPR4712\Coral16.JPG,16,0.3167,Sapangan,T1,2
Sapangan (Deep Only)\2024_JUL_SAP_D\SAP-D_T1\GOPR3260.JPG,Sapangan (Deep Only)\2024_JUL_SAP_D\SAP-D_T1\GOPR3260\Coral4.JPG,4,0.5093,Sapangan,T1,2
Sapangan (Deep Only)\2024_JUL_SAP_D\SAP-D_T1\P7031676.JPG,Sapangan (Deep Only)\2024_JUL_SAP_D\SAP-D_T1\P7031676\Coral2.JPG,2,0.6525,Sapangan,T1,2
Sapangan (Deep Only)\2024_JUL_SAP_D\SAP-D_T1\P7031644.JPG,Sapangan (Deep Only)\2024_JUL_SAP_D\SAP-D_T1\P7031644\Coral7.JPG,7,0.3227,Sapangan,T1,2
Sapangan (Deep Only)\2024_AUG_SAP_D\2024_AUG_S_T1\GOPR4756.JPG,Sapangan (Deep Only)\2024_AUG_SAP_D\2024_AUG_S_T1\GOPR4756\Coral12.JPG,12,0.6149,Sapangan,T1,2
Sapangan (Deep Only)\2024_JUL_SAP_D\SAP-D_T1\P7031637.JPG,Sapangan (Deep Only)\2024_JUL_SAP_D\SAP-D_T1\P7031637\Coral4.JPG,4,0.2193,Sapangan,T1,2
Sapangan (Deep Only)\2024_AUG_SAP_D\2024_AUG_S_T1\GOPR4751.JPG,Sapangan (Deep Only)\2024_AUG_SAP_D\2024_AUG_S_T1\GOPR4751\Coral43.JPG,43,0.1604,Sapangan,T1,2
Sapangan (Deep Only)\2024_JUL_SAP_D\SAP-D_T1\P7031662.JPG,Sapangan (Deep Only)\2024_JUL_SAP_D\SAP-D_T1\P7031662\Coral1.JPG,1,0.6808,Sapangan,T1,2
Sapangan (Deep Only)\2024_AUG_SAP_D\2024_AUG_S_T1\GOPR4716.JPG,Sapangan (Deep Only)\2024_AUG_SAP_D\2024_AUG_S_T1\GOPR4716\Coral11.JPG,11,0.3454,Sapangan,T1,2
Sapangan (Deep Only)\2024_AUG_SAP_D\2024_AUG_S_T1\GOPR4716.JPG,Sapangan (Deep Only)\2024_AUG_SAP_D\2024_AUG_S_T1\GOPR4716\Coral15.JPG,15,0.2409,Sapangan,T1,2
Sapangan (Deep Only)\2024_AUG_SAP_D\2024_AUG_S_T1\GOPR4716.JPG,Sapangan (Deep Only)\2024_AUG_SAP_D\2024_AUG_S_T1\GOPR4716\Coral13.JPG,13,0.2865,Sapangan,T1,2
Sapangan (Deep Only)\2024_AUG_SAP_D\2024_AUG_S_T1\GOPR4716.JPG,Sapangan (Deep Only)\2024_AUG_SAP_D\2024_AUG_S_T1\GOPR4716\Coral21.JPG,21,0.1846,Sapangan,T1,2
Sapangan (Deep Only)\2024_AUG_SAP_D\2024_AUG_S_T1\GOPR4716.JPG,Sapangan (Deep Only)\2024_AUG_SAP_D\2024_AUG_S_T1\GOPR4716\Coral3.JPG,3,0.5906,Sapangan,T1,2
Sapangan (Deep Only)\2024_AUG_SAP_D\2024_AUG_S_T1\GOPR4716.JPG,Sapangan (Deep Only)\2024_AUG_SAP_D\2024_AUG_S_T1\GOPR4716\Coral1.JPG,1,0.7106,Sapangan,T1,2
Sapangan (Deep Only)\2024_JUL_SAP_D\SAP-D_T1\P7031666.JPG,Sapangan (Deep Only)\2024_JUL_SAP_D\SAP-D_T1\P7031666\Coral15.JPG,15,0.1816,Sapangan,T1,2
Sapangan (Deep Only)\2024_JUL_SAP_D\SAP-D_T1\P7031666.JPG,Sapangan (Deep Only)\2024_JUL_SAP_D\SAP-D_T1\P7031666\Coral10.JPG,10,0.1985,Sapangan,T1,2
Sapangan (Deep Only)\2024_JUL_SAP_D\SAP-D_T1\P7031666.JPG,Sapangan (Deep Only)\2024_JUL_SAP_D\SAP-D_T1\P7031666\Coral17.JPG,17,0.1698,Sapangan,T1,2
Sapangan (Deep Only)\2024_JUL_SAP_D\SAP-D_T1\P7031666.JPG,Sapangan (Deep Only)\2024_JUL_SAP_D\SAP-D_T1\P7031666\Coral2.JPG,2,0.6706,Sapangan,T1,2
Sapangan (Deep Only)\2024_JUL_SAP_D\SAP-D_T1\P7031666.JPG,Sapangan (Deep Only)\2024_JUL_SAP_D\SAP-D_T1\P7031666\Coral18.JPG,18,0.1532,Sapangan,T1,2
Sapangan (Deep Only)\2024_JUL_SAP_D\SAP-D_T1\P7031675.JPG,Sapangan (Deep Only)\2024_JUL_SAP_D\SAP-D_T1\P7031675\Coral20.JPG,20,0.1638,Sapangan,T1,2
Sapangan (Deep Only)\2024_JUL_SAP_D\SAP-D_T1\P7031675.JPG,Sapangan (Deep Only)\2024_JUL_SAP_D\SAP-D_T1\P7031675\Coral13.JPG,13,0.2039,Sapangan,T1,2
Sapangan (Deep Only)\2024_JUL_SAP_D\SAP-D_T1\P7031675.JPG,Sapangan (Deep Only)\2024_JUL_SAP_D\SAP-D_T1\P7031675\Coral14.JPG,14,0.2,Sapangan,T1,2
Sapangan (Deep Only)\2024_JUL_SAP_D\SAP-D_T1\P7031675.JPG,Sapangan (Deep Only)\2024_JUL_SAP_D\SAP-D_T1\P7031675\Coral6.JPG,6,0.3273,Sapangan,T1,2
Sapangan (Deep Only)\2024_JUL_SAP_D\SAP-D_T1\P7031675.JPG,Sapangan (Deep Only)\2024_JUL_SAP_D\SAP-D_T1\P7031675\Coral1.JPG,1,0.5363,Sapangan,T1,2
Sapangan (Deep Only)\2024_AUG_SAP_D\2024_AUG_S_T1\GOPR4706.JPG,Sapangan (Deep Only)\2024_AUG_SAP_D\2024_AUG_S_T1\GOPR4706\Coral9.JPG,9,0.2353,Sapangan,T1,2
Sapangan (Deep Only)\2024_AUG_SAP_D\2024_AUG_S_T1\GOPR4706.JPG,Sapangan (Deep Only)\2024_AUG_SAP_D\2024_AUG_S_T1\GOPR4706\Coral2.JPG,2,0.4849,Sapangan,T1,2
Sapangan (Deep Only)\2024_AUG_SAP_D\2024_AUG_S_T1\GOPR4706.JPG,Sapangan (Deep Only)\2024_AUG_SAP_D\2024_AUG_S_T1\GOPR4706\Coral13.JPG,13,0.1607,Sapangan,T1,2
Sapangan (Deep Only)\2024_AUG_SAP_D\2024_AUG_S_T1\GOPR4706.JPG,Sapangan (Deep Only)\2024_AUG_SAP_D\2024_AUG_S_T1\GOPR4706\Coral1.JPG,1,0.6698,Sapangan,T1,2
Sapangan (Deep Only)\2024_AUG_SAP_D\2024_AUG_S_T1\GOPR4744.JPG,Sapangan (Deep Only)\2024_AUG_SAP_D\2024_AUG_S_T1\GOPR4744\Coral2.JPG,2,0.5606,Sapangan,T1,2
Sapangan (Deep Only)\2024_AUG_SAP_D\2024_AUG_S_T1\GOPR4744.JPG,Sapangan (Deep Only)\2024_AUG_SAP_D\2024_AUG_S_T1\GOPR4744\Coral23.JPG,23,0.2087,Sapangan,T1,2
Sapangan (Deep Only)\2024_AUG_SAP_D\2024_AUG_S_T1\GOPR4744.JPG,Sapangan (Deep Only)\2024_AUG_SAP_D\2024_AUG_S_T1\GOPR4744\Coral22.JPG,22,0.2143,Sapangan,T1,2
Sapangan (Deep Only)\2024_AUG_SAP_D\2024_AUG_S_T1\GOPR4744.JPG,Sapangan (Deep Only)\2024_AUG_SAP_D\2024_AUG_S_T1\GOPR4744\Coral11.JPG,11,0.3249,Sapangan,T1,2
Sapangan (Deep Only)\2024_AUG_SAP_D\2024_AUG_S_T1\GOPR4757.JPG,Sapangan (Deep Only)\2024_AUG_SAP_D\2024_AUG_S_T1\GOPR4757\Coral7.JPG,7,0.2242,Sapangan,T1,2
Sapangan (Deep Only)\2024_AUG_SAP_D\2024_AUG_S_T1\GOPR4757.JPG,Sapangan (Deep Only)\2024_AUG_SAP_D\2024_AUG_S_T1\GOPR4757\Coral13.JPG,13,0.1746,Sapangan,T1,2
Sapangan (Deep Only)\2024_AUG_SAP_D\2024_AUG_S_T1\GOPR4757.JPG,Sapangan (Deep Only)\2024_AUG_SAP_D\2024_AUG_S_T1\GOPR4757\Coral11.JPG,11,0.1808,Sapangan,T1,2
Sapangan (Deep Only)\2024_AUG_SAP_D\2024_AUG_S_T1\GOPR4757.JPG,Sapangan (Deep Only)\2024_AUG_SAP_D\2024_AUG_S_T1\GOPR4757\Coral6.JPG,6,0.2577,Sapangan,T1,2
Sapangan (Deep Only)\2024_AUG_SAP_D\2024_AUG_S_T1\GOPR4757.JPG,Sapangan (Deep Only)\2024_AUG_SAP_D\2024_AUG_S_T1\GOPR4757\Coral15.JPG,15,0.1619,Sapangan,T1,2
Sapangan (Deep Only)\2024_AUG_SAP_D\2024_AUG_S_T1\GOPR4757.JPG,Sapangan (Deep Only)\2024_AUG_SAP_D\2024_AUG_S_T1\GOPR4757\Coral5.JPG,5,0.2751,Sapangan,T1,2
Sapangan (Deep Only)\2024_JUL_SAP_D\SAP-D_T1\P7031673.JPG,Sapangan (Deep Only)\2024_JUL_SAP_D\SAP-D_T1\P7031673\Coral8.JPG,8,0.6003,Sapangan,T1,2
Sapangan (Deep Only)\2024_JUL_SAP_D\SAP-D_T1\P7031673.JPG,Sapangan (Deep Only)\2024_JUL_SAP_D\SAP-D_T1\P7031673\Coral34.JPG,34,0.2119,Sapangan,T1,2
Sapangan (Deep Only)\2024_JUL_SAP_D\SAP-D_T1\P7031673.JPG,Sapangan (Deep Only)\2024_JUL_SAP_D\SAP-D_T1\P7031673\Coral21.JPG,21,0.3536,Sapangan,T1,2
Sapangan (Deep Only)\2024_JUL_SAP_D\SAP-D_T1\P7031673.JPG,Sapangan (Deep Only)\2024_JUL_SAP_D\SAP-D_T1\P7031673\Coral18.JPG,18,0.4294,Sapangan,T1,2
Sapangan (Deep Only)\2024_JUL_SAP_D\SAP-D_T1\P7031673.JPG,Sapangan (Deep Only)\2024_JUL_SAP_D\SAP-D_T1\P7031673\Coral43.JPG,43,0.1657,Sapangan,T1,2
Sapangan (Deep Only)\2024_JUL_SAP_D\SAP-D_T1\P7031673.JPG,Sapangan (Deep Only)\2024_JUL_SAP_D\SAP-D_T1\P7031673\Coral23.JPG,23,0.3487,Sapangan,T1,2
Sapangan (Deep Only)\2024_JUL_SAP_D\SAP-D_T1\P7031673.JPG,Sapangan (Deep Only)\2024_JUL_SAP_D\SAP-D_T1\P7031673\Coral11.JPG,11,0.55,Sapangan,T1,2
Sapangan (Deep Only)\2024_JUL_SAP_D\SAP-D_T1\P7031673.JPG,Sapangan (Deep Only)\2024_JUL_SAP_D\SAP-D_T1\P7031673\Coral25.JPG,25,0.2813,Sapangan,T1,2
Sapangan (Deep Only)\2024_JUL_SAP_D\SAP-D_T1\P7031673.JPG,Sapangan (Deep Only)\2024_JUL_SAP_D\SAP-D_T1\P7031673\Coral33.JPG,33,0.2214,Sapangan,T1,2
Sapangan (Deep Only)\2024_JUL_SAP_D\SAP-D_T1\P7031673.JPG,Sapangan (Deep Only)\2024_JUL_SAP_D\SAP-D_T1\P7031673\Coral39.JPG,39,0.1753,Sapangan,T1,2
Sapangan (Deep Only)\2024_JUL_SAP_D\SAP-D_T1\P7031673.JPG,Sapangan (Deep Only)\2024_JUL_SAP_D\SAP-D_T1\P7031673\Coral47.JPG,47,0.1535,Sapangan,T1,2
Sapangan (Deep Only)\2024_AUG_SAP_D\2024_AUG_S_T1\GOPR4708.JPG,Sapangan (Deep Only)\2024_AUG_SAP_D\2024_AUG_S_T1\GOPR4708\Coral3.JPG,3,0.2494,Sapangan,T1,2
Sapangan (Deep Only)\2024_AUG_SAP_D\2024_AUG_S_T1\GOPR4709.JPG,Sapangan (Deep Only)\2024_AUG_SAP_D\2024_AUG_S_T1\GOPR4709\Coral18.JPG,18,0.1755,Sapangan,T1,2
Sapangan (Deep Only)\2024_AUG_SAP_D\2024_AUG_S_T1\GOPR4709.JPG,Sapangan (Deep Only)\2024_AUG_SAP_D\2024_AUG_S_T1\GOPR4709\Coral2.JPG,2,0.497,Sapangan,T1,2
Sapangan (Deep Only)\2024_AUG_SAP_D\2024_AUG_S_T1\GOPR4717.JPG,Sapangan (Deep Only)\2024_AUG_SAP_D\2024_AUG_S_T1\GOPR4717\Coral14.JPG,14,0.2638,Sapangan,T1,2
Sapangan (Deep Only)\2024_AUG_SAP_D\2024_AUG_S_T1\GOPR4717.JPG,Sapangan (Deep Only)\2024_AUG_SAP_D\2024_AUG_S_T1\GOPR4717\Coral23.JPG,23,0.1509,Sapangan,T1,2
Sapangan (Deep Only)\2024_AUG_SAP_D\2024_AUG_S_T1\GOPR4717.JPG,Sapangan (Deep Only)\2024_AUG_SAP_D\2024_AUG_S_T1\GOPR4717\Coral1.JPG,1,0.6278,Sapangan,T1,2
Sapangan (Deep Only)\2024_JUL_SAP_D\SAP-D_T1\P7031661.JPG,Sapangan (Deep Only)\2024_JUL_SAP_D\SAP-D_T1\P7031661\Coral4.JPG,4,0.2183,Sapangan,T1,2
Sapangan (Deep Only)\2024_JUL_SAP_D\SAP-D_T1\P7031646.JPG,Sapangan (Deep Only)\2024_JUL_SAP_D\SAP-D_T1\P7031646\Coral7.JPG,7,0.5593,Sapangan,T1,2
Sapangan (Deep Only)\2024_JUL_SAP_D\SAP-D_T1\P7031646.JPG,Sapangan (Deep Only)\2024_JUL_SAP_D\SAP-D_T1\P7031646\Coral19.JPG,19,0.3075,Sapangan,T1,2
Sapangan (Deep Only)\2024_JUL_SAP_D\SAP-D_T1\P7031646.JPG,Sapangan (Deep Only)\2024_JUL_SAP_D\SAP-D_T1\P7031646\Coral25.JPG,25,0.2365,Sapangan,T1,2
Sapangan (Deep Only)\2024_JUL_SAP_D\SAP-D_T1\P7031674.JPG,Sapangan (Deep Only)\2024_JUL_SAP_D\SAP-D_T1\P7031674\Coral1.JPG,1,0.7824,Sapangan,T1,2
Sapangan (Deep Only)\2024_JUL_SAP_D\SAP-D_T1\P7031674.JPG,Sapangan (Deep Only)\2024_JUL_SAP_D\SAP-D_T1\P7031674\Coral3.JPG,3,0.5411,Sapangan,T1,2
Sapangan (Deep Only)\2024_JUL_SAP_D\SAP-D_T1\P7031674.JPG,Sapangan (Deep Only)\2024_JUL_SAP_D\SAP-D_T1\P7031674\Coral8.JPG,8,0.4297,Sapangan,T1,2
Sapangan (Deep Only)\2024_JUL_SAP_D\SAP-D_T1\P7031674.JPG,Sapangan (Deep Only)\2024_JUL_SAP_D\SAP-D_T1\P7031674\Coral5.JPG,5,0.4857,Sapangan,T1,2
Sapangan (Deep Only)\2024_AUG_SAP_D\2024_AUG_S_T2\GOPR4789.JPG,Sapangan (Deep Only)\2024_AUG_SAP_D\2024_AUG_S_T2\GOPR4789\Coral2.JPG,2,0.431,Sapangan,T2,2
Sapangan (Deep Only)\2024_AUG_SAP_D\2024_AUG_S_T2\GOPR4793.JPG,Sapangan (Deep Only)\2024_AUG_SAP_D\2024_AUG_S_T2\GOPR4793\Coral17.JPG,17,0.1682,Sapangan,T2,2
Sapangan (Deep Only)\2024_AUG_SAP_D\2024_AUG_S_T2\GOPR4809.JPG,Sapangan (Deep Only)\2024_AUG_SAP_D\2024_AUG_S_T2\GOPR4809\Coral6.JPG,6,0.2269,Sapangan,T2,2
Sapangan (Deep Only)\2024_JUL_SAP_D\SAP-D_T2\GOPR3289.JPG,Sapangan (Deep Only)\2024_JUL_SAP_D\SAP-D_T2\GOPR3289\Coral11.JPG,11,0.2352,Sapangan,T2,2
Sapangan (Deep Only)\2024_JUL_SAP_D\SAP-D_T2\GOPR3300.JPG,Sapangan (Deep Only)\2024_JUL_SAP_D\SAP-D_T2\GOPR3300\Coral12.JPG,12,0.2738,Sapangan,T2,2
Sapangan (Deep Only)\2024_AUG_SAP_D\2024_AUG_S_T2\GOPR4805.JPG,Sapangan (Deep Only)\2024_AUG_SAP_D\2024_AUG_S_T2\GOPR4805\Coral41.JPG,41,0.1506,Sapangan,T2,2
Sapangan (Deep Only)\2024_JUL_SAP_D\SAP-D_T2\GOPR3268.JPG,Sapangan (Deep Only)\2024_JUL_SAP_D\SAP-D_T2\GOPR3268\Coral1.JPG,1,0.6746,Sapangan,T2,2
Sapangan (Deep Only)\2024_JUL_SAP_D\SAP-D_T2\GOPR3314.JPG,Sapangan (Deep Only)\2024_JUL_SAP_D\SAP-D_T2\GOPR3314\Coral9.JPG,9,0.1689,Sapangan,T2,2
Sapangan (Deep Only)\2024_AUG_SAP_D\2024_AUG_S_T2\GOPR4785.JPG,Sapangan (Deep Only)\2024_AUG_SAP_D\2024_AUG_S_T2\GOPR4785\Coral2.JPG,2,0.252,Sapangan,T2,2
Sapangan (Deep Only)\2024_AUG_SAP_D\2024_AUG_S_T2\GOPR4773.JPG,Sapangan (Deep Only)\2024_AUG_SAP_D\2024_AUG_S_T2\GOPR4773\Coral20.JPG,20,0.2907,Sapangan,T2,2
Sapangan (Deep Only)\2024_AUG_SAP_D\2024_AUG_S_T2\GOPR4791.JPG,Sapangan (Deep Only)\2024_AUG_SAP_D\2024_AUG_S_T2\GOPR4791\Coral33.JPG,33,0.1617,Sapangan,T2,2
Sapangan (Deep Only)\2024_AUG_SAP_D\2024_AUG_S_T2\GOPR4772.JPG,Sapangan (Deep Only)\2024_AUG_SAP_D\2024_AUG_S_T2\GOPR4772\Coral42.JPG,42,0.205,Sapangan,T2,2
Sapangan (Deep Only)\2024_AUG_SAP_D\2024_AUG_S_T2\GOPR4795.JPG,Sapangan (Deep Only)\2024_AUG_SAP_D\2024_AUG_S_T2\GOPR4795\Coral5.JPG,5,0.2525,Sapangan,T2,2
Sapangan (Deep Only)\2024_JUL_SAP_D\SAP-D_T2\GOPR3287.JPG,Sapangan (Deep Only)\2024_JUL_SAP_D\SAP-D_T2\GOPR3287\Coral1.JPG,1,0.7065,Sapangan,T2,2
Sapangan (Deep Only)\2024_AUG_SAP_D\2024_AUG_S_T2\GOPR4813.JPG,Sapangan (Deep Only)\2024_AUG_SAP_D\2024_AUG_S_T2\GOPR4813\Coral18.JPG,18,0.2187,Sapangan,T2,2
Sapangan (Deep Only)\2024_JUL_SAP_D\SAP-D_T2\GOPR3302.JPG,Sapangan (Deep Only)\2024_JUL_SAP_D\SAP-D_T2\GOPR3302\Coral7.JPG,7,0.2942,Sapangan,T2,2
Sapangan (Deep Only)\2024_AUG_SAP_D\2024_AUG_S_T2\GOPR4800.JPG,Sapangan (Deep Only)\2024_AUG_SAP_D\2024_AUG_S_T2\GOPR4800\Coral32.JPG,32,0.2357,Sapangan,T2,2
Sapangan (Deep Only)\2024_AUG_SAP_D\2024_AUG_S_T2\GOPR4789.JPG,Sapangan (Deep Only)\2024_AUG_SAP_D\2024_AUG_S_T2\GOPR4789\Coral1.JPG,1,0.4562,Sapangan,T2,2
Sapangan (Deep Only)\2024_JUL_SAP_D\SAP-D_T2\GOPR3294.JPG,Sapangan (Deep Only)\2024_JUL_SAP_D\SAP-D_T2\GOPR3294\Coral24.JPG,24,0.4493,Sapangan,T2,2
Sapangan (Deep Only)\2024_JUL_SAP_D\SAP-D_T2\GOPR3270.JPG,Sapangan (Deep Only)\2024_JUL_SAP_D\SAP-D_T2\GOPR3270\Coral15.JPG,15,0.1502,Sapangan,T2,2
Sapangan (Deep Only)\2024_JUL_SAP_D\SAP-D_T2\GOPR3266.JPG,Sapangan (Deep Only)\2024_JUL_SAP_D\SAP-D_T2\GOPR3266\Coral3.JPG,3,0.4442,Sapangan,T2,2
Sapangan (Deep Only)\2024_JUL_SAP_D\SAP-D_T2\GOPR3267.JPG,Sapangan (Deep Only)\2024_JUL_SAP_D\SAP-D_T2\GOPR3267\Coral2.JPG,2,0.4542,Sapangan,T2,2
Sapangan (Deep Only)\2024_JUL_SAP_D\SAP-D_T2\GOPR3289.JPG,Sapangan (Deep Only)\2024_JUL_SAP_D\SAP-D_T2\GOPR3289\Coral10.JPG,10,0.2376,Sapangan,T2,2
Sapangan (Deep Only)\2024_AUG_SAP_D\2024_AUG_S_T2\GOPR4802.JPG,Sapangan (Deep Only)\2024_AUG_SAP_D\2024_AUG_S_T2\GOPR4802\Coral28.JPG,28,0.3582,Sapangan,T2,2
Sapangan (Deep Only)\2024_JUL_SAP_D\SAP-D_T2\GOPR3314.JPG,Sapangan (Deep Only)\2024_JUL_SAP_D\SAP-D_T2\GOPR3314\Coral6.JPG,6,0.1802,Sapangan,T2,2
Sapangan (Deep Only)\2024_JUL_SAP_D\SAP-D_T2\GOPR3296.JPG,Sapangan (Deep Only)\2024_JUL_SAP_D\SAP-D_T2\GOPR3296\Coral18.JPG,18,0.2686,Sapangan,T2,2
Sapangan (Deep Only)\2024_AUG_SAP_D\2024_AUG_S_T2\GOPR4812.JPG,Sapangan (Deep Only)\2024_AUG_SAP_D\2024_AUG_S_T2\GOPR4812\Coral1.JPG,1,0.7228,Sapangan,T2,2
Sapangan (Deep Only)\2024_AUG_SAP_D\2024_AUG_S_T2\GOPR4799.JPG,Sapangan (Deep Only)\2024_AUG_SAP_D\2024_AUG_S_T2\GOPR4799\Coral27.JPG,27,0.2106,Sapangan,T2,2
Sapangan (Deep Only)\2024_AUG_SAP_D\2024_AUG_S_T2\GOPR4772.JPG,Sapangan (Deep Only)\2024_AUG_SAP_D\2024_AUG_S_T2\GOPR4772\Coral49.JPG,49,0.1715,Sapangan,T2,2
Sapangan (Deep Only)\2024_AUG_SAP_D\2024_AUG_S_T2\GOPR4766.JPG,Sapangan (Deep Only)\2024_AUG_SAP_D\2024_AUG_S_T2\GOPR4766\Coral30.JPG,30,0.2087,Sapangan,T2,2
Sapangan (Deep Only)\2024_JUL_SAP_D\SAP-D_T2\GOPR3284.JPG,Sapangan (Deep Only)\2024_JUL_SAP_D\SAP-D_T2\GOPR3284\Coral4.JPG,4,0.1969,Sapangan,T2,2
Sapangan (Deep Only)\2024_JUL_SAP_D\SAP-D_T2\GOPR3280.JPG,Sapangan (Deep Only)\2024_JUL_SAP_D\SAP-D_T2\GOPR3280\Coral5.JPG,5,0.3136,Sapangan,T2,2
Sapangan (Deep Only)\2024_JUL_SAP_D\SAP-D_T2\GOPR3285.JPG,Sapangan (Deep Only)\2024_JUL_SAP_D\SAP-D_T2\GOPR3285\Coral14.JPG,14,0.1922,Sapangan,T2,2
Sapangan (Deep Only)\2024_JUL_SAP_D\SAP-D_T2\GOPR3287.JPG,Sapangan (Deep Only)\2024_JUL_SAP_D\SAP-D_T2\GOPR3287\Coral13.JPG,13,0.3323,Sapangan,T2,2
Sapangan (Deep Only)\2024_JUL_SAP_D\SAP-D_T2\GOPR3298.JPG,Sapangan (Deep Only)\2024_JUL_SAP_D\SAP-D_T2\GOPR3298\Coral15.JPG,15,0.306,Sapangan,T2,2
Sapangan (Deep Only)\2024_JUL_SAP_D\SAP-D_T2\GOPR3302.JPG,Sapangan (Deep Only)\2024_JUL_SAP_D\SAP-D_T2\GOPR3302\Coral16.JPG,16,0.1542,Sapangan,T2,2
Sapangan (Deep Only)\2024_AUG_SAP_D\2024_AUG_S_T2\GOPR4811.JPG,Sapangan (Deep Only)\2024_AUG_SAP_D\2024_AUG_S_T2\GOPR4811\Coral6.JPG,6,0.2665,Sapangan,T2,2
Sapangan (Deep Only)\2024_AUG_SAP_D\2024_AUG_S_T2\GOPR4806.JPG,Sapangan (Deep Only)\2024_AUG_SAP_D\2024_AUG_S_T2\GOPR4806\Coral6.JPG,6,0.2171,Sapangan,T2,2
Sapangan (Deep Only)\2024_JUL_SAP_D\SAP-D_T2\GOPR3303.JPG,Sapangan (Deep Only)\2024_JUL_SAP_D\SAP-D_T2\GOPR3303\Coral3.JPG,3,0.6424,Sapangan,T2,2
Sapangan (Deep Only)\2024_AUG_SAP_D\2024_AUG_S_T2\GOPR4798.JPG,Sapangan (Deep Only)\2024_AUG_SAP_D\2024_AUG_S_T2\GOPR4798\Coral4.JPG,4,0.233,Sapangan,T2,2
Sapangan (Deep Only)\2024_AUG_SAP_D\2024_AUG_S_T2\GOPR4796.JPG,Sapangan (Deep Only)\2024_AUG_SAP_D\2024_AUG_S_T2\GOPR4796\Coral5.JPG,5,0.1637,Sapangan,T2,2
Sapangan (Deep Only)\2024_JUL_SAP_D\SAP-D_T2\GOPR3292.JPG,Sapangan (Deep Only)\2024_JUL_SAP_D\SAP-D_T2\GOPR3292\Coral4.JPG,4,0.434,Sapangan,T2,2
Sapangan (Deep Only)\2024_JUL_SAP_D\SAP-D_T2\GOPR3272.JPG,Sapangan (Deep Only)\2024_JUL_SAP_D\SAP-D_T2\GOPR3272\Coral32.JPG,32,0.1516,Sapangan,T2,2
Sapangan (Deep Only)\2024_JUL_SAP_D\SAP-D_T2\GOPR3267.JPG,Sapangan (Deep Only)\2024_JUL_SAP_D\SAP-D_T2\GOPR3267\Coral3.JPG,3,0.2934,Sapangan,T2,2
Sapangan (Deep Only)\2024_AUG_SAP_D\2024_AUG_S_T2\GOPR4808.JPG,Sapangan (Deep Only)\2024_AUG_SAP_D\2024_AUG_S_T2\GOPR4808\Coral4.JPG,4,0.2749,Sapangan,T2,2
Sapangan (Deep Only)\2024_JUL_SAP_D\SAP-D_T2\GOPR3288.JPG,Sapangan (Deep Only)\2024_JUL_SAP_D\SAP-D_T2\GOPR3288\Coral14.JPG,14,0.2151,Sapangan,T2,2
Sapangan (Deep Only)\2024_AUG_SAP_D\2024_AUG_S_T2\GOPR4780.JPG,Sapangan (Deep Only)\2024_AUG_SAP_D\2024_AUG_S_T2\GOPR4780\Coral11.JPG,11,0.3421,Sapangan,T2,2
Sapangan (Deep Only)\2024_AUG_SAP_D\2024_AUG_S_T2\GOPR4770.JPG,Sapangan (Deep Only)\2024_AUG_SAP_D\2024_AUG_S_T2\GOPR4770\Coral10.JPG,10,0.1703,Sapangan,T2,2
Sapangan (Deep Only)\2024_AUG_SAP_D\2024_AUG_S_T2\GOPR4805.JPG,Sapangan (Deep Only)\2024_AUG_SAP_D\2024_AUG_S_T2\GOPR4805\Coral11.JPG,11,0.412,Sapangan,T2,2
Sapangan (Deep Only)\2024_AUG_SAP_D\2024_AUG_S_T2\GOPR4791.JPG,Sapangan (Deep Only)\2024_AUG_SAP_D\2024_AUG_S_T2\GOPR4791\Coral35.JPG,35,0.1588,Sapangan,T2,2
Sapangan (Deep Only)\2024_AUG_SAP_D\2024_AUG_S_T2\GOPR4777.JPG,Sapangan (Deep Only)\2024_AUG_SAP_D\2024_AUG_S_T2\GOPR4777\Coral5.JPG,5,0.255,Sapangan,T2,2
Sapangan (Deep Only)\2024_JUL_SAP_D\SAP-D_T2\GOPR3274.JPG,Sapangan (Deep Only)\2024_JUL_SAP_D\SAP-D_T2\GOPR3274\Coral24.JPG,24,0.1771,Sapangan,T2,2
Sapangan (Deep Only)\2024_AUG_SAP_D\2024_AUG_S_T2\GOPR4795.JPG,Sapangan (Deep Only)\2024_AUG_SAP_D\2024_AUG_S_T2\GOPR4795\Coral1.JPG,1,0.5308,Sapangan,T2,2
Sapangan (Deep Only)\2024_JUL_SAP_D\SAP-D_T2\GOPR3297.JPG,Sapangan (Deep Only)\2024_JUL_SAP_D\SAP-D_T2\GOPR3297\Coral11.JPG,11,0.3626,Sapangan,T2,2
Sapangan (Deep Only)\2024_JUL_SAP_D\SAP-D_T2\GOPR3290.JPG,Sapangan (Deep Only)\2024_JUL_SAP_D\SAP-D_T2\GOPR3290\Coral6.JPG,6,0.2719,Sapangan,T2,2
Sapangan (Deep Only)\2024_AUG_SAP_D\2024_AUG_S_T2\GOPR4811.JPG,Sapangan (Deep Only)\2024_AUG_SAP_D\2024_AUG_S_T2\GOPR4811\Coral1.JPG,1,0.5407,Sapangan,T2,2
Sapangan (Deep Only)\2024_AUG_SAP_D\2024_AUG_S_T2\GOPR4792.JPG,Sapangan (Deep Only)\2024_AUG_SAP_D\2024_AUG_S_T2\GOPR4792\Coral4.JPG,4,0.4159,Sapangan,T2,2
Sapangan (Deep Only)\2024_AUG_SAP_D\2024_AUG_S_T2\GOPR4815.JPG,Sapangan (Deep Only)\2024_AUG_SAP_D\2024_AUG_S_T2\GOPR4815\Coral15.JPG,15,0.2166,Sapangan,T2,2
Sapangan (Deep Only)\2024_AUG_SAP_D\2024_AUG_S_T2\GOPR4815.JPG,Sapangan (Deep Only)\2024_AUG_SAP_D\2024_AUG_S_T2\GOPR4815\Coral8.JPG,8,0.2748,Sapangan,T2,2
Sapangan (Deep Only)\2024_AUG_SAP_D\2024_AUG_S_T2\GOPR4815.JPG,Sapangan (Deep Only)\2024_AUG_SAP_D\2024_AUG_S_T2\GOPR4815\Coral10.JPG,10,0.2655,Sapangan,T2,2
Sapangan (Deep Only)\2024_AUG_SAP_D\2024_AUG_S_T2\GOPR4815.JPG,Sapangan (Deep Only)\2024_AUG_SAP_D\2024_AUG_S_T2\GOPR4815\Coral13.JPG,13,0.2231,Sapangan,T2,2
Sapangan (Deep Only)\2024_JUL_SAP_D\SAP-D_T2\GOPR3299.JPG,Sapangan (Deep Only)\2024_JUL_SAP_D\SAP-D_T2\GOPR3299\Coral25.JPG,25,0.2005,Sapangan,T2,2
Sapangan (Deep Only)\2024_JUL_SAP_D\SAP-D_T2\GOPR3299.JPG,Sapangan (Deep Only)\2024_JUL_SAP_D\SAP-D_T2\GOPR3299\Coral23.JPG,23,0.217,Sapangan,T2,2
Sapangan (Deep Only)\2024_JUL_SAP_D\SAP-D_T2\GOPR3299.JPG,Sapangan (Deep Only)\2024_JUL_SAP_D\SAP-D_T2\GOPR3299\Coral29.JPG,29,0.1901,Sapangan,T2,2
Sapangan (Deep Only)\2024_JUL_SAP_D\SAP-D_T2\GOPR3299.JPG,Sapangan (Deep Only)\2024_JUL_SAP_D\SAP-D_T2\GOPR3299\Coral9.JPG,9,0.4314,Sapangan,T2,2
Sapangan (Deep Only)\2024_AUG_SAP_D\2024_AUG_S_T2\GOPR4800.JPG,Sapangan (Deep Only)\2024_AUG_SAP_D\2024_AUG_S_T2\GOPR4800\Coral26.JPG,26,0.3054,Sapangan,T2,2
Sapangan (Deep Only)\2024_AUG_SAP_D\2024_AUG_S_T2\GOPR4800.JPG,Sapangan (Deep Only)\2024_AUG_SAP_D\2024_AUG_S_T2\GOPR4800\Coral47.JPG,47,0.1756,Sapangan,T2,2
Sapangan (Deep Only)\2024_AUG_SAP_D\2024_AUG_S_T2\GOPR4800.JPG,Sapangan (Deep Only)\2024_AUG_SAP_D\2024_AUG_S_T2\GOPR4800\Coral18.JPG,18,0.3712,Sapangan,T2,2
Sapangan (Deep Only)\2024_AUG_SAP_D\2024_AUG_S_T2\GOPR4800.JPG,Sapangan (Deep Only)\2024_AUG_SAP_D\2024_AUG_S_T2\GOPR4800\Coral43.JPG,43,0.1877,Sapangan,T2,2
Sapangan (Deep Only)\2024_AUG_SAP_D\2024_AUG_S_T2\GOPR4800.JPG,Sapangan (Deep Only)\2024_AUG_SAP_D\2024_AUG_S_T2\GOPR4800\Coral22.JPG,22,0.3398,Sapangan,T2,2
Sapangan (Deep Only)\2024_AUG_SAP_D\2024_AUG_S_T2\GOPR4800.JPG,Sapangan (Deep Only)\2024_AUG_SAP_D\2024_AUG_S_T2\GOPR4800\Coral20.JPG,20,0.3691,Sapangan,T2,2
Sapangan (Deep Only)\2024_AUG_SAP_D\2024_AUG_S_T2\GOPR4800.JPG,Sapangan (Deep Only)\2024_AUG_SAP_D\2024_AUG_S_T2\GOPR4800\Coral42.JPG,42,0.1902,Sapangan,T2,2
Sapangan (Deep Only)\2024_AUG_SAP_D\2024_AUG_S_T2\GOPR4806.JPG,Sapangan (Deep Only)\2024_AUG_SAP_D\2024_AUG_S_T2\GOPR4806\Coral1.JPG,1,0.738,Sapangan,T2,2
Sapangan (Deep Only)\2024_JUL_SAP_D\SAP-D_T2\GOPR3303.JPG,Sapangan (Deep Only)\2024_JUL_SAP_D\SAP-D_T2\GOPR3303\Coral9.JPG,9,0.3721,Sapangan,T2,2
Sapangan (Deep Only)\2024_JUL_SAP_D\SAP-D_T2\GOPR3303.JPG,Sapangan (Deep Only)\2024_JUL_SAP_D\SAP-D_T2\GOPR3303\Coral10.JPG,10,0.3076,Sapangan,T2,2
Sapangan (Deep Only)\2024_JUL_SAP_D\SAP-D_T2\GOPR3303.JPG,Sapangan (Deep Only)\2024_JUL_SAP_D\SAP-D_T2\GOPR3303\Coral1.JPG,1,0.7643,Sapangan,T2,2
Sapangan (Deep Only)\2024_JUL_SAP_D\SAP-D_T2\GOPR3271.JPG,Sapangan (Deep Only)\2024_JUL_SAP_D\SAP-D_T2\GOPR3271\Coral30.JPG,30,0.1772,Sapangan,T2,2
Sapangan (Deep Only)\2024_JUL_SAP_D\SAP-D_T2\GOPR3271.JPG,Sapangan (Deep Only)\2024_JUL_SAP_D\SAP-D_T2\GOPR3271\Coral1.JPG,1,0.6386,Sapangan,T2,2
Sapangan (Deep Only)\2024_JUL_SAP_D\SAP-D_T2\GOPR3271.JPG,Sapangan (Deep Only)\2024_JUL_SAP_D\SAP-D_T2\GOPR3271\Coral33.JPG,33,0.1655,Sapangan,T2,2
Sapangan (Deep Only)\2024_JUL_SAP_D\SAP-D_T2\GOPR3271.JPG,Sapangan (Deep Only)\2024_JUL_SAP_D\SAP-D_T2\GOPR3271\Coral21.JPG,21,0.2547,Sapangan,T2,2
Sapangan (Deep Only)\2024_JUL_SAP_D\SAP-D_T2\GOPR3271.JPG,Sapangan (Deep Only)\2024_JUL_SAP_D\SAP-D_T2\GOPR3271\Coral11.JPG,11,0.3967,Sapangan,T2,2
Sapangan (Deep Only)\2024_AUG_SAP_D\2024_AUG_S_T2\GOPR4783.JPG,Sapangan (Deep Only)\2024_AUG_SAP_D\2024_AUG_S_T2\GOPR4783\Coral4.JPG,4,0.6956,Sapangan,T2,2
Sapangan (Deep Only)\2024_AUG_SAP_D\2024_AUG_S_T2\GOPR4783.JPG,Sapangan (Deep Only)\2024_AUG_SAP_D\2024_AUG_S_T2\GOPR4783\Coral30.JPG,30,0.1729,Sapangan,T2,2
Sapangan (Deep Only)\2024_AUG_SAP_D\2024_AUG_S_T2\GOPR4783.JPG,Sapangan (Deep Only)\2024_AUG_SAP_D\2024_AUG_S_T2\GOPR4783\Coral6.JPG,6,0.6273,Sapangan,T2,2
Sapangan (Deep Only)\2024_AUG_SAP_D\2024_AUG_S_T2\GOPR4783.JPG,Sapangan (Deep Only)\2024_AUG_SAP_D\2024_AUG_S_T2\GOPR4783\Coral3.JPG,3,0.7108,Sapangan,T2,2
Sapangan (Deep Only)\2024_AUG_SAP_D\2024_AUG_S_T2\GOPR4783.JPG,Sapangan (Deep Only)\2024_AUG_SAP_D\2024_AUG_S_T2\GOPR4783\Coral26.JPG,26,0.2112,Sapangan,T2,2
Sapangan (Deep Only)\2024_AUG_SAP_D\2024_AUG_S_T2\GOPR4783.JPG,Sapangan (Deep Only)\2024_AUG_SAP_D\2024_AUG_S_T2\GOPR4783\Coral2.JPG,2,0.7282,Sapangan,T2,2
Sapangan (Deep Only)\2024_AUG_SAP_D\2024_AUG_S_T2\GOPR4783.JPG,Sapangan (Deep Only)\2024_AUG_SAP_D\2024_AUG_S_T2\GOPR4783\Coral12.JPG,12,0.5208,Sapangan,T2,2
Sapangan (Deep Only)\2024_AUG_SAP_D\2024_AUG_S_T2\GOPR4783.JPG,Sapangan (Deep Only)\2024_AUG_SAP_D\2024_AUG_S_T2\GOPR4783\Coral21.JPG,21,0.238,Sapangan,T2,2
Sapangan (Deep Only)\2024_AUG_SAP_D\2024_AUG_S_T2\GOPR4783.JPG,Sapangan (Deep Only)\2024_AUG_SAP_D\2024_AUG_S_T2\GOPR4783\Coral7.JPG,7,0.6121,Sapangan,T2,2
Sapangan (Deep Only)\2024_JUL_SAP_D\SAP-D_T2\GOPR3301.JPG,Sapangan (Deep Only)\2024_JUL_SAP_D\SAP-D_T2\GOPR3301\Coral5.JPG,5,0.2206,Sapangan,T2,2
Sapangan (Deep Only)\2024_AUG_SAP_D\2024_AUG_S_T2\GOPR4789.JPG,Sapangan (Deep Only)\2024_AUG_SAP_D\2024_AUG_S_T2\GOPR4789\Coral6.JPG,6,0.1652,Sapangan,T2,2
Sapangan (Deep Only)\2024_AUG_SAP_D\2024_AUG_S_T2\GOPR4798.JPG,Sapangan (Deep Only)\2024_AUG_SAP_D\2024_AUG_S_T2\GOPR4798\Coral5.JPG,5,0.1745,Sapangan,T2,2
Sapangan (Deep Only)\2024_AUG_SAP_D\2024_AUG_S_T2\GOPR4796.JPG,Sapangan (Deep Only)\2024_AUG_SAP_D\2024_AUG_S_T2\GOPR4796\Coral3.JPG,3,0.1969,Sapangan,T2,2
Sapangan (Deep Only)\2024_AUG_SAP_D\2024_AUG_S_T2\GOPR4796.JPG,Sapangan (Deep Only)\2024_AUG_SAP_D\2024_AUG_S_T2\GOPR4796\Coral2.JPG,2,0.2303,Sapangan,T2,2
Sapangan (Deep Only)\2024_JUL_SAP_D\SAP-D_T2\GOPR3294.JPG,Sapangan (Deep Only)\2024_JUL_SAP_D\SAP-D_T2\GOPR3294\Coral63.JPG,63,0.1748,Sapangan,T2,2
Sapangan (Deep Only)\2024_JUL_SAP_D\SAP-D_T2\GOPR3294.JPG,Sapangan (Deep Only)\2024_JUL_SAP_D\SAP-D_T2\GOPR3294\Coral28.JPG,28,0.4015,Sapangan,T2,2
Sapangan (Deep Only)\2024_JUL_SAP_D\SAP-D_T2\GOPR3294.JPG,Sapangan (Deep Only)\2024_JUL_SAP_D\SAP-D_T2\GOPR3294\Coral41.JPG,41,0.274,Sapangan,T2,2
Sapangan (Deep Only)\2024_JUL_SAP_D\SAP-D_T2\GOPR3294.JPG,Sapangan (Deep Only)\2024_JUL_SAP_D\SAP-D_T2\GOPR3294\Coral15.JPG,15,0.5315,Sapangan,T2,2
Sapangan (Deep Only)\2024_JUL_SAP_D\SAP-D_T2\GOPR3294.JPG,Sapangan (Deep Only)\2024_JUL_SAP_D\SAP-D_T2\GOPR3294\Coral61.JPG,61,0.1934,Sapangan,T2,2
Sapangan (Deep Only)\2024_JUL_SAP_D\SAP-D_T2\GOPR3294.JPG,Sapangan (Deep Only)\2024_JUL_SAP_D\SAP-D_T2\GOPR3294\Coral48.JPG,48,0.239,Sapangan,T2,2
Sapangan (Deep Only)\2024_JUL_SAP_D\SAP-D_T2\GOPR3294.JPG,Sapangan (Deep Only)\2024_JUL_SAP_D\SAP-D_T2\GOPR3294\Coral9.JPG,9,0.6072,Sapangan,T2,2
Sapangan (Deep Only)\2024_JUL_SAP_D\SAP-D_T2\GOPR3294.JPG,Sapangan (Deep Only)\2024_JUL_SAP_D\SAP-D_T2\GOPR3294\Coral56.JPG,56,0.2077,Sapangan,T2,2
Sapangan (Deep Only)\2024_JUL_SAP_D\SAP-D_T2\GOPR3294.JPG,Sapangan (Deep Only)\2024_JUL_SAP_D\SAP-D_T2\GOPR3294\Coral66.JPG,66,0.1685,Sapangan,T2,2
Sapangan (Deep Only)\2024_JUL_SAP_D\SAP-D_T2\GOPR3294.JPG,Sapangan (Deep Only)\2024_JUL_SAP_D\SAP-D_T2\GOPR3294\Coral45.JPG,45,0.244,Sapangan,T2,2
Sapangan (Deep Only)\2024_JUL_SAP_D\SAP-D_T2\GOPR3294.JPG,Sapangan (Deep Only)\2024_JUL_SAP_D\SAP-D_T2\GOPR3294\Coral7.JPG,7,0.6199,Sapangan,T2,2
Sapangan (Deep Only)\2024_JUL_SAP_D\SAP-D_T2\GOPR3294.JPG,Sapangan (Deep Only)\2024_JUL_SAP_D\SAP-D_T2\GOPR3294\Coral4.JPG,4,0.6723,Sapangan,T2,2
Sapangan (Deep Only)\2024_JUL_SAP_D\SAP-D_T2\GOPR3294.JPG,Sapangan (Deep Only)\2024_JUL_SAP_D\SAP-D_T2\GOPR3294\Coral14.JPG,14,0.5331,Sapangan,T2,2
Sapangan (Deep Only)\2024_JUL_SAP_D\SAP-D_T2\GOPR3294.JPG,Sapangan (Deep Only)\2024_JUL_SAP_D\SAP-D_T2\GOPR3294\Coral27.JPG,27,0.4082,Sapangan,T2,2
Sapangan (Deep Only)\2024_JUL_SAP_D\SAP-D_T2\GOPR3294.JPG,Sapangan (Deep Only)\2024_JUL_SAP_D\SAP-D_T2\GOPR3294\Coral6.JPG,6,0.6342,Sapangan,T2,2
Sapangan (Deep Only)\2024_JUL_SAP_D\SAP-D_T2\GOPR3294.JPG,Sapangan (Deep Only)\2024_JUL_SAP_D\SAP-D_T2\GOPR3294\Coral29.JPG,29,0.3953,Sapangan,T2,2
Sapangan (Deep Only)\2024_AUG_SAP_D\2024_AUG_S_T3\GOPR5036.JPG,Sapangan (Deep Only)\2024_AUG_SAP_D\2024_AUG_S_T3\GOPR5036\Coral4.JPG,4,0.3371,Sapangan,T3,2
Sapangan (Deep Only)\2024_JUL_SAP_D\SAP-D_T3\GOPR3335.JPG,Sapangan (Deep Only)\2024_JUL_SAP_D\SAP-D_T3\GOPR3335\Coral4.JPG,4,0.2268,Sapangan,T3,2
Sapangan (Deep Only)\2024_JUL_SAP_D\SAP-D_T3\GOPR3344.JPG,Sapangan (Deep Only)\2024_JUL_SAP_D\SAP-D_T3\GOPR3344\Coral18.JPG,18,0.2379,Sapangan,T3,2
Sapangan (Deep Only)\2024_AUG_SAP_D\2024_AUG_S_T3\GOPR5075.JPG,Sapangan (Deep Only)\2024_AUG_SAP_D\2024_AUG_S_T3\GOPR5075\Coral12.JPG,12,0.378,Sapangan,T3,2
Sapangan (Deep Only)\2024_AUG_SAP_D\2024_AUG_S_T3\GOPR5067.JPG,Sapangan (Deep Only)\2024_AUG_SAP_D\2024_AUG_S_T3\GOPR5067\Coral5.JPG,5,0.4227,Sapangan,T3,2
Sapangan (Deep Only)\2024_JUL_SAP_D\SAP-D_T3\GOPR3350.JPG,Sapangan (Deep Only)\2024_JUL_SAP_D\SAP-D_T3\GOPR3350\Coral3.JPG,3,0.3473,Sapangan,T3,2
Sapangan (Deep Only)\2024_AUG_SAP_D\2024_AUG_S_T3\GOPR5030.JPG,Sapangan (Deep Only)\2024_AUG_SAP_D\2024_AUG_S_T3\GOPR5030\Coral18.JPG,18,0.1748,Sapangan,T3,2
Sapangan (Deep Only)\2024_JUL_SAP_D\SAP-D_T3\GOPR3339.JPG,Sapangan (Deep Only)\2024_JUL_SAP_D\SAP-D_T3\GOPR3339\Coral3.JPG,3,0.294,Sapangan,T3,2
Sapangan (Deep Only)\2024_JUL_SAP_D\SAP-D_T3\GOPR3352.JPG,Sapangan (Deep Only)\2024_JUL_SAP_D\SAP-D_T3\GOPR3352\Coral2.JPG,2,0.185,Sapangan,T3,2
Sapangan (Deep Only)\2024_AUG_SAP_D\2024_AUG_S_T3\GOPR5049.JPG,Sapangan (Deep Only)\2024_AUG_SAP_D\2024_AUG_S_T3\GOPR5049\Coral2.JPG,2,0.7287,Sapangan,T3,2
Sapangan (Deep Only)\2024_JUL_SAP_D\SAP-D_T3\GOPR3368.JPG,Sapangan (Deep Only)\2024_JUL_SAP_D\SAP-D_T3\GOPR3368\Coral21.JPG,21,0.1593,Sapangan,T3,2
Sapangan (Deep Only)\2024_AUG_SAP_D\2024_AUG_S_T3\GOPR5057.JPG,Sapangan (Deep Only)\2024_AUG_SAP_D\2024_AUG_S_T3\GOPR5057\Coral18.JPG,18,0.2349,Sapangan,T3,2
Sapangan (Deep Only)\2024_JUL_SAP_D\SAP-D_T3\GOPR3340.JPG,Sapangan (Deep Only)\2024_JUL_SAP_D\SAP-D_T3\GOPR3340\Coral1.JPG,1,0.613,Sapangan,T3,2
Sapangan (Deep Only)\2024_AUG_SAP_D\2024_AUG_S_T3\GOPR5085.JPG,Sapangan (Deep Only)\2024_AUG_SAP_D\2024_AUG_S_T3\GOPR5085\Coral19.JPG,19,0.2205,Sapangan,T3,2
Sapangan (Deep Only)\2024_JUL_SAP_D\SAP-D_T3\GOPR3360.JPG,Sapangan (Deep Only)\2024_JUL_SAP_D\SAP-D_T3\GOPR3360\Coral1.JPG,1,0.7435,Sapangan,T3,2
Sapangan (Deep Only)\2024_AUG_SAP_D\2024_AUG_S_T3\GOPR5074.JPG,Sapangan (Deep Only)\2024_AUG_SAP_D\2024_AUG_S_T3\GOPR5074\Coral12.JPG,12,0.3242,Sapangan,T3,2
Sapangan (Deep Only)\2024_AUG_SAP_D\2024_AUG_S_T3\GOPR5068.JPG,Sapangan (Deep Only)\2024_AUG_SAP_D\2024_AUG_S_T3\GOPR5068\Coral10.JPG,10,0.275,Sapangan,T3,2
Sapangan (Deep Only)\2024_AUG_SAP_D\2024_AUG_S_T3\GOPR5026.JPG,Sapangan (Deep Only)\2024_AUG_SAP_D\2024_AUG_S_T3\GOPR5026\Coral17.JPG,17,0.1724,Sapangan,T3,2
Sapangan (Deep Only)\2024_AUG_SAP_D\2024_AUG_S_T3\GOPR5036.JPG,Sapangan (Deep Only)\2024_AUG_SAP_D\2024_AUG_S_T3\GOPR5036\Coral15.JPG,15,0.2142,Sapangan,T3,2
Sapangan (Deep Only)\2024_JUL_SAP_D\SAP-D_T3\GOPR3335.JPG,Sapangan (Deep Only)\2024_JUL_SAP_D\SAP-D_T3\GOPR3335\Coral7.JPG,7,0.1589,Sapangan,T3,2
Sapangan (Deep Only)\2024_JUL_SAP_D\SAP-D_T3\GOPR3349.JPG,Sapangan (Deep Only)\2024_JUL_SAP_D\SAP-D_T3\GOPR3349\Coral12.JPG,12,0.3123,Sapangan,T3,2
Sapangan (Deep Only)\2024_JUL_SAP_D\SAP-D_T3\GOPR3320.JPG,Sapangan (Deep Only)\2024_JUL_SAP_D\SAP-D_T3\GOPR3320\Coral5.JPG,5,0.2205,Sapangan,T3,2
Sapangan (Deep Only)\2024_AUG_SAP_D\2024_AUG_S_T3\GOPR5030.JPG,Sapangan (Deep Only)\2024_AUG_SAP_D\2024_AUG_S_T3\GOPR5030\Coral4.JPG,4,0.5393,Sapangan,T3,2
Sapangan (Deep Only)\2024_JUL_SAP_D\SAP-D_T3\GOPR3364.JPG,Sapangan (Deep Only)\2024_JUL_SAP_D\SAP-D_T3\GOPR3364\Coral6.JPG,6,0.2188,Sapangan,T3,2
Sapangan (Deep Only)\2024_JUL_SAP_D\SAP-D_T3\GOPR3343.JPG,Sapangan (Deep Only)\2024_JUL_SAP_D\SAP-D_T3\GOPR3343\Coral10.JPG,10,0.1523,Sapangan,T3,2
Sapangan (Deep Only)\2024_JUL_SAP_D\SAP-D_T3\GOPR3366.JPG,Sapangan (Deep Only)\2024_JUL_SAP_D\SAP-D_T3\GOPR3366\Coral9.JPG,9,0.316,Sapangan,T3,2
Sapangan (Deep Only)\2024_AUG_SAP_D\2024_AUG_S_T3\GOPR5037.JPG,Sapangan (Deep Only)\2024_AUG_SAP_D\2024_AUG_S_T3\GOPR5037\Coral1.JPG,1,0.7609,Sapangan,T3,2
Sapangan (Deep Only)\2024_AUG_SAP_D\2024_AUG_S_T3\GOPR5069.JPG,Sapangan (Deep Only)\2024_AUG_SAP_D\2024_AUG_S_T3\GOPR5069\Coral10.JPG,10,0.2038,Sapangan,T3,2
Sapangan (Deep Only)\2024_JUL_SAP_D\SAP-D_T3\GOPR3368.JPG,Sapangan (Deep Only)\2024_JUL_SAP_D\SAP-D_T3\GOPR3368\Coral3.JPG,3,0.5554,Sapangan,T3,2
Sapangan (Deep Only)\2024_JUL_SAP_D\SAP-D_T3\GOPR3346.JPG,Sapangan (Deep Only)\2024_JUL_SAP_D\SAP-D_T3\GOPR3346\Coral3.JPG,3,0.4575,Sapangan,T3,2
Sapangan (Deep Only)\2024_AUG_SAP_D\2024_AUG_S_T3\GOPR5085.JPG,Sapangan (Deep Only)\2024_AUG_SAP_D\2024_AUG_S_T3\GOPR5085\Coral18.JPG,18,0.2233,Sapangan,T3,2
Sapangan (Deep Only)\2024_JUL_SAP_D\SAP-D_T3\GOPR3367.JPG,Sapangan (Deep Only)\2024_JUL_SAP_D\SAP-D_T3\GOPR3367\Coral1.JPG,1,0.542,Sapangan,T3,2
Sapangan (Deep Only)\2024_AUG_SAP_D\2024_AUG_S_T3\GOPR5026.JPG,Sapangan (Deep Only)\2024_AUG_SAP_D\2024_AUG_S_T3\GOPR5026\Coral22.JPG,22,0.1519,Sapangan,T3,2
Sapangan (Deep Only)\2024_AUG_SAP_D\2024_AUG_S_T3\GOPR5053.JPG,Sapangan (Deep Only)\2024_AUG_SAP_D\2024_AUG_S_T3\GOPR5053\Coral21.JPG,21,0.2413,Sapangan,T3,2
Sapangan (Deep Only)\2024_AUG_SAP_D\2024_AUG_S_T3\GOPR5060.JPG,Sapangan (Deep Only)\2024_AUG_SAP_D\2024_AUG_S_T3\GOPR5060\Coral3.JPG,3,0.6493,Sapangan,T3,2
Sapangan (Deep Only)\2024_AUG_SAP_D\2024_AUG_S_T3\GOPR5036.JPG,Sapangan (Deep Only)\2024_AUG_SAP_D\2024_AUG_S_T3\GOPR5036\Coral10.JPG,10,0.2545,Sapangan,T3,2
Sapangan (Deep Only)\2024_JUL_SAP_D\SAP-D_T3\GOPR3356.JPG,Sapangan (Deep Only)\2024_JUL_SAP_D\SAP-D_T3\GOPR3356\Coral6.JPG,6,0.2947,Sapangan,T3,2
Sapangan (Deep Only)\2024_AUG_SAP_D\2024_AUG_S_T3\GOPR5071.JPG,Sapangan (Deep Only)\2024_AUG_SAP_D\2024_AUG_S_T3\GOPR5071\Coral25.JPG,25,0.3533,Sapangan,T3,2
Sapangan (Deep Only)\2024_JUL_SAP_D\SAP-D_T3\GOPR3333.JPG,Sapangan (Deep Only)\2024_JUL_SAP_D\SAP-D_T3\GOPR3333\Coral6.JPG,6,0.2323,Sapangan,T3,2
Sapangan (Deep Only)\2024_JUL_SAP_D\SAP-D_T3\GOPR3338.JPG,Sapangan (Deep Only)\2024_JUL_SAP_D\SAP-D_T3\GOPR3338\Coral3.JPG,3,0.3274,Sapangan,T3,2
Sapangan (Deep Only)\2024_JUL_SAP_D\SAP-D_T3\GOPR3357.JPG,Sapangan (Deep Only)\2024_JUL_SAP_D\SAP-D_T3\GOPR3357\Coral17.JPG,17,0.226,Sapangan,T3,2
Sapangan (Deep Only)\2024_AUG_SAP_D\2024_AUG_S_T3\GOPR5063.JPG,Sapangan (Deep Only)\2024_AUG_SAP_D\2024_AUG_S_T3\GOPR5063\Coral17.JPG,17,0.626,Sapangan,T3,2
Sapangan (Deep Only)\2024_JUL_SAP_D\SAP-D_T3\GOPR3336.JPG,Sapangan (Deep Only)\2024_JUL_SAP_D\SAP-D_T3\GOPR3336\Coral2.JPG,2,0.5905,Sapangan,T3,2
Sapangan (Deep Only)\2024_JUL_SAP_D\SAP-D_T3\GOPR3343.JPG,Sapangan (Deep Only)\2024_JUL_SAP_D\SAP-D_T3\GOPR3343\Coral6.JPG,6,0.2257,Sapangan,T3,2
Sapangan (Deep Only)\2024_AUG_SAP_D\2024_AUG_S_T3\GOPR5037.JPG,Sapangan (Deep Only)\2024_AUG_SAP_D\2024_AUG_S_T3\GOPR5037\Coral16.JPG,16,0.163,Sapangan,T3,2
Sapangan (Deep Only)\2024_AUG_SAP_D\2024_AUG_S_T3\GOPR5082.JPG,Sapangan (Deep Only)\2024_AUG_SAP_D\2024_AUG_S_T3\GOPR5082\Coral3.JPG,3,0.5595,Sapangan,T3,2
Sapangan (Deep Only)\2024_AUG_SAP_D\2024_AUG_S_T3\GOPR5032.JPG,Sapangan (Deep Only)\2024_AUG_SAP_D\2024_AUG_S_T3\GOPR5032\Coral6.JPG,6,0.1561,Sapangan,T3,2
Sapangan (Deep Only)\2024_JUL_SAP_D\SAP-D_T3\GOPR3340.JPG,Sapangan (Deep Only)\2024_JUL_SAP_D\SAP-D_T3\GOPR3340\Coral3.JPG,3,0.4821,Sapangan,T3,2
Sapangan (Deep Only)\2024_AUG_SAP_D\2024_AUG_S_T3\GOPR5034.JPG,Sapangan (Deep Only)\2024_AUG_SAP_D\2024_AUG_S_T3\GOPR5034\Coral9.JPG,9,0.2454,Sapangan,T3,2
Sapangan (Deep Only)\2024_JUL_SAP_D\SAP-D_T3\GOPR3329.JPG,Sapangan (Deep Only)\2024_JUL_SAP_D\SAP-D_T3\GOPR3329\Coral6.JPG,6,0.3027,Sapangan,T3,2
Sapangan (Deep Only)\2024_JUL_SAP_D\SAP-D_T3\GOPR3360.JPG,Sapangan (Deep Only)\2024_JUL_SAP_D\SAP-D_T3\GOPR3360\Coral2.JPG,2,0.3625,Sapangan,T3,2
Sapangan (Deep Only)\2024_AUG_SAP_D\2024_AUG_S_T3\GOPR5074.JPG,Sapangan (Deep Only)\2024_AUG_SAP_D\2024_AUG_S_T3\GOPR5074\Coral22.JPG,22,0.1807,Sapangan,T3,2
Sapangan (Deep Only)\2024_AUG_SAP_D\2024_AUG_S_T3\GOPR5039.JPG,Sapangan (Deep Only)\2024_AUG_SAP_D\2024_AUG_S_T3\GOPR5039\Coral12.JPG,12,0.1988,Sapangan,T3,2
Sapangan (Deep Only)\2024_JUL_SAP_D\SAP-D_T3\GOPR3365.JPG,Sapangan (Deep Only)\2024_JUL_SAP_D\SAP-D_T3\GOPR3365\Coral4.JPG,4,0.2041,Sapangan,T3,2
Sapangan (Deep Only)\2024_JUL_SAP_D\SAP-D_T3\GOPR3353.JPG,Sapangan (Deep Only)\2024_JUL_SAP_D\SAP-D_T3\GOPR3353\Coral3.JPG,3,0.2449,Sapangan,T3,2
Sapangan (Deep Only)\2024_AUG_SAP_D\2024_AUG_S_T3\GOPR5061.JPG,Sapangan (Deep Only)\2024_AUG_SAP_D\2024_AUG_S_T3\GOPR5061\Coral8.JPG,8,0.3009,Sapangan,T3,2
Sapangan (Deep Only)\2024_AUG_SAP_D\2024_AUG_S_T3\GOPR5025.JPG,Sapangan (Deep Only)\2024_AUG_SAP_D\2024_AUG_S_T3\GOPR5025\Coral3.JPG,3,0.3127,Sapangan,T3,2
Sapangan (Deep Only)\2024_AUG_SAP_D\2024_AUG_S_T3\GOPR5065.JPG,Sapangan (Deep Only)\2024_AUG_SAP_D\2024_AUG_S_T3\GOPR5065\Coral4.JPG,4,0.6265,Sapangan,T3,2
Sapangan (Deep Only)\2024_AUG_SAP_D\2024_AUG_S_T3\GOPR5033.JPG,Sapangan (Deep Only)\2024_AUG_SAP_D\2024_AUG_S_T3\GOPR5033\Coral11.JPG,11,0.2661,Sapangan,T3,2
Sapangan (Deep Only)\2024_AUG_SAP_D\2024_AUG_S_T3\GOPR5033.JPG,Sapangan (Deep Only)\2024_AUG_SAP_D\2024_AUG_S_T3\GOPR5033\Coral16.JPG,16,0.1807,Sapangan,T3,2
Sapangan (Deep Only)\2024_AUG_SAP_D\2024_AUG_S_T3\GOPR5033.JPG,Sapangan (Deep Only)\2024_AUG_SAP_D\2024_AUG_S_T3\GOPR5033\Coral15.JPG,15,0.1966,Sapangan,T3,2
Sapangan (Deep Only)\2024_AUG_SAP_D\2024_AUG_S_T3\GOPR5048.JPG,Sapangan (Deep Only)\2024_AUG_SAP_D\2024_AUG_S_T3\GOPR5048\Coral19.JPG,19,0.165,Sapangan,T3,2
Sapangan (Deep Only)\2024_AUG_SAP_D\2024_AUG_S_T3\GOPR5048.JPG,Sapangan (Deep Only)\2024_AUG_SAP_D\2024_AUG_S_T3\GOPR5048\Coral13.JPG,13,0.2916,Sapangan,T3,2
Sapangan (Deep Only)\2024_AUG_SAP_D\2024_AUG_S_T3\GOPR5048.JPG,Sapangan (Deep Only)\2024_AUG_SAP_D\2024_AUG_S_T3\GOPR5048\Coral11.JPG,11,0.3021,Sapangan,T3,2
Sapangan (Deep Only)\2024_JUL_SAP_D\SAP-D_T3\GOPR3345.JPG,Sapangan (Deep Only)\2024_JUL_SAP_D\SAP-D_T3\GOPR3345\Coral3.JPG,3,0.2841,Sapangan,T3,2
Sapangan (Deep Only)\2024_JUL_SAP_D\SAP-D_T3\GOPR3345.JPG,Sapangan (Deep Only)\2024_JUL_SAP_D\SAP-D_T3\GOPR3345\Coral10.JPG,10,0.1605,Sapangan,T3,2
Sapangan (Deep Only)\2024_AUG_SAP_D\2024_AUG_S_T3\GOPR5060.JPG,Sapangan (Deep Only)\2024_AUG_SAP_D\2024_AUG_S_T3\GOPR5060\Coral5.JPG,5,0.6084,Sapangan,T3,2
Sapangan (Deep Only)\2024_AUG_SAP_D\2024_AUG_S_T3\GOPR5060.JPG,Sapangan (Deep Only)\2024_AUG_SAP_D\2024_AUG_S_T3\GOPR5060\Coral17.JPG,17,0.2858,Sapangan,T3,2
Sapangan (Deep Only)\2024_JUL_SAP_D\SAP-D_T3\GOPR3327.JPG,Sapangan (Deep Only)\2024_JUL_SAP_D\SAP-D_T3\GOPR3327\Coral13.JPG,13,0.1814,Sapangan,T3,2
Sapangan (Deep Only)\2024_JUL_SAP_D\SAP-D_T3\GOPR3327.JPG,Sapangan (Deep Only)\2024_JUL_SAP_D\SAP-D_T3\GOPR3327\Coral12.JPG,12,0.1948,Sapangan,T3,2
Sapangan (Deep Only)\2024_AUG_SAP_D\2024_AUG_S_T3\GOPR5024.JPG,Sapangan (Deep Only)\2024_AUG_SAP_D\2024_AUG_S_T3\GOPR5024\Coral11.JPG,11,0.1763,Sapangan,T3,2
Sapangan (Deep Only)\2024_AUG_SAP_D\2024_AUG_S_T3\GOPR5064.JPG,Sapangan (Deep Only)\2024_AUG_SAP_D\2024_AUG_S_T3\GOPR5064\Coral5.JPG,5,0.7157,Sapangan,T3,2
Sapangan (Deep Only)\2024_AUG_SAP_D\2024_AUG_S_T3\GOPR5064.JPG,Sapangan (Deep Only)\2024_AUG_SAP_D\2024_AUG_S_T3\GOPR5064\Coral2.JPG,2,0.7695,Sapangan,T3,2
Sapangan (Deep Only)\2024_AUG_SAP_D\2024_AUG_S_T3\GOPR5064.JPG,Sapangan (Deep Only)\2024_AUG_SAP_D\2024_AUG_S_T3\GOPR5064\Coral15.JPG,15,0.4162,Sapangan,T3,2
Sapangan (Deep Only)\2024_AUG_SAP_D\2024_AUG_S_T3\GOPR5064.JPG,Sapangan (Deep Only)\2024_AUG_SAP_D\2024_AUG_S_T3\GOPR5064\Coral17.JPG,17,0.383,Sapangan,T3,2
Sapangan (Deep Only)\2024_AUG_SAP_D\2024_AUG_S_T3\GOPR5064.JPG,Sapangan (Deep Only)\2024_AUG_SAP_D\2024_AUG_S_T3\GOPR5064\Coral7.JPG,7,0.6603,Sapangan,T3,2
Sapangan (Deep Only)\2024_JUL_SAP_D\SAP-D_T3\GOPR3324.JPG,Sapangan (Deep Only)\2024_JUL_SAP_D\SAP-D_T3\GOPR3324\Coral3.JPG,3,0.4657,Sapangan,T3,2
Sapangan (Deep Only)\2024_JUL_SAP_D\SAP-D_T3\GOPR3324.JPG,Sapangan (Deep Only)\2024_JUL_SAP_D\SAP-D_T3\GOPR3324\Coral5.JPG,5,0.417,Sapangan,T3,2
Sapangan (Deep Only)\2024_JUL_SAP_D\SAP-D_T3\GOPR3324.JPG,Sapangan (Deep Only)\2024_JUL_SAP_D\SAP-D_T3\GOPR3324\Coral13.JPG,13,0.1791,Sapangan,T3,2
Sapangan (Deep Only)\2024_AUG_SAP_D\2024_AUG_S_T3\GOPR5036.JPG,Sapangan (Deep Only)\2024_AUG_SAP_D\2024_AUG_S_T3\GOPR5036\Coral18.JPG,18,0.1949,Sapangan,T3,2
Sapangan (Deep Only)\2024_AUG_SAP_D\2024_AUG_S_T3\GOPR5036.JPG,Sapangan (Deep Only)\2024_AUG_SAP_D\2024_AUG_S_T3\GOPR5036\Coral2.JPG,2,0.5308,Sapangan,T3,2
Sapangan (Deep Only)\2024_AUG_SAP_D\2024_AUG_S_T3\GOPR5036.JPG,Sapangan (Deep Only)\2024_AUG_SAP_D\2024_AUG_S_T3\GOPR5036\Coral7.JPG,7,0.2819,Sapangan,T3,2
Sapangan (Deep Only)\2024_AUG_SAP_D\2024_AUG_S_T3\GOPR5070.JPG,Sapangan (Deep Only)\2024_AUG_SAP_D\2024_AUG_S_T3\GOPR5070\Coral32.JPG,32,0.1966,Sapangan,T3,2
Sapangan (Deep Only)\2024_AUG_SAP_D\2024_AUG_S_T3\GOPR5070.JPG,Sapangan (Deep Only)\2024_AUG_SAP_D\2024_AUG_S_T3\GOPR5070\Coral16.JPG,16,0.3298,Sapangan,T3,2
Sapangan (Deep Only)\2024_AUG_SAP_D\2024_AUG_S_T3\GOPR5070.JPG,Sapangan (Deep Only)\2024_AUG_SAP_D\2024_AUG_S_T3\GOPR5070\Coral17.JPG,17,0.3189,Sapangan,T3,2
Sapangan (Deep Only)\2024_AUG_SAP_D\2024_AUG_S_T3\GOPR5070.JPG,Sapangan (Deep Only)\2024_AUG_SAP_D\2024_AUG_S_T3\GOPR5070\Coral39.JPG,39,0.161,Sapangan,T3,2
Sapangan (Deep Only)\2024_AUG_SAP_D\2024_AUG_S_T3\GOPR5070.JPG,Sapangan (Deep Only)\2024_AUG_SAP_D\2024_AUG_S_T3\GOPR5070\Coral20.JPG,20,0.2982,Sapangan,T3,2
Sapangan (Deep Only)\2024_AUG_SAP_D\2024_AUG_S_T3\GOPR5070.JPG,Sapangan (Deep Only)\2024_AUG_SAP_D\2024_AUG_S_T3\GOPR5070\Coral43.JPG,43,0.1549,Sapangan,T3,2
Sapangan (Deep Only)\2024_AUG_SAP_D\2024_AUG_S_T3\GOPR5070.JPG,Sapangan (Deep Only)\2024_AUG_SAP_D\2024_AUG_S_T3\GOPR5070\Coral5.JPG,5,0.5097,Sapangan,T3,2
Sapangan (Deep Only)\2024_AUG_SAP_D\2024_AUG_S_T3\GOPR5070.JPG,Sapangan (Deep Only)\2024_AUG_SAP_D\2024_AUG_S_T3\GOPR5070\Coral46.JPG,46,0.1502,Sapangan,T3,2
Sapangan (Deep Only)\2024_AUG_SAP_D\2024_AUG_S_T3\GOPR5070.JPG,Sapangan (Deep Only)\2024_AUG_SAP_D\2024_AUG_S_T3\GOPR5070\Coral22.JPG,22,0.2856,Sapangan,T3,2
Sapangan (Deep Only)\2024_AUG_SAP_D\2024_AUG_S_T3\GOPR5070.JPG,Sapangan (Deep Only)\2024_AUG_SAP_D\2024_AUG_S_T3\GOPR5070\Coral34.JPG,34,0.1785,Sapangan,T3,2
Sapangan (Deep Only)\2024_AUG_SAP_D\2024_AUG_S_T3\GOPR5070.JPG,Sapangan (Deep Only)\2024_AUG_SAP_D\2024_AUG_S_T3\GOPR5070\Coral13.JPG,13,0.3673,Sapangan,T3,2
Sapangan (Deep Only)\2024_AUG_SAP_D\2024_AUG_S_T3\GOPR5070.JPG,Sapangan (Deep Only)\2024_AUG_SAP_D\2024_AUG_S_T3\GOPR5070\Coral45.JPG,45,0.151,Sapangan,T3,2
Sapangan (Deep Only)\2024_AUG_SAP_D\2024_AUG_S_T3\GOPR5070.JPG,Sapangan (Deep Only)\2024_AUG_SAP_D\2024_AUG_S_T3\GOPR5070\Coral19.JPG,19,0.3024,Sapangan,T3,2
Sapangan (Deep Only)\2024_AUG_SAP_D\2024_AUG_S_T3\GOPR5070.JPG,Sapangan (Deep Only)\2024_AUG_SAP_D\2024_AUG_S_T3\GOPR5070\Coral4.JPG,4,0.5735,Sapangan,T3,2
Sapangan (Deep Only)\2024_JUL_SAP_D\SAP-D_T3\GOPR3356.JPG,Sapangan (Deep Only)\2024_JUL_SAP_D\SAP-D_T3\GOPR3356\Coral12.JPG,12,0.1523,Sapangan,T3,2
Sapangan (Deep Only)\2024_JUL_SAP_D\SAP-D_T3\GOPR3356.JPG,Sapangan (Deep Only)\2024_JUL_SAP_D\SAP-D_T3\GOPR3356\Coral9.JPG,9,0.215,Sapangan,T3,2
Sapangan (Deep Only)\2024_JUL_SAP_D\SAP-D_T3\GOPR3356.JPG,Sapangan (Deep Only)\2024_JUL_SAP_D\SAP-D_T3\GOPR3356\Coral5.JPG,5,0.4025,Sapangan,T3,2
Sapangan (Deep Only)\2024_AUG_SAP_D\2024_AUG_S_T3\GOPR5071.JPG,Sapangan (Deep Only)\2024_AUG_SAP_D\2024_AUG_S_T3\GOPR5071\Coral36.JPG,36,0.2079,Sapangan,T3,2
Sapangan (Deep Only)\2024_AUG_SAP_D\2024_AUG_S_T3\GOPR5071.JPG,Sapangan (Deep Only)\2024_AUG_SAP_D\2024_AUG_S_T3\GOPR5071\Coral31.JPG,31,0.2533,Sapangan,T3,2
Sapangan (Deep Only)\2024_AUG_SAP_D\2024_AUG_S_T3\GOPR5071.JPG,Sapangan (Deep Only)\2024_AUG_SAP_D\2024_AUG_S_T3\GOPR5071\Coral49.JPG,49,0.174,Sapangan,T3,2
Sapangan (Deep Only)\2024_AUG_SAP_D\2024_AUG_S_T3\GOPR5071.JPG,Sapangan (Deep Only)\2024_AUG_SAP_D\2024_AUG_S_T3\GOPR5071\Coral45.JPG,45,0.1792,Sapangan,T3,2
Sapangan (Deep Only)\2024_AUG_SAP_D\2024_AUG_S_T3\GOPR5071.JPG,Sapangan (Deep Only)\2024_AUG_SAP_D\2024_AUG_S_T3\GOPR5071\Coral30.JPG,30,0.258,Sapangan,T3,2
Sapangan (Deep Only)\2024_AUG_SAP_D\2024_AUG_S_T3\GOPR5071.JPG,Sapangan (Deep Only)\2024_AUG_SAP_D\2024_AUG_S_T3\GOPR5071\Coral55.JPG,55,0.1508,Sapangan,T3,2
Sapangan (Deep Only)\2024_AUG_SAP_D\2024_AUG_S_T3\GOPR5071.JPG,Sapangan (Deep Only)\2024_AUG_SAP_D\2024_AUG_S_T3\GOPR5071\Coral39.JPG,39,0.2011,Sapangan,T3,2
Sapangan (Deep Only)\2024_AUG_SAP_D\2024_AUG_S_T3\GOPR5071.JPG,Sapangan (Deep Only)\2024_AUG_SAP_D\2024_AUG_S_T3\GOPR5071\Coral54.JPG,54,0.155,Sapangan,T3,2
Sapangan (Deep Only)\2024_AUG_SAP_D\2024_AUG_S_T3\GOPR5071.JPG,Sapangan (Deep Only)\2024_AUG_SAP_D\2024_AUG_S_T3\GOPR5071\Coral17.JPG,17,0.4323,Sapangan,T3,2
Sapangan (Deep Only)\2024_AUG_SAP_D\2024_AUG_S_T3\GOPR5071.JPG,Sapangan (Deep Only)\2024_AUG_SAP_D\2024_AUG_S_T3\GOPR5071\Coral2.JPG,2,0.6557,Sapangan,T3,2
Sapangan (Deep Only)\2024_AUG_SAP_D\2024_AUG_S_T3\GOPR5071.JPG,Sapangan (Deep Only)\2024_AUG_SAP_D\2024_AUG_S_T3\GOPR5071\Coral15.JPG,15,0.4464,Sapangan,T3,2
Sapangan (Deep Only)\2024_JUL_SAP_D\SAP-D_T3\GOPR3359.JPG,Sapangan (Deep Only)\2024_JUL_SAP_D\SAP-D_T3\GOPR3359\Coral12.JPG,12,0.1822,Sapangan,T3,2
