Name,Date,Monitoring Station,Transect number,Quadrat number,Temperature,Observer,Height (cm),Latitude,Longitude,Depth,Camera,Photographer,Water quality,Strobes,Framing gear used,White balance card,Comments
2024_AUG_CG_D_T1/GOPR4527.JPG,2024-08-03,Coral Garden D,T1,1,30,,,"13,51937","120,95555",8,GoPro 9,,,,,,
2024_AUG_CG_D_T1/GOPR4528.JPG,2024-08-03,Coral Garden D,T1,2,30,,,"13,51937","120,95555",8,GoPro 9,,,,,,
2024_AUG_CG_D_T1/GOPR4529.JPG,2024-08-03,Coral Garden D,T1,3,30,,,"13,51937","120,95555",8,GoPro 9,,,,,,
2024_AUG_CG_D_T1/GOPR4530.JPG,2024-08-03,Coral Garden D,T1,4,30,,,"13,51937","120,95555",8,GoPro 9,,,,,,
2024_AUG_CG_D_T1/GOPR4531.JPG,2024-08-03,Coral Garden D,T1,5,30,,,"13,51937","120,95555",8,GoPro 9,,,,,,
2024_AUG_CG_D_T1/GOPR4532.JPG,2024-08-03,Coral Garden D,T1,6,30,,,"13,51937","120,95555",8,GoPro 9,,,,,,
2024_AUG_CG_D_T1/GOPR4533.JPG,2024-08-03,Coral Garden D,T1,7,30,,,"13,51937","120,95555",8,GoPro 9,,,,,,
2024_AUG_CG_D_T1/GOPR4534.JPG,2024-08-03,Coral Garden D,T1,8,30,,,"13,51937","120,95555",8,GoPro 9,,,,,,
2024_AUG_CG_D_T1/GOPR4535.JPG,2024-08-03,Coral Garden D,T1,9,30,,,"13,51937","120,95555",8,GoPro 9,,,,,,
2024_AUG_CG_D_T1/GOPR4536.JPG,2024-08-03,Coral Garden D,T1,10,30,,,"13,51937","120,95555",8,GoPro 9,,,,,,
2024_AUG_CG_D_T1/GOPR4537.JPG,2024-08-03,Coral Garden D,T1,11,30,,,"13,51937","120,95555",8,GoPro 9,,,,,,
2024_AUG_CG_D_T1/GOPR4538.JPG,2024-08-03,Coral Garden D,T1,12,30,,,"13,51937","120,95555",8,GoPro 9,,,,,,
2024_AUG_CG_D_T1/GOPR4539.JPG,2024-08-03,Coral Garden D,T1,13,30,,,"13,51937","120,95555",8,GoPro 9,,,,,,
2024_AUG_CG_D_T1/GOPR4549.JPG,2024-08-03,Coral Garden D,T1,14,30,,,"13,51937","120,95555",8,GoPro 9,,,,,,
2024_AUG_CG_D_T1/GOPR4550.JPG,2024-08-03,Coral Garden D,T1,15,30,,,"13,51937","120,95555",8,GoPro 9,,,,,,
2024_AUG_CG_D_T1/GOPR4551.JPG,2024-08-03,Coral Garden D,T1,16,30,,,"13,51937","120,95555",8,GoPro 9,,,,,,
2024_AUG_CG_D_T1/GOPR4552.JPG,2024-08-03,Coral Garden D,T1,17,30,,,"13,51937","120,95555",8,GoPro 9,,,,,,
2024_AUG_CG_D_T1/GOPR4553.JPG,2024-08-03,Coral Garden D,T1,18,30,,,"13,51937","120,95555",8,GoPro 9,,,,,,
2024_AUG_CG_D_T1/GOPR4554.JPG,2024-08-03,Coral Garden D,T1,19,30,,,"13,51937","120,95555",8,GoPro 9,,,,,,
2024_AUG_CG_D_T1/GOPR4555.JPG,2024-08-03,Coral Garden D,T1,20,30,,,"13,51937","120,95555",8,GoPro 9,,,,,,
2024_AUG_CG_D_T1/GOPR4556.JPG,2024-08-03,Coral Garden D,T1,21,30,,,"13,51937","120,95555",8,GoPro 9,,,,,,
2024_AUG_CG_D_T1/GOPR4557.JPG,2024-08-03,Coral Garden D,T1,22,30,,,"13,51937","120,95555",8,GoPro 9,,,,,,
2024_AUG_CG_D_T1/GOPR4558.JPG,2024-08-03,Coral Garden D,T1,23,30,,,"13,51937","120,95555",8,GoPro 9,,,,,,
2024_AUG_CG_D_T1/GOPR4559.JPG,2024-08-03,Coral Garden D,T1,24,30,,,"13,51937","120,95555",8,GoPro 9,,,,,,
2024_AUG_CG_D_T1/GOPR4560.JPG,2024-08-03,Coral Garden D,T1,25,30,,,"13,51937","120,95555",8,GoPro 9,,,,,,
2024_AUG_CG_D_T1/GOPR4561.JPG,2024-08-03,Coral Garden D,T1,26,30,,,"13,51937","120,95555",8,GoPro 9,,,,,,
2024_AUG_CG_D_T1/GOPR4562.JPG,2024-08-03,Coral Garden D,T1,27,30,,,"13,51937","120,95555",8,GoPro 9,,,,,,
2024_AUG_CG_D_T1/GOPR4563.JPG,2024-08-03,Coral Garden D,T1,28,30,,,"13,51937","120,95555",8,GoPro 9,,,,,,
2024_AUG_CG_D_T1/GOPR4564.JPG,2024-08-03,Coral Garden D,T1,29,30,,,"13,51937","120,95555",8,GoPro 9,,,,,,
2024_AUG_CG_D_T1/GOPR4565.JPG,2024-08-03,Coral Garden D,T1,30,30,,,"13,51937","120,95555",8,GoPro 9,,,,,,
2024_AUG_CG_D_T1/GOPR4566.JPG,2024-08-03,Coral Garden D,T1,31,30,,,"13,51937","120,95555",8,GoPro 9,,,,,,
2024_AUG_CG_D_T1/GOPR4567.JPG,2024-08-03,Coral Garden D,T1,32,30,,,"13,51937","120,95555",8,GoPro 9,,,,,,
2024_AUG_CG_D_T1/GOPR4568.JPG,2024-08-03,Coral Garden D,T1,33,30,,,"13,51937","120,95555",8,GoPro 9,,,,,,
2024_AUG_CG_D_T1/GOPR4569.JPG,2024-08-03,Coral Garden D,T1,34,30,,,"13,51937","120,95555",8,GoPro 9,,,,,,
2024_AUG_CG_D_T1/GOPR4570.JPG,2024-08-03,Coral Garden D,T1,35,30,,,"13,51937","120,95555",8,GoPro 9,,,,,,
2024_AUG_CG_D_T1/GOPR4571.JPG,2024-08-03,Coral Garden D,T1,36,30,,,"13,51937","120,95555",8,GoPro 9,,,,,,
2024_AUG_CG_D_T1/GOPR4572.JPG,2024-08-03,Coral Garden D,T1,37,30,,,"13,51937","120,95555",8,GoPro 9,,,,,,
2024_AUG_CG_D_T1/GOPR4573.JPG,2024-08-03,Coral Garden D,T1,38,30,,,"13,51937","120,95555",8,GoPro 9,,,,,,
2024_AUG_CG_D_T1/GOPR4574.JPG,2024-08-03,Coral Garden D,T1,39,30,,,"13,51937","120,95555",8,GoPro 9,,,,,,
2024_AUG_CG_D_T1/GOPR4575.JPG,2024-08-03,Coral Garden D,T1,40,30,,,"13,51937","120,95555",8,GoPro 9,,,,,,
2024_AUG_CG_D_T1/GOPR4576.JPG,2024-08-03,Coral Garden D,T1,41,30,,,"13,51937","120,95555",8,GoPro 9,,,,,,
2024_AUG_CG_D_T1/GOPR4577.JPG,2024-08-03,Coral Garden D,T1,42,30,,,"13,51937","120,95555",8,GoPro 9,,,,,,
2024_AUG_CG_D_T1/GOPR4578.JPG,2024-08-03,Coral Garden D,T1,43,30,,,"13,51937","120,95555",8,GoPro 9,,,,,,
2024_AUG_CG_D_T1/GOPR4579.JPG,2024-08-03,Coral Garden D,T1,44,30,,,"13,51937","120,95555",8,GoPro 9,,,,,,
2024_AUG_CG_D_T1/GOPR4580.JPG,2024-08-03,Coral Garden D,T1,45,30,,,"13,51937","120,95555",8,GoPro 9,,,,,,
2024_AUG_CG_D_T1/GOPR4581.JPG,2024-08-03,Coral Garden D,T1,46,30,,,"13,51937","120,95555",8,GoPro 9,,,,,,
2024_AUG_CG_D_T1/GOPR4582.JPG,2024-08-03,Coral Garden D,T1,47,30,,,"13,51937","120,95555",8,GoPro 9,,,,,,
2024_AUG_CG_D_T1/GOPR4583.JPG,2024-08-03,Coral Garden D,T1,48,30,,,"13,51937","120,95555",8,GoPro 9,,,,,,
2024_AUG_CG_D_T1/GOPR4584.JPG,2024-08-03,Coral Garden D,T1,49,30,,,"13,51937","120,95555",8,GoPro 9,,,,,,
2024_AUG_CG_D_T1/GOPR4585.JPG,2024-08-03,Coral Garden D,T1,50,30,,,"13,51937","120,95555",8,GoPro 9,,,,,,
2024_AUG_CG_D_T2/GOPR4588.JPG,2024-08-03,Coral Garden D,T2,1,30,,,"13,51937","120,95555",8,GoPro 9,,,,,,
2024_AUG_CG_D_T2/GOPR4589.JPG,2024-08-03,Coral Garden D,T2,2,30,,,"13,51937","120,95555",8,GoPro 9,,,,,,
2024_AUG_CG_D_T2/GOPR4590.JPG,2024-08-03,Coral Garden D,T2,3,30,,,"13,51937","120,95555",8,GoPro 9,,,,,,
2024_AUG_CG_D_T2/GOPR4591.JPG,2024-08-03,Coral Garden D,T2,4,30,,,"13,51937","120,95555",8,GoPro 9,,,,,,
2024_AUG_CG_D_T2/GOPR4592.JPG,2024-08-03,Coral Garden D,T2,5,30,,,"13,51937","120,95555",8,GoPro 9,,,,,,
2024_AUG_CG_D_T2/GOPR4593.JPG,2024-08-03,Coral Garden D,T2,6,30,,,"13,51937","120,95555",8,GoPro 9,,,,,,
2024_AUG_CG_D_T2/GOPR4594.JPG,2024-08-03,Coral Garden D,T2,7,30,,,"13,51937","120,95555",8,GoPro 9,,,,,,
2024_AUG_CG_D_T2/GOPR4595.JPG,2024-08-03,Coral Garden D,T2,8,30,,,"13,51937","120,95555",8,GoPro 9,,,,,,
2024_AUG_CG_D_T2/GOPR4596.JPG,2024-08-03,Coral Garden D,T2,9,30,,,"13,51937","120,95555",8,GoPro 9,,,,,,
2024_AUG_CG_D_T2/GOPR4597.JPG,2024-08-03,Coral Garden D,T2,10,30,,,"13,51937","120,95555",8,GoPro 9,,,,,,
2024_AUG_CG_D_T2/GOPR4598.JPG,2024-08-03,Coral Garden D,T2,11,30,,,"13,51937","120,95555",8,GoPro 9,,,,,,
2024_AUG_CG_D_T2/GOPR4599.JPG,2024-08-03,Coral Garden D,T2,12,30,,,"13,51937","120,95555",8,GoPro 9,,,,,,
2024_AUG_CG_D_T2/GOPR4600.JPG,2024-08-03,Coral Garden D,T2,13,30,,,"13,51937","120,95555",8,GoPro 9,,,,,,
2024_AUG_CG_D_T2/GOPR4601.JPG,2024-08-03,Coral Garden D,T2,14,30,,,"13,51937","120,95555",8,GoPro 9,,,,,,
2024_AUG_CG_D_T2/GOPR4602.JPG,2024-08-03,Coral Garden D,T2,15,30,,,"13,51937","120,95555",8,GoPro 9,,,,,,
2024_AUG_CG_D_T2/GOPR4603.JPG,2024-08-03,Coral Garden D,T2,16,30,,,"13,51937","120,95555",8,GoPro 9,,,,,,
2024_AUG_CG_D_T2/GOPR4604.JPG,2024-08-03,Coral Garden D,T2,17,30,,,"13,51937","120,95555",8,GoPro 9,,,,,,
2024_AUG_CG_D_T2/GOPR4605.JPG,2024-08-03,Coral Garden D,T2,18,30,,,"13,51937","120,95555",8,GoPro 9,,,,,,
2024_AUG_CG_D_T2/GOPR4606.JPG,2024-08-03,Coral Garden D,T2,29,30,,,"13,51937","120,95555",8,GoPro 9,,,,,,
2024_AUG_CG_D_T2/GOPR4607.JPG,2024-08-03,Coral Garden D,T2,20,30,,,"13,51937","120,95555",8,GoPro 9,,,,,,
2024_AUG_CG_D_T2/GOPR4608.JPG,2024-08-03,Coral Garden D,T2,21,30,,,"13,51937","120,95555",8,GoPro 9,,,,,,
2024_AUG_CG_D_T2/GOPR4609.JPG,2024-08-03,Coral Garden D,T2,22,30,,,"13,51937","120,95555",8,GoPro 9,,,,,,
2024_AUG_CG_D_T2/GOPR4610.JPG,2024-08-03,Coral Garden D,T2,23,30,,,"13,51937","120,95555",8,GoPro 9,,,,,,
2024_AUG_CG_D_T2/GOPR4611.JPG,2024-08-03,Coral Garden D,T2,24,30,,,"13,51937","120,95555",8,GoPro 9,,,,,,
2024_AUG_CG_D_T2/GOPR4612.JPG,2024-08-03,Coral Garden D,T2,25,30,,,"13,51937","120,95555",8,GoPro 9,,,,,,
2024_AUG_CG_D_T2/GOPR4613.JPG,2024-08-03,Coral Garden D,T2,26,30,,,"13,51937","120,95555",8,GoPro 9,,,,,,
2024_AUG_CG_D_T2/GOPR4614.JPG,2024-08-03,Coral Garden D,T2,27,30,,,"13,51937","120,95555",8,GoPro 9,,,,,,
2024_AUG_CG_D_T2/GOPR4615.JPG,2024-08-03,Coral Garden D,T2,28,30,,,"13,51937","120,95555",8,GoPro 9,,,,,,
2024_AUG_CG_D_T2/GOPR4616.JPG,2024-08-03,Coral Garden D,T2,29,30,,,"13,51937","120,95555",8,GoPro 9,,,,,,
2024_AUG_CG_D_T2/GOPR4617.JPG,2024-08-03,Coral Garden D,T2,30,30,,,"13,51937","120,95555",8,GoPro 9,,,,,,
2024_AUG_CG_D_T2/GOPR4618.JPG,2024-08-03,Coral Garden D,T2,31,30,,,"13,51937","120,95555",8,GoPro 9,,,,,,
2024_AUG_CG_D_T2/GOPR4619.JPG,2024-08-03,Coral Garden D,T2,32,30,,,"13,51937","120,95555",8,GoPro 9,,,,,,
2024_AUG_CG_D_T2/GOPR4620.JPG,2024-08-03,Coral Garden D,T2,33,30,,,"13,51937","120,95555",8,GoPro 9,,,,,,
2024_AUG_CG_D_T2/GOPR4621.JPG,2024-08-03,Coral Garden D,T2,34,30,,,"13,51937","120,95555",8,GoPro 9,,,,,,
2024_AUG_CG_D_T2/GOPR4622.JPG,2024-08-03,Coral Garden D,T2,35,30,,,"13,51937","120,95555",8,GoPro 9,,,,,,
2024_AUG_CG_D_T2/GOPR4623.JPG,2024-08-03,Coral Garden D,T2,36,30,,,"13,51937","120,95555",8,GoPro 9,,,,,,
2024_AUG_CG_D_T2/GOPR4624.JPG,2024-08-03,Coral Garden D,T2,37,30,,,"13,51937","120,95555",8,GoPro 9,,,,,,
2024_AUG_CG_D_T2/GOPR4625.JPG,2024-08-03,Coral Garden D,T2,38,30,,,"13,51937","120,95555",8,GoPro 9,,,,,,
2024_AUG_CG_D_T2/GOPR4626.JPG,2024-08-03,Coral Garden D,T2,39,30,,,"13,51937","120,95555",8,GoPro 9,,,,,,
2024_AUG_CG_D_T2/GOPR4627.JPG,2024-08-03,Coral Garden D,T2,40,30,,,"13,51937","120,95555",8,GoPro 9,,,,,,
2024_AUG_CG_D_T2/GOPR4628.JPG,2024-08-03,Coral Garden D,T2,41,30,,,"13,51937","120,95555",8,GoPro 9,,,,,,
2024_AUG_CG_D_T2/GOPR4629.JPG,2024-08-03,Coral Garden D,T2,42,30,,,"13,51937","120,95555",8,GoPro 9,,,,,,
2024_AUG_CG_D_T2/GOPR4630.JPG,2024-08-03,Coral Garden D,T2,43,30,,,"13,51937","120,95555",8,GoPro 9,,,,,,
2024_AUG_CG_D_T2/GOPR4631.JPG,2024-08-03,Coral Garden D,T2,44,30,,,"13,51937","120,95555",8,GoPro 9,,,,,,
2024_AUG_CG_D_T2/GOPR4632.JPG,2024-08-03,Coral Garden D,T2,45,30,,,"13,51937","120,95555",8,GoPro 9,,,,,,
2024_AUG_CG_D_T2/GOPR4633.JPG,2024-08-03,Coral Garden D,T2,46,30,,,"13,51937","120,95555",8,GoPro 9,,,,,,
2024_AUG_CG_D_T2/GOPR4634.JPG,2024-08-03,Coral Garden D,T2,47,30,,,"13,51937","120,95555",8,GoPro 9,,,,,,
2024_AUG_CG_D_T2/GOPR4635.JPG,2024-08-03,Coral Garden D,T2,48,30,,,"13,51937","120,95555",8,GoPro 9,,,,,,
2024_AUG_CG_D_T3/GOPR4643.JPG,2024-08-03,Coral Garden D,T3,1,30,,,"13,51937","120,95555",8,GoPro 9,,,,,,
2024_AUG_CG_D_T3/GOPR4647.JPG,2024-08-03,Coral Garden D,T3,2,30,,,"13,51937","120,95555",8,GoPro 9,,,,,,
2024_AUG_CG_D_T3/GOPR4648.JPG,2024-08-03,Coral Garden D,T3,3,30,,,"13,51937","120,95555",8,GoPro 9,,,,,,
2024_AUG_CG_D_T3/GOPR4649.JPG,2024-08-03,Coral Garden D,T3,4,30,,,"13,51937","120,95555",8,GoPro 9,,,,,,
2024_AUG_CG_D_T3/GOPR4650.JPG,2024-08-03,Coral Garden D,T3,5,30,,,"13,51937","120,95555",8,GoPro 9,,,,,,
2024_AUG_CG_D_T3/GOPR4651.JPG,2024-08-03,Coral Garden D,T3,6,30,,,"13,51937","120,95555",8,GoPro 9,,,,,,
2024_AUG_CG_D_T3/GOPR4652.JPG,2024-08-03,Coral Garden D,T3,7,30,,,"13,51937","120,95555",8,GoPro 9,,,,,,
2024_AUG_CG_D_T3/GOPR4653.JPG,2024-08-03,Coral Garden D,T3,8,30,,,"13,51937","120,95555",8,GoPro 9,,,,,,
2024_AUG_CG_D_T3/GOPR4654.JPG,2024-08-03,Coral Garden D,T3,9,30,,,"13,51937","120,95555",8,GoPro 9,,,,,,
2024_AUG_CG_D_T3/GOPR4655.JPG,2024-08-03,Coral Garden D,T3,10,30,,,"13,51937","120,95555",8,GoPro 9,,,,,,
2024_AUG_CG_D_T3/GOPR4656.JPG,2024-08-03,Coral Garden D,T3,11,30,,,"13,51937","120,95555",8,GoPro 9,,,,,,
2024_AUG_CG_D_T3/GOPR4657.JPG,2024-08-03,Coral Garden D,T3,12,30,,,"13,51937","120,95555",8,GoPro 9,,,,,,
2024_AUG_CG_D_T3/GOPR4658.JPG,2024-08-03,Coral Garden D,T3,13,30,,,"13,51937","120,95555",8,GoPro 9,,,,,,
2024_AUG_CG_D_T3/GOPR4659.JPG,2024-08-03,Coral Garden D,T3,14,30,,,"13,51937","120,95555",8,GoPro 9,,,,,,
2024_AUG_CG_D_T3/GOPR4660.JPG,2024-08-03,Coral Garden D,T3,15,30,,,"13,51937","120,95555",8,GoPro 9,,,,,,
2024_AUG_CG_D_T3/GOPR4661.JPG,2024-08-03,Coral Garden D,T3,16,30,,,"13,51937","120,95555",8,GoPro 9,,,,,,
2024_AUG_CG_D_T3/GOPR4662.JPG,2024-08-03,Coral Garden D,T3,17,30,,,"13,51937","120,95555",8,GoPro 9,,,,,,
2024_AUG_CG_D_T3/GOPR4663.JPG,2024-08-03,Coral Garden D,T3,18,30,,,"13,51937","120,95555",8,GoPro 9,,,,,,
2024_AUG_CG_D_T3/GOPR4664.JPG,2024-08-03,Coral Garden D,T3,19,30,,,"13,51937","120,95555",8,GoPro 9,,,,,,
2024_AUG_CG_D_T3/GOPR4665.JPG,2024-08-03,Coral Garden D,T3,20,30,,,"13,51937","120,95555",8,GoPro 9,,,,,,
2024_AUG_CG_D_T3/GOPR4666.JPG,2024-08-03,Coral Garden D,T3,21,30,,,"13,51937","120,95555",8,GoPro 9,,,,,,
2024_AUG_CG_D_T3/GOPR4667.JPG,2024-08-03,Coral Garden D,T3,22,30,,,"13,51937","120,95555",8,GoPro 9,,,,,,
2024_AUG_CG_D_T3/GOPR4668.JPG,2024-08-03,Coral Garden D,T3,23,30,,,"13,51937","120,95555",8,GoPro 9,,,,,,
2024_AUG_CG_D_T3/GOPR4669.JPG,2024-08-03,Coral Garden D,T3,24,30,,,"13,51937","120,95555",8,GoPro 9,,,,,,
2024_AUG_CG_D_T3/GOPR4670.JPG,2024-08-03,Coral Garden D,T3,25,30,,,"13,51937","120,95555",8,GoPro 9,,,,,,
2024_AUG_CG_D_T3/GOPR4671.JPG,2024-08-03,Coral Garden D,T3,26,30,,,"13,51937","120,95555",8,GoPro 9,,,,,,
2024_AUG_CG_D_T3/GOPR4672.JPG,2024-08-03,Coral Garden D,T3,27,30,,,"13,51937","120,95555",8,GoPro 9,,,,,,
2024_AUG_CG_D_T3/GOPR4673.JPG,2024-08-03,Coral Garden D,T3,28,30,,,"13,51937","120,95555",8,GoPro 9,,,,,,
2024_AUG_CG_D_T3/GOPR4674.JPG,2024-08-03,Coral Garden D,T3,29,30,,,"13,51937","120,95555",8,GoPro 9,,,,,,
2024_AUG_CG_D_T3/GOPR4675.JPG,2024-08-03,Coral Garden D,T3,30,30,,,"13,51937","120,95555",8,GoPro 9,,,,,,
2024_AUG_CG_D_T3/GOPR4676.JPG,2024-08-03,Coral Garden D,T3,31,30,,,"13,51937","120,95555",8,GoPro 9,,,,,,
2024_AUG_CG_D_T3/GOPR4677.JPG,2024-08-03,Coral Garden D,T3,32,30,,,"13,51937","120,95555",8,GoPro 9,,,,,,
2024_AUG_CG_D_T3/GOPR4678.JPG,2024-08-03,Coral Garden D,T3,33,30,,,"13,51937","120,95555",8,GoPro 9,,,,,,
2024_AUG_CG_D_T3/GOPR4679.JPG,2024-08-03,Coral Garden D,T3,34,30,,,"13,51937","120,95555",8,GoPro 9,,,,,,
2024_AUG_CG_D_T3/GOPR4680.JPG,2024-08-03,Coral Garden D,T3,35,30,,,"13,51937","120,95555",8,GoPro 9,,,,,,
2024_AUG_CG_D_T3/GOPR4681.JPG,2024-08-03,Coral Garden D,T3,36,30,,,"13,51937","120,95555",8,GoPro 9,,,,,,
2024_AUG_CG_D_T3/GOPR4682.JPG,2024-08-03,Coral Garden D,T3,37,30,,,"13,51937","120,95555",8,GoPro 9,,,,,,
2024_AUG_CG_D_T3/GOPR4683.JPG,2024-08-03,Coral Garden D,T3,38,30,,,"13,51937","120,95555",8,GoPro 9,,,,,,
2024_AUG_CG_D_T3/GOPR4684.JPG,2024-08-03,Coral Garden D,T3,39,30,,,"13,51937","120,95555",8,GoPro 9,,,,,,
2024_AUG_CG_D_T3/GOPR4685.JPG,2024-08-03,Coral Garden D,T3,40,30,,,"13,51937","120,95555",8,GoPro 9,,,,,,
2024_AUG_CG_D_T3/GOPR4686.JPG,2024-08-03,Coral Garden D,T3,41,30,,,"13,51937","120,95555",8,GoPro 9,,,,,,
2024_AUG_CG_D_T3/GOPR4689.JPG,2024-08-03,Coral Garden D,T3,42,30,,,"13,51937","120,95555",8,GoPro 9,,,,,,
2024_AUG_CG_D_T3/GOPR4690.JPG,2024-08-03,Coral Garden D,T3,43,30,,,"13,51937","120,95555",8,GoPro 9,,,,,,
2024_AUG_CG_D_T3/GOPR4691.JPG,2024-08-03,Coral Garden D,T3,44,30,,,"13,51937","120,95555",8,GoPro 9,,,,,,
2024_AUG_CG_D_T3/GOPR4692.JPG,2024-08-03,Coral Garden D,T3,45,30,,,"13,51937","120,95555",8,GoPro 9,,,,,,
2024_AUG_CG_D_T3/GOPR4693.JPG,2024-08-03,Coral Garden D,T3,46,30,,,"13,51937","120,95555",8,GoPro 9,,,,,,
2024_AUG_CG_D_T3/GOPR4694.JPG,2024-08-03,Coral Garden D,T3,47,30,,,"13,51937","120,95555",8,GoPro 9,,,,,,
2024_AUG_CG_D_T3/GOPR4695.JPG,2024-08-03,Coral Garden D,T3,48,30,,,"13,51937","120,95555",8,GoPro 9,,,,,,
2024_AUG_CG_D_T3/GOPR4696.JPG,2024-08-03,Coral Garden D,T3,49,30,,,"13,51937","120,95555",8,GoPro 9,,,,,,
2024_AUG_CG_D_T3/GOPR4697.JPG,2024-08-03,Coral Garden D,T3,50,30,,,"13,51937","120,95555",8,GoPro 9,,,,,,
2024_AUG_CG_S_T1/GOPR4824.JPG,2024-08-04,Coral Garden S,T1,1,30,,,"13,51937","120,95555",4,GoPro 9,,,,,,
2024_AUG_CG_S_T1/GOPR4825.JPG,2024-08-04,Coral Garden S,T1,2,30,,,"13,51937","120,95555",4,GoPro 9,,,,,,
2024_AUG_CG_S_T1/GOPR4826.JPG,2024-08-04,Coral Garden S,T1,3,30,,,"13,51937","120,95555",4,GoPro 9,,,,,,
2024_AUG_CG_S_T1/GOPR4827.JPG,2024-08-04,Coral Garden S,T1,4,30,,,"13,51937","120,95555",4,GoPro 9,,,,,,
2024_AUG_CG_S_T1/GOPR4828.JPG,2024-08-04,Coral Garden S,T1,5,30,,,"13,51937","120,95555",4,GoPro 9,,,,,,
2024_AUG_CG_S_T1/GOPR4829.JPG,2024-08-04,Coral Garden S,T1,6,30,,,"13,51937","120,95555",4,GoPro 9,,,,,,
2024_AUG_CG_S_T1/GOPR4830.JPG,2024-08-04,Coral Garden S,T1,7,30,,,"13,51937","120,95555",4,GoPro 9,,,,,,
2024_AUG_CG_S_T1/GOPR4831.JPG,2024-08-04,Coral Garden S,T1,8,30,,,"13,51937","120,95555",4,GoPro 9,,,,,,
2024_AUG_CG_S_T1/GOPR4832.JPG,2024-08-04,Coral Garden S,T1,9,30,,,"13,51937","120,95555",4,GoPro 9,,,,,,
2024_AUG_CG_S_T1/GOPR4833.JPG,2024-08-04,Coral Garden S,T1,10,30,,,"13,51937","120,95555",4,GoPro 9,,,,,,
2024_AUG_CG_S_T1/GOPR4834.JPG,2024-08-04,Coral Garden S,T1,11,30,,,"13,51937","120,95555",4,GoPro 9,,,,,,
2024_AUG_CG_S_T1/GOPR4835.JPG,2024-08-04,Coral Garden S,T1,12,30,,,"13,51937","120,95555",4,GoPro 9,,,,,,
2024_AUG_CG_S_T1/GOPR4836.JPG,2024-08-04,Coral Garden S,T1,13,30,,,"13,51937","120,95555",4,GoPro 9,,,,,,
2024_AUG_CG_S_T1/GOPR4837.JPG,2024-08-04,Coral Garden S,T1,14,30,,,"13,51937","120,95555",4,GoPro 9,,,,,,
2024_AUG_CG_S_T1/GOPR4838.JPG,2024-08-04,Coral Garden S,T1,15,30,,,"13,51937","120,95555",4,GoPro 9,,,,,,
2024_AUG_CG_S_T1/GOPR4839.JPG,2024-08-04,Coral Garden S,T1,16,30,,,"13,51937","120,95555",4,GoPro 9,,,,,,
2024_AUG_CG_S_T1/GOPR4840.JPG,2024-08-04,Coral Garden S,T1,17,30,,,"13,51937","120,95555",4,GoPro 9,,,,,,
2024_AUG_CG_S_T1/GOPR4841.JPG,2024-08-04,Coral Garden S,T1,18,30,,,"13,51937","120,95555",4,GoPro 9,,,,,,
2024_AUG_CG_S_T1/GOPR4842.JPG,2024-08-04,Coral Garden S,T1,19,30,,,"13,51937","120,95555",4,GoPro 9,,,,,,
2024_AUG_CG_S_T1/GOPR4843.JPG,2024-08-04,Coral Garden S,T1,20,30,,,"13,51937","120,95555",4,GoPro 9,,,,,,
2024_AUG_CG_S_T1/GOPR4844.JPG,2024-08-04,Coral Garden S,T1,21,30,,,"13,51937","120,95555",4,GoPro 9,,,,,,
2024_AUG_CG_S_T1/GOPR4845.JPG,2024-08-04,Coral Garden S,T1,22,30,,,"13,51937","120,95555",4,GoPro 9,,,,,,
2024_AUG_CG_S_T1/GOPR4846.JPG,2024-08-04,Coral Garden S,T1,23,30,,,"13,51937","120,95555",4,GoPro 9,,,,,,
2024_AUG_CG_S_T1/GOPR4847.JPG,2024-08-04,Coral Garden S,T1,24,30,,,"13,51937","120,95555",4,GoPro 9,,,,,,
2024_AUG_CG_S_T1/GOPR4848.JPG,2024-08-04,Coral Garden S,T1,25,30,,,"13,51937","120,95555",4,GoPro 9,,,,,,
2024_AUG_CG_S_T1/GOPR4849.JPG,2024-08-04,Coral Garden S,T1,26,30,,,"13,51937","120,95555",4,GoPro 9,,,,,,
2024_AUG_CG_S_T1/GOPR4850.JPG,2024-08-04,Coral Garden S,T1,27,30,,,"13,51937","120,95555",4,GoPro 9,,,,,,
2024_AUG_CG_S_T1/GOPR4851.JPG,2024-08-04,Coral Garden S,T1,28,30,,,"13,51937","120,95555",4,GoPro 9,,,,,,
2024_AUG_CG_S_T1/GOPR4852.JPG,2024-08-04,Coral Garden S,T1,29,30,,,"13,51937","120,95555",4,GoPro 9,,,,,,
2024_AUG_CG_S_T1/GOPR4853.JPG,2024-08-04,Coral Garden S,T1,30,30,,,"13,51937","120,95555",4,GoPro 9,,,,,,
2024_AUG_CG_S_T1/GOPR4854.JPG,2024-08-04,Coral Garden S,T1,31,30,,,"13,51937","120,95555",4,GoPro 9,,,,,,
2024_AUG_CG_S_T1/GOPR4855.JPG,2024-08-04,Coral Garden S,T1,32,30,,,"13,51937","120,95555",4,GoPro 9,,,,,,
2024_AUG_CG_S_T1/GOPR4857.JPG,2024-08-04,Coral Garden S,T1,33,30,,,"13,51937","120,95555",4,GoPro 9,,,,,,
2024_AUG_CG_S_T1/GOPR4858.JPG,2024-08-04,Coral Garden S,T1,34,30,,,"13,51937","120,95555",4,GoPro 9,,,,,,
2024_AUG_CG_S_T1/GOPR4859.JPG,2024-08-04,Coral Garden S,T1,35,30,,,"13,51937","120,95555",4,GoPro 9,,,,,,
2024_AUG_CG_S_T1/GOPR4861.JPG,2024-08-04,Coral Garden S,T1,36,30,,,"13,51937","120,95555",4,GoPro 9,,,,,,
2024_AUG_CG_S_T1/GOPR4862.JPG,2024-08-04,Coral Garden S,T1,37,30,,,"13,51937","120,95555",4,GoPro 9,,,,,,
2024_AUG_CG_S_T1/GOPR4863.JPG,2024-08-04,Coral Garden S,T1,38,30,,,"13,51937","120,95555",4,GoPro 9,,,,,,
2024_AUG_CG_S_T1/GOPR4864.JPG,2024-08-04,Coral Garden S,T1,39,30,,,"13,51937","120,95555",4,GoPro 9,,,,,,
2024_AUG_CG_S_T1/GOPR4865.JPG,2024-08-04,Coral Garden S,T1,40,30,,,"13,51937","120,95555",4,GoPro 9,,,,,,
2024_AUG_CG_S_T1/GOPR4866.JPG,2024-08-04,Coral Garden S,T1,41,30,,,"13,51937","120,95555",4,GoPro 9,,,,,,
2024_AUG_CG_S_T1/GOPR4867.JPG,2024-08-04,Coral Garden S,T1,42,30,,,"13,51937","120,95555",4,GoPro 9,,,,,,
2024_AUG_CG_S_T1/GOPR4868.JPG,2024-08-04,Coral Garden S,T1,43,30,,,"13,51937","120,95555",4,GoPro 9,,,,,,
2024_AUG_CG_S_T1/GOPR4869.JPG,2024-08-04,Coral Garden S,T1,44,30,,,"13,51937","120,95555",4,GoPro 9,,,,,,
2024_AUG_CG_S_T1/GOPR4881.JPG,2024-08-04,Coral Garden S,T1,45,30,,,"13,51937","120,95555",4,GoPro 9,,,,,,
2024_AUG_CG_S_T1/GOPR4882.JPG,2024-08-04,Coral Garden S,T1,46,30,,,"13,51937","120,95555",4,GoPro 9,,,,,,
2024_AUG_CG_S_T1/GOPR4883.JPG,2024-08-04,Coral Garden S,T1,47,30,,,"13,51937","120,95555",4,GoPro 9,,,,,,
2024_AUG_CG_S_T1/GOPR4884.JPG,2024-08-04,Coral Garden S,T1,48,30,,,"13,51937","120,95555",4,GoPro 9,,,,,,
2024_AUG_CG_S_T1/GOPR4885.JPG,2024-08-04,Coral Garden S,T1,49,30,,,"13,51937","120,95555",4,GoPro 9,,,,,,
2024_AUG_CG_S_T1/GOPR4886.JPG,2024-08-04,Coral Garden S,T1,50,30,,,"13,51937","120,95555",4,GoPro 9,,,,,,
2024_AUG_CG_S_T2/GOPR4893.JPG,2024-08-04,Coral Garden S,T2,1,30,,,"13,51937","120,95555",4,GoPro 9,,,,,,
2024_AUG_CG_S_T2/GOPR4894.JPG,2024-08-04,Coral Garden S,T2,2,30,,,"13,51937","120,95555",4,GoPro 9,,,,,,
2024_AUG_CG_S_T2/GOPR4896.JPG,2024-08-04,Coral Garden S,T2,3,30,,,"13,51937","120,95555",4,GoPro 9,,,,,,
2024_AUG_CG_S_T2/GOPR4897.JPG,2024-08-04,Coral Garden S,T2,4,30,,,"13,51937","120,95555",4,GoPro 9,,,,,,
2024_AUG_CG_S_T2/GOPR4898.JPG,2024-08-04,Coral Garden S,T2,5,30,,,"13,51937","120,95555",4,GoPro 9,,,,,,
2024_AUG_CG_S_T2/GOPR4900.JPG,2024-08-04,Coral Garden S,T2,6,30,,,"13,51937","120,95555",4,GoPro 9,,,,,,
2024_AUG_CG_S_T2/GOPR4901.JPG,2024-08-04,Coral Garden S,T2,7,30,,,"13,51937","120,95555",4,GoPro 9,,,,,,
2024_AUG_CG_S_T2/GOPR4902.JPG,2024-08-04,Coral Garden S,T2,8,30,,,"13,51937","120,95555",4,GoPro 9,,,,,,
2024_AUG_CG_S_T2/GOPR4903.JPG,2024-08-04,Coral Garden S,T2,9,30,,,"13,51937","120,95555",4,GoPro 9,,,,,,
2024_AUG_CG_S_T2/GOPR4904.JPG,2024-08-04,Coral Garden S,T2,10,30,,,"13,51937","120,95555",4,GoPro 9,,,,,,
2024_AUG_CG_S_T2/GOPR4905.JPG,2024-08-04,Coral Garden S,T2,11,30,,,"13,51937","120,95555",4,GoPro 9,,,,,,
2024_AUG_CG_S_T2/GOPR4906.JPG,2024-08-04,Coral Garden S,T2,12,30,,,"13,51937","120,95555",4,GoPro 9,,,,,,
2024_AUG_CG_S_T2/GOPR4907.JPG,2024-08-04,Coral Garden S,T2,13,30,,,"13,51937","120,95555",4,GoPro 9,,,,,,
2024_AUG_CG_S_T2/GOPR4908.JPG,2024-08-04,Coral Garden S,T2,14,30,,,"13,51937","120,95555",4,GoPro 9,,,,,,
2024_AUG_CG_S_T2/GOPR4909.JPG,2024-08-04,Coral Garden S,T2,15,30,,,"13,51937","120,95555",4,GoPro 9,,,,,,
2024_AUG_CG_S_T2/GOPR4910.JPG,2024-08-04,Coral Garden S,T2,16,30,,,"13,51937","120,95555",4,GoPro 9,,,,,,
2024_AUG_CG_S_T2/GOPR4911.JPG,2024-08-04,Coral Garden S,T2,17,30,,,"13,51937","120,95555",4,GoPro 9,,,,,,
2024_AUG_CG_S_T2/GOPR4912.JPG,2024-08-04,Coral Garden S,T2,18,30,,,"13,51937","120,95555",4,GoPro 9,,,,,,
2024_AUG_CG_S_T2/GOPR4913.JPG,2024-08-04,Coral Garden S,T2,19,30,,,"13,51937","120,95555",4,GoPro 9,,,,,,
2024_AUG_CG_S_T2/GOPR4914.JPG,2024-08-04,Coral Garden S,T2,20,30,,,"13,51937","120,95555",4,GoPro 9,,,,,,
2024_AUG_CG_S_T2/GOPR4915.JPG,2024-08-04,Coral Garden S,T2,21,30,,,"13,51937","120,95555",4,GoPro 9,,,,,,
2024_AUG_CG_S_T2/GOPR4916.JPG,2024-08-04,Coral Garden S,T2,22,30,,,"13,51937","120,95555",4,GoPro 9,,,,,,
2024_AUG_CG_S_T2/GOPR4917.JPG,2024-08-04,Coral Garden S,T2,23,30,,,"13,51937","120,95555",4,GoPro 9,,,,,,
2024_AUG_CG_S_T2/GOPR4918.JPG,2024-08-04,Coral Garden S,T2,24,30,,,"13,51937","120,95555",4,GoPro 9,,,,,,
2024_AUG_CG_S_T2/GOPR4919.JPG,2024-08-04,Coral Garden S,T2,25,30,,,"13,51937","120,95555",4,GoPro 9,,,,,,
2024_AUG_CG_S_T2/GOPR4920.JPG,2024-08-04,Coral Garden S,T2,26,30,,,"13,51937","120,95555",4,GoPro 9,,,,,,
2024_AUG_CG_S_T2/GOPR4921.JPG,2024-08-04,Coral Garden S,T2,27,30,,,"13,51937","120,95555",4,GoPro 9,,,,,,
2024_AUG_CG_S_T2/GOPR4922.JPG,2024-08-04,Coral Garden S,T2,28,30,,,"13,51937","120,95555",4,GoPro 9,,,,,,
2024_AUG_CG_S_T2/GOPR4923.JPG,2024-08-04,Coral Garden S,T2,29,30,,,"13,51937","120,95555",4,GoPro 9,,,,,,
2024_AUG_CG_S_T2/GOPR4924.JPG,2024-08-04,Coral Garden S,T2,30,30,,,"13,51937","120,95555",4,GoPro 9,,,,,,
2024_AUG_CG_S_T2/GOPR4925.JPG,2024-08-04,Coral Garden S,T2,31,30,,,"13,51937","120,95555",4,GoPro 9,,,,,,
2024_AUG_CG_S_T2/GOPR4926.JPG,2024-08-04,Coral Garden S,T2,32,30,,,"13,51937","120,95555",4,GoPro 9,,,,,,
2024_AUG_CG_S_T2/GOPR4927.JPG,2024-08-04,Coral Garden S,T2,33,30,,,"13,51937","120,95555",4,GoPro 9,,,,,,
2024_AUG_CG_S_T2/GOPR4928.JPG,2024-08-04,Coral Garden S,T2,34,30,,,"13,51937","120,95555",4,GoPro 9,,,,,,
2024_AUG_CG_S_T2/GOPR4929.JPG,2024-08-04,Coral Garden S,T2,35,30,,,"13,51937","120,95555",4,GoPro 9,,,,,,
2024_AUG_CG_S_T2/GOPR4930.JPG,2024-08-04,Coral Garden S,T2,36,30,,,"13,51937","120,95555",4,GoPro 9,,,,,,
2024_AUG_CG_S_T2/GOPR4931.JPG,2024-08-04,Coral Garden S,T2,37,30,,,"13,51937","120,95555",4,GoPro 9,,,,,,
2024_AUG_CG_S_T2/GOPR4932.JPG,2024-08-04,Coral Garden S,T2,38,30,,,"13,51937","120,95555",4,GoPro 9,,,,,,
2024_AUG_CG_S_T2/GOPR4933.JPG,2024-08-04,Coral Garden S,T2,39,30,,,"13,51937","120,95555",4,GoPro 9,,,,,,
2024_AUG_CG_S_T2/GOPR4934.JPG,2024-08-04,Coral Garden S,T2,40,30,,,"13,51937","120,95555",4,GoPro 9,,,,,,
2024_AUG_CG_S_T2/GOPR4935.JPG,2024-08-04,Coral Garden S,T2,41,30,,,"13,51937","120,95555",4,GoPro 9,,,,,,
2024_AUG_CG_S_T2/GOPR4936.JPG,2024-08-04,Coral Garden S,T2,42,30,,,"13,51937","120,95555",4,GoPro 9,,,,,,
2024_AUG_CG_S_T2/GOPR4937.JPG,2024-08-04,Coral Garden S,T2,43,30,,,"13,51937","120,95555",4,GoPro 9,,,,,,
2024_AUG_CG_S_T2/GOPR4939.JPG,2024-08-04,Coral Garden S,T2,44,30,,,"13,51937","120,95555",4,GoPro 9,,,,,,
2024_AUG_CG_S_T2/GOPR4940.JPG,2024-08-04,Coral Garden S,T2,45,30,,,"13,51937","120,95555",4,GoPro 9,,,,,,
2024_AUG_CG_S_T2/GOPR4941.JPG,2024-08-04,Coral Garden S,T2,46,30,,,"13,51937","120,95555",4,GoPro 9,,,,,,
2024_AUG_CG_S_T2/GOPR4943.JPG,2024-08-04,Coral Garden S,T2,47,30,,,"13,51937","120,95555",4,GoPro 9,,,,,,
2024_AUG_CG_S_T2/GOPR4944.JPG,2024-08-04,Coral Garden S,T2,48,30,,,"13,51937","120,95555",4,GoPro 9,,,,,,
2024_AUG_CG_S_T2/GOPR4945.JPG,2024-08-04,Coral Garden S,T2,49,30,,,"13,51937","120,95555",4,GoPro 9,,,,,,
2024_AUG_CG_S_T2/GOPR4946.JPG,2024-08-04,Coral Garden S,T2,50,30,,,"13,51937","120,95555",4,GoPro 9,,,,,,
2024_AUG_CG_S_T3/GOPR4951.JPG,2024-08-04,Coral Garden S,T3,1,30,,,"13,51937","120,95555",4,GoPro 9,,,,,,
2024_AUG_CG_S_T3/GOPR4952.JPG,2024-08-04,Coral Garden S,T3,2,30,,,"13,51937","120,95555",4,GoPro 9,,,,,,
2024_AUG_CG_S_T3/GOPR4953.JPG,2024-08-04,Coral Garden S,T3,3,30,,,"13,51937","120,95555",4,GoPro 9,,,,,,
2024_AUG_CG_S_T3/GOPR4954.JPG,2024-08-04,Coral Garden S,T3,4,30,,,"13,51937","120,95555",4,GoPro 9,,,,,,
2024_AUG_CG_S_T3/GOPR4955.JPG,2024-08-04,Coral Garden S,T3,5,30,,,"13,51937","120,95555",4,GoPro 9,,,,,,
2024_AUG_CG_S_T3/GOPR4956.JPG,2024-08-04,Coral Garden S,T3,6,30,,,"13,51937","120,95555",4,GoPro 9,,,,,,
2024_AUG_CG_S_T3/GOPR4957.JPG,2024-08-04,Coral Garden S,T3,7,30,,,"13,51937","120,95555",4,GoPro 9,,,,,,
2024_AUG_CG_S_T3/GOPR4958.JPG,2024-08-04,Coral Garden S,T3,8,30,,,"13,51937","120,95555",4,GoPro 9,,,,,,
2024_AUG_CG_S_T3/GOPR4966.JPG,2024-08-04,Coral Garden S,T3,9,30,,,"13,51937","120,95555",4,GoPro 9,,,,,,
2024_AUG_CG_S_T3/GOPR4967.JPG,2024-08-04,Coral Garden S,T3,10,30,,,"13,51937","120,95555",4,GoPro 9,,,,,,
2024_AUG_CG_S_T3/GOPR4968.JPG,2024-08-04,Coral Garden S,T3,11,30,,,"13,51937","120,95555",4,GoPro 9,,,,,,
2024_AUG_CG_S_T3/GOPR4969.JPG,2024-08-04,Coral Garden S,T3,12,30,,,"13,51937","120,95555",4,GoPro 9,,,,,,
2024_AUG_CG_S_T3/GOPR4970.JPG,2024-08-04,Coral Garden S,T3,13,30,,,"13,51937","120,95555",4,GoPro 9,,,,,,
2024_AUG_CG_S_T3/GOPR4971.JPG,2024-08-04,Coral Garden S,T3,14,30,,,"13,51937","120,95555",4,GoPro 9,,,,,,
2024_AUG_CG_S_T3/GOPR4972.JPG,2024-08-04,Coral Garden S,T3,15,30,,,"13,51937","120,95555",4,GoPro 9,,,,,,
2024_AUG_CG_S_T3/GOPR4973.JPG,2024-08-04,Coral Garden S,T3,16,30,,,"13,51937","120,95555",4,GoPro 9,,,,,,
2024_AUG_CG_S_T3/GOPR4974.JPG,2024-08-04,Coral Garden S,T3,17,30,,,"13,51937","120,95555",4,GoPro 9,,,,,,
2024_AUG_CG_S_T3/GOPR4975.JPG,2024-08-04,Coral Garden S,T3,18,30,,,"13,51937","120,95555",4,GoPro 9,,,,,,
2024_AUG_CG_S_T3/GOPR4976.JPG,2024-08-04,Coral Garden S,T3,19,30,,,"13,51937","120,95555",4,GoPro 9,,,,,,
2024_AUG_CG_S_T3/GOPR4977.JPG,2024-08-04,Coral Garden S,T3,20,30,,,"13,51937","120,95555",4,GoPro 9,,,,,,
2024_AUG_CG_S_T3/GOPR4978.JPG,2024-08-04,Coral Garden S,T3,21,30,,,"13,51937","120,95555",4,GoPro 9,,,,,,
2024_AUG_CG_S_T3/GOPR4979.JPG,2024-08-04,Coral Garden S,T3,22,30,,,"13,51937","120,95555",4,GoPro 9,,,,,,
2024_AUG_CG_S_T3/GOPR4980.JPG,2024-08-04,Coral Garden S,T3,23,30,,,"13,51937","120,95555",4,GoPro 9,,,,,,
2024_AUG_CG_S_T3/GOPR4981.JPG,2024-08-04,Coral Garden S,T3,24,30,,,"13,51937","120,95555",4,GoPro 9,,,,,,
2024_AUG_CG_S_T3/GOPR4982.JPG,2024-08-04,Coral Garden S,T3,25,30,,,"13,51937","120,95555",4,GoPro 9,,,,,,
2024_AUG_CG_S_T3/GOPR4983.JPG,2024-08-04,Coral Garden S,T3,26,30,,,"13,51937","120,95555",4,GoPro 9,,,,,,
2024_AUG_CG_S_T3/GOPR4984.JPG,2024-08-04,Coral Garden S,T3,27,30,,,"13,51937","120,95555",4,GoPro 9,,,,,,
2024_AUG_CG_S_T3/GOPR4985.JPG,2024-08-04,Coral Garden S,T3,28,30,,,"13,51937","120,95555",4,GoPro 9,,,,,,
2024_AUG_CG_S_T3/GOPR4986.JPG,2024-08-04,Coral Garden S,T3,29,30,,,"13,51937","120,95555",4,GoPro 9,,,,,,
2024_AUG_CG_S_T3/GOPR4987.JPG,2024-08-04,Coral Garden S,T3,30,30,,,"13,51937","120,95555",4,GoPro 9,,,,,,
2024_AUG_CG_S_T3/GOPR4988.JPG,2024-08-04,Coral Garden S,T3,31,30,,,"13,51937","120,95555",4,GoPro 9,,,,,,
2024_AUG_CG_S_T3/GOPR4989.JPG,2024-08-04,Coral Garden S,T3,32,30,,,"13,51937","120,95555",4,GoPro 9,,,,,,
2024_AUG_CG_S_T3/GOPR4990.JPG,2024-08-04,Coral Garden S,T3,33,30,,,"13,51937","120,95555",4,GoPro 9,,,,,,
2024_AUG_CG_S_T3/GOPR4991.JPG,2024-08-04,Coral Garden S,T3,34,30,,,"13,51937","120,95555",4,GoPro 9,,,,,,
2024_AUG_CG_S_T3/GOPR4992.JPG,2024-08-04,Coral Garden S,T3,35,30,,,"13,51937","120,95555",4,GoPro 9,,,,,,
2024_AUG_CG_S_T3/GOPR4993.JPG,2024-08-04,Coral Garden S,T3,36,30,,,"13,51937","120,95555",4,GoPro 9,,,,,,
2024_AUG_CG_S_T3/GOPR4994.JPG,2024-08-04,Coral Garden S,T3,37,30,,,"13,51937","120,95555",4,GoPro 9,,,,,,
2024_AUG_CG_S_T3/GOPR4995.JPG,2024-08-04,Coral Garden S,T3,38,30,,,"13,51937","120,95555",4,GoPro 9,,,,,,
2024_AUG_CG_S_T3/GOPR4996.JPG,2024-08-04,Coral Garden S,T3,39,30,,,"13,51937","120,95555",4,GoPro 9,,,,,,
2024_AUG_CG_S_T3/GOPR4997.JPG,2024-08-04,Coral Garden S,T3,40,30,,,"13,51937","120,95555",4,GoPro 9,,,,,,
2024_AUG_CG_S_T3/GOPR4998.JPG,2024-08-04,Coral Garden S,T3,41,30,,,"13,51937","120,95555",4,GoPro 9,,,,,,
2024_AUG_CG_S_T3/GOPR4999.JPG,2024-08-04,Coral Garden S,T3,42,30,,,"13,51937","120,95555",4,GoPro 9,,,,,,
2024_AUG_CG_S_T3/GOPR5000.JPG,2024-08-04,Coral Garden S,T3,43,30,,,"13,51937","120,95555",4,GoPro 9,,,,,,
2024_AUG_CG_S_T3/GOPR5001.JPG,2024-08-04,Coral Garden S,T3,44,30,,,"13,51937","120,95555",4,GoPro 9,,,,,,
2024_AUG_CG_S_T3/GOPR5002.JPG,2024-08-04,Coral Garden S,T3,45,30,,,"13,51937","120,95555",4,GoPro 9,,,,,,
2024_AUG_CG_S_T3/GOPR5003.JPG,2024-08-04,Coral Garden S,T3,46,30,,,"13,51937","120,95555",4,GoPro 9,,,,,,
2024_AUG_CG_S_T3/GOPR5004.JPG,2024-08-04,Coral Garden S,T3,47,30,,,"13,51937","120,95555",4,GoPro 9,,,,,,
2024_AUG_CG_S_T3/GOPR5005.JPG,2024-08-04,Coral Garden S,T3,48,30,,,"13,51937","120,95555",4,GoPro 9,,,,,,
2024_AUG_CG_S_T3/GOPR5006.JPG,2024-08-04,Coral Garden S,T3,49,30,,,"13,51937","120,95555",4,GoPro 9,,,,,,
2024_AUG_CG_S_T3/GOPR5007.JPG,2024-08-04,Coral Garden S,T3,50,30,,,"13,51937","120,95555",4,GoPro 9,,,,,,
2024_AUG_GC_T1/GOPR4366.JPG,2024-08-03,Giant Clam,T1,1,30,,,"13,51382","120,95979",3.5,GoPro 9,,,,,,
2024_AUG_GC_T1/GOPR4367.JPG,2024-08-03,Giant Clam,T1,2,30,,,"13,51382","120,95979",3.5,GoPro 9,,,,,,
2024_AUG_GC_T1/GOPR4368.JPG,2024-08-03,Giant Clam,T1,3,30,,,"13,51382","120,95979",3.5,GoPro 9,,,,,,
2024_AUG_GC_T1/GOPR4369.JPG,2024-08-03,Giant Clam,T1,4,30,,,"13,51382","120,95979",3.5,GoPro 9,,,,,,
2024_AUG_GC_T1/GOPR4370.JPG,2024-08-03,Giant Clam,T1,5,30,,,"13,51382","120,95979",3.5,GoPro 9,,,,,,
2024_AUG_GC_T1/GOPR4371.JPG,2024-08-03,Giant Clam,T1,6,30,,,"13,51382","120,95979",3.5,GoPro 9,,,,,,
2024_AUG_GC_T1/GOPR4372.JPG,2024-08-03,Giant Clam,T1,7,30,,,"13,51382","120,95979",3.5,GoPro 9,,,,,,
2024_AUG_GC_T1/GOPR4373.JPG,2024-08-03,Giant Clam,T1,8,30,,,"13,51382","120,95979",3.5,GoPro 9,,,,,,
2024_AUG_GC_T1/GOPR4374.JPG,2024-08-03,Giant Clam,T1,9,30,,,"13,51382","120,95979",3.5,GoPro 9,,,,,,
2024_AUG_GC_T1/GOPR4375.JPG,2024-08-03,Giant Clam,T1,10,30,,,"13,51382","120,95979",3.5,GoPro 9,,,,,,
2024_AUG_GC_T1/GOPR4376.JPG,2024-08-03,Giant Clam,T1,11,30,,,"13,51382","120,95979",3.5,GoPro 9,,,,,,
2024_AUG_GC_T1/GOPR4377.JPG,2024-08-03,Giant Clam,T1,12,30,,,"13,51382","120,95979",3.5,GoPro 9,,,,,,
2024_AUG_GC_T1/GOPR4378.JPG,2024-08-03,Giant Clam,T1,13,30,,,"13,51382","120,95979",3.5,GoPro 9,,,,,,
2024_AUG_GC_T1/GOPR4379.JPG,2024-08-03,Giant Clam,T1,14,30,,,"13,51382","120,95979",3.5,GoPro 9,,,,,,
2024_AUG_GC_T1/GOPR4380.JPG,2024-08-03,Giant Clam,T1,15,30,,,"13,51382","120,95979",3.5,GoPro 9,,,,,,
2024_AUG_GC_T1/GOPR4381.JPG,2024-08-03,Giant Clam,T1,16,30,,,"13,51382","120,95979",3.5,GoPro 9,,,,,,
2024_AUG_GC_T1/GOPR4382.JPG,2024-08-03,Giant Clam,T1,17,30,,,"13,51382","120,95979",3.5,GoPro 9,,,,,,
2024_AUG_GC_T1/GOPR4383.JPG,2024-08-03,Giant Clam,T1,18,30,,,"13,51382","120,95979",3.5,GoPro 9,,,,,,
2024_AUG_GC_T1/GOPR4384.JPG,2024-08-03,Giant Clam,T1,19,30,,,"13,51382","120,95979",3.5,GoPro 9,,,,,,
2024_AUG_GC_T1/GOPR4385.JPG,2024-08-03,Giant Clam,T1,20,30,,,"13,51382","120,95979",3.5,GoPro 9,,,,,,
2024_AUG_GC_T1/GOPR4386.JPG,2024-08-03,Giant Clam,T1,21,30,,,"13,51382","120,95979",3.5,GoPro 9,,,,,,
2024_AUG_GC_T1/GOPR4387.JPG,2024-08-03,Giant Clam,T1,22,30,,,"13,51382","120,95979",3.5,GoPro 9,,,,,,
2024_AUG_GC_T1/GOPR4388.JPG,2024-08-03,Giant Clam,T1,23,30,,,"13,51382","120,95979",3.5,GoPro 9,,,,,,
2024_AUG_GC_T1/GOPR4389.JPG,2024-08-03,Giant Clam,T1,24,30,,,"13,51382","120,95979",3.5,GoPro 9,,,,,,
2024_AUG_GC_T1/GOPR4390.JPG,2024-08-03,Giant Clam,T1,25,30,,,"13,51382","120,95979",3.5,GoPro 9,,,,,,
2024_AUG_GC_T1/GOPR4391.JPG,2024-08-03,Giant Clam,T1,26,30,,,"13,51382","120,95979",3.5,GoPro 9,,,,,,
2024_AUG_GC_T1/GOPR4392.JPG,2024-08-03,Giant Clam,T1,27,30,,,"13,51382","120,95979",3.5,GoPro 9,,,,,,
2024_AUG_GC_T1/GOPR4393.JPG,2024-08-03,Giant Clam,T1,28,30,,,"13,51382","120,95979",3.5,GoPro 9,,,,,,
2024_AUG_GC_T1/GOPR4394.JPG,2024-08-03,Giant Clam,T1,29,30,,,"13,51382","120,95979",3.5,GoPro 9,,,,,,
2024_AUG_GC_T1/GOPR4395.JPG,2024-08-03,Giant Clam,T1,30,30,,,"13,51382","120,95979",3.5,GoPro 9,,,,,,
2024_AUG_GC_T1/GOPR4396.JPG,2024-08-03,Giant Clam,T1,31,30,,,"13,51382","120,95979",3.5,GoPro 9,,,,,,
2024_AUG_GC_T1/GOPR4397.JPG,2024-08-03,Giant Clam,T1,32,30,,,"13,51382","120,95979",3.5,GoPro 9,,,,,,
2024_AUG_GC_T1/GOPR4398.JPG,2024-08-03,Giant Clam,T1,33,30,,,"13,51382","120,95979",3.5,GoPro 9,,,,,,
2024_AUG_GC_T1/GOPR4399.JPG,2024-08-03,Giant Clam,T1,34,30,,,"13,51382","120,95979",3.5,GoPro 9,,,,,,
2024_AUG_GC_T1/GOPR4400.JPG,2024-08-03,Giant Clam,T1,35,30,,,"13,51382","120,95979",3.5,GoPro 9,,,,,,
2024_AUG_GC_T1/GOPR4401.JPG,2024-08-03,Giant Clam,T1,36,30,,,"13,51382","120,95979",3.5,GoPro 9,,,,,,
2024_AUG_GC_T1/GOPR4402.JPG,2024-08-03,Giant Clam,T1,37,30,,,"13,51382","120,95979",3.5,GoPro 9,,,,,,
2024_AUG_GC_T1/GOPR4403.JPG,2024-08-03,Giant Clam,T1,38,30,,,"13,51382","120,95979",3.5,GoPro 9,,,,,,
2024_AUG_GC_T1/GOPR4404.JPG,2024-08-03,Giant Clam,T1,39,30,,,"13,51382","120,95979",3.5,GoPro 9,,,,,,
2024_AUG_GC_T1/GOPR4405.JPG,2024-08-03,Giant Clam,T1,40,30,,,"13,51382","120,95979",3.5,GoPro 9,,,,,,
2024_AUG_GC_T1/GOPR4406.JPG,2024-08-03,Giant Clam,T1,41,30,,,"13,51382","120,95979",3.5,GoPro 9,,,,,,
2024_AUG_GC_T1/GOPR4407.JPG,2024-08-03,Giant Clam,T1,42,30,,,"13,51382","120,95979",3.5,GoPro 9,,,,,,
2024_AUG_GC_T1/GOPR4408.JPG,2024-08-03,Giant Clam,T1,43,30,,,"13,51382","120,95979",3.5,GoPro 9,,,,,,
2024_AUG_GC_T1/GOPR4409.JPG,2024-08-03,Giant Clam,T1,44,30,,,"13,51382","120,95979",3.5,GoPro 9,,,,,,
2024_AUG_GC_T1/GOPR4410.JPG,2024-08-03,Giant Clam,T1,45,30,,,"13,51382","120,95979",3.5,GoPro 9,,,,,,
2024_AUG_GC_T1/GOPR4411.JPG,2024-08-03,Giant Clam,T1,46,30,,,"13,51382","120,95979",3.5,GoPro 9,,,,,,
2024_AUG_GC_T1/GOPR4412.JPG,2024-08-03,Giant Clam,T1,47,30,,,"13,51382","120,95979",3.5,GoPro 9,,,,,,
2024_AUG_GC_T1/GOPR4413.JPG,2024-08-03,Giant Clam,T1,48,30,,,"13,51382","120,95979",3.5,GoPro 9,,,,,,
2024_AUG_GC_T1/GOPR4414.JPG,2024-08-03,Giant Clam,T1,49,30,,,"13,51382","120,95979",3.5,GoPro 9,,,,,,
2024_AUG_GC_T1/GOPR4415.JPG,2024-08-03,Giant Clam,T1,50,30,,,"13,51382","120,95979",3.5,GoPro 9,,,,,,
2024_AUG_GC_T2/GOPR4421.JPG,2024-08-03,Giant Clam,T2,1,30,,,"13,51382","120,95979",3.5,GoPro 9,,,,,,
2024_AUG_GC_T2/GOPR4422.JPG,2024-08-03,Giant Clam,T2,2,30,,,"13,51382","120,95979",3.5,GoPro 9,,,,,,
2024_AUG_GC_T2/GOPR4423.JPG,2024-08-03,Giant Clam,T2,3,30,,,"13,51382","120,95979",3.5,GoPro 9,,,,,,
2024_AUG_GC_T2/GOPR4424.JPG,2024-08-03,Giant Clam,T2,4,30,,,"13,51382","120,95979",3.5,GoPro 9,,,,,,
2024_AUG_GC_T2/GOPR4425.JPG,2024-08-03,Giant Clam,T2,5,30,,,"13,51382","120,95979",3.5,GoPro 9,,,,,,
2024_AUG_GC_T2/GOPR4426.JPG,2024-08-03,Giant Clam,T2,6,30,,,"13,51382","120,95979",3.5,GoPro 9,,,,,,
2024_AUG_GC_T2/GOPR4427.JPG,2024-08-03,Giant Clam,T2,7,30,,,"13,51382","120,95979",3.5,GoPro 9,,,,,,
2024_AUG_GC_T2/GOPR4428.JPG,2024-08-03,Giant Clam,T2,8,30,,,"13,51382","120,95979",3.5,GoPro 9,,,,,,
2024_AUG_GC_T2/GOPR4429.JPG,2024-08-03,Giant Clam,T2,9,30,,,"13,51382","120,95979",3.5,GoPro 9,,,,,,
2024_AUG_GC_T2/GOPR4430.JPG,2024-08-03,Giant Clam,T2,10,30,,,"13,51382","120,95979",3.5,GoPro 9,,,,,,
2024_AUG_GC_T2/GOPR4431.JPG,2024-08-03,Giant Clam,T2,11,30,,,"13,51382","120,95979",3.5,GoPro 9,,,,,,
2024_AUG_GC_T2/GOPR4432.JPG,2024-08-03,Giant Clam,T2,12,30,,,"13,51382","120,95979",3.5,GoPro 9,,,,,,
2024_AUG_GC_T2/GOPR4433.JPG,2024-08-03,Giant Clam,T2,13,30,,,"13,51382","120,95979",3.5,GoPro 9,,,,,,
2024_AUG_GC_T2/GOPR4434.JPG,2024-08-03,Giant Clam,T2,14,30,,,"13,51382","120,95979",3.5,GoPro 9,,,,,,
2024_AUG_GC_T2/GOPR4435.JPG,2024-08-03,Giant Clam,T2,15,30,,,"13,51382","120,95979",3.5,GoPro 9,,,,,,
2024_AUG_GC_T2/GOPR4436.JPG,2024-08-03,Giant Clam,T2,16,30,,,"13,51382","120,95979",3.5,GoPro 9,,,,,,
2024_AUG_GC_T2/GOPR4437.JPG,2024-08-03,Giant Clam,T2,17,30,,,"13,51382","120,95979",3.5,GoPro 9,,,,,,
2024_AUG_GC_T2/GOPR4438.JPG,2024-08-03,Giant Clam,T2,18,30,,,"13,51382","120,95979",3.5,GoPro 9,,,,,,
2024_AUG_GC_T2/GOPR4439.JPG,2024-08-03,Giant Clam,T2,19,30,,,"13,51382","120,95979",3.5,GoPro 9,,,,,,
2024_AUG_GC_T2/GOPR4440.JPG,2024-08-03,Giant Clam,T2,20,30,,,"13,51382","120,95979",3.5,GoPro 9,,,,,,
2024_AUG_GC_T2/GOPR4441.JPG,2024-08-03,Giant Clam,T2,21,30,,,"13,51382","120,95979",3.5,GoPro 9,,,,,,
2024_AUG_GC_T2/GOPR4442.JPG,2024-08-03,Giant Clam,T2,22,30,,,"13,51382","120,95979",3.5,GoPro 9,,,,,,
2024_AUG_GC_T2/GOPR4443.JPG,2024-08-03,Giant Clam,T2,23,30,,,"13,51382","120,95979",3.5,GoPro 9,,,,,,
2024_AUG_GC_T2/GOPR4444.JPG,2024-08-03,Giant Clam,T2,24,30,,,"13,51382","120,95979",3.5,GoPro 9,,,,,,
2024_AUG_GC_T2/GOPR4445.JPG,2024-08-03,Giant Clam,T2,25,30,,,"13,51382","120,95979",3.5,GoPro 9,,,,,,
2024_AUG_GC_T2/GOPR4446.JPG,2024-08-03,Giant Clam,T2,26,30,,,"13,51382","120,95979",3.5,GoPro 9,,,,,,
2024_AUG_GC_T2/GOPR4447.JPG,2024-08-03,Giant Clam,T2,27,30,,,"13,51382","120,95979",3.5,GoPro 9,,,,,,
2024_AUG_GC_T2/GOPR4448.JPG,2024-08-03,Giant Clam,T2,28,30,,,"13,51382","120,95979",3.5,GoPro 9,,,,,,
2024_AUG_GC_T2/GOPR4449.JPG,2024-08-03,Giant Clam,T2,29,30,,,"13,51382","120,95979",3.5,GoPro 9,,,,,,
2024_AUG_GC_T2/GOPR4450.JPG,2024-08-03,Giant Clam,T2,30,30,,,"13,51382","120,95979",3.5,GoPro 9,,,,,,
2024_AUG_GC_T2/GOPR4451.JPG,2024-08-03,Giant Clam,T2,31,30,,,"13,51382","120,95979",3.5,GoPro 9,,,,,,
2024_AUG_GC_T2/GOPR4452.JPG,2024-08-03,Giant Clam,T2,32,30,,,"13,51382","120,95979",3.5,GoPro 9,,,,,,
2024_AUG_GC_T2/GOPR4453.JPG,2024-08-03,Giant Clam,T2,33,30,,,"13,51382","120,95979",3.5,GoPro 9,,,,,,
2024_AUG_GC_T2/GOPR4454.JPG,2024-08-03,Giant Clam,T2,34,30,,,"13,51382","120,95979",3.5,GoPro 9,,,,,,
2024_AUG_GC_T2/GOPR4455.JPG,2024-08-03,Giant Clam,T2,35,30,,,"13,51382","120,95979",3.5,GoPro 9,,,,,,
2024_AUG_GC_T2/GOPR4456.JPG,2024-08-03,Giant Clam,T2,36,30,,,"13,51382","120,95979",3.5,GoPro 9,,,,,,
2024_AUG_GC_T2/GOPR4457.JPG,2024-08-03,Giant Clam,T2,37,30,,,"13,51382","120,95979",3.5,GoPro 9,,,,,,
2024_AUG_GC_T2/GOPR4458.JPG,2024-08-03,Giant Clam,T2,38,30,,,"13,51382","120,95979",3.5,GoPro 9,,,,,,
2024_AUG_GC_T2/GOPR4459.JPG,2024-08-03,Giant Clam,T2,39,30,,,"13,51382","120,95979",3.5,GoPro 9,,,,,,
2024_AUG_GC_T2/GOPR4460.JPG,2024-08-03,Giant Clam,T2,40,30,,,"13,51382","120,95979",3.5,GoPro 9,,,,,,
2024_AUG_GC_T2/GOPR4461.JPG,2024-08-03,Giant Clam,T2,41,30,,,"13,51382","120,95979",3.5,GoPro 9,,,,,,
2024_AUG_GC_T2/GOPR4462.JPG,2024-08-03,Giant Clam,T2,42,30,,,"13,51382","120,95979",3.5,GoPro 9,,,,,,
2024_AUG_GC_T2/GOPR4463.JPG,2024-08-03,Giant Clam,T2,43,30,,,"13,51382","120,95979",3.5,GoPro 9,,,,,,
2024_AUG_GC_T2/GOPR4464.JPG,2024-08-03,Giant Clam,T2,44,30,,,"13,51382","120,95979",3.5,GoPro 9,,,,,,
2024_AUG_GC_T2/GOPR4465.JPG,2024-08-03,Giant Clam,T2,45,30,,,"13,51382","120,95979",3.5,GoPro 9,,,,,,
2024_AUG_GC_T2/GOPR4466.JPG,2024-08-03,Giant Clam,T2,46,30,,,"13,51382","120,95979",3.5,GoPro 9,,,,,,
2024_AUG_GC_T2/GOPR4467.JPG,2024-08-03,Giant Clam,T2,47,30,,,"13,51382","120,95979",3.5,GoPro 9,,,,,,
2024_AUG_GC_T2/GOPR4468.JPG,2024-08-03,Giant Clam,T2,48,30,,,"13,51382","120,95979",3.5,GoPro 9,,,,,,
2024_AUG_GC_T2/GOPR4469.JPG,2024-08-03,Giant Clam,T2,49,30,,,"13,51382","120,95979",3.5,GoPro 9,,,,,,
2024_AUG_GC_T2/GOPR4470.JPG,2024-08-03,Giant Clam,T2,50,30,,,"13,51382","120,95979",3.5,GoPro 9,,,,,,
2024_AUG_GC_T3/GOPR4473.JPG,2024-08-03,Giant Clam,T3,1,30,,,"13,51382","120,95979",4,GoPro 9,,,,,,
2024_AUG_GC_T3/GOPR4474.JPG,2024-08-03,Giant Clam,T3,2,30,,,"13,51382","120,95979",4,GoPro 9,,,,,,
2024_AUG_GC_T3/GOPR4475.JPG,2024-08-03,Giant Clam,T3,3,30,,,"13,51382","120,95979",4,GoPro 9,,,,,,
2024_AUG_GC_T3/GOPR4476.JPG,2024-08-03,Giant Clam,T3,4,30,,,"13,51382","120,95979",4,GoPro 9,,,,,,
2024_AUG_GC_T3/GOPR4477.JPG,2024-08-03,Giant Clam,T3,5,30,,,"13,51382","120,95979",4,GoPro 9,,,,,,
2024_AUG_GC_T3/GOPR4478.JPG,2024-08-03,Giant Clam,T3,6,30,,,"13,51382","120,95979",4,GoPro 9,,,,,,
2024_AUG_GC_T3/GOPR4479.JPG,2024-08-03,Giant Clam,T3,7,30,,,"13,51382","120,95979",4,GoPro 9,,,,,,
2024_AUG_GC_T3/GOPR4480.JPG,2024-08-03,Giant Clam,T3,8,30,,,"13,51382","120,95979",4,GoPro 9,,,,,,
2024_AUG_GC_T3/GOPR4481.JPG,2024-08-03,Giant Clam,T3,9,30,,,"13,51382","120,95979",4,GoPro 9,,,,,,
2024_AUG_GC_T3/GOPR4482.JPG,2024-08-03,Giant Clam,T3,10,30,,,"13,51382","120,95979",4,GoPro 9,,,,,,
2024_AUG_GC_T3/GOPR4483.JPG,2024-08-03,Giant Clam,T3,11,30,,,"13,51382","120,95979",4,GoPro 9,,,,,,
2024_AUG_GC_T3/GOPR4484.JPG,2024-08-03,Giant Clam,T3,12,30,,,"13,51382","120,95979",4,GoPro 9,,,,,,
2024_AUG_GC_T3/GOPR4485.JPG,2024-08-03,Giant Clam,T3,13,30,,,"13,51382","120,95979",4,GoPro 9,,,,,,
2024_AUG_GC_T3/GOPR4486.JPG,2024-08-03,Giant Clam,T3,14,30,,,"13,51382","120,95979",4,GoPro 9,,,,,,
2024_AUG_GC_T3/GOPR4487.JPG,2024-08-03,Giant Clam,T3,15,30,,,"13,51382","120,95979",4,GoPro 9,,,,,,
2024_AUG_GC_T3/GOPR4488.JPG,2024-08-03,Giant Clam,T3,16,30,,,"13,51382","120,95979",4,GoPro 9,,,,,,
2024_AUG_GC_T3/GOPR4489.JPG,2024-08-03,Giant Clam,T3,17,30,,,"13,51382","120,95979",4,GoPro 9,,,,,,
2024_AUG_GC_T3/GOPR4490.JPG,2024-08-03,Giant Clam,T3,18,30,,,"13,51382","120,95979",4,GoPro 9,,,,,,
2024_AUG_GC_T3/GOPR4491.JPG,2024-08-03,Giant Clam,T3,19,30,,,"13,51382","120,95979",4,GoPro 9,,,,,,
2024_AUG_GC_T3/GOPR4492.JPG,2024-08-03,Giant Clam,T3,20,30,,,"13,51382","120,95979",4,GoPro 9,,,,,,
2024_AUG_GC_T3/GOPR4493.JPG,2024-08-03,Giant Clam,T3,21,30,,,"13,51382","120,95979",4,GoPro 9,,,,,,
2024_AUG_GC_T3/GOPR4494.JPG,2024-08-03,Giant Clam,T3,22,30,,,"13,51382","120,95979",4,GoPro 9,,,,,,
2024_AUG_GC_T3/GOPR4495.JPG,2024-08-03,Giant Clam,T3,23,30,,,"13,51382","120,95979",4,GoPro 9,,,,,,
2024_AUG_GC_T3/GOPR4496.JPG,2024-08-03,Giant Clam,T3,24,30,,,"13,51382","120,95979",4,GoPro 9,,,,,,
2024_AUG_GC_T3/GOPR4497.JPG,2024-08-03,Giant Clam,T3,25,30,,,"13,51382","120,95979",4,GoPro 9,,,,,,
2024_AUG_GC_T3/GOPR4498.JPG,2024-08-03,Giant Clam,T3,26,30,,,"13,51382","120,95979",4,GoPro 9,,,,,,
2024_AUG_GC_T3/GOPR4499.JPG,2024-08-03,Giant Clam,T3,27,30,,,"13,51382","120,95979",4,GoPro 9,,,,,,
2024_AUG_GC_T3/GOPR4500.JPG,2024-08-03,Giant Clam,T3,28,30,,,"13,51382","120,95979",4,GoPro 9,,,,,,
2024_AUG_GC_T3/GOPR4501.JPG,2024-08-03,Giant Clam,T3,29,30,,,"13,51382","120,95979",4,GoPro 9,,,,,,
2024_AUG_GC_T3/GOPR4502.JPG,2024-08-03,Giant Clam,T3,30,30,,,"13,51382","120,95979",4,GoPro 9,,,,,,
2024_AUG_GC_T3/GOPR4503.JPG,2024-08-03,Giant Clam,T3,31,30,,,"13,51382","120,95979",4,GoPro 9,,,,,,
2024_AUG_GC_T3/GOPR4504.JPG,2024-08-03,Giant Clam,T3,32,30,,,"13,51382","120,95979",4,GoPro 9,,,,,,
2024_AUG_GC_T3/GOPR4505.JPG,2024-08-03,Giant Clam,T3,33,30,,,"13,51382","120,95979",4,GoPro 9,,,,,,
2024_AUG_GC_T3/GOPR4506.JPG,2024-08-03,Giant Clam,T3,34,30,,,"13,51382","120,95979",4,GoPro 9,,,,,,
2024_AUG_GC_T3/GOPR4507.JPG,2024-08-03,Giant Clam,T3,35,30,,,"13,51382","120,95979",4,GoPro 9,,,,,,
2024_AUG_GC_T3/GOPR4508.JPG,2024-08-03,Giant Clam,T3,36,30,,,"13,51382","120,95979",4,GoPro 9,,,,,,
2024_AUG_GC_T3/GOPR4509.JPG,2024-08-03,Giant Clam,T3,37,30,,,"13,51382","120,95979",4,GoPro 9,,,,,,
2024_AUG_GC_T3/GOPR4510.JPG,2024-08-03,Giant Clam,T3,38,30,,,"13,51382","120,95979",4,GoPro 9,,,,,,
2024_AUG_GC_T3/GOPR4511.JPG,2024-08-03,Giant Clam,T3,39,30,,,"13,51382","120,95979",4,GoPro 9,,,,,,
2024_AUG_GC_T3/GOPR4512.JPG,2024-08-03,Giant Clam,T3,40,30,,,"13,51382","120,95979",4,GoPro 9,,,,,,
2024_AUG_GC_T3/GOPR4513.JPG,2024-08-03,Giant Clam,T3,41,30,,,"13,51382","120,95979",4,GoPro 9,,,,,,
2024_AUG_GC_T3/GOPR4514.JPG,2024-08-03,Giant Clam,T3,42,30,,,"13,51382","120,95979",4,GoPro 9,,,,,,
2024_AUG_GC_T3/GOPR4515.JPG,2024-08-03,Giant Clam,T3,43,30,,,"13,51382","120,95979",4,GoPro 9,,,,,,
2024_AUG_GC_T3/GOPR4516.JPG,2024-08-03,Giant Clam,T3,44,30,,,"13,51382","120,95979",4,GoPro 9,,,,,,
2024_AUG_GC_T3/GOPR4517.JPG,2024-08-03,Giant Clam,T3,45,30,,,"13,51382","120,95979",4,GoPro 9,,,,,,
2024_AUG_GC_T3/GOPR4518.JPG,2024-08-03,Giant Clam,T3,46,30,,,"13,51382","120,95979",4,GoPro 9,,,,,,
2024_AUG_GC_T3/GOPR4519.JPG,2024-08-03,Giant Clam,T3,47,30,,,"13,51382","120,95979",4,GoPro 9,,,,,,
2024_AUG_GC_T3/GOPR4520.JPG,2024-08-03,Giant Clam,T3,48,30,,,"13,51382","120,95979",4,GoPro 9,,,,,,
2024_AUG_GC_T3/GOPR4521.JPG,2024-08-03,Giant Clam,T3,49,30,,,"13,51382","120,95979",4,GoPro 9,,,,,,
2024_AUG_GC_T3/GOPR4522.JPG,2024-08-03,Giant Clam,T3,50,30,,,"13,51382","120,95979",4,GoPro 9,,,,,,
2024_AUG_HPFS_D_T1/GOPR5291.JPG,2024-08-16,Harka Piloto D,T1,1,30,,,"13,43851","121,21941",8,GoPro 9,,,,,,
2024_AUG_HPFS_D_T1/GOPR5292.JPG,2024-08-16,Harka Piloto D,T1,2,30,,,"13,43851","121,21941",8,GoPro 9,,,,,,
2024_AUG_HPFS_D_T1/GOPR5293.JPG,2024-08-16,Harka Piloto D,T1,3,30,,,"13,43851","121,21941",8,GoPro 9,,,,,,
2024_AUG_HPFS_D_T1/GOPR5294.JPG,2024-08-16,Harka Piloto D,T1,4,30,,,"13,43851","121,21941",8,GoPro 9,,,,,,
2024_AUG_HPFS_D_T1/GOPR5295.JPG,2024-08-16,Harka Piloto D,T1,5,30,,,"13,43851","121,21941",8,GoPro 9,,,,,,
2024_AUG_HPFS_D_T1/GOPR5296.JPG,2024-08-16,Harka Piloto D,T1,6,30,,,"13,43851","121,21941",8,GoPro 9,,,,,,
2024_AUG_HPFS_D_T1/GOPR5297.JPG,2024-08-16,Harka Piloto D,T1,7,30,,,"13,43851","121,21941",8,GoPro 9,,,,,,
2024_AUG_HPFS_D_T1/GOPR5298.JPG,2024-08-16,Harka Piloto D,T1,8,30,,,"13,43851","121,21941",8,GoPro 9,,,,,,
2024_AUG_HPFS_D_T1/GOPR5299.JPG,2024-08-16,Harka Piloto D,T1,9,30,,,"13,43851","121,21941",8,GoPro 9,,,,,,
2024_AUG_HPFS_D_T1/GOPR5300.JPG,2024-08-16,Harka Piloto D,T1,10,30,,,"13,43851","121,21941",8,GoPro 9,,,,,,
2024_AUG_HPFS_D_T1/GOPR5301.JPG,2024-08-16,Harka Piloto D,T1,11,30,,,"13,43851","121,21941",8,GoPro 9,,,,,,
2024_AUG_HPFS_D_T1/GOPR5302.JPG,2024-08-16,Harka Piloto D,T1,12,30,,,"13,43851","121,21941",8,GoPro 9,,,,,,
2024_AUG_HPFS_D_T1/GOPR5303.JPG,2024-08-16,Harka Piloto D,T1,13,30,,,"13,43851","121,21941",8,GoPro 9,,,,,,
2024_AUG_HPFS_D_T1/GOPR5304.JPG,2024-08-16,Harka Piloto D,T1,14,30,,,"13,43851","121,21941",8,GoPro 9,,,,,,
2024_AUG_HPFS_D_T1/GOPR5305.JPG,2024-08-16,Harka Piloto D,T1,15,30,,,"13,43851","121,21941",8,GoPro 9,,,,,,
2024_AUG_HPFS_D_T1/GOPR5306.JPG,2024-08-16,Harka Piloto D,T1,16,30,,,"13,43851","121,21941",8,GoPro 9,,,,,,
2024_AUG_HPFS_D_T1/GOPR5307.JPG,2024-08-16,Harka Piloto D,T1,17,30,,,"13,43851","121,21941",8,GoPro 9,,,,,,
2024_AUG_HPFS_D_T1/GOPR5308.JPG,2024-08-16,Harka Piloto D,T1,18,30,,,"13,43851","121,21941",8,GoPro 9,,,,,,
2024_AUG_HPFS_D_T1/GOPR5309.JPG,2024-08-16,Harka Piloto D,T1,19,30,,,"13,43851","121,21941",8,GoPro 9,,,,,,
2024_AUG_HPFS_D_T1/GOPR5310.JPG,2024-08-16,Harka Piloto D,T1,20,30,,,"13,43851","121,21941",8,GoPro 9,,,,,,
2024_AUG_HPFS_D_T1/GOPR5311.JPG,2024-08-16,Harka Piloto D,T1,21,30,,,"13,43851","121,21941",8,GoPro 9,,,,,,
2024_AUG_HPFS_D_T1/GOPR5312.JPG,2024-08-16,Harka Piloto D,T1,22,30,,,"13,43851","121,21941",8,GoPro 9,,,,,,
2024_AUG_HPFS_D_T1/GOPR5313.JPG,2024-08-16,Harka Piloto D,T1,23,30,,,"13,43851","121,21941",8,GoPro 9,,,,,,
2024_AUG_HPFS_D_T1/GOPR5314.JPG,2024-08-16,Harka Piloto D,T1,24,30,,,"13,43851","121,21941",8,GoPro 9,,,,,,
2024_AUG_HPFS_D_T1/GOPR5315.JPG,2024-08-16,Harka Piloto D,T1,25,30,,,"13,43851","121,21941",8,GoPro 9,,,,,,
2024_AUG_HPFS_D_T1/GOPR5316.JPG,2024-08-16,Harka Piloto D,T1,26,30,,,"13,43851","121,21941",8,GoPro 9,,,,,,
2024_AUG_HPFS_D_T1/GOPR5317.JPG,2024-08-16,Harka Piloto D,T1,27,30,,,"13,43851","121,21941",8,GoPro 9,,,,,,
2024_AUG_HPFS_D_T1/GOPR5318.JPG,2024-08-16,Harka Piloto D,T1,28,30,,,"13,43851","121,21941",8,GoPro 9,,,,,,
2024_AUG_HPFS_D_T1/GOPR5319.JPG,2024-08-16,Harka Piloto D,T1,29,30,,,"13,43851","121,21941",8,GoPro 9,,,,,,
2024_AUG_HPFS_D_T1/GOPR5320.JPG,2024-08-16,Harka Piloto D,T1,30,30,,,"13,43851","121,21941",8,GoPro 9,,,,,,
2024_AUG_HPFS_D_T1/GOPR5321.JPG,2024-08-16,Harka Piloto D,T1,31,30,,,"13,43851","121,21941",8,GoPro 9,,,,,,
2024_AUG_HPFS_D_T1/GOPR5322.JPG,2024-08-16,Harka Piloto D,T1,32,30,,,"13,43851","121,21941",8,GoPro 9,,,,,,
2024_AUG_HPFS_D_T1/GOPR5323.JPG,2024-08-16,Harka Piloto D,T1,33,30,,,"13,43851","121,21941",8,GoPro 9,,,,,,
2024_AUG_HPFS_D_T1/GOPR5324.JPG,2024-08-16,Harka Piloto D,T1,34,30,,,"13,43851","121,21941",8,GoPro 9,,,,,,
2024_AUG_HPFS_D_T1/GOPR5325.JPG,2024-08-16,Harka Piloto D,T1,35,30,,,"13,43851","121,21941",8,GoPro 9,,,,,,
2024_AUG_HPFS_D_T1/GOPR5326.JPG,2024-08-16,Harka Piloto D,T1,36,30,,,"13,43851","121,21941",8,GoPro 9,,,,,,
2024_AUG_HPFS_D_T1/GOPR5327.JPG,2024-08-16,Harka Piloto D,T1,37,30,,,"13,43851","121,21941",8,GoPro 9,,,,,,
2024_AUG_HPFS_D_T1/GOPR5328.JPG,2024-08-16,Harka Piloto D,T1,38,30,,,"13,43851","121,21941",8,GoPro 9,,,,,,
2024_AUG_HPFS_D_T1/GOPR5329.JPG,2024-08-16,Harka Piloto D,T1,39,30,,,"13,43851","121,21941",8,GoPro 9,,,,,,
2024_AUG_HPFS_D_T1/GOPR5330.JPG,2024-08-16,Harka Piloto D,T1,40,30,,,"13,43851","121,21941",8,GoPro 9,,,,,,
2024_AUG_HPFS_D_T1/GOPR5331.JPG,2024-08-16,Harka Piloto D,T1,41,30,,,"13,43851","121,21941",8,GoPro 9,,,,,,
2024_AUG_HPFS_D_T1/GOPR5332.JPG,2024-08-16,Harka Piloto D,T1,42,30,,,"13,43851","121,21941",8,GoPro 9,,,,,,
2024_AUG_HPFS_D_T1/GOPR5333.JPG,2024-08-16,Harka Piloto D,T1,43,30,,,"13,43851","121,21941",8,GoPro 9,,,,,,
2024_AUG_HPFS_D_T1/GOPR5334.JPG,2024-08-16,Harka Piloto D,T1,44,30,,,"13,43851","121,21941",8,GoPro 9,,,,,,
2024_AUG_HPFS_D_T1/GOPR5335.JPG,2024-08-16,Harka Piloto D,T1,45,30,,,"13,43851","121,21941",8,GoPro 9,,,,,,
2024_AUG_HPFS_D_T1/GOPR5336.JPG,2024-08-16,Harka Piloto D,T1,46,30,,,"13,43851","121,21941",8,GoPro 9,,,,,,
2024_AUG_HPFS_D_T1/GOPR5337.JPG,2024-08-16,Harka Piloto D,T1,47,30,,,"13,43851","121,21941",8,GoPro 9,,,,,,
2024_AUG_HPFS_D_T1/GOPR5338.JPG,2024-08-16,Harka Piloto D,T1,48,30,,,"13,43851","121,21941",8,GoPro 9,,,,,,
2024_AUG_HPFS_D_T1/GOPR5339.JPG,2024-08-16,Harka Piloto D,T1,49,30,,,"13,43851","121,21941",8,GoPro 9,,,,,,
2024_AUG_HPFS_D_T1/GOPR5340.JPG,2024-08-16,Harka Piloto D,T1,50,30,,,"13,43851","121,21941",8,GoPro 9,,,,,,
2024_AUG_HPFS_D_T2/GOPR5350.JPG,2024-08-16,Harka Piloto D,T2,1,30,,,"13,43851","121,21941",7.5,GoPro 9,,,,,,
2024_AUG_HPFS_D_T2/GOPR5351.JPG,2024-08-16,Harka Piloto D,T2,2,30,,,"13,43851","121,21941",7.5,GoPro 9,,,,,,
2024_AUG_HPFS_D_T2/GOPR5352.JPG,2024-08-16,Harka Piloto D,T2,3,30,,,"13,43851","121,21941",7.5,GoPro 9,,,,,,
2024_AUG_HPFS_D_T2/GOPR5353.JPG,2024-08-16,Harka Piloto D,T2,4,30,,,"13,43851","121,21941",7.5,GoPro 9,,,,,,
2024_AUG_HPFS_D_T2/GOPR5354.JPG,2024-08-16,Harka Piloto D,T2,5,30,,,"13,43851","121,21941",7.5,GoPro 9,,,,,,
2024_AUG_HPFS_D_T2/GOPR5355.JPG,2024-08-16,Harka Piloto D,T2,6,30,,,"13,43851","121,21941",7.5,GoPro 9,,,,,,
2024_AUG_HPFS_D_T2/GOPR5356.JPG,2024-08-16,Harka Piloto D,T2,7,30,,,"13,43851","121,21941",7.5,GoPro 9,,,,,,
2024_AUG_HPFS_D_T2/GOPR5357.JPG,2024-08-16,Harka Piloto D,T2,8,30,,,"13,43851","121,21941",7.5,GoPro 9,,,,,,
2024_AUG_HPFS_D_T2/GOPR5358.JPG,2024-08-16,Harka Piloto D,T2,9,30,,,"13,43851","121,21941",7.5,GoPro 9,,,,,,
2024_AUG_HPFS_D_T2/GOPR5359.JPG,2024-08-16,Harka Piloto D,T2,10,30,,,"13,43851","121,21941",7.5,GoPro 9,,,,,,
2024_AUG_HPFS_D_T2/GOPR5360.JPG,2024-08-16,Harka Piloto D,T2,11,30,,,"13,43851","121,21941",7.5,GoPro 9,,,,,,
2024_AUG_HPFS_D_T2/GOPR5361.JPG,2024-08-16,Harka Piloto D,T2,12,30,,,"13,43851","121,21941",7.5,GoPro 9,,,,,,
2024_AUG_HPFS_D_T2/GOPR5362.JPG,2024-08-16,Harka Piloto D,T2,13,30,,,"13,43851","121,21941",7.5,GoPro 9,,,,,,
2024_AUG_HPFS_D_T2/GOPR5363.JPG,2024-08-16,Harka Piloto D,T2,14,30,,,"13,43851","121,21941",7.5,GoPro 9,,,,,,
2024_AUG_HPFS_D_T2/GOPR5364.JPG,2024-08-16,Harka Piloto D,T2,15,30,,,"13,43851","121,21941",7.5,GoPro 9,,,,,,
2024_AUG_HPFS_D_T2/GOPR5365.JPG,2024-08-16,Harka Piloto D,T2,16,30,,,"13,43851","121,21941",7.5,GoPro 9,,,,,,
2024_AUG_HPFS_D_T2/GOPR5366.JPG,2024-08-16,Harka Piloto D,T2,17,30,,,"13,43851","121,21941",7.5,GoPro 9,,,,,,
2024_AUG_HPFS_D_T2/GOPR5367.JPG,2024-08-16,Harka Piloto D,T2,18,30,,,"13,43851","121,21941",7.5,GoPro 9,,,,,,
2024_AUG_HPFS_D_T2/GOPR5368.JPG,2024-08-16,Harka Piloto D,T2,19,30,,,"13,43851","121,21941",7.5,GoPro 9,,,,,,
2024_AUG_HPFS_D_T2/GOPR5369.JPG,2024-08-16,Harka Piloto D,T2,20,30,,,"13,43851","121,21941",7.5,GoPro 9,,,,,,
2024_AUG_HPFS_D_T2/GOPR5370.JPG,2024-08-16,Harka Piloto D,T2,21,30,,,"13,43851","121,21941",7.5,GoPro 9,,,,,,
2024_AUG_HPFS_D_T2/GOPR5371.JPG,2024-08-16,Harka Piloto D,T2,22,30,,,"13,43851","121,21941",7.5,GoPro 9,,,,,,
2024_AUG_HPFS_D_T2/GOPR5372.JPG,2024-08-16,Harka Piloto D,T2,23,30,,,"13,43851","121,21941",7.5,GoPro 9,,,,,,
2024_AUG_HPFS_D_T2/GOPR5373.JPG,2024-08-16,Harka Piloto D,T2,24,30,,,"13,43851","121,21941",7.5,GoPro 9,,,,,,
2024_AUG_HPFS_D_T2/GOPR5374.JPG,2024-08-16,Harka Piloto D,T2,25,30,,,"13,43851","121,21941",7.5,GoPro 9,,,,,,
2024_AUG_HPFS_D_T2/GOPR5375.JPG,2024-08-16,Harka Piloto D,T2,26,30,,,"13,43851","121,21941",7.5,GoPro 9,,,,,,
2024_AUG_HPFS_D_T2/GOPR5376.JPG,2024-08-16,Harka Piloto D,T2,27,30,,,"13,43851","121,21941",7.5,GoPro 9,,,,,,
2024_AUG_HPFS_D_T2/GOPR5377.JPG,2024-08-16,Harka Piloto D,T2,28,30,,,"13,43851","121,21941",7.5,GoPro 9,,,,,,
2024_AUG_HPFS_D_T2/GOPR5378.JPG,2024-08-16,Harka Piloto D,T2,29,30,,,"13,43851","121,21941",7.5,GoPro 9,,,,,,
2024_AUG_HPFS_D_T2/GOPR5379.JPG,2024-08-16,Harka Piloto D,T2,30,30,,,"13,43851","121,21941",7.5,GoPro 9,,,,,,
2024_AUG_HPFS_D_T2/GOPR5380.JPG,2024-08-16,Harka Piloto D,T2,31,30,,,"13,43851","121,21941",7.5,GoPro 9,,,,,,
2024_AUG_HPFS_D_T2/GOPR5381.JPG,2024-08-16,Harka Piloto D,T2,32,30,,,"13,43851","121,21941",7.5,GoPro 9,,,,,,
2024_AUG_HPFS_D_T2/GOPR5382.JPG,2024-08-16,Harka Piloto D,T2,33,30,,,"13,43851","121,21941",7.5,GoPro 9,,,,,,
2024_AUG_HPFS_D_T2/GOPR5383.JPG,2024-08-16,Harka Piloto D,T2,34,30,,,"13,43851","121,21941",7.5,GoPro 9,,,,,,
2024_AUG_HPFS_D_T2/GOPR5384.JPG,2024-08-16,Harka Piloto D,T2,35,30,,,"13,43851","121,21941",7.5,GoPro 9,,,,,,
2024_AUG_HPFS_D_T2/GOPR5385.JPG,2024-08-16,Harka Piloto D,T2,36,30,,,"13,43851","121,21941",7.5,GoPro 9,,,,,,
2024_AUG_HPFS_D_T2/GOPR5386.JPG,2024-08-16,Harka Piloto D,T2,37,30,,,"13,43851","121,21941",7.5,GoPro 9,,,,,,
2024_AUG_HPFS_D_T2/GOPR5387.JPG,2024-08-16,Harka Piloto D,T2,38,30,,,"13,43851","121,21941",7.5,GoPro 9,,,,,,
2024_AUG_HPFS_D_T2/GOPR5388.JPG,2024-08-16,Harka Piloto D,T2,39,30,,,"13,43851","121,21941",7.5,GoPro 9,,,,,,
2024_AUG_HPFS_D_T2/GOPR5389.JPG,2024-08-16,Harka Piloto D,T2,40,30,,,"13,43851","121,21941",7.5,GoPro 9,,,,,,
2024_AUG_HPFS_D_T2/GOPR5390.JPG,2024-08-16,Harka Piloto D,T2,41,30,,,"13,43851","121,21941",7.5,GoPro 9,,,,,,
2024_AUG_HPFS_D_T2/GOPR5392.JPG,2024-08-16,Harka Piloto D,T2,42,30,,,"13,43851","121,21941",7.5,GoPro 9,,,,,,
2024_AUG_HPFS_D_T2/GOPR5393.JPG,2024-08-16,Harka Piloto D,T2,43,30,,,"13,43851","121,21941",7.5,GoPro 9,,,,,,
2024_AUG_HPFS_D_T2/GOPR5394.JPG,2024-08-16,Harka Piloto D,T2,44,30,,,"13,43851","121,21941",7.5,GoPro 9,,,,,,
2024_AUG_HPFS_D_T2/GOPR5395.JPG,2024-08-16,Harka Piloto D,T2,45,30,,,"13,43851","121,21941",7.5,GoPro 9,,,,,,
2024_AUG_HPFS_D_T2/GOPR5396.JPG,2024-08-16,Harka Piloto D,T2,46,30,,,"13,43851","121,21941",7.5,GoPro 9,,,,,,
2024_AUG_HPFS_D_T2/GOPR5397.JPG,2024-08-16,Harka Piloto D,T2,47,30,,,"13,43851","121,21941",7.5,GoPro 9,,,,,,
2024_AUG_HPFS_D_T2/GOPR5398.JPG,2024-08-16,Harka Piloto D,T2,48,30,,,"13,43851","121,21941",7.5,GoPro 9,,,,,,
2024_AUG_HPFS_D_T2/GOPR5399.JPG,2024-08-16,Harka Piloto D,T2,49,30,,,"13,43851","121,21941",7.5,GoPro 9,,,,,,
2024_AUG_HPFS_D_T2/GOPR5400.JPG,2024-08-16,Harka Piloto D,T2,50,30,,,"13,43851","121,21941",7.5,GoPro 9,,,,,,
2024_AUG_HPFS_D_T3/GOPR5407.JPG,2024-08-16,Harka Piloto D,T3,1,30,,,"13,43851","121,21941",8,GoPro 9,,,,,,
2024_AUG_HPFS_D_T3/GOPR5408.JPG,2024-08-16,Harka Piloto D,T3,2,30,,,"13,43851","121,21941",8,GoPro 9,,,,,,
2024_AUG_HPFS_D_T3/GOPR5409.JPG,2024-08-16,Harka Piloto D,T3,3,30,,,"13,43851","121,21941",8,GoPro 9,,,,,,
2024_AUG_HPFS_D_T3/GOPR5410.JPG,2024-08-16,Harka Piloto D,T3,4,30,,,"13,43851","121,21941",8,GoPro 9,,,,,,
2024_AUG_HPFS_D_T3/GOPR5411.JPG,2024-08-16,Harka Piloto D,T3,5,30,,,"13,43851","121,21941",8,GoPro 9,,,,,,
2024_AUG_HPFS_D_T3/GOPR5412.JPG,2024-08-16,Harka Piloto D,T3,6,30,,,"13,43851","121,21941",8,GoPro 9,,,,,,
2024_AUG_HPFS_D_T3/GOPR5413.JPG,2024-08-16,Harka Piloto D,T3,7,30,,,"13,43851","121,21941",8,GoPro 9,,,,,,
2024_AUG_HPFS_D_T3/GOPR5418.JPG,2024-08-16,Harka Piloto D,T3,8,30,,,"13,43851","121,21941",8,GoPro 9,,,,,,
2024_AUG_HPFS_D_T3/GOPR5419.JPG,2024-08-16,Harka Piloto D,T3,9,30,,,"13,43851","121,21941",8,GoPro 9,,,,,,
2024_AUG_HPFS_D_T3/GOPR5420.JPG,2024-08-16,Harka Piloto D,T3,10,30,,,"13,43851","121,21941",8,GoPro 9,,,,,,
2024_AUG_HPFS_D_T3/GOPR5421.JPG,2024-08-16,Harka Piloto D,T3,11,30,,,"13,43851","121,21941",8,GoPro 9,,,,,,
2024_AUG_HPFS_D_T3/GOPR5422.JPG,2024-08-16,Harka Piloto D,T3,12,30,,,"13,43851","121,21941",8,GoPro 9,,,,,,
2024_AUG_HPFS_D_T3/GOPR5423.JPG,2024-08-16,Harka Piloto D,T3,13,30,,,"13,43851","121,21941",8,GoPro 9,,,,,,
2024_AUG_HPFS_D_T3/GOPR5424.JPG,2024-08-16,Harka Piloto D,T3,14,30,,,"13,43851","121,21941",8,GoPro 9,,,,,,
2024_AUG_HPFS_D_T3/GOPR5425.JPG,2024-08-16,Harka Piloto D,T3,15,30,,,"13,43851","121,21941",8,GoPro 9,,,,,,
2024_AUG_HPFS_D_T3/GOPR5426.JPG,2024-08-16,Harka Piloto D,T3,16,30,,,"13,43851","121,21941",8,GoPro 9,,,,,,
2024_AUG_HPFS_D_T3/GOPR5427.JPG,2024-08-16,Harka Piloto D,T3,17,30,,,"13,43851","121,21941",8,GoPro 9,,,,,,
2024_AUG_HPFS_D_T3/GOPR5428.JPG,2024-08-16,Harka Piloto D,T3,18,30,,,"13,43851","121,21941",8,GoPro 9,,,,,,
2024_AUG_HPFS_D_T3/GOPR5429.JPG,2024-08-16,Harka Piloto D,T3,19,30,,,"13,43851","121,21941",8,GoPro 9,,,,,,
2024_AUG_HPFS_D_T3/GOPR5430.JPG,2024-08-16,Harka Piloto D,T3,20,30,,,"13,43851","121,21941",8,GoPro 9,,,,,,
2024_AUG_HPFS_D_T3/GOPR5431.JPG,2024-08-16,Harka Piloto D,T3,21,30,,,"13,43851","121,21941",8,GoPro 9,,,,,,
2024_AUG_HPFS_D_T3/GOPR5432.JPG,2024-08-16,Harka Piloto D,T3,22,30,,,"13,43851","121,21941",8,GoPro 9,,,,,,
2024_AUG_HPFS_D_T3/GOPR5433.JPG,2024-08-16,Harka Piloto D,T3,23,30,,,"13,43851","121,21941",8,GoPro 9,,,,,,
2024_AUG_HPFS_D_T3/GOPR5434.JPG,2024-08-16,Harka Piloto D,T3,24,30,,,"13,43851","121,21941",8,GoPro 9,,,,,,
2024_AUG_HPFS_D_T3/GOPR5435.JPG,2024-08-16,Harka Piloto D,T3,25,30,,,"13,43851","121,21941",8,GoPro 9,,,,,,
2024_AUG_HPFS_D_T3/GOPR5436.JPG,2024-08-16,Harka Piloto D,T3,26,30,,,"13,43851","121,21941",8,GoPro 9,,,,,,
2024_AUG_HPFS_D_T3/GOPR5437.JPG,2024-08-16,Harka Piloto D,T3,27,30,,,"13,43851","121,21941",8,GoPro 9,,,,,,
2024_AUG_HPFS_D_T3/GOPR5438.JPG,2024-08-16,Harka Piloto D,T3,28,30,,,"13,43851","121,21941",8,GoPro 9,,,,,,
2024_AUG_HPFS_D_T3/GOPR5439.JPG,2024-08-16,Harka Piloto D,T3,29,30,,,"13,43851","121,21941",8,GoPro 9,,,,,,
2024_AUG_HPFS_D_T3/GOPR5440.JPG,2024-08-16,Harka Piloto D,T3,30,30,,,"13,43851","121,21941",8,GoPro 9,,,,,,
2024_AUG_HPFS_D_T3/GOPR5441.JPG,2024-08-16,Harka Piloto D,T3,31,30,,,"13,43851","121,21941",8,GoPro 9,,,,,,
2024_AUG_HPFS_D_T3/GOPR5442.JPG,2024-08-16,Harka Piloto D,T3,32,30,,,"13,43851","121,21941",8,GoPro 9,,,,,,
2024_AUG_HPFS_D_T3/GOPR5443.JPG,2024-08-16,Harka Piloto D,T3,33,30,,,"13,43851","121,21941",8,GoPro 9,,,,,,
2024_AUG_HPFS_D_T3/GOPR5444.JPG,2024-08-16,Harka Piloto D,T3,34,30,,,"13,43851","121,21941",8,GoPro 9,,,,,,
2024_AUG_HPFS_D_T3/GOPR5445.JPG,2024-08-16,Harka Piloto D,T3,35,30,,,"13,43851","121,21941",8,GoPro 9,,,,,,
2024_AUG_HPFS_D_T3/GOPR5446.JPG,2024-08-16,Harka Piloto D,T3,36,30,,,"13,43851","121,21941",8,GoPro 9,,,,,,
2024_AUG_HPFS_D_T3/GOPR5447.JPG,2024-08-16,Harka Piloto D,T3,37,30,,,"13,43851","121,21941",8,GoPro 9,,,,,,
2024_AUG_HPFS_D_T3/GOPR5448.JPG,2024-08-16,Harka Piloto D,T3,38,30,,,"13,43851","121,21941",8,GoPro 9,,,,,,
2024_AUG_HPFS_D_T3/GOPR5449.JPG,2024-08-16,Harka Piloto D,T3,39,30,,,"13,43851","121,21941",8,GoPro 9,,,,,,
2024_AUG_HPFS_D_T3/GOPR5450.JPG,2024-08-16,Harka Piloto D,T3,40,30,,,"13,43851","121,21941",8,GoPro 9,,,,,,
2024_AUG_HPFS_D_T3/GOPR5451.JPG,2024-08-16,Harka Piloto D,T3,41,30,,,"13,43851","121,21941",8,GoPro 9,,,,,,
2024_AUG_HPFS_D_T3/GOPR5452.JPG,2024-08-16,Harka Piloto D,T3,42,30,,,"13,43851","121,21941",8,GoPro 9,,,,,,
2024_AUG_HPFS_D_T3/GOPR5453.JPG,2024-08-16,Harka Piloto D,T3,43,30,,,"13,43851","121,21941",8,GoPro 9,,,,,,
2024_AUG_HPFS_D_T3/GOPR5454.JPG,2024-08-16,Harka Piloto D,T3,44,30,,,"13,43851","121,21941",8,GoPro 9,,,,,,
2024_AUG_HPFS_D_T3/GOPR5455.JPG,2024-08-16,Harka Piloto D,T3,45,30,,,"13,43851","121,21941",8,GoPro 9,,,,,,
2024_AUG_HPFS_D_T3/GOPR5456.JPG,2024-08-16,Harka Piloto D,T3,46,30,,,"13,43851","121,21941",8,GoPro 9,,,,,,
2024_AUG_HPFS_D_T3/GOPR5457.JPG,2024-08-16,Harka Piloto D,T3,47,30,,,"13,43851","121,21941",8,GoPro 9,,,,,,
2024_AUG_HPFS_D_T3/GOPR5458.JPG,2024-08-16,Harka Piloto D,T3,48,30,,,"13,43851","121,21941",8,GoPro 9,,,,,,
2024_AUG_HPFS_D_T3/GOPR5459.JPG,2024-08-16,Harka Piloto D,T3,49,30,,,"13,43851","121,21941",8,GoPro 9,,,,,,
2024_AUG_HPFS_D_T3/GOPR5460.JPG,2024-08-16,Harka Piloto D,T3,50,30,,,"13,43851","121,21941",8,GoPro 9,,,,,,
2024_AUG_HPFS_S_T1/GOPR5472.JPG,2024-08-16,Harka Piloto S,T1,1,30,,,"13,43857","121,21936",3,GoPro 9,,,,,,
2024_AUG_HPFS_S_T1/GOPR5473.JPG,2024-08-16,Harka Piloto S,T1,2,30,,,"13,43857","121,21936",3,GoPro 9,,,,,,
2024_AUG_HPFS_S_T1/GOPR5474.JPG,2024-08-16,Harka Piloto S,T1,3,30,,,"13,43857","121,21936",3,GoPro 9,,,,,,
2024_AUG_HPFS_S_T1/GOPR5475.JPG,2024-08-16,Harka Piloto S,T1,4,30,,,"13,43857","121,21936",3,GoPro 9,,,,,,
2024_AUG_HPFS_S_T1/GOPR5476.JPG,2024-08-16,Harka Piloto S,T1,5,30,,,"13,43857","121,21936",3,GoPro 9,,,,,,
2024_AUG_HPFS_S_T1/GOPR5477.JPG,2024-08-16,Harka Piloto S,T1,6,30,,,"13,43857","121,21936",3,GoPro 9,,,,,,
2024_AUG_HPFS_S_T1/GOPR5478.JPG,2024-08-16,Harka Piloto S,T1,7,30,,,"13,43857","121,21936",3,GoPro 9,,,,,,
2024_AUG_HPFS_S_T1/GOPR5479.JPG,2024-08-16,Harka Piloto S,T1,8,30,,,"13,43857","121,21936",3,GoPro 9,,,,,,
2024_AUG_HPFS_S_T1/GOPR5480.JPG,2024-08-16,Harka Piloto S,T1,9,30,,,"13,43857","121,21936",3,GoPro 9,,,,,,
2024_AUG_HPFS_S_T1/GOPR5481.JPG,2024-08-16,Harka Piloto S,T1,10,30,,,"13,43857","121,21936",3,GoPro 9,,,,,,
2024_AUG_HPFS_S_T1/GOPR5482.JPG,2024-08-16,Harka Piloto S,T1,11,30,,,"13,43857","121,21936",3,GoPro 9,,,,,,
2024_AUG_HPFS_S_T1/GOPR5483.JPG,2024-08-16,Harka Piloto S,T1,12,30,,,"13,43857","121,21936",3,GoPro 9,,,,,,
2024_AUG_HPFS_S_T1/GOPR5484.JPG,2024-08-16,Harka Piloto S,T1,13,30,,,"13,43857","121,21936",3,GoPro 9,,,,,,
2024_AUG_HPFS_S_T1/GOPR5485.JPG,2024-08-16,Harka Piloto S,T1,14,30,,,"13,43857","121,21936",3,GoPro 9,,,,,,
2024_AUG_HPFS_S_T1/GOPR5486.JPG,2024-08-16,Harka Piloto S,T1,15,30,,,"13,43857","121,21936",3,GoPro 9,,,,,,
2024_AUG_HPFS_S_T1/GOPR5487.JPG,2024-08-16,Harka Piloto S,T1,16,30,,,"13,43857","121,21936",3,GoPro 9,,,,,,
2024_AUG_HPFS_S_T1/GOPR5488.JPG,2024-08-16,Harka Piloto S,T1,17,30,,,"13,43857","121,21936",3,GoPro 9,,,,,,
2024_AUG_HPFS_S_T1/GOPR5489.JPG,2024-08-16,Harka Piloto S,T1,18,30,,,"13,43857","121,21936",3,GoPro 9,,,,,,
2024_AUG_HPFS_S_T1/GOPR5490.JPG,2024-08-16,Harka Piloto S,T1,19,30,,,"13,43857","121,21936",3,GoPro 9,,,,,,
2024_AUG_HPFS_S_T1/GOPR5491.JPG,2024-08-16,Harka Piloto S,T1,20,30,,,"13,43857","121,21936",3,GoPro 9,,,,,,
2024_AUG_HPFS_S_T1/GOPR5492.JPG,2024-08-16,Harka Piloto S,T1,21,30,,,"13,43857","121,21936",3,GoPro 9,,,,,,
2024_AUG_HPFS_S_T1/GOPR5495.JPG,2024-08-16,Harka Piloto S,T1,22,30,,,"13,43857","121,21936",3,GoPro 9,,,,,,
2024_AUG_HPFS_S_T1/GOPR5496.JPG,2024-08-16,Harka Piloto S,T1,23,30,,,"13,43857","121,21936",3,GoPro 9,,,,,,
2024_AUG_HPFS_S_T1/GOPR5497.JPG,2024-08-16,Harka Piloto S,T1,24,30,,,"13,43857","121,21936",3,GoPro 9,,,,,,
2024_AUG_HPFS_S_T1/GOPR5498.JPG,2024-08-16,Harka Piloto S,T1,25,30,,,"13,43857","121,21936",3,GoPro 9,,,,,,
2024_AUG_HPFS_S_T1/GOPR5499.JPG,2024-08-16,Harka Piloto S,T1,26,30,,,"13,43857","121,21936",3,GoPro 9,,,,,,
2024_AUG_HPFS_S_T1/GOPR5500 - Copy.JPG,2024-08-16,Harka Piloto S,T1,27,30,,,"13,43857","121,21936",3,GoPro 9,,,,,,
2024_AUG_HPFS_S_T1/GOPR5501.JPG,2024-08-16,Harka Piloto S,T1,28,30,,,"13,43857","121,21936",3,GoPro 9,,,,,,
2024_AUG_HPFS_S_T1/GOPR5502.JPG,2024-08-16,Harka Piloto S,T1,29,30,,,"13,43857","121,21936",3,GoPro 9,,,,,,
2024_AUG_HPFS_S_T1/GOPR5503.JPG,2024-08-16,Harka Piloto S,T1,30,30,,,"13,43857","121,21936",3,GoPro 9,,,,,,
2024_AUG_HPFS_S_T1/GOPR5504.JPG,2024-08-16,Harka Piloto S,T1,31,30,,,"13,43857","121,21936",3,GoPro 9,,,,,,
2024_AUG_HPFS_S_T1/GOPR5505.JPG,2024-08-16,Harka Piloto S,T1,32,30,,,"13,43857","121,21936",3,GoPro 9,,,,,,
2024_AUG_HPFS_S_T1/GOPR5506.JPG,2024-08-16,Harka Piloto S,T1,33,30,,,"13,43857","121,21936",3,GoPro 9,,,,,,
2024_AUG_HPFS_S_T1/GOPR5507.JPG,2024-08-16,Harka Piloto S,T1,34,30,,,"13,43857","121,21936",3,GoPro 9,,,,,,
2024_AUG_HPFS_S_T1/GOPR5508.JPG,2024-08-16,Harka Piloto S,T1,35,30,,,"13,43857","121,21936",3,GoPro 9,,,,,,
2024_AUG_HPFS_S_T1/GOPR5509.JPG,2024-08-16,Harka Piloto S,T1,36,30,,,"13,43857","121,21936",3,GoPro 9,,,,,,
2024_AUG_HPFS_S_T1/GOPR5510.JPG,2024-08-16,Harka Piloto S,T1,37,30,,,"13,43857","121,21936",3,GoPro 9,,,,,,
2024_AUG_HPFS_S_T1/GOPR5511.JPG,2024-08-16,Harka Piloto S,T1,38,30,,,"13,43857","121,21936",3,GoPro 9,,,,,,
2024_AUG_HPFS_S_T1/GOPR5512.JPG,2024-08-16,Harka Piloto S,T1,39,30,,,"13,43857","121,21936",3,GoPro 9,,,,,,
2024_AUG_HPFS_S_T1/GOPR5513.JPG,2024-08-16,Harka Piloto S,T1,40,30,,,"13,43857","121,21936",3,GoPro 9,,,,,,
2024_AUG_HPFS_S_T1/GOPR5514.JPG,2024-08-16,Harka Piloto S,T1,41,30,,,"13,43857","121,21936",3,GoPro 9,,,,,,
2024_AUG_HPFS_S_T1/GOPR5515.JPG,2024-08-16,Harka Piloto S,T1,42,30,,,"13,43857","121,21936",3,GoPro 9,,,,,,
2024_AUG_HPFS_S_T1/GOPR5516.JPG,2024-08-16,Harka Piloto S,T1,43,30,,,"13,43857","121,21936",3,GoPro 9,,,,,,
2024_AUG_HPFS_S_T1/GOPR5517.JPG,2024-08-16,Harka Piloto S,T1,44,30,,,"13,43857","121,21936",3,GoPro 9,,,,,,
2024_AUG_HPFS_S_T1/GOPR5518.JPG,2024-08-16,Harka Piloto S,T1,45,30,,,"13,43857","121,21936",3,GoPro 9,,,,,,
2024_AUG_HPFS_S_T1/GOPR5519.JPG,2024-08-16,Harka Piloto S,T1,46,30,,,"13,43857","121,21936",3,GoPro 9,,,,,,
2024_AUG_HPFS_S_T1/GOPR5520.JPG,2024-08-16,Harka Piloto S,T1,47,30,,,"13,43857","121,21936",3,GoPro 9,,,,,,
2024_AUG_HPFS_S_T1/GOPR5521.JPG,2024-08-16,Harka Piloto S,T1,48,30,,,"13,43857","121,21936",3,GoPro 9,,,,,,
2024_AUG_HPFS_S_T1/GOPR5522.JPG,2024-08-16,Harka Piloto S,T1,49,30,,,"13,43857","121,21936",3,GoPro 9,,,,,,
2024_AUG_HPFS_S_T1/GOPR5523.JPG,2024-08-16,Harka Piloto S,T1,50,30,,,"13,43857","121,21936",3,GoPro 9,,,,,,
2024_AUG_HPFS_S_T2/GOPR5527.JPG,2024-08-16,Harka Piloto S,T2,1,30,,,"13,43857","121,21936",3,GoPro 9,,,,,,
2024_AUG_HPFS_S_T2/GOPR5528.JPG,2024-08-16,Harka Piloto S,T2,2,30,,,"13,43857","121,21936",3,GoPro 9,,,,,,
2024_AUG_HPFS_S_T2/GOPR5529.JPG,2024-08-16,Harka Piloto S,T2,3,30,,,"13,43857","121,21936",3,GoPro 9,,,,,,
2024_AUG_HPFS_S_T2/GOPR5530.JPG,2024-08-16,Harka Piloto S,T2,4,30,,,"13,43857","121,21936",3,GoPro 9,,,,,,
2024_AUG_HPFS_S_T2/GOPR5531.JPG,2024-08-16,Harka Piloto S,T2,5,30,,,"13,43857","121,21936",3,GoPro 9,,,,,,
2024_AUG_HPFS_S_T2/GOPR5532.JPG,2024-08-16,Harka Piloto S,T2,6,30,,,"13,43857","121,21936",3,GoPro 9,,,,,,
2024_AUG_HPFS_S_T2/GOPR5533.JPG,2024-08-16,Harka Piloto S,T2,7,30,,,"13,43857","121,21936",3,GoPro 9,,,,,,
2024_AUG_HPFS_S_T2/GOPR5534.JPG,2024-08-16,Harka Piloto S,T2,8,30,,,"13,43857","121,21936",3,GoPro 9,,,,,,
2024_AUG_HPFS_S_T2/GOPR5535.JPG,2024-08-16,Harka Piloto S,T2,9,30,,,"13,43857","121,21936",3,GoPro 9,,,,,,
2024_AUG_HPFS_S_T2/GOPR5536.JPG,2024-08-16,Harka Piloto S,T2,10,30,,,"13,43857","121,21936",3,GoPro 9,,,,,,
2024_AUG_HPFS_S_T2/GOPR5537.JPG,2024-08-16,Harka Piloto S,T2,11,30,,,"13,43857","121,21936",3,GoPro 9,,,,,,
2024_AUG_HPFS_S_T2/GOPR5538.JPG,2024-08-16,Harka Piloto S,T2,12,30,,,"13,43857","121,21936",3,GoPro 9,,,,,,
2024_AUG_HPFS_S_T2/GOPR5539.JPG,2024-08-16,Harka Piloto S,T2,13,30,,,"13,43857","121,21936",3,GoPro 9,,,,,,
2024_AUG_HPFS_S_T2/GOPR5540.JPG,2024-08-16,Harka Piloto S,T2,14,30,,,"13,43857","121,21936",3,GoPro 9,,,,,,
2024_AUG_HPFS_S_T2/GOPR5541.JPG,2024-08-16,Harka Piloto S,T2,15,30,,,"13,43857","121,21936",3,GoPro 9,,,,,,
2024_AUG_HPFS_S_T2/GOPR5546.JPG,2024-08-16,Harka Piloto S,T2,16,30,,,"13,43857","121,21936",3,GoPro 9,,,,,,
2024_AUG_HPFS_S_T2/GOPR5547.JPG,2024-08-16,Harka Piloto S,T2,17,30,,,"13,43857","121,21936",3,GoPro 9,,,,,,
2024_AUG_HPFS_S_T2/GOPR5548.JPG,2024-08-16,Harka Piloto S,T2,18,30,,,"13,43857","121,21936",3,GoPro 9,,,,,,
2024_AUG_HPFS_S_T2/GOPR5549.JPG,2024-08-16,Harka Piloto S,T2,19,30,,,"13,43857","121,21936",3,GoPro 9,,,,,,
2024_AUG_HPFS_S_T2/GOPR5550.JPG,2024-08-16,Harka Piloto S,T2,20,30,,,"13,43857","121,21936",3,GoPro 9,,,,,,
2024_AUG_HPFS_S_T2/GOPR5551.JPG,2024-08-16,Harka Piloto S,T2,21,30,,,"13,43857","121,21936",3,GoPro 9,,,,,,
2024_AUG_HPFS_S_T2/GOPR5552.JPG,2024-08-16,Harka Piloto S,T2,22,30,,,"13,43857","121,21936",3,GoPro 9,,,,,,
2024_AUG_HPFS_S_T2/GOPR5553.JPG,2024-08-16,Harka Piloto S,T2,23,30,,,"13,43857","121,21936",3,GoPro 9,,,,,,
2024_AUG_HPFS_S_T2/GOPR5554.JPG,2024-08-16,Harka Piloto S,T2,24,30,,,"13,43857","121,21936",3,GoPro 9,,,,,,
2024_AUG_HPFS_S_T2/GOPR5555.JPG,2024-08-16,Harka Piloto S,T2,25,30,,,"13,43857","121,21936",3,GoPro 9,,,,,,
2024_AUG_HPFS_S_T2/GOPR5556.JPG,2024-08-16,Harka Piloto S,T2,26,30,,,"13,43857","121,21936",3,GoPro 9,,,,,,
2024_AUG_HPFS_S_T2/GOPR5557.JPG,2024-08-16,Harka Piloto S,T2,27,30,,,"13,43857","121,21936",3,GoPro 9,,,,,,
2024_AUG_HPFS_S_T2/GOPR5558.JPG,2024-08-16,Harka Piloto S,T2,28,30,,,"13,43857","121,21936",3,GoPro 9,,,,,,
2024_AUG_HPFS_S_T2/GOPR5559.JPG,2024-08-16,Harka Piloto S,T2,29,30,,,"13,43857","121,21936",3,GoPro 9,,,,,,
2024_AUG_HPFS_S_T2/GOPR5560.JPG,2024-08-16,Harka Piloto S,T2,30,30,,,"13,43857","121,21936",3,GoPro 9,,,,,,
2024_AUG_HPFS_S_T2/GOPR5561.JPG,2024-08-16,Harka Piloto S,T2,31,30,,,"13,43857","121,21936",3,GoPro 9,,,,,,
2024_AUG_HPFS_S_T2/GOPR5562.JPG,2024-08-16,Harka Piloto S,T2,32,30,,,"13,43857","121,21936",3,GoPro 9,,,,,,
2024_AUG_HPFS_S_T2/GOPR5563.JPG,2024-08-16,Harka Piloto S,T2,33,30,,,"13,43857","121,21936",3,GoPro 9,,,,,,
2024_AUG_HPFS_S_T2/GOPR5564.JPG,2024-08-16,Harka Piloto S,T2,34,30,,,"13,43857","121,21936",3,GoPro 9,,,,,,
2024_AUG_HPFS_S_T2/GOPR5565.JPG,2024-08-16,Harka Piloto S,T2,35,30,,,"13,43857","121,21936",3,GoPro 9,,,,,,
2024_AUG_HPFS_S_T2/GOPR5566.JPG,2024-08-16,Harka Piloto S,T2,36,30,,,"13,43857","121,21936",3,GoPro 9,,,,,,
2024_AUG_HPFS_S_T2/GOPR5567.JPG,2024-08-16,Harka Piloto S,T2,37,30,,,"13,43857","121,21936",3,GoPro 9,,,,,,
2024_AUG_HPFS_S_T2/GOPR5568.JPG,2024-08-16,Harka Piloto S,T2,38,30,,,"13,43857","121,21936",3,GoPro 9,,,,,,
2024_AUG_HPFS_S_T2/GOPR5569.JPG,2024-08-16,Harka Piloto S,T2,39,30,,,"13,43857","121,21936",3,GoPro 9,,,,,,
2024_AUG_HPFS_S_T2/GOPR5570.JPG,2024-08-16,Harka Piloto S,T2,40,30,,,"13,43857","121,21936",3,GoPro 9,,,,,,
2024_AUG_HPFS_S_T2/GOPR5571.JPG,2024-08-16,Harka Piloto S,T2,41,30,,,"13,43857","121,21936",3,GoPro 9,,,,,,
2024_AUG_HPFS_S_T2/GOPR5572.JPG,2024-08-16,Harka Piloto S,T2,42,30,,,"13,43857","121,21936",3,GoPro 9,,,,,,
2024_AUG_HPFS_S_T2/GOPR5573.JPG,2024-08-16,Harka Piloto S,T2,43,30,,,"13,43857","121,21936",3,GoPro 9,,,,,,
2024_AUG_HPFS_S_T2/GOPR5574.JPG,2024-08-16,Harka Piloto S,T2,44,30,,,"13,43857","121,21936",3,GoPro 9,,,,,,
2024_AUG_HPFS_S_T2/GOPR5575.JPG,2024-08-16,Harka Piloto S,T2,45,30,,,"13,43857","121,21936",3,GoPro 9,,,,,,
2024_AUG_HPFS_S_T2/GOPR5576.JPG,2024-08-16,Harka Piloto S,T2,46,30,,,"13,43857","121,21936",3,GoPro 9,,,,,,
2024_AUG_HPFS_S_T2/GOPR5577.JPG,2024-08-16,Harka Piloto S,T2,47,30,,,"13,43857","121,21936",3,GoPro 9,,,,,,
2024_AUG_HPFS_S_T2/GOPR5578.JPG,2024-08-16,Harka Piloto S,T2,48,30,,,"13,43857","121,21936",3,GoPro 9,,,,,,
2024_AUG_HPFS_S_T2/GOPR5579.JPG,2024-08-16,Harka Piloto S,T2,49,30,,,"13,43857","121,21936",3,GoPro 9,,,,,,
2024_AUG_HPFS_S_T2/GOPR5580.JPG,2024-08-16,Harka Piloto S,T2,50,30,,,"13,43857","121,21936",3,GoPro 9,,,,,,
2024_AUG_HPFS_S_T3/GOPR5587.JPG,2024-08-16,Harka Piloto S,T3,1,30,,,"13,43857","121,21936",4,GoPro 9,,,,,,
2024_AUG_HPFS_S_T3/GOPR5588.JPG,2024-08-16,Harka Piloto S,T3,2,30,,,"13,43857","121,21936",4,GoPro 9,,,,,,
2024_AUG_HPFS_S_T3/GOPR5589.JPG,2024-08-16,Harka Piloto S,T3,3,30,,,"13,43857","121,21936",4,GoPro 9,,,,,,
2024_AUG_HPFS_S_T3/GOPR5590.JPG,2024-08-16,Harka Piloto S,T3,4,30,,,"13,43857","121,21936",4,GoPro 9,,,,,,
2024_AUG_HPFS_S_T3/GOPR5591.JPG,2024-08-16,Harka Piloto S,T3,5,30,,,"13,43857","121,21936",4,GoPro 9,,,,,,
2024_AUG_HPFS_S_T3/GOPR5592.JPG,2024-08-16,Harka Piloto S,T3,6,30,,,"13,43857","121,21936",4,GoPro 9,,,,,,
2024_AUG_HPFS_S_T3/GOPR5593.JPG,2024-08-16,Harka Piloto S,T3,7,30,,,"13,43857","121,21936",4,GoPro 9,,,,,,
2024_AUG_HPFS_S_T3/GOPR5594.JPG,2024-08-16,Harka Piloto S,T3,8,30,,,"13,43857","121,21936",4,GoPro 9,,,,,,
2024_AUG_HPFS_S_T3/GOPR5595.JPG,2024-08-16,Harka Piloto S,T3,9,30,,,"13,43857","121,21936",4,GoPro 9,,,,,,
2024_AUG_HPFS_S_T3/GOPR5596.JPG,2024-08-16,Harka Piloto S,T3,10,30,,,"13,43857","121,21936",4,GoPro 9,,,,,,
2024_AUG_HPFS_S_T3/GOPR5597.JPG,2024-08-16,Harka Piloto S,T3,11,30,,,"13,43857","121,21936",4,GoPro 9,,,,,,
2024_AUG_HPFS_S_T3/GOPR5598.JPG,2024-08-16,Harka Piloto S,T3,12,30,,,"13,43857","121,21936",4,GoPro 9,,,,,,
2024_AUG_HPFS_S_T3/GOPR5599.JPG,2024-08-16,Harka Piloto S,T3,13,30,,,"13,43857","121,21936",4,GoPro 9,,,,,,
2024_AUG_HPFS_S_T3/GOPR5600.JPG,2024-08-16,Harka Piloto S,T3,14,30,,,"13,43857","121,21936",4,GoPro 9,,,,,,
2024_AUG_HPFS_S_T3/GOPR5601.JPG,2024-08-16,Harka Piloto S,T3,15,30,,,"13,43857","121,21936",4,GoPro 9,,,,,,
2024_AUG_HPFS_S_T3/GOPR5602.JPG,2024-08-16,Harka Piloto S,T3,16,30,,,"13,43857","121,21936",4,GoPro 9,,,,,,
2024_AUG_HPFS_S_T3/GOPR5603.JPG,2024-08-16,Harka Piloto S,T3,17,30,,,"13,43857","121,21936",4,GoPro 9,,,,,,
2024_AUG_HPFS_S_T3/GOPR5604.JPG,2024-08-16,Harka Piloto S,T3,18,30,,,"13,43857","121,21936",4,GoPro 9,,,,,,
2024_AUG_HPFS_S_T3/GOPR5605.JPG,2024-08-16,Harka Piloto S,T3,19,30,,,"13,43857","121,21936",4,GoPro 9,,,,,,
2024_AUG_HPFS_S_T3/GOPR5606.JPG,2024-08-16,Harka Piloto S,T3,20,30,,,"13,43857","121,21936",4,GoPro 9,,,,,,
2024_AUG_HPFS_S_T3/GOPR5607.JPG,2024-08-16,Harka Piloto S,T3,21,30,,,"13,43857","121,21936",4,GoPro 9,,,,,,
2024_AUG_HPFS_S_T3/GOPR5608.JPG,2024-08-16,Harka Piloto S,T3,22,30,,,"13,43857","121,21936",4,GoPro 9,,,,,,
2024_AUG_HPFS_S_T3/GOPR5609.JPG,2024-08-16,Harka Piloto S,T3,23,30,,,"13,43857","121,21936",4,GoPro 9,,,,,,
2024_AUG_HPFS_S_T3/GOPR5610.JPG,2024-08-16,Harka Piloto S,T3,24,30,,,"13,43857","121,21936",4,GoPro 9,,,,,,
2024_AUG_HPFS_S_T3/GOPR5611.JPG,2024-08-16,Harka Piloto S,T3,25,30,,,"13,43857","121,21936",4,GoPro 9,,,,,,
2024_AUG_HPFS_S_T3/GOPR5612.JPG,2024-08-16,Harka Piloto S,T3,26,30,,,"13,43857","121,21936",4,GoPro 9,,,,,,
2024_AUG_HPFS_S_T3/GOPR5613.JPG,2024-08-16,Harka Piloto S,T3,27,30,,,"13,43857","121,21936",4,GoPro 9,,,,,,
2024_AUG_HPFS_S_T3/GOPR5614.JPG,2024-08-16,Harka Piloto S,T3,28,30,,,"13,43857","121,21936",4,GoPro 9,,,,,,
2024_AUG_HPFS_S_T3/GOPR5615.JPG,2024-08-16,Harka Piloto S,T3,29,30,,,"13,43857","121,21936",4,GoPro 9,,,,,,
2024_AUG_HPFS_S_T3/GOPR5616.JPG,2024-08-16,Harka Piloto S,T3,30,30,,,"13,43857","121,21936",4,GoPro 9,,,,,,
2024_AUG_HPFS_S_T3/GOPR5617.JPG,2024-08-16,Harka Piloto S,T3,31,30,,,"13,43857","121,21936",4,GoPro 9,,,,,,
2024_AUG_HPFS_S_T3/GOPR5618.JPG,2024-08-16,Harka Piloto S,T3,32,30,,,"13,43857","121,21936",4,GoPro 9,,,,,,
2024_AUG_HPFS_S_T3/GOPR5619.JPG,2024-08-16,Harka Piloto S,T3,33,30,,,"13,43857","121,21936",4,GoPro 9,,,,,,
2024_AUG_HPFS_S_T3/GOPR5620.JPG,2024-08-16,Harka Piloto S,T3,34,30,,,"13,43857","121,21936",4,GoPro 9,,,,,,
2024_AUG_HPFS_S_T3/GOPR5621.JPG,2024-08-16,Harka Piloto S,T3,35,30,,,"13,43857","121,21936",4,GoPro 9,,,,,,
2024_AUG_HPFS_S_T3/GOPR5622.JPG,2024-08-16,Harka Piloto S,T3,36,30,,,"13,43857","121,21936",4,GoPro 9,,,,,,
2024_AUG_HPFS_S_T3/GOPR5623.JPG,2024-08-16,Harka Piloto S,T3,37,30,,,"13,43857","121,21936",4,GoPro 9,,,,,,
2024_AUG_HPFS_S_T3/GOPR5624.JPG,2024-08-16,Harka Piloto S,T3,38,30,,,"13,43857","121,21936",4,GoPro 9,,,,,,
2024_AUG_HPFS_S_T3/GOPR5625.JPG,2024-08-16,Harka Piloto S,T3,39,30,,,"13,43857","121,21936",4,GoPro 9,,,,,,
2024_AUG_HPFS_S_T3/GOPR5626.JPG,2024-08-16,Harka Piloto S,T3,40,30,,,"13,43857","121,21936",4,GoPro 9,,,,,,
2024_AUG_HPFS_S_T3/GOPR5627.JPG,2024-08-16,Harka Piloto S,T3,41,30,,,"13,43857","121,21936",4,GoPro 9,,,,,,
2024_AUG_HPFS_S_T3/GOPR5628.JPG,2024-08-16,Harka Piloto S,T3,42,30,,,"13,43857","121,21936",4,GoPro 9,,,,,,
2024_AUG_HPFS_S_T3/GOPR5629.JPG,2024-08-16,Harka Piloto S,T3,43,30,,,"13,43857","121,21936",4,GoPro 9,,,,,,
2024_AUG_HPFS_S_T3/GOPR5630.JPG,2024-08-16,Harka Piloto S,T3,44,30,,,"13,43857","121,21936",4,GoPro 9,,,,,,
2024_AUG_HPFS_S_T3/GOPR5631.JPG,2024-08-16,Harka Piloto S,T3,45,30,,,"13,43857","121,21936",4,GoPro 9,,,,,,
2024_AUG_HPFS_S_T3/GOPR5632.JPG,2024-08-16,Harka Piloto S,T3,46,30,,,"13,43857","121,21936",4,GoPro 9,,,,,,
2024_AUG_HPFS_S_T3/GOPR5633.JPG,2024-08-16,Harka Piloto S,T3,47,30,,,"13,43857","121,21936",4,GoPro 9,,,,,,
2024_AUG_HPFS_S_T3/GOPR5634.JPG,2024-08-16,Harka Piloto S,T3,48,30,,,"13,43857","121,21936",4,GoPro 9,,,,,,
2024_AUG_HPFS_S_T3/GOPR5635.JPG,2024-08-16,Harka Piloto S,T3,49,30,,,"13,43857","121,21936",4,GoPro 9,,,,,,
2024_AUG_HPFS_S_T3/GOPR5636.JPG,2024-08-16,Harka Piloto S,T3,50,30,,,"13,43857","121,21936",4,GoPro 9,,,,,,
2024_AUG_SAPANGAN_T1/GOPR4706.JPG,2024-08-04,Sapangan,T1,1,30,,,"13,53176","120,95441",7,GoPro 9,,,,,,
2024_AUG_SAPANGAN_T1/GOPR4707.JPG,2024-08-04,Sapangan,T1,2,30,,,"13,53176","120,95441",7,GoPro 9,,,,,,
2024_AUG_SAPANGAN_T1/GOPR4708.JPG,2024-08-04,Sapangan,T1,3,30,,,"13,53176","120,95441",7,GoPro 9,,,,,,
2024_AUG_SAPANGAN_T1/GOPR4709.JPG,2024-08-04,Sapangan,T1,4,30,,,"13,53176","120,95441",7,GoPro 9,,,,,,
2024_AUG_SAPANGAN_T1/GOPR4710.JPG,2024-08-04,Sapangan,T1,5,30,,,"13,53176","120,95441",7,GoPro 9,,,,,,
2024_AUG_SAPANGAN_T1/GOPR4712.JPG,2024-08-04,Sapangan,T1,6,30,,,"13,53176","120,95441",7,GoPro 9,,,,,,
2024_AUG_SAPANGAN_T1/GOPR4713.JPG,2024-08-04,Sapangan,T1,7,30,,,"13,53176","120,95441",7,GoPro 9,,,,,,
2024_AUG_SAPANGAN_T1/GOPR4714.JPG,2024-08-04,Sapangan,T1,8,30,,,"13,53176","120,95441",7,GoPro 9,,,,,,
2024_AUG_SAPANGAN_T1/GOPR4715.JPG,2024-08-04,Sapangan,T1,9,30,,,"13,53176","120,95441",7,GoPro 9,,,,,,
2024_AUG_SAPANGAN_T1/GOPR4716.JPG,2024-08-04,Sapangan,T1,10,30,,,"13,53176","120,95441",7,GoPro 9,,,,,,
2024_AUG_SAPANGAN_T1/GOPR4717.JPG,2024-08-04,Sapangan,T1,11,30,,,"13,53176","120,95441",7,GoPro 9,,,,,,
2024_AUG_SAPANGAN_T1/GOPR4718.JPG,2024-08-04,Sapangan,T1,12,30,,,"13,53176","120,95441",7,GoPro 9,,,,,,
2024_AUG_SAPANGAN_T1/GOPR4719.JPG,2024-08-04,Sapangan,T1,13,30,,,"13,53176","120,95441",7,GoPro 9,,,,,,
2024_AUG_SAPANGAN_T1/GOPR4720.JPG,2024-08-04,Sapangan,T1,14,30,,,"13,53176","120,95441",7,GoPro 9,,,,,,
2024_AUG_SAPANGAN_T1/GOPR4721.JPG,2024-08-04,Sapangan,T1,15,30,,,"13,53176","120,95441",7,GoPro 9,,,,,,
2024_AUG_SAPANGAN_T1/GOPR4722.JPG,2024-08-04,Sapangan,T1,16,30,,,"13,53176","120,95441",7,GoPro 9,,,,,,
2024_AUG_SAPANGAN_T1/GOPR4723.JPG,2024-08-04,Sapangan,T1,17,30,,,"13,53176","120,95441",7,GoPro 9,,,,,,
2024_AUG_SAPANGAN_T1/GOPR4724.JPG,2024-08-04,Sapangan,T1,18,30,,,"13,53176","120,95441",7,GoPro 9,,,,,,
2024_AUG_SAPANGAN_T1/GOPR4725.JPG,2024-08-04,Sapangan,T1,19,30,,,"13,53176","120,95441",7,GoPro 9,,,,,,
2024_AUG_SAPANGAN_T1/GOPR4726.JPG,2024-08-04,Sapangan,T1,20,30,,,"13,53176","120,95441",7,GoPro 9,,,,,,
2024_AUG_SAPANGAN_T1/GOPR4727.JPG,2024-08-04,Sapangan,T1,21,30,,,"13,53176","120,95441",7,GoPro 9,,,,,,
2024_AUG_SAPANGAN_T1/GOPR4728.JPG,2024-08-04,Sapangan,T1,22,30,,,"13,53176","120,95441",7,GoPro 9,,,,,,
2024_AUG_SAPANGAN_T1/GOPR4729.JPG,2024-08-04,Sapangan,T1,23,30,,,"13,53176","120,95441",7,GoPro 9,,,,,,
2024_AUG_SAPANGAN_T1/GOPR4730.JPG,2024-08-04,Sapangan,T1,24,30,,,"13,53176","120,95441",7,GoPro 9,,,,,,
2024_AUG_SAPANGAN_T1/GOPR4731.JPG,2024-08-04,Sapangan,T1,25,30,,,"13,53176","120,95441",7,GoPro 9,,,,,,
2024_AUG_SAPANGAN_T1/GOPR4732.JPG,2024-08-04,Sapangan,T1,26,30,,,"13,53176","120,95441",7,GoPro 9,,,,,,
2024_AUG_SAPANGAN_T1/GOPR4733.JPG,2024-08-04,Sapangan,T1,27,30,,,"13,53176","120,95441",7,GoPro 9,,,,,,
2024_AUG_SAPANGAN_T1/GOPR4734.JPG,2024-08-04,Sapangan,T1,28,30,,,"13,53176","120,95441",7,GoPro 9,,,,,,
2024_AUG_SAPANGAN_T1/GOPR4735.JPG,2024-08-04,Sapangan,T1,29,30,,,"13,53176","120,95441",7,GoPro 9,,,,,,
2024_AUG_SAPANGAN_T1/GOPR4736.JPG,2024-08-04,Sapangan,T1,30,30,,,"13,53176","120,95441",7,GoPro 9,,,,,,
2024_AUG_SAPANGAN_T1/GOPR4737.JPG,2024-08-04,Sapangan,T1,31,30,,,"13,53176","120,95441",7,GoPro 9,,,,,,
2024_AUG_SAPANGAN_T1/GOPR4738.JPG,2024-08-04,Sapangan,T1,32,30,,,"13,53176","120,95441",7,GoPro 9,,,,,,
2024_AUG_SAPANGAN_T1/GOPR4739.JPG,2024-08-04,Sapangan,T1,33,30,,,"13,53176","120,95441",7,GoPro 9,,,,,,
2024_AUG_SAPANGAN_T1/GOPR4740.JPG,2024-08-04,Sapangan,T1,34,30,,,"13,53176","120,95441",7,GoPro 9,,,,,,
2024_AUG_SAPANGAN_T1/GOPR4741.JPG,2024-08-04,Sapangan,T1,35,30,,,"13,53176","120,95441",7,GoPro 9,,,,,,
2024_AUG_SAPANGAN_T1/GOPR4742.JPG,2024-08-04,Sapangan,T1,36,30,,,"13,53176","120,95441",7,GoPro 9,,,,,,
2024_AUG_SAPANGAN_T1/GOPR4743.JPG,2024-08-04,Sapangan,T1,37,30,,,"13,53176","120,95441",7,GoPro 9,,,,,,
2024_AUG_SAPANGAN_T1/GOPR4744.JPG,2024-08-04,Sapangan,T1,38,30,,,"13,53176","120,95441",7,GoPro 9,,,,,,
2024_AUG_SAPANGAN_T1/GOPR4745.JPG,2024-08-04,Sapangan,T1,39,30,,,"13,53176","120,95441",7,GoPro 9,,,,,,
2024_AUG_SAPANGAN_T1/GOPR4746.JPG,2024-08-04,Sapangan,T1,40,30,,,"13,53176","120,95441",7,GoPro 9,,,,,,
2024_AUG_SAPANGAN_T1/GOPR4747.JPG,2024-08-04,Sapangan,T1,41,30,,,"13,53176","120,95441",7,GoPro 9,,,,,,
2024_AUG_SAPANGAN_T1/GOPR4750.JPG,2024-08-04,Sapangan,T1,42,30,,,"13,53176","120,95441",7,GoPro 9,,,,,,
2024_AUG_SAPANGAN_T1/GOPR4751.JPG,2024-08-04,Sapangan,T1,43,30,,,"13,53176","120,95441",7,GoPro 9,,,,,,
2024_AUG_SAPANGAN_T1/GOPR4752.JPG,2024-08-04,Sapangan,T1,44,30,,,"13,53176","120,95441",7,GoPro 9,,,,,,
2024_AUG_SAPANGAN_T1/GOPR4753.JPG,2024-08-04,Sapangan,T1,45,30,,,"13,53176","120,95441",7,GoPro 9,,,,,,
2024_AUG_SAPANGAN_T1/GOPR4754.JPG,2024-08-04,Sapangan,T1,46,30,,,"13,53176","120,95441",7,GoPro 9,,,,,,
2024_AUG_SAPANGAN_T1/GOPR4755.JPG,2024-08-04,Sapangan,T1,47,30,,,"13,53176","120,95441",7,GoPro 9,,,,,,
2024_AUG_SAPANGAN_T1/GOPR4756.JPG,2024-08-04,Sapangan,T1,48,30,,,"13,53176","120,95441",7,GoPro 9,,,,,,
2024_AUG_SAPANGAN_T1/GOPR4757.JPG,2024-08-04,Sapangan,T1,49,30,,,"13,53176","120,95441",7,GoPro 9,,,,,,
2024_AUG_SAPANGAN_T1/GOPR4758.JPG,2024-08-04,Sapangan,T1,50,30,,,"13,53176","120,95441",7,GoPro 9,,,,,,
2024_AUG_SAPANGAN_T2/GOPR4765.JPG,2024-08-04,Sapangan,T2,1,30,,,"13,53176","120,95441",7.5,GoPro 9,,,,,,
2024_AUG_SAPANGAN_T2/GOPR4766.JPG,2024-08-04,Sapangan,T2,2,30,,,"13,53176","120,95441",7.5,GoPro 9,,,,,,
2024_AUG_SAPANGAN_T2/GOPR4767.JPG,2024-08-04,Sapangan,T2,3,30,,,"13,53176","120,95441",7.5,GoPro 9,,,,,,
2024_AUG_SAPANGAN_T2/GOPR4768.JPG,2024-08-04,Sapangan,T2,4,30,,,"13,53176","120,95441",7.5,GoPro 9,,,,,,
2024_AUG_SAPANGAN_T2/GOPR4769.JPG,2024-08-04,Sapangan,T2,5,30,,,"13,53176","120,95441",7.5,GoPro 9,,,,,,
2024_AUG_SAPANGAN_T2/GOPR4770.JPG,2024-08-04,Sapangan,T2,6,30,,,"13,53176","120,95441",7.5,GoPro 9,,,,,,
2024_AUG_SAPANGAN_T2/GOPR4771.JPG,2024-08-04,Sapangan,T2,7,30,,,"13,53176","120,95441",7.5,GoPro 9,,,,,,
2024_AUG_SAPANGAN_T2/GOPR4772.JPG,2024-08-04,Sapangan,T2,8,30,,,"13,53176","120,95441",7.5,GoPro 9,,,,,,
2024_AUG_SAPANGAN_T2/GOPR4773.JPG,2024-08-04,Sapangan,T2,9,30,,,"13,53176","120,95441",7.5,GoPro 9,,,,,,
2024_AUG_SAPANGAN_T2/GOPR4774.JPG,2024-08-04,Sapangan,T2,10,30,,,"13,53176","120,95441",7.5,GoPro 9,,,,,,
2024_AUG_SAPANGAN_T2/GOPR4775.JPG,2024-08-04,Sapangan,T2,11,30,,,"13,53176","120,95441",7.5,GoPro 9,,,,,,
2024_AUG_SAPANGAN_T2/GOPR4776.JPG,2024-08-04,Sapangan,T2,12,30,,,"13,53176","120,95441",7.5,GoPro 9,,,,,,
2024_AUG_SAPANGAN_T2/GOPR4777.JPG,2024-08-04,Sapangan,T2,13,30,,,"13,53176","120,95441",7.5,GoPro 9,,,,,,
2024_AUG_SAPANGAN_T2/GOPR4778.JPG,2024-08-04,Sapangan,T2,14,30,,,"13,53176","120,95441",7.5,GoPro 9,,,,,,
2024_AUG_SAPANGAN_T2/GOPR4779.JPG,2024-08-04,Sapangan,T2,15,30,,,"13,53176","120,95441",7.5,GoPro 9,,,,,,
2024_AUG_SAPANGAN_T2/GOPR4780.JPG,2024-08-04,Sapangan,T2,16,30,,,"13,53176","120,95441",7.5,GoPro 9,,,,,,
2024_AUG_SAPANGAN_T2/GOPR4781.JPG,2024-08-04,Sapangan,T2,17,30,,,"13,53176","120,95441",7.5,GoPro 9,,,,,,
2024_AUG_SAPANGAN_T2/GOPR4782.JPG,2024-08-04,Sapangan,T2,18,30,,,"13,53176","120,95441",7.5,GoPro 9,,,,,,
2024_AUG_SAPANGAN_T2/GOPR4783.JPG,2024-08-04,Sapangan,T2,19,30,,,"13,53176","120,95441",7.5,GoPro 9,,,,,,
2024_AUG_SAPANGAN_T2/GOPR4784.JPG,2024-08-04,Sapangan,T2,20,30,,,"13,53176","120,95441",7.5,GoPro 9,,,,,,
2024_AUG_SAPANGAN_T2/GOPR4785.JPG,2024-08-04,Sapangan,T2,21,30,,,"13,53176","120,95441",7.5,GoPro 9,,,,,,
2024_AUG_SAPANGAN_T2/GOPR4786.JPG,2024-08-04,Sapangan,T2,22,30,,,"13,53176","120,95441",7.5,GoPro 9,,,,,,
2024_AUG_SAPANGAN_T2/GOPR4787.JPG,2024-08-04,Sapangan,T2,23,30,,,"13,53176","120,95441",7.5,GoPro 9,,,,,,
2024_AUG_SAPANGAN_T2/GOPR4788.JPG,2024-08-04,Sapangan,T2,24,30,,,"13,53176","120,95441",7.5,GoPro 9,,,,,,
2024_AUG_SAPANGAN_T2/GOPR4789.JPG,2024-08-04,Sapangan,T2,25,30,,,"13,53176","120,95441",7.5,GoPro 9,,,,,,
2024_AUG_SAPANGAN_T2/GOPR4790.JPG,2024-08-04,Sapangan,T2,26,30,,,"13,53176","120,95441",7.5,GoPro 9,,,,,,
2024_AUG_SAPANGAN_T2/GOPR4791.JPG,2024-08-04,Sapangan,T2,27,30,,,"13,53176","120,95441",7.5,GoPro 9,,,,,,
2024_AUG_SAPANGAN_T2/GOPR4792.JPG,2024-08-04,Sapangan,T2,28,30,,,"13,53176","120,95441",7.5,GoPro 9,,,,,,
2024_AUG_SAPANGAN_T2/GOPR4793.JPG,2024-08-04,Sapangan,T2,29,30,,,"13,53176","120,95441",7.5,GoPro 9,,,,,,
2024_AUG_SAPANGAN_T2/GOPR4794.JPG,2024-08-04,Sapangan,T2,30,30,,,"13,53176","120,95441",7.5,GoPro 9,,,,,,
2024_AUG_SAPANGAN_T2/GOPR4795.JPG,2024-08-04,Sapangan,T2,31,30,,,"13,53176","120,95441",7.5,GoPro 9,,,,,,
2024_AUG_SAPANGAN_T2/GOPR4796.JPG,2024-08-04,Sapangan,T2,32,30,,,"13,53176","120,95441",7.5,GoPro 9,,,,,,
2024_AUG_SAPANGAN_T2/GOPR4797.JPG,2024-08-04,Sapangan,T2,33,30,,,"13,53176","120,95441",7.5,GoPro 9,,,,,,
2024_AUG_SAPANGAN_T2/GOPR4798.JPG,2024-08-04,Sapangan,T2,34,30,,,"13,53176","120,95441",7.5,GoPro 9,,,,,,
2024_AUG_SAPANGAN_T2/GOPR4799.JPG,2024-08-04,Sapangan,T2,35,30,,,"13,53176","120,95441",7.5,GoPro 9,,,,,,
2024_AUG_SAPANGAN_T2/GOPR4800.JPG,2024-08-04,Sapangan,T2,36,30,,,"13,53176","120,95441",7.5,GoPro 9,,,,,,
2024_AUG_SAPANGAN_T2/GOPR4801.JPG,2024-08-04,Sapangan,T2,37,30,,,"13,53176","120,95441",7.5,GoPro 9,,,,,,
2024_AUG_SAPANGAN_T2/GOPR4802.JPG,2024-08-04,Sapangan,T2,38,30,,,"13,53176","120,95441",7.5,GoPro 9,,,,,,
2024_AUG_SAPANGAN_T2/GOPR4804.JPG,2024-08-04,Sapangan,T2,39,30,,,"13,53176","120,95441",7.5,GoPro 9,,,,,,
2024_AUG_SAPANGAN_T2/GOPR4805.JPG,2024-08-04,Sapangan,T2,40,30,,,"13,53176","120,95441",7.5,GoPro 9,,,,,,
2024_AUG_SAPANGAN_T2/GOPR4806.JPG,2024-08-04,Sapangan,T2,41,30,,,"13,53176","120,95441",7.5,GoPro 9,,,,,,
2024_AUG_SAPANGAN_T2/GOPR4807.JPG,2024-08-04,Sapangan,T2,42,30,,,"13,53176","120,95441",7.5,GoPro 9,,,,,,
2024_AUG_SAPANGAN_T2/GOPR4808.JPG,2024-08-04,Sapangan,T2,43,30,,,"13,53176","120,95441",7.5,GoPro 9,,,,,,
2024_AUG_SAPANGAN_T2/GOPR4809.JPG,2024-08-04,Sapangan,T2,44,30,,,"13,53176","120,95441",7.5,GoPro 9,,,,,,
2024_AUG_SAPANGAN_T2/GOPR4810.JPG,2024-08-04,Sapangan,T2,45,30,,,"13,53176","120,95441",7.5,GoPro 9,,,,,,
2024_AUG_SAPANGAN_T2/GOPR4811.JPG,2024-08-04,Sapangan,T2,46,30,,,"13,53176","120,95441",7.5,GoPro 9,,,,,,
2024_AUG_SAPANGAN_T2/GOPR4812.JPG,2024-08-04,Sapangan,T2,47,30,,,"13,53176","120,95441",7.5,GoPro 9,,,,,,
2024_AUG_SAPANGAN_T2/GOPR4813.JPG,2024-08-04,Sapangan,T2,48,30,,,"13,53176","120,95441",7.5,GoPro 9,,,,,,
2024_AUG_SAPANGAN_T2/GOPR4814.JPG,2024-08-04,Sapangan,T2,49,30,,,"13,53176","120,95441",7.5,GoPro 9,,,,,,
2024_AUG_SAPANGAN_T2/GOPR4815.JPG,2024-08-04,Sapangan,T2,50,30,,,"13,53176","120,95441",7.5,GoPro 9,,,,,,
2024_AUG_SAPANGAN_T3/GOPR5022.JPG,2024-08-06,Sapangan,T3,1,30,,,"13,53176","120,95441",8,GoPro 9,,,,,,
2024_AUG_SAPANGAN_T3/GOPR5023.JPG,2024-08-06,Sapangan,T3,2,30,,,"13,53176","120,95441",8,GoPro 9,,,,,,
2024_AUG_SAPANGAN_T3/GOPR5024.JPG,2024-08-06,Sapangan,T3,3,30,,,"13,53176","120,95441",8,GoPro 9,,,,,,
2024_AUG_SAPANGAN_T3/GOPR5025.JPG,2024-08-06,Sapangan,T3,4,30,,,"13,53176","120,95441",8,GoPro 9,,,,,,
2024_AUG_SAPANGAN_T3/GOPR5026.JPG,2024-08-06,Sapangan,T3,5,30,,,"13,53176","120,95441",8,GoPro 9,,,,,,
2024_AUG_SAPANGAN_T3/GOPR5027.JPG,2024-08-06,Sapangan,T3,6,30,,,"13,53176","120,95441",8,GoPro 9,,,,,,
2024_AUG_SAPANGAN_T3/GOPR5028.JPG,2024-08-06,Sapangan,T3,7,30,,,"13,53176","120,95441",8,GoPro 9,,,,,,
2024_AUG_SAPANGAN_T3/GOPR5029.JPG,2024-08-06,Sapangan,T3,8,30,,,"13,53176","120,95441",8,GoPro 9,,,,,,
2024_AUG_SAPANGAN_T3/GOPR5030.JPG,2024-08-06,Sapangan,T3,9,30,,,"13,53176","120,95441",8,GoPro 9,,,,,,
2024_AUG_SAPANGAN_T3/GOPR5031.JPG,2024-08-06,Sapangan,T3,10,30,,,"13,53176","120,95441",8,GoPro 9,,,,,,
2024_AUG_SAPANGAN_T3/GOPR5032.JPG,2024-08-06,Sapangan,T3,11,30,,,"13,53176","120,95441",8,GoPro 9,,,,,,
2024_AUG_SAPANGAN_T3/GOPR5033.JPG,2024-08-06,Sapangan,T3,12,30,,,"13,53176","120,95441",8,GoPro 9,,,,,,
2024_AUG_SAPANGAN_T3/GOPR5034.JPG,2024-08-06,Sapangan,T3,13,30,,,"13,53176","120,95441",8,GoPro 9,,,,,,
2024_AUG_SAPANGAN_T3/GOPR5035.JPG,2024-08-06,Sapangan,T3,14,30,,,"13,53176","120,95441",8,GoPro 9,,,,,,
2024_AUG_SAPANGAN_T3/GOPR5036.JPG,2024-08-06,Sapangan,T3,15,30,,,"13,53176","120,95441",8,GoPro 9,,,,,,
2024_AUG_SAPANGAN_T3/GOPR5037.JPG,2024-08-06,Sapangan,T3,16,30,,,"13,53176","120,95441",8,GoPro 9,,,,,,
2024_AUG_SAPANGAN_T3/GOPR5038.JPG,2024-08-06,Sapangan,T3,17,30,,,"13,53176","120,95441",8,GoPro 9,,,,,,
2024_AUG_SAPANGAN_T3/GOPR5039.JPG,2024-08-06,Sapangan,T3,18,30,,,"13,53176","120,95441",8,GoPro 9,,,,,,
2024_AUG_SAPANGAN_T3/GOPR5048.JPG,2024-08-06,Sapangan,T3,19,30,,,"13,53176","120,95441",8,GoPro 9,,,,,,
2024_AUG_SAPANGAN_T3/GOPR5049.JPG,2024-08-06,Sapangan,T3,20,30,,,"13,53176","120,95441",8,GoPro 9,,,,,,
2024_AUG_SAPANGAN_T3/GOPR5050.JPG,2024-08-06,Sapangan,T3,21,30,,,"13,53176","120,95441",8,GoPro 9,,,,,,
2024_AUG_SAPANGAN_T3/GOPR5051.JPG,2024-08-06,Sapangan,T3,22,30,,,"13,53176","120,95441",8,GoPro 9,,,,,,
2024_AUG_SAPANGAN_T3/GOPR5052.JPG,2024-08-06,Sapangan,T3,23,30,,,"13,53176","120,95441",8,GoPro 9,,,,,,
2024_AUG_SAPANGAN_T3/GOPR5053.JPG,2024-08-06,Sapangan,T3,24,30,,,"13,53176","120,95441",8,GoPro 9,,,,,,
2024_AUG_SAPANGAN_T3/GOPR5054.JPG,2024-08-06,Sapangan,T3,25,30,,,"13,53176","120,95441",8,GoPro 9,,,,,,
2024_AUG_SAPANGAN_T3/GOPR5055.JPG,2024-08-06,Sapangan,T3,26,30,,,"13,53176","120,95441",8,GoPro 9,,,,,,
2024_AUG_SAPANGAN_T3/GOPR5056.JPG,2024-08-06,Sapangan,T3,27,30,,,"13,53176","120,95441",8,GoPro 9,,,,,,
2024_AUG_SAPANGAN_T3/GOPR5057.JPG,2024-08-06,Sapangan,T3,28,30,,,"13,53176","120,95441",8,GoPro 9,,,,,,
2024_AUG_SAPANGAN_T3/GOPR5058.JPG,2024-08-06,Sapangan,T3,29,30,,,"13,53176","120,95441",8,GoPro 9,,,,,,
2024_AUG_SAPANGAN_T3/GOPR5059.JPG,2024-08-06,Sapangan,T3,30,30,,,"13,53176","120,95441",8,GoPro 9,,,,,,
2024_AUG_SAPANGAN_T3/GOPR5060.JPG,2024-08-06,Sapangan,T3,31,30,,,"13,53176","120,95441",8,GoPro 9,,,,,,
2024_AUG_SAPANGAN_T3/GOPR5061.JPG,2024-08-06,Sapangan,T3,32,30,,,"13,53176","120,95441",8,GoPro 9,,,,,,
2024_AUG_SAPANGAN_T3/GOPR5062.JPG,2024-08-06,Sapangan,T3,33,30,,,"13,53176","120,95441",8,GoPro 9,,,,,,
2024_AUG_SAPANGAN_T3/GOPR5063.JPG,2024-08-06,Sapangan,T3,34,30,,,"13,53176","120,95441",8,GoPro 9,,,,,,
2024_AUG_SAPANGAN_T3/GOPR5064.JPG,2024-08-06,Sapangan,T3,35,30,,,"13,53176","120,95441",8,GoPro 9,,,,,,
2024_AUG_SAPANGAN_T3/GOPR5065.JPG,2024-08-06,Sapangan,T3,36,30,,,"13,53176","120,95441",8,GoPro 9,,,,,,
2024_AUG_SAPANGAN_T3/GOPR5066.JPG,2024-08-06,Sapangan,T3,37,30,,,"13,53176","120,95441",8,GoPro 9,,,,,,
2024_AUG_SAPANGAN_T3/GOPR5067.JPG,2024-08-06,Sapangan,T3,38,30,,,"13,53176","120,95441",8,GoPro 9,,,,,,
2024_AUG_SAPANGAN_T3/GOPR5068.JPG,2024-08-06,Sapangan,T3,39,30,,,"13,53176","120,95441",8,GoPro 9,,,,,,
2024_AUG_SAPANGAN_T3/GOPR5069.JPG,2024-08-06,Sapangan,T3,40,30,,,"13,53176","120,95441",8,GoPro 9,,,,,,
2024_AUG_SAPANGAN_T3/GOPR5070.JPG,2024-08-06,Sapangan,T3,41,30,,,"13,53176","120,95441",8,GoPro 9,,,,,,
2024_AUG_SAPANGAN_T3/GOPR5071.JPG,2024-08-06,Sapangan,T3,42,30,,,"13,53176","120,95441",8,GoPro 9,,,,,,
2024_AUG_SAPANGAN_T3/GOPR5072.JPG,2024-08-06,Sapangan,T3,43,30,,,"13,53176","120,95441",8,GoPro 9,,,,,,
2024_AUG_SAPANGAN_T3/GOPR5073.JPG,2024-08-06,Sapangan,T3,44,30,,,"13,53176","120,95441",8,GoPro 9,,,,,,
2024_AUG_SAPANGAN_T3/GOPR5074.JPG,2024-08-06,Sapangan,T3,45,30,,,"13,53176","120,95441",8,GoPro 9,,,,,,
2024_AUG_SAPANGAN_T3/GOPR5075.JPG,2024-08-06,Sapangan,T3,46,30,,,"13,53176","120,95441",8,GoPro 9,,,,,,
2024_AUG_SAPANGAN_T3/GOPR5082.JPG,2024-08-06,Sapangan,T3,47,30,,,"13,53176","120,95441",8,GoPro 9,,,,,,
2024_AUG_SAPANGAN_T3/GOPR5083.JPG,2024-08-06,Sapangan,T3,48,30,,,"13,53176","120,95441",8,GoPro 9,,,,,,
2024_AUG_SAPANGAN_T3/GOPR5084.JPG,2024-08-06,Sapangan,T3,49,30,,,"13,53176","120,95441",8,GoPro 9,,,,,,
2024_AUG_SAPANGAN_T3/GOPR5085.JPG,2024-08-06,Sapangan,T3,50,30,,,"13,53176","120,95441",8,GoPro 9,,,,,,
2024_JUL_CG_D_T1/GOPR2916.JPG,2024-07-02,Coral Garden D,T1,1,31,,,"13,51937","120,95555",7.5,,,,,,,
2024_JUL_CG_D_T1/GOPR2917.JPG,2024-07-02,Coral Garden D,T1,2,31,,,"13,51937","120,95555",7.5,,,,,,,
2024_JUL_CG_D_T1/GOPR2918.JPG,2024-07-02,Coral Garden D,T1,3,31,,,"13,51937","120,95555",7.5,,,,,,,
2024_JUL_CG_D_T1/GOPR2919.JPG,2024-07-02,Coral Garden D,T1,4,31,,,"13,51937","120,95555",7.5,,,,,,,
2024_JUL_CG_D_T1/GOPR2920.JPG,2024-07-02,Coral Garden D,T1,5,31,,,"13,51937","120,95555",7.5,,,,,,,
2024_JUL_CG_D_T1/GOPR2921.JPG,2024-07-02,Coral Garden D,T1,6,31,,,"13,51937","120,95555",7.5,,,,,,,
2024_JUL_CG_D_T1/GOPR2922.JPG,2024-07-02,Coral Garden D,T1,7,31,,,"13,51937","120,95555",7.5,,,,,,,
2024_JUL_CG_D_T1/GOPR2923.JPG,2024-07-02,Coral Garden D,T1,8,31,,,"13,51937","120,95555",7.5,,,,,,,
2024_JUL_CG_D_T1/GOPR2924.JPG,2024-07-02,Coral Garden D,T1,9,31,,,"13,51937","120,95555",7.5,,,,,,,
2024_JUL_CG_D_T1/GOPR2925.JPG,2024-07-02,Coral Garden D,T1,10,31,,,"13,51937","120,95555",7.5,,,,,,,
2024_JUL_CG_D_T1/GOPR2926.JPG,2024-07-02,Coral Garden D,T1,11,31,,,"13,51937","120,95555",7.5,,,,,,,
2024_JUL_CG_D_T1/GOPR2927.JPG,2024-07-02,Coral Garden D,T1,12,31,,,"13,51937","120,95555",7.5,,,,,,,
2024_JUL_CG_D_T1/GOPR2928.JPG,2024-07-02,Coral Garden D,T1,13,31,,,"13,51937","120,95555",7.5,,,,,,,
2024_JUL_CG_D_T1/GOPR2929.JPG,2024-07-02,Coral Garden D,T1,14,31,,,"13,51937","120,95555",7.5,,,,,,,
2024_JUL_CG_D_T1/GOPR2930.JPG,2024-07-02,Coral Garden D,T1,15,31,,,"13,51937","120,95555",7.5,,,,,,,
2024_JUL_CG_D_T1/GOPR2931.JPG,2024-07-02,Coral Garden D,T1,16,31,,,"13,51937","120,95555",7.5,,,,,,,
2024_JUL_CG_D_T1/GOPR2932.JPG,2024-07-02,Coral Garden D,T1,17,31,,,"13,51937","120,95555",7.5,,,,,,,
2024_JUL_CG_D_T1/GOPR2933.JPG,2024-07-02,Coral Garden D,T1,18,31,,,"13,51937","120,95555",7.5,,,,,,,
2024_JUL_CG_D_T1/GOPR2934.JPG,2024-07-02,Coral Garden D,T1,19,31,,,"13,51937","120,95555",7.5,,,,,,,
2024_JUL_CG_D_T1/GOPR2935.JPG,2024-07-02,Coral Garden D,T1,20,31,,,"13,51937","120,95555",7.5,,,,,,,
2024_JUL_CG_D_T1/GOPR2936.JPG,2024-07-02,Coral Garden D,T1,21,31,,,"13,51937","120,95555",7.5,,,,,,,
2024_JUL_CG_D_T1/GOPR2937.JPG,2024-07-02,Coral Garden D,T1,22,31,,,"13,51937","120,95555",7.5,,,,,,,
2024_JUL_CG_D_T1/GOPR2938.JPG,2024-07-02,Coral Garden D,T1,23,31,,,"13,51937","120,95555",7.5,,,,,,,
2024_JUL_CG_D_T1/GOPR2939.JPG,2024-07-02,Coral Garden D,T1,24,31,,,"13,51937","120,95555",7.5,,,,,,,
2024_JUL_CG_D_T1/GOPR2940.JPG,2024-07-02,Coral Garden D,T1,25,31,,,"13,51937","120,95555",7.5,,,,,,,
2024_JUL_CG_D_T1/GOPR2941.JPG,2024-07-02,Coral Garden D,T1,26,31,,,"13,51937","120,95555",7.5,,,,,,,
2024_JUL_CG_D_T1/GOPR2942.JPG,2024-07-02,Coral Garden D,T1,27,31,,,"13,51937","120,95555",7.5,,,,,,,
2024_JUL_CG_D_T1/GOPR2943.JPG,2024-07-02,Coral Garden D,T1,28,31,,,"13,51937","120,95555",7.5,,,,,,,
2024_JUL_CG_D_T1/GOPR2944.JPG,2024-07-02,Coral Garden D,T1,29,31,,,"13,51937","120,95555",7.5,,,,,,,
2024_JUL_CG_D_T1/GOPR2945.JPG,2024-07-02,Coral Garden D,T1,30,31,,,"13,51937","120,95555",7.5,,,,,,,
2024_JUL_CG_D_T1/GOPR2947.JPG,2024-07-02,Coral Garden D,T1,31,31,,,"13,51937","120,95555",7.5,,,,,,,
2024_JUL_CG_D_T1/GOPR2948.JPG,2024-07-02,Coral Garden D,T1,32,31,,,"13,51937","120,95555",7.5,,,,,,,
2024_JUL_CG_D_T1/GOPR2949.JPG,2024-07-02,Coral Garden D,T1,33,31,,,"13,51937","120,95555",7.5,,,,,,,
2024_JUL_CG_D_T1/GOPR2950.JPG,2024-07-02,Coral Garden D,T1,34,31,,,"13,51937","120,95555",7.5,,,,,,,
2024_JUL_CG_D_T1/GOPR2951.JPG,2024-07-02,Coral Garden D,T1,35,31,,,"13,51937","120,95555",7.5,,,,,,,
2024_JUL_CG_D_T1/GOPR2952.JPG,2024-07-02,Coral Garden D,T1,36,31,,,"13,51937","120,95555",7.5,,,,,,,
2024_JUL_CG_D_T1/GOPR2953.JPG,2024-07-02,Coral Garden D,T1,37,31,,,"13,51937","120,95555",7.5,,,,,,,
2024_JUL_CG_D_T1/GOPR2954.JPG,2024-07-02,Coral Garden D,T1,38,31,,,"13,51937","120,95555",7.5,,,,,,,
2024_JUL_CG_D_T1/GOPR2955.JPG,2024-07-02,Coral Garden D,T1,39,31,,,"13,51937","120,95555",7.5,,,,,,,
2024_JUL_CG_D_T1/GOPR2956.JPG,2024-07-02,Coral Garden D,T1,40,31,,,"13,51937","120,95555",7.5,,,,,,,
2024_JUL_CG_D_T1/GOPR2957.JPG,2024-07-02,Coral Garden D,T1,41,31,,,"13,51937","120,95555",7.5,,,,,,,
2024_JUL_CG_D_T1/GOPR2958.JPG,2024-07-02,Coral Garden D,T1,42,31,,,"13,51937","120,95555",7.5,,,,,,,
2024_JUL_CG_D_T1/GOPR2959.JPG,2024-07-02,Coral Garden D,T1,43,31,,,"13,51937","120,95555",7.5,,,,,,,
2024_JUL_CG_D_T1/GOPR2960.JPG,2024-07-02,Coral Garden D,T1,44,31,,,"13,51937","120,95555",7.5,,,,,,,
2024_JUL_CG_D_T1/GOPR2961.JPG,2024-07-02,Coral Garden D,T1,45,31,,,"13,51937","120,95555",7.5,,,,,,,
2024_JUL_CG_D_T1/GOPR2962.JPG,2024-07-02,Coral Garden D,T1,46,31,,,"13,51937","120,95555",7.5,,,,,,,
2024_JUL_CG_D_T1/GOPR2963.JPG,2024-07-02,Coral Garden D,T1,47,31,,,"13,51937","120,95555",7.5,,,,,,,
2024_JUL_CG_D_T1/GOPR2964.JPG,2024-07-02,Coral Garden D,T1,48,31,,,"13,51937","120,95555",7.5,,,,,,,
2024_JUL_CG_D_T1/GOPR2965.JPG,2024-07-02,Coral Garden D,T1,49,31,,,"13,51937","120,95555",7.5,,,,,,,
2024_JUL_CG_D_T1/GOPR2966.JPG,2024-07-02,Coral Garden D,T1,50,31,,,"13,51937","120,95555",7.5,,,,,,,
2024_JUL_CG_D_T2/GOPR2970.JPG,2024-07-02,Coral Garden D,T2,1,31,,,"13,51937","120,95555",7.5,,,,,,,
2024_JUL_CG_D_T2/GOPR2971.JPG,2024-07-02,Coral Garden D,T2,2,31,,,"13,51937","120,95555",7.5,,,,,,,
2024_JUL_CG_D_T2/GOPR2972.JPG,2024-07-02,Coral Garden D,T2,3,31,,,"13,51937","120,95555",7.5,,,,,,,
2024_JUL_CG_D_T2/GOPR2973.JPG,2024-07-02,Coral Garden D,T2,4,31,,,"13,51937","120,95555",7.5,,,,,,,
2024_JUL_CG_D_T2/GOPR2974.JPG,2024-07-02,Coral Garden D,T2,5,31,,,"13,51937","120,95555",7.5,,,,,,,
2024_JUL_CG_D_T2/GOPR2975.JPG,2024-07-02,Coral Garden D,T2,6,31,,,"13,51937","120,95555",7.5,,,,,,,
2024_JUL_CG_D_T2/GOPR2976.JPG,2024-07-02,Coral Garden D,T2,7,31,,,"13,51937","120,95555",7.5,,,,,,,
2024_JUL_CG_D_T2/GOPR2977.JPG,2024-07-02,Coral Garden D,T2,8,31,,,"13,51937","120,95555",7.5,,,,,,,
2024_JUL_CG_D_T2/GOPR2978.JPG,2024-07-02,Coral Garden D,T2,9,31,,,"13,51937","120,95555",7.5,,,,,,,
2024_JUL_CG_D_T2/GOPR2979.JPG,2024-07-02,Coral Garden D,T2,10,31,,,"13,51937","120,95555",7.5,,,,,,,
2024_JUL_CG_D_T2/GOPR2980.JPG,2024-07-02,Coral Garden D,T2,11,31,,,"13,51937","120,95555",7.5,,,,,,,
2024_JUL_CG_D_T2/GOPR2981.JPG,2024-07-02,Coral Garden D,T2,12,31,,,"13,51937","120,95555",7.5,,,,,,,
2024_JUL_CG_D_T2/GOPR2982.JPG,2024-07-02,Coral Garden D,T2,13,31,,,"13,51937","120,95555",7.5,,,,,,,
2024_JUL_CG_D_T2/GOPR2983.JPG,2024-07-02,Coral Garden D,T2,14,31,,,"13,51937","120,95555",7.5,,,,,,,
2024_JUL_CG_D_T2/GOPR2984.JPG,2024-07-02,Coral Garden D,T2,15,31,,,"13,51937","120,95555",7.5,,,,,,,
2024_JUL_CG_D_T2/GOPR2985.JPG,2024-07-02,Coral Garden D,T2,16,31,,,"13,51937","120,95555",7.5,,,,,,,
2024_JUL_CG_D_T2/GOPR2986.JPG,2024-07-02,Coral Garden D,T2,17,31,,,"13,51937","120,95555",7.5,,,,,,,
2024_JUL_CG_D_T2/GOPR2987.JPG,2024-07-02,Coral Garden D,T2,18,31,,,"13,51937","120,95555",7.5,,,,,,,
2024_JUL_CG_D_T2/GOPR2988.JPG,2024-07-02,Coral Garden D,T2,19,31,,,"13,51937","120,95555",7.5,,,,,,,
2024_JUL_CG_D_T2/GOPR2989.JPG,2024-07-02,Coral Garden D,T2,20,31,,,"13,51937","120,95555",7.5,,,,,,,
2024_JUL_CG_D_T2/GOPR2990.JPG,2024-07-02,Coral Garden D,T2,21,31,,,"13,51937","120,95555",7.5,,,,,,,
2024_JUL_CG_D_T2/GOPR2991.JPG,2024-07-02,Coral Garden D,T2,22,31,,,"13,51937","120,95555",7.5,,,,,,,
2024_JUL_CG_D_T2/GOPR2992.JPG,2024-07-02,Coral Garden D,T2,23,31,,,"13,51937","120,95555",7.5,,,,,,,
2024_JUL_CG_D_T2/GOPR2993.JPG,2024-07-02,Coral Garden D,T2,24,31,,,"13,51937","120,95555",7.5,,,,,,,
2024_JUL_CG_D_T2/GOPR2994.JPG,2024-07-02,Coral Garden D,T2,25,31,,,"13,51937","120,95555",7.5,,,,,,,
2024_JUL_CG_D_T2/GOPR2995.JPG,2024-07-02,Coral Garden D,T2,26,31,,,"13,51937","120,95555",7.5,,,,,,,
2024_JUL_CG_D_T2/GOPR2996.JPG,2024-07-02,Coral Garden D,T2,27,31,,,"13,51937","120,95555",7.5,,,,,,,
2024_JUL_CG_D_T2/GOPR2997.JPG,2024-07-02,Coral Garden D,T2,28,31,,,"13,51937","120,95555",7.5,,,,,,,
2024_JUL_CG_D_T2/GOPR2998.JPG,2024-07-02,Coral Garden D,T2,29,31,,,"13,51937","120,95555",7.5,,,,,,,
2024_JUL_CG_D_T2/GOPR2999.JPG,2024-07-02,Coral Garden D,T2,30,31,,,"13,51937","120,95555",7.5,,,,,,,
2024_JUL_CG_D_T2/GOPR3000.JPG,2024-07-02,Coral Garden D,T2,31,31,,,"13,51937","120,95555",7.5,,,,,,,
2024_JUL_CG_D_T2/GOPR3001.JPG,2024-07-02,Coral Garden D,T2,32,31,,,"13,51937","120,95555",7.5,,,,,,,
2024_JUL_CG_D_T2/GOPR3002.JPG,2024-07-02,Coral Garden D,T2,33,31,,,"13,51937","120,95555",7.5,,,,,,,
2024_JUL_CG_D_T2/GOPR3003.JPG,2024-07-02,Coral Garden D,T2,34,31,,,"13,51937","120,95555",7.5,,,,,,,
2024_JUL_CG_D_T2/GOPR3004.JPG,2024-07-02,Coral Garden D,T2,35,31,,,"13,51937","120,95555",7.5,,,,,,,
2024_JUL_CG_D_T2/GOPR3005.JPG,2024-07-02,Coral Garden D,T2,36,31,,,"13,51937","120,95555",7.5,,,,,,,
2024_JUL_CG_D_T2/GOPR3006.JPG,2024-07-02,Coral Garden D,T2,37,31,,,"13,51937","120,95555",7.5,,,,,,,
2024_JUL_CG_D_T2/GOPR3007.JPG,2024-07-02,Coral Garden D,T2,38,31,,,"13,51937","120,95555",7.5,,,,,,,
2024_JUL_CG_D_T2/GOPR3008.JPG,2024-07-02,Coral Garden D,T2,39,31,,,"13,51937","120,95555",7.5,,,,,,,
2024_JUL_CG_D_T2/GOPR3009.JPG,2024-07-02,Coral Garden D,T2,40,31,,,"13,51937","120,95555",7.5,,,,,,,
2024_JUL_CG_D_T2/GOPR3010.JPG,2024-07-02,Coral Garden D,T2,41,31,,,"13,51937","120,95555",7.5,,,,,,,
2024_JUL_CG_D_T2/GOPR3011.JPG,2024-07-02,Coral Garden D,T2,42,31,,,"13,51937","120,95555",7.5,,,,,,,
2024_JUL_CG_D_T2/GOPR3014.JPG,2024-07-02,Coral Garden D,T2,43,31,,,"13,51937","120,95555",7.5,,,,,,,
2024_JUL_CG_D_T2/GOPR3015.JPG,2024-07-02,Coral Garden D,T2,44,31,,,"13,51937","120,95555",7.5,,,,,,,
2024_JUL_CG_D_T2/GOPR3016.JPG,2024-07-02,Coral Garden D,T2,45,31,,,"13,51937","120,95555",7.5,,,,,,,
2024_JUL_CG_D_T2/GOPR3017.JPG,2024-07-02,Coral Garden D,T2,46,31,,,"13,51937","120,95555",7.5,,,,,,,
2024_JUL_CG_D_T2/GOPR3018.JPG,2024-07-02,Coral Garden D,T2,47,31,,,"13,51937","120,95555",7.5,,,,,,,
2024_JUL_CG_D_T2/GOPR3019.JPG,2024-07-02,Coral Garden D,T2,48,31,,,"13,51937","120,95555",7.5,,,,,,,
2024_JUL_CG_D_T2/GOPR3021.JPG,2024-07-02,Coral Garden D,T2,49,31,,,"13,51937","120,95555",7.5,,,,,,,
2024_JUL_CG_D_T2/GOPR3022.JPG,2024-07-02,Coral Garden D,T2,50,31,,,"13,51937","120,95555",7.5,,,,,,,
2024_JUL_CG_D_T3/GOPR3025.JPG,2024-07-02,Coral Garden D,T3,1,31,,,"13,51937","120,95555",7.5,,,,,,,
2024_JUL_CG_D_T3/GOPR3026.JPG,2024-07-02,Coral Garden D,T3,2,31,,,"13,51937","120,95555",7.5,,,,,,,
2024_JUL_CG_D_T3/GOPR3027.JPG,2024-07-02,Coral Garden D,T3,3,31,,,"13,51937","120,95555",7.5,,,,,,,
2024_JUL_CG_D_T3/GOPR3028.JPG,2024-07-02,Coral Garden D,T3,4,31,,,"13,51937","120,95555",7.5,,,,,,,
2024_JUL_CG_D_T3/GOPR3029.JPG,2024-07-02,Coral Garden D,T3,5,31,,,"13,51937","120,95555",7.5,,,,,,,
2024_JUL_CG_D_T3/GOPR3030.JPG,2024-07-02,Coral Garden D,T3,6,31,,,"13,51937","120,95555",7.5,,,,,,,
2024_JUL_CG_D_T3/GOPR3031.JPG,2024-07-02,Coral Garden D,T3,7,31,,,"13,51937","120,95555",7.5,,,,,,,
2024_JUL_CG_D_T3/GOPR3032.JPG,2024-07-02,Coral Garden D,T3,8,31,,,"13,51937","120,95555",7.5,,,,,,,
2024_JUL_CG_D_T3/GOPR3033.JPG,2024-07-02,Coral Garden D,T3,9,31,,,"13,51937","120,95555",7.5,,,,,,,
2024_JUL_CG_D_T3/GOPR3034.JPG,2024-07-02,Coral Garden D,T3,10,31,,,"13,51937","120,95555",7.5,,,,,,,
2024_JUL_CG_D_T3/GOPR3035.JPG,2024-07-02,Coral Garden D,T3,11,31,,,"13,51937","120,95555",7.5,,,,,,,
2024_JUL_CG_D_T3/GOPR3036.JPG,2024-07-02,Coral Garden D,T3,12,31,,,"13,51937","120,95555",7.5,,,,,,,
2024_JUL_CG_D_T3/GOPR3037.JPG,2024-07-02,Coral Garden D,T3,13,31,,,"13,51937","120,95555",7.5,,,,,,,
2024_JUL_CG_D_T3/GOPR3038.JPG,2024-07-02,Coral Garden D,T3,14,31,,,"13,51937","120,95555",7.5,,,,,,,
2024_JUL_CG_D_T3/GOPR3039.JPG,2024-07-02,Coral Garden D,T3,15,31,,,"13,51937","120,95555",7.5,,,,,,,
2024_JUL_CG_D_T3/GOPR3040.JPG,2024-07-02,Coral Garden D,T3,16,31,,,"13,51937","120,95555",7.5,,,,,,,
2024_JUL_CG_D_T3/GOPR3041.JPG,2024-07-02,Coral Garden D,T3,17,31,,,"13,51937","120,95555",7.5,,,,,,,
2024_JUL_CG_D_T3/GOPR3042.JPG,2024-07-02,Coral Garden D,T3,18,31,,,"13,51937","120,95555",7.5,,,,,,,
2024_JUL_CG_D_T3/GOPR3043.JPG,2024-07-02,Coral Garden D,T3,19,31,,,"13,51937","120,95555",7.5,,,,,,,
2024_JUL_CG_D_T3/GOPR3044.JPG,2024-07-02,Coral Garden D,T3,20,31,,,"13,51937","120,95555",7.5,,,,,,,
2024_JUL_CG_D_T3/GOPR3045.JPG,2024-07-02,Coral Garden D,T3,21,31,,,"13,51937","120,95555",7.5,,,,,,,
2024_JUL_CG_D_T3/GOPR3046.JPG,2024-07-02,Coral Garden D,T3,22,31,,,"13,51937","120,95555",7.5,,,,,,,
2024_JUL_CG_D_T3/GOPR3047.JPG,2024-07-02,Coral Garden D,T3,23,31,,,"13,51937","120,95555",7.5,,,,,,,
2024_JUL_CG_D_T3/GOPR3048.JPG,2024-07-02,Coral Garden D,T3,24,31,,,"13,51937","120,95555",7.5,,,,,,,
2024_JUL_CG_D_T3/GOPR3049.JPG,2024-07-02,Coral Garden D,T3,25,31,,,"13,51937","120,95555",7.5,,,,,,,
2024_JUL_CG_D_T3/GOPR3050.JPG,2024-07-02,Coral Garden D,T3,26,31,,,"13,51937","120,95555",7.5,,,,,,,
2024_JUL_CG_D_T3/GOPR3051.JPG,2024-07-02,Coral Garden D,T3,27,31,,,"13,51937","120,95555",7.5,,,,,,,
2024_JUL_CG_D_T3/GOPR3052.JPG,2024-07-02,Coral Garden D,T3,28,31,,,"13,51937","120,95555",7.5,,,,,,,
2024_JUL_CG_D_T3/GOPR3053.JPG,2024-07-02,Coral Garden D,T3,29,31,,,"13,51937","120,95555",7.5,,,,,,,
2024_JUL_CG_D_T3/GOPR3054.JPG,2024-07-02,Coral Garden D,T3,30,31,,,"13,51937","120,95555",7.5,,,,,,,
2024_JUL_CG_D_T3/GOPR3055.JPG,2024-07-02,Coral Garden D,T3,31,31,,,"13,51937","120,95555",7.5,,,,,,,
2024_JUL_CG_D_T3/GOPR3056.JPG,2024-07-02,Coral Garden D,T3,32,31,,,"13,51937","120,95555",7.5,,,,,,,
2024_JUL_CG_D_T3/GOPR3057.JPG,2024-07-02,Coral Garden D,T3,33,31,,,"13,51937","120,95555",7.5,,,,,,,
2024_JUL_CG_D_T3/GOPR3058.JPG,2024-07-02,Coral Garden D,T3,34,31,,,"13,51937","120,95555",7.5,,,,,,,
2024_JUL_CG_D_T3/GOPR3059.JPG,2024-07-02,Coral Garden D,T3,35,31,,,"13,51937","120,95555",7.5,,,,,,,
2024_JUL_CG_D_T3/GOPR3060.JPG,2024-07-02,Coral Garden D,T3,36,31,,,"13,51937","120,95555",7.5,,,,,,,
2024_JUL_CG_D_T3/GOPR3061.JPG,2024-07-02,Coral Garden D,T3,37,31,,,"13,51937","120,95555",7.5,,,,,,,
2024_JUL_CG_D_T3/GOPR3062.JPG,2024-07-02,Coral Garden D,T3,38,31,,,"13,51937","120,95555",7.5,,,,,,,
2024_JUL_CG_D_T3/GOPR3063.JPG,2024-07-02,Coral Garden D,T3,39,31,,,"13,51937","120,95555",7.5,,,,,,,
2024_JUL_CG_D_T3/GOPR3064.JPG,2024-07-02,Coral Garden D,T3,40,31,,,"13,51937","120,95555",7.5,,,,,,,
2024_JUL_CG_D_T3/GOPR3065.JPG,2024-07-02,Coral Garden D,T3,41,31,,,"13,51937","120,95555",7.5,,,,,,,
2024_JUL_CG_D_T3/GOPR3066.JPG,2024-07-02,Coral Garden D,T3,42,31,,,"13,51937","120,95555",7.5,,,,,,,
2024_JUL_CG_D_T3/GOPR3067.JPG,2024-07-02,Coral Garden D,T3,43,31,,,"13,51937","120,95555",7.5,,,,,,,
2024_JUL_CG_D_T3/GOPR3068.JPG,2024-07-02,Coral Garden D,T3,44,31,,,"13,51937","120,95555",7.5,,,,,,,
2024_JUL_CG_D_T3/GOPR3069.JPG,2024-07-02,Coral Garden D,T3,45,31,,,"13,51937","120,95555",7.5,,,,,,,
2024_JUL_CG_D_T3/GOPR3070.JPG,2024-07-02,Coral Garden D,T3,46,31,,,"13,51937","120,95555",7.5,,,,,,,
2024_JUL_CG_D_T3/GOPR3071.JPG,2024-07-02,Coral Garden D,T3,47,31,,,"13,51937","120,95555",7.5,,,,,,,
2024_JUL_CG_D_T3/GOPR3072.JPG,2024-07-02,Coral Garden D,T3,48,31,,,"13,51937","120,95555",7.5,,,,,,,
2024_JUL_CG_D_T3/GOPR3073.JPG,2024-07-02,Coral Garden D,T3,49,31,,,"13,51937","120,95555",7.5,,,,,,,
2024_JUL_CG_D_T3/GOPR3074.JPG,2024-07-02,Coral Garden D,T3,50,31,,,"13,51937","120,95555",7.5,,,,,,,
2024_JUL_CG_S_T1/GOPR3088.JPG,2024-07-02,Coral Garden S,T1,1,31,,,"13,51937","120,95555",4,GoPro 9,,,,,,
2024_JUL_CG_S_T1/GOPR3089.JPG,2024-07-02,Coral Garden S,T1,2,31,,,"13,51937","120,95555",4,GoPro 9,,,,,,
2024_JUL_CG_S_T1/GOPR3090.JPG,2024-07-02,Coral Garden S,T1,3,31,,,"13,51937","120,95555",4,GoPro 9,,,,,,
2024_JUL_CG_S_T1/GOPR3091.JPG,2024-07-02,Coral Garden S,T1,4,31,,,"13,51937","120,95555",4,GoPro 9,,,,,,
2024_JUL_CG_S_T1/GOPR3092.JPG,2024-07-02,Coral Garden S,T1,5,31,,,"13,51937","120,95555",4,GoPro 9,,,,,,
2024_JUL_CG_S_T1/GOPR3093.JPG,2024-07-02,Coral Garden S,T1,6,31,,,"13,51937","120,95555",4,GoPro 9,,,,,,
2024_JUL_CG_S_T1/GOPR3094.JPG,2024-07-02,Coral Garden S,T1,7,31,,,"13,51937","120,95555",4,GoPro 9,,,,,,
2024_JUL_CG_S_T1/GOPR3095.JPG,2024-07-02,Coral Garden S,T1,8,31,,,"13,51937","120,95555",4,GoPro 9,,,,,,
2024_JUL_CG_S_T1/GOPR3096.JPG,2024-07-02,Coral Garden S,T1,9,31,,,"13,51937","120,95555",4,GoPro 9,,,,,,
2024_JUL_CG_S_T1/GOPR3097.JPG,2024-07-02,Coral Garden S,T1,10,31,,,"13,51937","120,95555",4,GoPro 9,,,,,,
2024_JUL_CG_S_T1/GOPR3098.JPG,2024-07-02,Coral Garden S,T1,11,31,,,"13,51937","120,95555",4,GoPro 9,,,,,,
2024_JUL_CG_S_T1/GOPR3099.JPG,2024-07-02,Coral Garden S,T1,12,31,,,"13,51937","120,95555",4,GoPro 9,,,,,,
2024_JUL_CG_S_T1/GOPR3100.JPG,2024-07-02,Coral Garden S,T1,13,31,,,"13,51937","120,95555",4,GoPro 9,,,,,,
2024_JUL_CG_S_T1/GOPR3101.JPG,2024-07-02,Coral Garden S,T1,14,31,,,"13,51937","120,95555",4,GoPro 9,,,,,,
2024_JUL_CG_S_T1/GOPR3102.JPG,2024-07-02,Coral Garden S,T1,15,31,,,"13,51937","120,95555",4,GoPro 9,,,,,,
2024_JUL_CG_S_T1/GOPR3103.JPG,2024-07-02,Coral Garden S,T1,16,31,,,"13,51937","120,95555",4,GoPro 9,,,,,,
2024_JUL_CG_S_T1/GOPR3104.JPG,2024-07-02,Coral Garden S,T1,17,31,,,"13,51937","120,95555",4,GoPro 9,,,,,,
2024_JUL_CG_S_T1/GOPR3105.JPG,2024-07-02,Coral Garden S,T1,18,31,,,"13,51937","120,95555",4,GoPro 9,,,,,,
2024_JUL_CG_S_T1/GOPR3106.JPG,2024-07-02,Coral Garden S,T1,19,31,,,"13,51937","120,95555",4,GoPro 9,,,,,,
2024_JUL_CG_S_T1/GOPR3107.JPG,2024-07-02,Coral Garden S,T1,20,31,,,"13,51937","120,95555",4,GoPro 9,,,,,,
2024_JUL_CG_S_T1/GOPR3108.JPG,2024-07-02,Coral Garden S,T1,21,31,,,"13,51937","120,95555",4,GoPro 9,,,,,,
2024_JUL_CG_S_T1/GOPR3109.JPG,2024-07-02,Coral Garden S,T1,22,31,,,"13,51937","120,95555",4,GoPro 9,,,,,,
2024_JUL_CG_S_T1/GOPR3110.JPG,2024-07-02,Coral Garden S,T1,23,31,,,"13,51937","120,95555",4,GoPro 9,,,,,,
2024_JUL_CG_S_T1/GOPR3111.JPG,2024-07-02,Coral Garden S,T1,24,31,,,"13,51937","120,95555",4,GoPro 9,,,,,,
2024_JUL_CG_S_T1/GOPR3112.JPG,2024-07-02,Coral Garden S,T1,25,31,,,"13,51937","120,95555",4,GoPro 9,,,,,,
2024_JUL_CG_S_T1/GOPR3113.JPG,2024-07-02,Coral Garden S,T1,26,31,,,"13,51937","120,95555",4,GoPro 9,,,,,,
2024_JUL_CG_S_T1/GOPR3114.JPG,2024-07-02,Coral Garden S,T1,27,31,,,"13,51937","120,95555",4,GoPro 9,,,,,,
2024_JUL_CG_S_T1/GOPR3115.JPG,2024-07-02,Coral Garden S,T1,28,31,,,"13,51937","120,95555",4,GoPro 9,,,,,,
2024_JUL_CG_S_T1/GOPR3116.JPG,2024-07-02,Coral Garden S,T1,29,31,,,"13,51937","120,95555",4,GoPro 9,,,,,,
2024_JUL_CG_S_T1/GOPR3117.JPG,2024-07-02,Coral Garden S,T1,30,31,,,"13,51937","120,95555",4,GoPro 9,,,,,,
2024_JUL_CG_S_T1/GOPR3118.JPG,2024-07-02,Coral Garden S,T1,31,31,,,"13,51937","120,95555",4,GoPro 9,,,,,,
2024_JUL_CG_S_T1/GOPR3119.JPG,2024-07-02,Coral Garden S,T1,32,31,,,"13,51937","120,95555",4,GoPro 9,,,,,,
2024_JUL_CG_S_T1/GOPR3120.JPG,2024-07-02,Coral Garden S,T1,33,31,,,"13,51937","120,95555",4,GoPro 9,,,,,,
2024_JUL_CG_S_T1/GOPR3121.JPG,2024-07-02,Coral Garden S,T1,34,31,,,"13,51937","120,95555",4,GoPro 9,,,,,,
2024_JUL_CG_S_T1/GOPR3122.JPG,2024-07-02,Coral Garden S,T1,35,31,,,"13,51937","120,95555",4,GoPro 9,,,,,,
2024_JUL_CG_S_T1/GOPR3123.JPG,2024-07-02,Coral Garden S,T1,36,31,,,"13,51937","120,95555",4,GoPro 9,,,,,,
2024_JUL_CG_S_T1/GOPR3124.JPG,2024-07-02,Coral Garden S,T1,37,31,,,"13,51937","120,95555",4,GoPro 9,,,,,,
2024_JUL_CG_S_T1/GOPR3125.JPG,2024-07-02,Coral Garden S,T1,38,31,,,"13,51937","120,95555",4,GoPro 9,,,,,,
2024_JUL_CG_S_T1/GOPR3126.JPG,2024-07-02,Coral Garden S,T1,39,31,,,"13,51937","120,95555",4,GoPro 9,,,,,,
2024_JUL_CG_S_T1/GOPR3127.JPG,2024-07-02,Coral Garden S,T1,40,31,,,"13,51937","120,95555",4,GoPro 9,,,,,,
2024_JUL_CG_S_T1/GOPR3128.JPG,2024-07-02,Coral Garden S,T1,41,31,,,"13,51937","120,95555",4,GoPro 9,,,,,,
2024_JUL_CG_S_T1/GOPR3129.JPG,2024-07-02,Coral Garden S,T1,42,31,,,"13,51937","120,95555",4,GoPro 9,,,,,,
2024_JUL_CG_S_T1/GOPR3130.JPG,2024-07-02,Coral Garden S,T1,43,31,,,"13,51937","120,95555",4,GoPro 9,,,,,,
2024_JUL_CG_S_T1/GOPR3131.JPG,2024-07-02,Coral Garden S,T1,44,31,,,"13,51937","120,95555",4,GoPro 9,,,,,,
2024_JUL_CG_S_T1/GOPR3132.JPG,2024-07-02,Coral Garden S,T1,45,31,,,"13,51937","120,95555",4,GoPro 9,,,,,,
2024_JUL_CG_S_T1/GOPR3133.JPG,2024-07-02,Coral Garden S,T1,46,31,,,"13,51937","120,95555",4,GoPro 9,,,,,,
2024_JUL_CG_S_T1/GOPR3134.JPG,2024-07-02,Coral Garden S,T1,47,31,,,"13,51937","120,95555",4,GoPro 9,,,,,,
2024_JUL_CG_S_T1/GOPR3135.JPG,2024-07-02,Coral Garden S,T1,48,31,,,"13,51937","120,95555",4,GoPro 9,,,,,,
2024_JUL_CG_S_T1/GOPR3136.JPG,2024-07-02,Coral Garden S,T1,49,31,,,"13,51937","120,95555",4,GoPro 9,,,,,,
2024_JUL_CG_S_T1/GOPR3137.JPG,2024-07-02,Coral Garden S,T1,50,31,,,"13,51937","120,95555",4,GoPro 9,,,,,,
2024_JUL_CG_S_T2/GOPR3144.JPG,2024-07-02,Coral Garden S,T2,1,31,,,"13,51937","120,95555",4,GoPro 9,,,,,,
2024_JUL_CG_S_T2/GOPR3145.JPG,2024-07-02,Coral Garden S,T2,2,31,,,"13,51937","120,95555",4,GoPro 9,,,,,,
2024_JUL_CG_S_T2/GOPR3146.JPG,2024-07-02,Coral Garden S,T2,3,31,,,"13,51937","120,95555",4,GoPro 9,,,,,,
2024_JUL_CG_S_T2/GOPR3147.JPG,2024-07-02,Coral Garden S,T2,4,31,,,"13,51937","120,95555",4,GoPro 9,,,,,,
2024_JUL_CG_S_T2/GOPR3148.JPG,2024-07-02,Coral Garden S,T2,5,31,,,"13,51937","120,95555",4,GoPro 9,,,,,,
2024_JUL_CG_S_T2/GOPR3149.JPG,2024-07-02,Coral Garden S,T2,6,31,,,"13,51937","120,95555",4,GoPro 9,,,,,,
2024_JUL_CG_S_T2/GOPR3150.JPG,2024-07-02,Coral Garden S,T2,7,31,,,"13,51937","120,95555",4,GoPro 9,,,,,,
2024_JUL_CG_S_T2/GOPR3151.JPG,2024-07-02,Coral Garden S,T2,8,31,,,"13,51937","120,95555",4,GoPro 9,,,,,,
2024_JUL_CG_S_T2/GOPR3152.JPG,2024-07-02,Coral Garden S,T2,9,31,,,"13,51937","120,95555",4,GoPro 9,,,,,,
2024_JUL_CG_S_T2/GOPR3153.JPG,2024-07-02,Coral Garden S,T2,10,31,,,"13,51937","120,95555",4,GoPro 9,,,,,,
2024_JUL_CG_S_T2/GOPR3154.JPG,2024-07-02,Coral Garden S,T2,11,31,,,"13,51937","120,95555",4,GoPro 9,,,,,,
2024_JUL_CG_S_T2/GOPR3155.JPG,2024-07-02,Coral Garden S,T2,12,31,,,"13,51937","120,95555",4,GoPro 9,,,,,,
2024_JUL_CG_S_T2/GOPR3156.JPG,2024-07-02,Coral Garden S,T2,13,31,,,"13,51937","120,95555",4,GoPro 9,,,,,,
2024_JUL_CG_S_T2/GOPR3157.JPG,2024-07-02,Coral Garden S,T2,14,31,,,"13,51937","120,95555",4,GoPro 9,,,,,,
2024_JUL_CG_S_T2/GOPR3158.JPG,2024-07-02,Coral Garden S,T2,15,31,,,"13,51937","120,95555",4,GoPro 9,,,,,,
2024_JUL_CG_S_T2/GOPR3159.JPG,2024-07-02,Coral Garden S,T2,16,31,,,"13,51937","120,95555",4,GoPro 9,,,,,,
2024_JUL_CG_S_T2/GOPR3160.JPG,2024-07-02,Coral Garden S,T2,17,31,,,"13,51937","120,95555",4,GoPro 9,,,,,,
2024_JUL_CG_S_T2/GOPR3161.JPG,2024-07-02,Coral Garden S,T2,18,31,,,"13,51937","120,95555",4,GoPro 9,,,,,,
2024_JUL_CG_S_T2/GOPR3162.JPG,2024-07-02,Coral Garden S,T2,19,31,,,"13,51937","120,95555",4,GoPro 9,,,,,,
2024_JUL_CG_S_T2/GOPR3163.JPG,2024-07-02,Coral Garden S,T2,20,31,,,"13,51937","120,95555",4,GoPro 9,,,,,,
2024_JUL_CG_S_T2/GOPR3164.JPG,2024-07-02,Coral Garden S,T2,21,31,,,"13,51937","120,95555",4,GoPro 9,,,,,,
2024_JUL_CG_S_T2/GOPR3165.JPG,2024-07-02,Coral Garden S,T2,22,31,,,"13,51937","120,95555",4,GoPro 9,,,,,,
2024_JUL_CG_S_T2/GOPR3166.JPG,2024-07-02,Coral Garden S,T2,23,31,,,"13,51937","120,95555",4,GoPro 9,,,,,,
2024_JUL_CG_S_T2/GOPR3167.JPG,2024-07-02,Coral Garden S,T2,24,31,,,"13,51937","120,95555",4,GoPro 9,,,,,,
2024_JUL_CG_S_T2/GOPR3168.JPG,2024-07-02,Coral Garden S,T2,25,31,,,"13,51937","120,95555",4,GoPro 9,,,,,,
2024_JUL_CG_S_T2/GOPR3169.JPG,2024-07-02,Coral Garden S,T2,26,31,,,"13,51937","120,95555",4,GoPro 9,,,,,,
2024_JUL_CG_S_T2/GOPR3170.JPG,2024-07-02,Coral Garden S,T2,27,31,,,"13,51937","120,95555",4,GoPro 9,,,,,,
2024_JUL_CG_S_T2/GOPR3171.JPG,2024-07-02,Coral Garden S,T2,28,31,,,"13,51937","120,95555",4,GoPro 9,,,,,,
2024_JUL_CG_S_T2/GOPR3172.JPG,2024-07-02,Coral Garden S,T2,29,31,,,"13,51937","120,95555",4,GoPro 9,,,,,,
2024_JUL_CG_S_T2/GOPR3173.JPG,2024-07-02,Coral Garden S,T2,30,31,,,"13,51937","120,95555",4,GoPro 9,,,,,,
2024_JUL_CG_S_T2/GOPR3174.JPG,2024-07-02,Coral Garden S,T2,31,31,,,"13,51937","120,95555",4,GoPro 9,,,,,,
2024_JUL_CG_S_T2/GOPR3175.JPG,2024-07-02,Coral Garden S,T2,32,31,,,"13,51937","120,95555",4,GoPro 9,,,,,,
2024_JUL_CG_S_T2/GOPR3176.JPG,2024-07-02,Coral Garden S,T2,33,31,,,"13,51937","120,95555",4,GoPro 9,,,,,,
2024_JUL_CG_S_T2/GOPR3177.JPG,2024-07-02,Coral Garden S,T2,34,31,,,"13,51937","120,95555",4,GoPro 9,,,,,,
2024_JUL_CG_S_T2/GOPR3178.JPG,2024-07-02,Coral Garden S,T2,35,31,,,"13,51937","120,95555",4,GoPro 9,,,,,,
2024_JUL_CG_S_T2/GOPR3179.JPG,2024-07-02,Coral Garden S,T2,36,31,,,"13,51937","120,95555",4,GoPro 9,,,,,,
2024_JUL_CG_S_T2/GOPR3180.JPG,2024-07-02,Coral Garden S,T2,37,31,,,"13,51937","120,95555",4,GoPro 9,,,,,,
2024_JUL_CG_S_T2/GOPR3181.JPG,2024-07-02,Coral Garden S,T2,38,31,,,"13,51937","120,95555",4,GoPro 9,,,,,,
2024_JUL_CG_S_T2/GOPR3182.JPG,2024-07-02,Coral Garden S,T2,39,31,,,"13,51937","120,95555",4,GoPro 9,,,,,,
2024_JUL_CG_S_T2/GOPR3183.JPG,2024-07-02,Coral Garden S,T2,40,31,,,"13,51937","120,95555",4,GoPro 9,,,,,,
2024_JUL_CG_S_T2/GOPR3184.JPG,2024-07-02,Coral Garden S,T2,41,31,,,"13,51937","120,95555",4,GoPro 9,,,,,,
2024_JUL_CG_S_T2/GOPR3185.JPG,2024-07-02,Coral Garden S,T2,42,31,,,"13,51937","120,95555",4,GoPro 9,,,,,,
2024_JUL_CG_S_T2/GOPR3186.JPG,2024-07-02,Coral Garden S,T2,43,31,,,"13,51937","120,95555",4,GoPro 9,,,,,,
2024_JUL_CG_S_T2/GOPR3187.JPG,2024-07-02,Coral Garden S,T2,44,31,,,"13,51937","120,95555",4,GoPro 9,,,,,,
2024_JUL_CG_S_T2/GOPR3188.JPG,2024-07-02,Coral Garden S,T2,45,31,,,"13,51937","120,95555",4,GoPro 9,,,,,,
2024_JUL_CG_S_T2/GOPR3189.JPG,2024-07-02,Coral Garden S,T2,46,31,,,"13,51937","120,95555",4,GoPro 9,,,,,,
2024_JUL_CG_S_T2/GOPR3190.JPG,2024-07-02,Coral Garden S,T2,47,31,,,"13,51937","120,95555",4,GoPro 9,,,,,,
2024_JUL_CG_S_T2/GOPR3191.JPG,2024-07-02,Coral Garden S,T2,48,31,,,"13,51937","120,95555",4,GoPro 9,,,,,,
2024_JUL_CG_S_T2/GOPR3192.JPG,2024-07-02,Coral Garden S,T2,49,31,,,"13,51937","120,95555",4,GoPro 9,,,,,,
2024_JUL_CG_S_T2/GOPR3193.JPG,2024-07-02,Coral Garden S,T2,50,31,,,"13,51937","120,95555",4,GoPro 9,,,,,,
2024_JUL_CG_S_T3/GOPR3198.JPG,2024-07-02,Coral Garden S,T3,1,31,,,"13,51937","120,95555",4,GoPro 9,,,,,,
2024_JUL_CG_S_T3/GOPR3199.JPG,2024-07-02,Coral Garden S,T3,2,31,,,"13,51937","120,95555",4,GoPro 9,,,,,,
2024_JUL_CG_S_T3/GOPR3200.JPG,2024-07-02,Coral Garden S,T3,3,31,,,"13,51937","120,95555",4,GoPro 9,,,,,,
2024_JUL_CG_S_T3/GOPR3201.JPG,2024-07-02,Coral Garden S,T3,4,31,,,"13,51937","120,95555",4,GoPro 9,,,,,,
2024_JUL_CG_S_T3/GOPR3202.JPG,2024-07-02,Coral Garden S,T3,5,31,,,"13,51937","120,95555",4,GoPro 9,,,,,,
2024_JUL_CG_S_T3/GOPR3203.JPG,2024-07-02,Coral Garden S,T3,6,31,,,"13,51937","120,95555",4,GoPro 9,,,,,,
2024_JUL_CG_S_T3/GOPR3204.JPG,2024-07-02,Coral Garden S,T3,7,31,,,"13,51937","120,95555",4,GoPro 9,,,,,,
2024_JUL_CG_S_T3/GOPR3205.JPG,2024-07-02,Coral Garden S,T3,8,31,,,"13,51937","120,95555",4,GoPro 9,,,,,,
2024_JUL_CG_S_T3/GOPR3206.JPG,2024-07-02,Coral Garden S,T3,9,31,,,"13,51937","120,95555",4,GoPro 9,,,,,,
2024_JUL_CG_S_T3/GOPR3207.JPG,2024-07-02,Coral Garden S,T3,10,31,,,"13,51937","120,95555",4,GoPro 9,,,,,,
2024_JUL_CG_S_T3/GOPR3208.JPG,2024-07-02,Coral Garden S,T3,11,31,,,"13,51937","120,95555",4,GoPro 9,,,,,,
2024_JUL_CG_S_T3/GOPR3209.JPG,2024-07-02,Coral Garden S,T3,12,31,,,"13,51937","120,95555",4,GoPro 9,,,,,,
2024_JUL_CG_S_T3/GOPR3210.JPG,2024-07-02,Coral Garden S,T3,13,31,,,"13,51937","120,95555",4,GoPro 9,,,,,,
2024_JUL_CG_S_T3/GOPR3211.JPG,2024-07-02,Coral Garden S,T3,14,31,,,"13,51937","120,95555",4,GoPro 9,,,,,,
2024_JUL_CG_S_T3/GOPR3212.JPG,2024-07-02,Coral Garden S,T3,15,31,,,"13,51937","120,95555",4,GoPro 9,,,,,,
2024_JUL_CG_S_T3/GOPR3213.JPG,2024-07-02,Coral Garden S,T3,16,31,,,"13,51937","120,95555",4,GoPro 9,,,,,,
2024_JUL_CG_S_T3/GOPR3214.JPG,2024-07-02,Coral Garden S,T3,17,31,,,"13,51937","120,95555",4,GoPro 9,,,,,,
2024_JUL_CG_S_T3/GOPR3215.JPG,2024-07-02,Coral Garden S,T3,18,31,,,"13,51937","120,95555",4,GoPro 9,,,,,,
2024_JUL_CG_S_T3/GOPR3216.JPG,2024-07-02,Coral Garden S,T3,19,31,,,"13,51937","120,95555",4,GoPro 9,,,,,,
2024_JUL_CG_S_T3/GOPR3217.JPG,2024-07-02,Coral Garden S,T3,20,31,,,"13,51937","120,95555",4,GoPro 9,,,,,,
2024_JUL_CG_S_T3/GOPR3218.JPG,2024-07-02,Coral Garden S,T3,21,31,,,"13,51937","120,95555",4,GoPro 9,,,,,,
2024_JUL_CG_S_T3/GOPR3219.JPG,2024-07-02,Coral Garden S,T3,22,31,,,"13,51937","120,95555",4,GoPro 9,,,,,,
2024_JUL_CG_S_T3/GOPR3220.JPG,2024-07-02,Coral Garden S,T3,23,31,,,"13,51937","120,95555",4,GoPro 9,,,,,,
2024_JUL_CG_S_T3/GOPR3221.JPG,2024-07-02,Coral Garden S,T3,24,31,,,"13,51937","120,95555",4,GoPro 9,,,,,,
2024_JUL_CG_S_T3/GOPR3222.JPG,2024-07-02,Coral Garden S,T3,25,31,,,"13,51937","120,95555",4,GoPro 9,,,,,,
2024_JUL_CG_S_T3/GOPR3223.JPG,2024-07-02,Coral Garden S,T3,26,31,,,"13,51937","120,95555",4,GoPro 9,,,,,,
2024_JUL_CG_S_T3/GOPR3224.JPG,2024-07-02,Coral Garden S,T3,27,31,,,"13,51937","120,95555",4,GoPro 9,,,,,,
2024_JUL_CG_S_T3/GOPR3225.JPG,2024-07-02,Coral Garden S,T3,28,31,,,"13,51937","120,95555",4,GoPro 9,,,,,,
2024_JUL_CG_S_T3/GOPR3226.JPG,2024-07-02,Coral Garden S,T3,29,31,,,"13,51937","120,95555",4,GoPro 9,,,,,,
2024_JUL_CG_S_T3/GOPR3227.JPG,2024-07-02,Coral Garden S,T3,30,31,,,"13,51937","120,95555",4,GoPro 9,,,,,,
2024_JUL_CG_S_T3/GOPR3228.JPG,2024-07-02,Coral Garden S,T3,31,31,,,"13,51937","120,95555",4,GoPro 9,,,,,,
2024_JUL_CG_S_T3/GOPR3229.JPG,2024-07-02,Coral Garden S,T3,32,31,,,"13,51937","120,95555",4,GoPro 9,,,,,,
2024_JUL_CG_S_T3/GOPR3230.JPG,2024-07-02,Coral Garden S,T3,33,31,,,"13,51937","120,95555",4,GoPro 9,,,,,,
2024_JUL_CG_S_T3/GOPR3231.JPG,2024-07-02,Coral Garden S,T3,34,31,,,"13,51937","120,95555",4,GoPro 9,,,,,,
2024_JUL_CG_S_T3/GOPR3232.JPG,2024-07-02,Coral Garden S,T3,35,31,,,"13,51937","120,95555",4,GoPro 9,,,,,,
2024_JUL_CG_S_T3/GOPR3233.JPG,2024-07-02,Coral Garden S,T3,36,31,,,"13,51937","120,95555",4,GoPro 9,,,,,,
2024_JUL_CG_S_T3/GOPR3234.JPG,2024-07-02,Coral Garden S,T3,37,31,,,"13,51937","120,95555",4,GoPro 9,,,,,,
2024_JUL_CG_S_T3/GOPR3235.JPG,2024-07-02,Coral Garden S,T3,38,31,,,"13,51937","120,95555",4,GoPro 9,,,,,,
2024_JUL_CG_S_T3/GOPR3236.JPG,2024-07-02,Coral Garden S,T3,39,31,,,"13,51937","120,95555",4,GoPro 9,,,,,,
2024_JUL_CG_S_T3/GOPR3237.JPG,2024-07-02,Coral Garden S,T3,40,31,,,"13,51937","120,95555",4,GoPro 9,,,,,,
2024_JUL_CG_S_T3/GOPR3238.JPG,2024-07-02,Coral Garden S,T3,41,31,,,"13,51937","120,95555",4,GoPro 9,,,,,,
2024_JUL_CG_S_T3/GOPR3240.JPG,2024-07-02,Coral Garden S,T3,42,31,,,"13,51937","120,95555",4,GoPro 9,,,,,,
2024_JUL_CG_S_T3/GOPR3241.JPG,2024-07-02,Coral Garden S,T3,43,31,,,"13,51937","120,95555",4,GoPro 9,,,,,,
2024_JUL_CG_S_T3/GOPR3242.JPG,2024-07-02,Coral Garden S,T3,44,31,,,"13,51937","120,95555",4,GoPro 9,,,,,,
2024_JUL_CG_S_T3/GOPR3243.JPG,2024-07-02,Coral Garden S,T3,45,31,,,"13,51937","120,95555",4,GoPro 9,,,,,,
2024_JUL_CG_S_T3/GOPR3244.JPG,2024-07-02,Coral Garden S,T3,46,31,,,"13,51937","120,95555",4,GoPro 9,,,,,,
2024_JUL_CG_S_T3/GOPR3245.JPG,2024-07-02,Coral Garden S,T3,47,31,,,"13,51937","120,95555",4,GoPro 9,,,,,,
2024_JUL_CG_S_T3/GOPR3246.JPG,2024-07-02,Coral Garden S,T3,48,31,,,"13,51937","120,95555",4,GoPro 9,,,,,,
2024_JUL_CG_S_T3/GOPR3247.JPG,2024-07-02,Coral Garden S,T3,49,31,,,"13,51937","120,95555",4,GoPro 9,,,,,,
2024_JUL_CG_S_T3/GOPR3248.JPG,2024-07-02,Coral Garden S,T3,50,31,,,"13,51937","120,95555",4,GoPro 9,,,,,,
2024_JUL_GC_T1/GOPR3377.JPG,2024-07-03,Giant Clam,T1,1,31,,,"120,95979","120,95979",3.5,GoPro 9,,,,,,
2024_JUL_GC_T1/GOPR3378.JPG,2024-07-03,Giant Clam,T1,2,31,,,"120,95979","120,95979",3.5,GoPro 9,,,,,,
2024_JUL_GC_T1/GOPR3379.JPG,2024-07-03,Giant Clam,T1,3,31,,,"120,95979","120,95979",3.5,GoPro 9,,,,,,
2024_JUL_GC_T1/GOPR3380.JPG,2024-07-03,Giant Clam,T1,4,31,,,"120,95979","120,95979",3.5,GoPro 9,,,,,,
2024_JUL_GC_T1/GOPR3381.JPG,2024-07-03,Giant Clam,T1,5,31,,,"120,95979","120,95979",3.5,GoPro 9,,,,,,
2024_JUL_GC_T1/GOPR3382.JPG,2024-07-03,Giant Clam,T1,6,31,,,"120,95979","120,95979",3.5,GoPro 9,,,,,,
2024_JUL_GC_T1/GOPR3383.JPG,2024-07-03,Giant Clam,T1,7,31,,,"120,95979","120,95979",3.5,GoPro 9,,,,,,
2024_JUL_GC_T1/GOPR3384.JPG,2024-07-03,Giant Clam,T1,8,31,,,"120,95979","120,95979",3.5,GoPro 9,,,,,,
2024_JUL_GC_T1/GOPR3385.JPG,2024-07-03,Giant Clam,T1,9,31,,,"120,95979","120,95979",3.5,GoPro 9,,,,,,
2024_JUL_GC_T1/GOPR3386.JPG,2024-07-03,Giant Clam,T1,10,31,,,"120,95979","120,95979",3.5,GoPro 9,,,,,,
2024_JUL_GC_T1/GOPR3387.JPG,2024-07-03,Giant Clam,T1,11,31,,,"120,95979","120,95979",3.5,GoPro 9,,,,,,
2024_JUL_GC_T1/GOPR3388.JPG,2024-07-03,Giant Clam,T1,12,31,,,"120,95979","120,95979",3.5,GoPro 9,,,,,,
2024_JUL_GC_T1/GOPR3389.JPG,2024-07-03,Giant Clam,T1,13,31,,,"120,95979","120,95979",3.5,GoPro 9,,,,,,
2024_JUL_GC_T1/GOPR3390.JPG,2024-07-03,Giant Clam,T1,14,31,,,"120,95979","120,95979",3.5,GoPro 9,,,,,,
2024_JUL_GC_T1/GOPR3391.JPG,2024-07-03,Giant Clam,T1,15,31,,,"120,95979","120,95979",3.5,GoPro 9,,,,,,
2024_JUL_GC_T1/GOPR3392.JPG,2024-07-03,Giant Clam,T1,16,31,,,"120,95979","120,95979",3.5,GoPro 9,,,,,,
2024_JUL_GC_T1/GOPR3393.JPG,2024-07-03,Giant Clam,T1,17,31,,,"120,95979","120,95979",3.5,GoPro 9,,,,,,
2024_JUL_GC_T1/GOPR3394.JPG,2024-07-03,Giant Clam,T1,18,31,,,"120,95979","120,95979",3.5,GoPro 9,,,,,,
2024_JUL_GC_T1/GOPR3395.JPG,2024-07-03,Giant Clam,T1,19,31,,,"120,95979","120,95979",3.5,GoPro 9,,,,,,
2024_JUL_GC_T1/GOPR3396.JPG,2024-07-03,Giant Clam,T1,20,31,,,"120,95979","120,95979",3.5,GoPro 9,,,,,,
2024_JUL_GC_T1/GOPR3397.JPG,2024-07-03,Giant Clam,T1,21,31,,,"120,95979","120,95979",3.5,GoPro 9,,,,,,
2024_JUL_GC_T1/GOPR3398.JPG,2024-07-03,Giant Clam,T1,22,31,,,"120,95979","120,95979",3.5,GoPro 9,,,,,,
2024_JUL_GC_T1/GOPR3399.JPG,2024-07-03,Giant Clam,T1,23,31,,,"120,95979","120,95979",3.5,GoPro 9,,,,,,
2024_JUL_GC_T1/GOPR3400.JPG,2024-07-03,Giant Clam,T1,24,31,,,"120,95979","120,95979",3.5,GoPro 9,,,,,,
2024_JUL_GC_T1/GOPR3401.JPG,2024-07-03,Giant Clam,T1,25,31,,,"120,95979","120,95979",3.5,GoPro 9,,,,,,
2024_JUL_GC_T1/GOPR3402.JPG,2024-07-03,Giant Clam,T1,26,31,,,"120,95979","120,95979",3.5,GoPro 9,,,,,,
2024_JUL_GC_T1/GOPR3403.JPG,2024-07-03,Giant Clam,T1,27,31,,,"120,95979","120,95979",3.5,GoPro 9,,,,,,
2024_JUL_GC_T1/GOPR3404.JPG,2024-07-03,Giant Clam,T1,28,31,,,"120,95979","120,95979",3.5,GoPro 9,,,,,,
2024_JUL_GC_T1/GOPR3405.JPG,2024-07-03,Giant Clam,T1,29,31,,,"120,95979","120,95979",3.5,GoPro 9,,,,,,
2024_JUL_GC_T1/GOPR3406.JPG,2024-07-03,Giant Clam,T1,30,31,,,"120,95979","120,95979",3.5,GoPro 9,,,,,,
2024_JUL_GC_T1/GOPR3407.JPG,2024-07-03,Giant Clam,T1,31,31,,,"120,95979","120,95979",3.5,GoPro 9,,,,,,
2024_JUL_GC_T1/GOPR3408.JPG,2024-07-03,Giant Clam,T1,32,31,,,"120,95979","120,95979",3.5,GoPro 9,,,,,,
2024_JUL_GC_T1/GOPR3409.JPG,2024-07-03,Giant Clam,T1,33,31,,,"120,95979","120,95979",3.5,GoPro 9,,,,,,
2024_JUL_GC_T1/GOPR3410.JPG,2024-07-03,Giant Clam,T1,34,31,,,"120,95979","120,95979",3.5,GoPro 9,,,,,,
2024_JUL_GC_T1/GOPR3411.JPG,2024-07-03,Giant Clam,T1,35,31,,,"120,95979","120,95979",3.5,GoPro 9,,,,,,
2024_JUL_GC_T1/GOPR3412.JPG,2024-07-03,Giant Clam,T1,36,31,,,"120,95979","120,95979",3.5,GoPro 9,,,,,,
2024_JUL_GC_T1/GOPR3413.JPG,2024-07-03,Giant Clam,T1,37,31,,,"120,95979","120,95979",3.5,GoPro 9,,,,,,
2024_JUL_GC_T1/GOPR3414.JPG,2024-07-03,Giant Clam,T1,38,31,,,"120,95979","120,95979",3.5,GoPro 9,,,,,,
2024_JUL_GC_T1/GOPR3415.JPG,2024-07-03,Giant Clam,T1,39,31,,,"120,95979","120,95979",3.5,GoPro 9,,,,,,
2024_JUL_GC_T1/GOPR3416.JPG,2024-07-03,Giant Clam,T1,40,31,,,"120,95979","120,95979",3.5,GoPro 9,,,,,,
2024_JUL_GC_T1/GOPR3417.JPG,2024-07-03,Giant Clam,T1,41,31,,,"120,95979","120,95979",3.5,GoPro 9,,,,,,
2024_JUL_GC_T1/GOPR3418.JPG,2024-07-03,Giant Clam,T1,42,31,,,"120,95979","120,95979",3.5,GoPro 9,,,,,,
2024_JUL_GC_T1/GOPR3419.JPG,2024-07-03,Giant Clam,T1,43,31,,,"120,95979","120,95979",3.5,GoPro 9,,,,,,
2024_JUL_GC_T1/GOPR3420.JPG,2024-07-03,Giant Clam,T1,44,31,,,"120,95979","120,95979",3.5,GoPro 9,,,,,,
2024_JUL_GC_T1/GOPR3421.JPG,2024-07-03,Giant Clam,T1,45,31,,,"120,95979","120,95979",3.5,GoPro 9,,,,,,
2024_JUL_GC_T1/GOPR3422.JPG,2024-07-03,Giant Clam,T1,46,31,,,"120,95979","120,95979",3.5,GoPro 9,,,,,,
2024_JUL_GC_T1/GOPR3423.JPG,2024-07-03,Giant Clam,T1,47,31,,,"120,95979","120,95979",3.5,GoPro 9,,,,,,
2024_JUL_GC_T1/GOPR3424.JPG,2024-07-03,Giant Clam,T1,48,31,,,"120,95979","120,95979",3.5,GoPro 9,,,,,,
2024_JUL_GC_T1/GOPR3425.JPG,2024-07-03,Giant Clam,T1,49,31,,,"120,95979","120,95979",3.5,GoPro 9,,,,,,
2024_JUL_GC_T1/GOPR3426.JPG,2024-07-03,Giant Clam,T1,50,31,,,"120,95979","120,95979",3.5,GoPro 9,,,,,,
2024_JUL_GC_T2/GOPR3431.JPG,2024-07-03,Giant Clam,T2,1,31,,,"13,51382","120,95979",3.5,GoPro 9,,,,,,
2024_JUL_GC_T2/GOPR3432.JPG,2024-07-03,Giant Clam,T2,2,31,,,"13,51382","120,95979",3.5,GoPro 9,,,,,,
2024_JUL_GC_T2/GOPR3433.JPG,2024-07-03,Giant Clam,T2,3,31,,,"13,51382","120,95979",3.5,GoPro 9,,,,,,
2024_JUL_GC_T2/GOPR3434.JPG,2024-07-03,Giant Clam,T2,4,31,,,"13,51382","120,95979",3.5,GoPro 9,,,,,,
2024_JUL_GC_T2/GOPR3435.JPG,2024-07-03,Giant Clam,T2,5,31,,,"13,51382","120,95979",3.5,GoPro 9,,,,,,
2024_JUL_GC_T2/GOPR3436.JPG,2024-07-03,Giant Clam,T2,6,31,,,"13,51382","120,95979",3.5,GoPro 9,,,,,,
2024_JUL_GC_T2/GOPR3437.JPG,2024-07-03,Giant Clam,T2,7,31,,,"13,51382","120,95979",3.5,GoPro 9,,,,,,
2024_JUL_GC_T2/GOPR3438.JPG,2024-07-03,Giant Clam,T2,8,31,,,"13,51382","120,95979",3.5,GoPro 9,,,,,,
2024_JUL_GC_T2/GOPR3439.JPG,2024-07-03,Giant Clam,T2,9,31,,,"13,51382","120,95979",3.5,GoPro 9,,,,,,
2024_JUL_GC_T2/GOPR3440.JPG,2024-07-03,Giant Clam,T2,10,31,,,"13,51382","120,95979",3.5,GoPro 9,,,,,,
2024_JUL_GC_T2/GOPR3441.JPG,2024-07-03,Giant Clam,T2,11,31,,,"13,51382","120,95979",3.5,GoPro 9,,,,,,
2024_JUL_GC_T2/GOPR3442.JPG,2024-07-03,Giant Clam,T2,12,31,,,"13,51382","120,95979",3.5,GoPro 9,,,,,,
2024_JUL_GC_T2/GOPR3443.JPG,2024-07-03,Giant Clam,T2,13,31,,,"13,51382","120,95979",3.5,GoPro 9,,,,,,
2024_JUL_GC_T2/GOPR3444.JPG,2024-07-03,Giant Clam,T2,14,31,,,"13,51382","120,95979",3.5,GoPro 9,,,,,,
2024_JUL_GC_T2/GOPR3445.JPG,2024-07-03,Giant Clam,T2,15,31,,,"13,51382","120,95979",3.5,GoPro 9,,,,,,
2024_JUL_GC_T2/GOPR3446.JPG,2024-07-03,Giant Clam,T2,16,31,,,"13,51382","120,95979",3.5,GoPro 9,,,,,,
2024_JUL_GC_T2/GOPR3447.JPG,2024-07-03,Giant Clam,T2,17,31,,,"13,51382","120,95979",3.5,GoPro 9,,,,,,
2024_JUL_GC_T2/GOPR3448.JPG,2024-07-03,Giant Clam,T2,18,31,,,"13,51382","120,95979",3.5,GoPro 9,,,,,,
2024_JUL_GC_T2/GOPR3449.JPG,2024-07-03,Giant Clam,T2,19,31,,,"13,51382","120,95979",3.5,GoPro 9,,,,,,
2024_JUL_GC_T2/GOPR3450.JPG,2024-07-03,Giant Clam,T2,20,31,,,"13,51382","120,95979",3.5,GoPro 9,,,,,,
2024_JUL_GC_T2/GOPR3451.JPG,2024-07-03,Giant Clam,T2,21,31,,,"13,51382","120,95979",3.5,GoPro 9,,,,,,
2024_JUL_GC_T2/GOPR3452.JPG,2024-07-03,Giant Clam,T2,22,31,,,"13,51382","120,95979",3.5,GoPro 9,,,,,,
2024_JUL_GC_T2/GOPR3453.JPG,2024-07-03,Giant Clam,T2,23,31,,,"13,51382","120,95979",3.5,GoPro 9,,,,,,
2024_JUL_GC_T2/GOPR3454.JPG,2024-07-03,Giant Clam,T2,24,31,,,"13,51382","120,95979",3.5,GoPro 9,,,,,,
2024_JUL_GC_T2/GOPR3455.JPG,2024-07-03,Giant Clam,T2,25,31,,,"13,51382","120,95979",3.5,GoPro 9,,,,,,
2024_JUL_GC_T2/GOPR3456.JPG,2024-07-03,Giant Clam,T2,26,31,,,"13,51382","120,95979",3.5,GoPro 9,,,,,,
2024_JUL_GC_T2/GOPR3457.JPG,2024-07-03,Giant Clam,T2,27,31,,,"13,51382","120,95979",3.5,GoPro 9,,,,,,
2024_JUL_GC_T2/GOPR3458.JPG,2024-07-03,Giant Clam,T2,28,31,,,"13,51382","120,95979",3.5,GoPro 9,,,,,,
2024_JUL_GC_T2/GOPR3459.JPG,2024-07-03,Giant Clam,T2,29,31,,,"13,51382","120,95979",3.5,GoPro 9,,,,,,
2024_JUL_GC_T2/GOPR3460.JPG,2024-07-03,Giant Clam,T2,30,31,,,"13,51382","120,95979",3.5,GoPro 9,,,,,,
2024_JUL_GC_T2/GOPR3461.JPG,2024-07-03,Giant Clam,T2,31,31,,,"13,51382","120,95979",3.5,GoPro 9,,,,,,
2024_JUL_GC_T2/GOPR3462.JPG,2024-07-03,Giant Clam,T2,32,31,,,"13,51382","120,95979",3.5,GoPro 9,,,,,,
2024_JUL_GC_T2/GOPR3463.JPG,2024-07-03,Giant Clam,T2,33,31,,,"13,51382","120,95979",3.5,GoPro 9,,,,,,
2024_JUL_GC_T2/GOPR3464.JPG,2024-07-03,Giant Clam,T2,34,31,,,"13,51382","120,95979",3.5,GoPro 9,,,,,,
2024_JUL_GC_T2/GOPR3465.JPG,2024-07-03,Giant Clam,T2,35,31,,,"13,51382","120,95979",3.5,GoPro 9,,,,,,
2024_JUL_GC_T2/GOPR3466.JPG,2024-07-03,Giant Clam,T2,36,31,,,"13,51382","120,95979",3.5,GoPro 9,,,,,,
2024_JUL_GC_T2/GOPR3467.JPG,2024-07-03,Giant Clam,T2,37,31,,,"13,51382","120,95979",3.5,GoPro 9,,,,,,
2024_JUL_GC_T2/GOPR3468.JPG,2024-07-03,Giant Clam,T2,38,31,,,"13,51382","120,95979",3.5,GoPro 9,,,,,,
2024_JUL_GC_T2/GOPR3469.JPG,2024-07-03,Giant Clam,T2,39,31,,,"13,51382","120,95979",3.5,GoPro 9,,,,,,
2024_JUL_GC_T2/GOPR3470.JPG,2024-07-03,Giant Clam,T2,40,31,,,"13,51382","120,95979",3.5,GoPro 9,,,,,,
2024_JUL_GC_T2/GOPR3471.JPG,2024-07-03,Giant Clam,T2,41,31,,,"13,51382","120,95979",3.5,GoPro 9,,,,,,
2024_JUL_GC_T2/GOPR3472.JPG,2024-07-03,Giant Clam,T2,42,31,,,"13,51382","120,95979",3.5,GoPro 9,,,,,,
2024_JUL_GC_T2/GOPR3473.JPG,2024-07-03,Giant Clam,T2,43,31,,,"13,51382","120,95979",3.5,GoPro 9,,,,,,
2024_JUL_GC_T2/GOPR3474.JPG,2024-07-03,Giant Clam,T2,44,31,,,"13,51382","120,95979",3.5,GoPro 9,,,,,,
2024_JUL_GC_T2/GOPR3475.JPG,2024-07-03,Giant Clam,T2,45,31,,,"13,51382","120,95979",3.5,GoPro 9,,,,,,
2024_JUL_GC_T2/GOPR3476.JPG,2024-07-03,Giant Clam,T2,46,31,,,"13,51382","120,95979",3.5,GoPro 9,,,,,,
2024_JUL_GC_T2/GOPR3477.JPG,2024-07-03,Giant Clam,T2,47,31,,,"13,51382","120,95979",3.5,GoPro 9,,,,,,
2024_JUL_GC_T2/GOPR3478.JPG,2024-07-03,Giant Clam,T2,48,31,,,"13,51382","120,95979",3.5,GoPro 9,,,,,,
2024_JUL_GC_T2/GOPR3479.JPG,2024-07-03,Giant Clam,T2,49,31,,,"13,51382","120,95979",3.5,GoPro 9,,,,,,
2024_JUL_GC_T2/GOPR3480.JPG,2024-07-03,Giant Clam,T2,50,31,,,"13,51382","120,95979",3.5,GoPro 9,,,,,,
2024_JUL_GC_T3/GOPR3486.JPG,2024-07-02,Giant Clam,T3,1,31,,,"13,51382","120,95979",4,GoPro 9,,,,,,
2024_JUL_GC_T3/GOPR3487.JPG,2024-07-02,Giant Clam,T3,2,31,,,"13,51382","120,95979",4,GoPro 9,,,,,,
2024_JUL_GC_T3/GOPR3488.JPG,2024-07-02,Giant Clam,T3,3,31,,,"13,51382","120,95979",4,GoPro 9,,,,,,
2024_JUL_GC_T3/GOPR3489.JPG,2024-07-02,Giant Clam,T3,4,31,,,"13,51382","120,95979",4,GoPro 9,,,,,,
2024_JUL_GC_T3/GOPR3490.JPG,2024-07-02,Giant Clam,T3,5,31,,,"13,51382","120,95979",4,GoPro 9,,,,,,
2024_JUL_GC_T3/GOPR3491.JPG,2024-07-02,Giant Clam,T3,6,31,,,"13,51382","120,95979",4,GoPro 9,,,,,,
2024_JUL_GC_T3/GOPR3492.JPG,2024-07-02,Giant Clam,T3,7,31,,,"13,51382","120,95979",4,GoPro 9,,,,,,
2024_JUL_GC_T3/GOPR3493.JPG,2024-07-02,Giant Clam,T3,8,31,,,"13,51382","120,95979",4,GoPro 9,,,,,,
2024_JUL_GC_T3/GOPR3495.JPG,2024-07-02,Giant Clam,T3,9,31,,,"13,51382","120,95979",4,GoPro 9,,,,,,
2024_JUL_GC_T3/GOPR3496.JPG,2024-07-02,Giant Clam,T3,10,31,,,"13,51382","120,95979",4,GoPro 9,,,,,,
2024_JUL_GC_T3/GOPR3497.JPG,2024-07-02,Giant Clam,T3,11,31,,,"13,51382","120,95979",4,GoPro 9,,,,,,
2024_JUL_GC_T3/GOPR3498.JPG,2024-07-02,Giant Clam,T3,12,31,,,"13,51382","120,95979",4,GoPro 9,,,,,,
2024_JUL_GC_T3/GOPR3499.JPG,2024-07-02,Giant Clam,T3,13,31,,,"13,51382","120,95979",4,GoPro 9,,,,,,
2024_JUL_GC_T3/GOPR3500.JPG,2024-07-02,Giant Clam,T3,14,31,,,"13,51382","120,95979",4,GoPro 9,,,,,,
2024_JUL_GC_T3/GOPR3501.JPG,2024-07-02,Giant Clam,T3,15,31,,,"13,51382","120,95979",4,GoPro 9,,,,,,
2024_JUL_GC_T3/GOPR3502.JPG,2024-07-02,Giant Clam,T3,16,31,,,"13,51382","120,95979",4,GoPro 9,,,,,,
2024_JUL_GC_T3/GOPR3503.JPG,2024-07-02,Giant Clam,T3,17,31,,,"13,51382","120,95979",4,GoPro 9,,,,,,
2024_JUL_GC_T3/GOPR3504.JPG,2024-07-02,Giant Clam,T3,18,31,,,"13,51382","120,95979",4,GoPro 9,,,,,,
2024_JUL_GC_T3/GOPR3505.JPG,2024-07-02,Giant Clam,T3,19,31,,,"13,51382","120,95979",4,GoPro 9,,,,,,
2024_JUL_GC_T3/GOPR3506.JPG,2024-07-02,Giant Clam,T3,20,31,,,"13,51382","120,95979",4,GoPro 9,,,,,,
2024_JUL_GC_T3/GOPR3507.JPG,2024-07-02,Giant Clam,T3,21,31,,,"13,51382","120,95979",4,GoPro 9,,,,,,
2024_JUL_GC_T3/GOPR3508.JPG,2024-07-02,Giant Clam,T3,22,31,,,"13,51382","120,95979",4,GoPro 9,,,,,,
2024_JUL_GC_T3/GOPR3509.JPG,2024-07-02,Giant Clam,T3,23,31,,,"13,51382","120,95979",4,GoPro 9,,,,,,
2024_JUL_GC_T3/GOPR3510.JPG,2024-07-02,Giant Clam,T3,24,31,,,"13,51382","120,95979",4,GoPro 9,,,,,,
2024_JUL_GC_T3/GOPR3511.JPG,2024-07-02,Giant Clam,T3,25,31,,,"13,51382","120,95979",4,GoPro 9,,,,,,
2024_JUL_GC_T3/GOPR3512.JPG,2024-07-02,Giant Clam,T3,26,31,,,"13,51382","120,95979",4,GoPro 9,,,,,,
2024_JUL_GC_T3/GOPR3513.JPG,2024-07-02,Giant Clam,T3,27,31,,,"13,51382","120,95979",4,GoPro 9,,,,,,
2024_JUL_GC_T3/GOPR3514.JPG,2024-07-02,Giant Clam,T3,28,31,,,"13,51382","120,95979",4,GoPro 9,,,,,,
2024_JUL_GC_T3/GOPR3515.JPG,2024-07-02,Giant Clam,T3,29,31,,,"13,51382","120,95979",4,GoPro 9,,,,,,
2024_JUL_GC_T3/GOPR3516.JPG,2024-07-02,Giant Clam,T3,30,31,,,"13,51382","120,95979",4,GoPro 9,,,,,,
2024_JUL_GC_T3/GOPR3517.JPG,2024-07-02,Giant Clam,T3,31,31,,,"13,51382","120,95979",4,GoPro 9,,,,,,
2024_JUL_GC_T3/GOPR3518.JPG,2024-07-02,Giant Clam,T3,32,31,,,"13,51382","120,95979",4,GoPro 9,,,,,,
2024_JUL_GC_T3/GOPR3519.JPG,2024-07-02,Giant Clam,T3,33,31,,,"13,51382","120,95979",4,GoPro 9,,,,,,
2024_JUL_GC_T3/GOPR3520.JPG,2024-07-02,Giant Clam,T3,34,31,,,"13,51382","120,95979",4,GoPro 9,,,,,,
2024_JUL_GC_T3/GOPR3521.JPG,2024-07-02,Giant Clam,T3,35,31,,,"13,51382","120,95979",4,GoPro 9,,,,,,
2024_JUL_GC_T3/GOPR3522.JPG,2024-07-02,Giant Clam,T3,36,31,,,"13,51382","120,95979",4,GoPro 9,,,,,,
2024_JUL_GC_T3/GOPR3523.JPG,2024-07-02,Giant Clam,T3,37,31,,,"13,51382","120,95979",4,GoPro 9,,,,,,
2024_JUL_GC_T3/GOPR3524.JPG,2024-07-02,Giant Clam,T3,38,31,,,"13,51382","120,95979",4,GoPro 9,,,,,,
2024_JUL_GC_T3/GOPR3525.JPG,2024-07-02,Giant Clam,T3,39,31,,,"13,51382","120,95979",4,GoPro 9,,,,,,
2024_JUL_GC_T3/GOPR3526.JPG,2024-07-02,Giant Clam,T3,40,31,,,"13,51382","120,95979",4,GoPro 9,,,,,,
2024_JUL_GC_T3/GOPR3527.JPG,2024-07-02,Giant Clam,T3,41,31,,,"13,51382","120,95979",4,GoPro 9,,,,,,
2024_JUL_GC_T3/GOPR3528.JPG,2024-07-02,Giant Clam,T3,42,31,,,"13,51382","120,95979",4,GoPro 9,,,,,,
2024_JUL_GC_T3/GOPR3529.JPG,2024-07-02,Giant Clam,T3,43,31,,,"13,51382","120,95979",4,GoPro 9,,,,,,
2024_JUL_GC_T3/GOPR3530.JPG,2024-07-02,Giant Clam,T3,44,31,,,"13,51382","120,95979",4,GoPro 9,,,,,,
2024_JUL_GC_T3/GOPR3531.JPG,2024-07-02,Giant Clam,T3,45,31,,,"13,51382","120,95979",4,GoPro 9,,,,,,
2024_JUL_GC_T3/GOPR3532.JPG,2024-07-02,Giant Clam,T3,46,31,,,"13,51382","120,95979",4,GoPro 9,,,,,,
2024_JUL_GC_T3/GOPR3533.JPG,2024-07-02,Giant Clam,T3,47,31,,,"13,51382","120,95979",4,GoPro 9,,,,,,
2024_JUL_GC_T3/GOPR3534.JPG,2024-07-02,Giant Clam,T3,48,31,,,"13,51382","120,95979",4,GoPro 9,,,,,,
2024_JUL_GC_T3/GOPR3535.JPG,2024-07-02,Giant Clam,T3,49,31,,,"13,51382","120,95979",4,GoPro 9,,,,,,
2024_JUL_GC_T3/GOPR3536.JPG,2024-07-02,Giant Clam,T3,50,31,,,"13,51382","120,95979",4,GoPro 9,,,,,,
2024_JUL_HPFS_D_T1/GOPR3562.JPG,2024-07-17,Harka Piloto D,T1,1,31,,,"13,43851","121,21941",8,GoPro 9,,,,,,
2024_JUL_HPFS_D_T1/GOPR3563.JPG,2024-07-17,Harka Piloto D,T1,2,31,,,"13,43851","121,21941",8,GoPro 9,,,,,,
2024_JUL_HPFS_D_T1/GOPR3564.JPG,2024-07-17,Harka Piloto D,T1,3,31,,,"13,43851","121,21941",8,GoPro 9,,,,,,
2024_JUL_HPFS_D_T1/GOPR3565.JPG,2024-07-17,Harka Piloto D,T1,4,31,,,"13,43851","121,21941",8,GoPro 9,,,,,,
2024_JUL_HPFS_D_T1/GOPR3566.JPG,2024-07-17,Harka Piloto D,T1,5,31,,,"13,43851","121,21941",8,GoPro 9,,,,,,
2024_JUL_HPFS_D_T1/GOPR3567.JPG,2024-07-17,Harka Piloto D,T1,6,31,,,"13,43851","121,21941",8,GoPro 9,,,,,,
2024_JUL_HPFS_D_T1/GOPR3568.JPG,2024-07-17,Harka Piloto D,T1,7,31,,,"13,43851","121,21941",8,GoPro 9,,,,,,
2024_JUL_HPFS_D_T1/GOPR3569.JPG,2024-07-17,Harka Piloto D,T1,8,31,,,"13,43851","121,21941",8,GoPro 9,,,,,,
2024_JUL_HPFS_D_T1/GOPR3570.JPG,2024-07-17,Harka Piloto D,T1,9,31,,,"13,43851","121,21941",8,GoPro 9,,,,,,
2024_JUL_HPFS_D_T1/GOPR3571.JPG,2024-07-17,Harka Piloto D,T1,10,31,,,"13,43851","121,21941",8,GoPro 9,,,,,,
2024_JUL_HPFS_D_T1/GOPR3572.JPG,2024-07-17,Harka Piloto D,T1,11,31,,,"13,43851","121,21941",8,GoPro 9,,,,,,
2024_JUL_HPFS_D_T1/GOPR3573.JPG,2024-07-17,Harka Piloto D,T1,12,31,,,"13,43851","121,21941",8,GoPro 9,,,,,,
2024_JUL_HPFS_D_T1/GOPR3574.JPG,2024-07-17,Harka Piloto D,T1,13,31,,,"13,43851","121,21941",8,GoPro 9,,,,,,
2024_JUL_HPFS_D_T1/GOPR3575.JPG,2024-07-17,Harka Piloto D,T1,14,31,,,"13,43851","121,21941",8,GoPro 9,,,,,,
2024_JUL_HPFS_D_T1/GOPR3576.JPG,2024-07-17,Harka Piloto D,T1,15,31,,,"13,43851","121,21941",8,GoPro 9,,,,,,
2024_JUL_HPFS_D_T1/GOPR3577.JPG,2024-07-17,Harka Piloto D,T1,16,31,,,"13,43851","121,21941",8,GoPro 9,,,,,,
2024_JUL_HPFS_D_T1/GOPR3578.JPG,2024-07-17,Harka Piloto D,T1,17,31,,,"13,43851","121,21941",8,GoPro 9,,,,,,
2024_JUL_HPFS_D_T1/GOPR3579.JPG,2024-07-17,Harka Piloto D,T1,18,31,,,"13,43851","121,21941",8,GoPro 9,,,,,,
2024_JUL_HPFS_D_T1/GOPR3580.JPG,2024-07-17,Harka Piloto D,T1,19,31,,,"13,43851","121,21941",8,GoPro 9,,,,,,
2024_JUL_HPFS_D_T1/GOPR3581.JPG,2024-07-17,Harka Piloto D,T1,20,31,,,"13,43851","121,21941",8,GoPro 9,,,,,,
2024_JUL_HPFS_D_T1/GOPR3582.JPG,2024-07-17,Harka Piloto D,T1,21,31,,,"13,43851","121,21941",8,GoPro 9,,,,,,
2024_JUL_HPFS_D_T1/GOPR3583.JPG,2024-07-17,Harka Piloto D,T1,22,31,,,"13,43851","121,21941",8,GoPro 9,,,,,,
2024_JUL_HPFS_D_T1/GOPR3584.JPG,2024-07-17,Harka Piloto D,T1,23,31,,,"13,43851","121,21941",8,GoPro 9,,,,,,
2024_JUL_HPFS_D_T1/GOPR3585.JPG,2024-07-17,Harka Piloto D,T1,24,31,,,"13,43851","121,21941",8,GoPro 9,,,,,,
2024_JUL_HPFS_D_T1/GOPR3586.JPG,2024-07-17,Harka Piloto D,T1,25,31,,,"13,43851","121,21941",8,GoPro 9,,,,,,
2024_JUL_HPFS_D_T1/GOPR3587.JPG,2024-07-17,Harka Piloto D,T1,26,31,,,"13,43851","121,21941",8,GoPro 9,,,,,,
2024_JUL_HPFS_D_T1/GOPR3588.JPG,2024-07-17,Harka Piloto D,T1,27,31,,,"13,43851","121,21941",8,GoPro 9,,,,,,
2024_JUL_HPFS_D_T1/GOPR3589.JPG,2024-07-17,Harka Piloto D,T1,28,31,,,"13,43851","121,21941",8,GoPro 9,,,,,,
2024_JUL_HPFS_D_T1/GOPR3590.JPG,2024-07-17,Harka Piloto D,T1,29,31,,,"13,43851","121,21941",8,GoPro 9,,,,,,
2024_JUL_HPFS_D_T1/GOPR3591.JPG,2024-07-17,Harka Piloto D,T1,30,31,,,"13,43851","121,21941",8,GoPro 9,,,,,,
2024_JUL_HPFS_D_T1/GOPR3592.JPG,2024-07-17,Harka Piloto D,T1,31,31,,,"13,43851","121,21941",8,GoPro 9,,,,,,
2024_JUL_HPFS_D_T1/GOPR3593.JPG,2024-07-17,Harka Piloto D,T1,32,31,,,"13,43851","121,21941",8,GoPro 9,,,,,,
2024_JUL_HPFS_D_T1/GOPR3594.JPG,2024-07-17,Harka Piloto D,T1,33,31,,,"13,43851","121,21941",8,GoPro 9,,,,,,
2024_JUL_HPFS_D_T1/GOPR3595.JPG,2024-07-17,Harka Piloto D,T1,34,31,,,"13,43851","121,21941",8,GoPro 9,,,,,,
2024_JUL_HPFS_D_T1/GOPR3596.JPG,2024-07-17,Harka Piloto D,T1,35,31,,,"13,43851","121,21941",8,GoPro 9,,,,,,
2024_JUL_HPFS_D_T1/GOPR3597.JPG,2024-07-17,Harka Piloto D,T1,36,31,,,"13,43851","121,21941",8,GoPro 9,,,,,,
2024_JUL_HPFS_D_T1/GOPR3598.JPG,2024-07-17,Harka Piloto D,T1,37,31,,,"13,43851","121,21941",8,GoPro 9,,,,,,
2024_JUL_HPFS_D_T1/GOPR3599.JPG,2024-07-17,Harka Piloto D,T1,38,31,,,"13,43851","121,21941",8,GoPro 9,,,,,,
2024_JUL_HPFS_D_T1/GOPR3600.JPG,2024-07-17,Harka Piloto D,T1,39,31,,,"13,43851","121,21941",8,GoPro 9,,,,,,
2024_JUL_HPFS_D_T1/GOPR3601.JPG,2024-07-17,Harka Piloto D,T1,40,31,,,"13,43851","121,21941",8,GoPro 9,,,,,,
2024_JUL_HPFS_D_T1/GOPR3602.JPG,2024-07-17,Harka Piloto D,T1,41,31,,,"13,43851","121,21941",8,GoPro 9,,,,,,
2024_JUL_HPFS_D_T1/GOPR3603.JPG,2024-07-17,Harka Piloto D,T1,42,31,,,"13,43851","121,21941",8,GoPro 9,,,,,,
2024_JUL_HPFS_D_T1/GOPR3604.JPG,2024-07-17,Harka Piloto D,T1,43,31,,,"13,43851","121,21941",8,GoPro 9,,,,,,
2024_JUL_HPFS_D_T1/GOPR3605.JPG,2024-07-17,Harka Piloto D,T1,44,31,,,"13,43851","121,21941",8,GoPro 9,,,,,,
2024_JUL_HPFS_D_T1/GOPR3606.JPG,2024-07-17,Harka Piloto D,T1,45,31,,,"13,43851","121,21941",8,GoPro 9,,,,,,
2024_JUL_HPFS_D_T1/GOPR3607.JPG,2024-07-17,Harka Piloto D,T1,46,31,,,"13,43851","121,21941",8,GoPro 9,,,,,,
2024_JUL_HPFS_D_T1/GOPR3608.JPG,2024-07-17,Harka Piloto D,T1,47,31,,,"13,43851","121,21941",8,GoPro 9,,,,,,
2024_JUL_HPFS_D_T1/GOPR3609.JPG,2024-07-17,Harka Piloto D,T1,48,31,,,"13,43851","121,21941",8,GoPro 9,,,,,,
2024_JUL_HPFS_D_T1/GOPR3610.JPG,2024-07-17,Harka Piloto D,T1,49,31,,,"13,43851","121,21941",8,GoPro 9,,,,,,
2024_JUL_HPFS_D_T1/GOPR3611.JPG,2024-07-17,Harka Piloto D,T1,50,31,,,"13,43851","121,21941",8,GoPro 9,,,,,,
2024_JUL_HPFS_D_T2/GOPR3616.JPG,2024-07-17,Harka Piloto D,T2,1,31,,,"13,43851","121,21941",8,GoPro 9,,,,,,
2024_JUL_HPFS_D_T2/GOPR3617.JPG,2024-07-17,Harka Piloto D,T2,2,31,,,"13,43851","121,21941",8,GoPro 9,,,,,,
2024_JUL_HPFS_D_T2/GOPR3618.JPG,2024-07-17,Harka Piloto D,T2,3,31,,,"13,43851","121,21941",8,GoPro 9,,,,,,
2024_JUL_HPFS_D_T2/GOPR3619.JPG,2024-07-17,Harka Piloto D,T2,4,31,,,"13,43851","121,21941",8,GoPro 9,,,,,,
2024_JUL_HPFS_D_T2/GOPR3620.JPG,2024-07-17,Harka Piloto D,T2,5,31,,,"13,43851","121,21941",8,GoPro 9,,,,,,
2024_JUL_HPFS_D_T2/GOPR3621.JPG,2024-07-17,Harka Piloto D,T2,6,31,,,"13,43851","121,21941",8,GoPro 9,,,,,,
2024_JUL_HPFS_D_T2/GOPR3622.JPG,2024-07-17,Harka Piloto D,T2,7,31,,,"13,43851","121,21941",8,GoPro 9,,,,,,
2024_JUL_HPFS_D_T2/GOPR3623.JPG,2024-07-17,Harka Piloto D,T2,8,31,,,"13,43851","121,21941",8,GoPro 9,,,,,,
2024_JUL_HPFS_D_T2/GOPR3624.JPG,2024-07-17,Harka Piloto D,T2,9,31,,,"13,43851","121,21941",8,GoPro 9,,,,,,
2024_JUL_HPFS_D_T2/GOPR3625.JPG,2024-07-17,Harka Piloto D,T2,10,31,,,"13,43851","121,21941",8,GoPro 9,,,,,,
2024_JUL_HPFS_D_T2/GOPR3626.JPG,2024-07-17,Harka Piloto D,T2,11,31,,,"13,43851","121,21941",8,GoPro 9,,,,,,
2024_JUL_HPFS_D_T2/GOPR3627.JPG,2024-07-17,Harka Piloto D,T2,12,31,,,"13,43851","121,21941",8,GoPro 9,,,,,,
2024_JUL_HPFS_D_T2/GOPR3628.JPG,2024-07-17,Harka Piloto D,T2,13,31,,,"13,43851","121,21941",8,GoPro 9,,,,,,
2024_JUL_HPFS_D_T2/GOPR3629.JPG,2024-07-17,Harka Piloto D,T2,14,31,,,"13,43851","121,21941",8,GoPro 9,,,,,,
2024_JUL_HPFS_D_T2/GOPR3630.JPG,2024-07-17,Harka Piloto D,T2,15,31,,,"13,43851","121,21941",8,GoPro 9,,,,,,
2024_JUL_HPFS_D_T2/GOPR3631.JPG,2024-07-17,Harka Piloto D,T2,16,31,,,"13,43851","121,21941",8,GoPro 9,,,,,,
2024_JUL_HPFS_D_T2/GOPR3632.JPG,2024-07-17,Harka Piloto D,T2,17,31,,,"13,43851","121,21941",8,GoPro 9,,,,,,
2024_JUL_HPFS_D_T2/GOPR3633.JPG,2024-07-17,Harka Piloto D,T2,18,31,,,"13,43851","121,21941",8,GoPro 9,,,,,,
2024_JUL_HPFS_D_T2/GOPR3634.JPG,2024-07-17,Harka Piloto D,T2,19,31,,,"13,43851","121,21941",8,GoPro 9,,,,,,
2024_JUL_HPFS_D_T2/GOPR3635.JPG,2024-07-17,Harka Piloto D,T2,20,31,,,"13,43851","121,21941",8,GoPro 9,,,,,,
2024_JUL_HPFS_D_T2/GOPR3636.JPG,2024-07-17,Harka Piloto D,T2,21,31,,,"13,43851","121,21941",8,GoPro 9,,,,,,
2024_JUL_HPFS_D_T2/GOPR3637.JPG,2024-07-17,Harka Piloto D,T2,22,31,,,"13,43851","121,21941",8,GoPro 9,,,,,,
2024_JUL_HPFS_D_T2/GOPR3638.JPG,2024-07-17,Harka Piloto D,T2,23,31,,,"13,43851","121,21941",8,GoPro 9,,,,,,
2024_JUL_HPFS_D_T2/GOPR3639.JPG,2024-07-17,Harka Piloto D,T2,24,31,,,"13,43851","121,21941",8,GoPro 9,,,,,,
2024_JUL_HPFS_D_T2/GOPR3640.JPG,2024-07-17,Harka Piloto D,T2,25,31,,,"13,43851","121,21941",8,GoPro 9,,,,,,
2024_JUL_HPFS_D_T2/GOPR3641.JPG,2024-07-17,Harka Piloto D,T2,26,31,,,"13,43851","121,21941",8,GoPro 9,,,,,,
2024_JUL_HPFS_D_T2/GOPR3642.JPG,2024-07-17,Harka Piloto D,T2,27,31,,,"13,43851","121,21941",8,GoPro 9,,,,,,
2024_JUL_HPFS_D_T2/GOPR3643.JPG,2024-07-17,Harka Piloto D,T2,28,31,,,"13,43851","121,21941",8,GoPro 9,,,,,,
2024_JUL_HPFS_D_T2/GOPR3644.JPG,2024-07-17,Harka Piloto D,T2,29,31,,,"13,43851","121,21941",8,GoPro 9,,,,,,
2024_JUL_HPFS_D_T2/GOPR3645.JPG,2024-07-17,Harka Piloto D,T2,30,31,,,"13,43851","121,21941",8,GoPro 9,,,,,,
2024_JUL_HPFS_D_T2/GOPR3646.JPG,2024-07-17,Harka Piloto D,T2,31,31,,,"13,43851","121,21941",8,GoPro 9,,,,,,
2024_JUL_HPFS_D_T2/GOPR3647.JPG,2024-07-17,Harka Piloto D,T2,32,31,,,"13,43851","121,21941",8,GoPro 9,,,,,,
2024_JUL_HPFS_D_T2/GOPR3648.JPG,2024-07-17,Harka Piloto D,T2,33,31,,,"13,43851","121,21941",8,GoPro 9,,,,,,
2024_JUL_HPFS_D_T2/GOPR3649.JPG,2024-07-17,Harka Piloto D,T2,34,31,,,"13,43851","121,21941",8,GoPro 9,,,,,,
2024_JUL_HPFS_D_T2/GOPR3650.JPG,2024-07-17,Harka Piloto D,T2,35,31,,,"13,43851","121,21941",8,GoPro 9,,,,,,
2024_JUL_HPFS_D_T2/GOPR3651.JPG,2024-07-17,Harka Piloto D,T2,36,31,,,"13,43851","121,21941",8,GoPro 9,,,,,,
2024_JUL_HPFS_D_T2/GOPR3652.JPG,2024-07-17,Harka Piloto D,T2,37,31,,,"13,43851","121,21941",8,GoPro 9,,,,,,
2024_JUL_HPFS_D_T2/GOPR3653.JPG,2024-07-17,Harka Piloto D,T2,38,31,,,"13,43851","121,21941",8,GoPro 9,,,,,,
2024_JUL_HPFS_D_T2/GOPR3654.JPG,2024-07-17,Harka Piloto D,T2,39,31,,,"13,43851","121,21941",8,GoPro 9,,,,,,
2024_JUL_HPFS_D_T2/GOPR3655.JPG,2024-07-17,Harka Piloto D,T2,40,31,,,"13,43851","121,21941",8,GoPro 9,,,,,,
2024_JUL_HPFS_D_T2/GOPR3656.JPG,2024-07-17,Harka Piloto D,T2,41,31,,,"13,43851","121,21941",8,GoPro 9,,,,,,
2024_JUL_HPFS_D_T2/GOPR3657.JPG,2024-07-17,Harka Piloto D,T2,42,31,,,"13,43851","121,21941",8,GoPro 9,,,,,,
2024_JUL_HPFS_D_T2/GOPR3658.JPG,2024-07-17,Harka Piloto D,T2,43,31,,,"13,43851","121,21941",8,GoPro 9,,,,,,
2024_JUL_HPFS_D_T2/GOPR3659.JPG,2024-07-17,Harka Piloto D,T2,44,31,,,"13,43851","121,21941",8,GoPro 9,,,,,,
2024_JUL_HPFS_D_T2/GOPR3660.JPG,2024-07-17,Harka Piloto D,T2,45,31,,,"13,43851","121,21941",8,GoPro 9,,,,,,
2024_JUL_HPFS_D_T2/GOPR3661.JPG,2024-07-17,Harka Piloto D,T2,46,31,,,"13,43851","121,21941",8,GoPro 9,,,,,,
2024_JUL_HPFS_D_T2/GOPR3662.JPG,2024-07-17,Harka Piloto D,T2,47,31,,,"13,43851","121,21941",8,GoPro 9,,,,,,
2024_JUL_HPFS_D_T2/GOPR3663.JPG,2024-07-17,Harka Piloto D,T2,48,31,,,"13,43851","121,21941",8,GoPro 9,,,,,,
2024_JUL_HPFS_D_T2/GOPR3664.JPG,2024-07-17,Harka Piloto D,T2,49,31,,,"13,43851","121,21941",8,GoPro 9,,,,,,
2024_JUL_HPFS_D_T2/GOPR3665.JPG,2024-07-17,Harka Piloto D,T2,50,31,,,"13,43851","121,21941",8,GoPro 9,,,,,,
2024_JUL_HPFS_D_T3/GOPR3670.JPG,2024-07-17,Harka Piloto D,T3,1,31,,,"13,43851","121,21941",8,GoPro 9,,,,,,
2024_JUL_HPFS_D_T3/GOPR3671.JPG,2024-07-17,Harka Piloto D,T3,2,31,,,"13,43851","121,21941",8,GoPro 9,,,,,,
2024_JUL_HPFS_D_T3/GOPR3672.JPG,2024-07-17,Harka Piloto D,T3,3,31,,,"13,43851","121,21941",8,GoPro 9,,,,,,
2024_JUL_HPFS_D_T3/GOPR3673.JPG,2024-07-17,Harka Piloto D,T3,4,31,,,"13,43851","121,21941",8,GoPro 9,,,,,,
2024_JUL_HPFS_D_T3/GOPR3674.JPG,2024-07-17,Harka Piloto D,T3,5,31,,,"13,43851","121,21941",8,GoPro 9,,,,,,
2024_JUL_HPFS_D_T3/GOPR3675.JPG,2024-07-17,Harka Piloto D,T3,6,31,,,"13,43851","121,21941",8,GoPro 9,,,,,,
2024_JUL_HPFS_D_T3/GOPR3676.JPG,2024-07-17,Harka Piloto D,T3,7,31,,,"13,43851","121,21941",8,GoPro 9,,,,,,
2024_JUL_HPFS_D_T3/GOPR3677.JPG,2024-07-17,Harka Piloto D,T3,8,31,,,"13,43851","121,21941",8,GoPro 9,,,,,,
2024_JUL_HPFS_D_T3/GOPR3678.JPG,2024-07-17,Harka Piloto D,T3,9,31,,,"13,43851","121,21941",8,GoPro 9,,,,,,
2024_JUL_HPFS_D_T3/GOPR3679.JPG,2024-07-17,Harka Piloto D,T3,10,31,,,"13,43851","121,21941",8,GoPro 9,,,,,,
2024_JUL_HPFS_D_T3/GOPR3680.JPG,2024-07-17,Harka Piloto D,T3,11,31,,,"13,43851","121,21941",8,GoPro 9,,,,,,
2024_JUL_HPFS_D_T3/GOPR3681.JPG,2024-07-17,Harka Piloto D,T3,12,31,,,"13,43851","121,21941",8,GoPro 9,,,,,,
2024_JUL_HPFS_D_T3/GOPR3682.JPG,2024-07-17,Harka Piloto D,T3,13,31,,,"13,43851","121,21941",8,GoPro 9,,,,,,
2024_JUL_HPFS_D_T3/GOPR3683.JPG,2024-07-17,Harka Piloto D,T3,14,31,,,"13,43851","121,21941",8,GoPro 9,,,,,,
2024_JUL_HPFS_D_T3/GOPR3684.JPG,2024-07-17,Harka Piloto D,T3,15,31,,,"13,43851","121,21941",8,GoPro 9,,,,,,
2024_JUL_HPFS_D_T3/GOPR3685.JPG,2024-07-17,Harka Piloto D,T3,16,31,,,"13,43851","121,21941",8,GoPro 9,,,,,,
2024_JUL_HPFS_D_T3/GOPR3686.JPG,2024-07-17,Harka Piloto D,T3,17,31,,,"13,43851","121,21941",8,GoPro 9,,,,,,
2024_JUL_HPFS_D_T3/GOPR3687.JPG,2024-07-17,Harka Piloto D,T3,18,31,,,"13,43851","121,21941",8,GoPro 9,,,,,,
2024_JUL_HPFS_D_T3/GOPR3688.JPG,2024-07-17,Harka Piloto D,T3,19,31,,,"13,43851","121,21941",8,GoPro 9,,,,,,
2024_JUL_HPFS_D_T3/GOPR3689.JPG,2024-07-17,Harka Piloto D,T3,20,31,,,"13,43851","121,21941",8,GoPro 9,,,,,,
2024_JUL_HPFS_D_T3/GOPR3690.JPG,2024-07-17,Harka Piloto D,T3,21,31,,,"13,43851","121,21941",8,GoPro 9,,,,,,
2024_JUL_HPFS_D_T3/GOPR3691.JPG,2024-07-17,Harka Piloto D,T3,22,31,,,"13,43851","121,21941",8,GoPro 9,,,,,,
2024_JUL_HPFS_D_T3/GOPR3692.JPG,2024-07-17,Harka Piloto D,T3,23,31,,,"13,43851","121,21941",8,GoPro 9,,,,,,
2024_JUL_HPFS_D_T3/GOPR3693.JPG,2024-07-17,Harka Piloto D,T3,24,31,,,"13,43851","121,21941",8,GoPro 9,,,,,,
2024_JUL_HPFS_D_T3/GOPR3694.JPG,2024-07-17,Harka Piloto D,T3,25,31,,,"13,43851","121,21941",8,GoPro 9,,,,,,
2024_JUL_HPFS_D_T3/GOPR3695.JPG,2024-07-17,Harka Piloto D,T3,26,31,,,"13,43851","121,21941",8,GoPro 9,,,,,,
2024_JUL_HPFS_D_T3/GOPR3696.JPG,2024-07-17,Harka Piloto D,T3,27,31,,,"13,43851","121,21941",8,GoPro 9,,,,,,
2024_JUL_HPFS_D_T3/GOPR3697.JPG,2024-07-17,Harka Piloto D,T3,28,31,,,"13,43851","121,21941",8,GoPro 9,,,,,,
2024_JUL_HPFS_D_T3/GOPR3698.JPG,2024-07-17,Harka Piloto D,T3,29,31,,,"13,43851","121,21941",8,GoPro 9,,,,,,
2024_JUL_HPFS_D_T3/GOPR3699.JPG,2024-07-17,Harka Piloto D,T3,30,31,,,"13,43851","121,21941",8,GoPro 9,,,,,,
2024_JUL_HPFS_D_T3/GOPR3700.JPG,2024-07-17,Harka Piloto D,T3,31,31,,,"13,43851","121,21941",8,GoPro 9,,,,,,
2024_JUL_HPFS_D_T3/GOPR3701.JPG,2024-07-17,Harka Piloto D,T3,32,31,,,"13,43851","121,21941",8,GoPro 9,,,,,,
2024_JUL_HPFS_D_T3/GOPR3702.JPG,2024-07-17,Harka Piloto D,T3,33,31,,,"13,43851","121,21941",8,GoPro 9,,,,,,
2024_JUL_HPFS_D_T3/GOPR3703.JPG,2024-07-17,Harka Piloto D,T3,34,31,,,"13,43851","121,21941",8,GoPro 9,,,,,,
2024_JUL_HPFS_D_T3/GOPR3704.JPG,2024-07-17,Harka Piloto D,T3,35,31,,,"13,43851","121,21941",8,GoPro 9,,,,,,
2024_JUL_HPFS_D_T3/GOPR3705.JPG,2024-07-17,Harka Piloto D,T3,36,31,,,"13,43851","121,21941",8,GoPro 9,,,,,,
2024_JUL_HPFS_D_T3/GOPR3706.JPG,2024-07-17,Harka Piloto D,T3,37,31,,,"13,43851","121,21941",8,GoPro 9,,,,,,
2024_JUL_HPFS_D_T3/GOPR3707.JPG,2024-07-17,Harka Piloto D,T3,38,31,,,"13,43851","121,21941",8,GoPro 9,,,,,,
2024_JUL_HPFS_D_T3/GOPR3708.JPG,2024-07-17,Harka Piloto D,T3,39,31,,,"13,43851","121,21941",8,GoPro 9,,,,,,
2024_JUL_HPFS_D_T3/GOPR3709.JPG,2024-07-17,Harka Piloto D,T3,40,31,,,"13,43851","121,21941",8,GoPro 9,,,,,,
2024_JUL_HPFS_D_T3/GOPR3710.JPG,2024-07-17,Harka Piloto D,T3,41,31,,,"13,43851","121,21941",8,GoPro 9,,,,,,
2024_JUL_HPFS_D_T3/GOPR3711.JPG,2024-07-17,Harka Piloto D,T3,42,31,,,"13,43851","121,21941",8,GoPro 9,,,,,,
2024_JUL_HPFS_D_T3/GOPR3712.JPG,2024-07-17,Harka Piloto D,T3,43,31,,,"13,43851","121,21941",8,GoPro 9,,,,,,
2024_JUL_HPFS_D_T3/GOPR3713.JPG,2024-07-17,Harka Piloto D,T3,44,31,,,"13,43851","121,21941",8,GoPro 9,,,,,,
2024_JUL_HPFS_D_T3/GOPR3714.JPG,2024-07-17,Harka Piloto D,T3,45,31,,,"13,43851","121,21941",8,GoPro 9,,,,,,
2024_JUL_HPFS_D_T3/GOPR3715.JPG,2024-07-17,Harka Piloto D,T3,46,31,,,"13,43851","121,21941",8,GoPro 9,,,,,,
2024_JUL_HPFS_D_T3/GOPR3716.JPG,2024-07-17,Harka Piloto D,T3,47,31,,,"13,43851","121,21941",8,GoPro 9,,,,,,
2024_JUL_HPFS_D_T3/GOPR3717.JPG,2024-07-17,Harka Piloto D,T3,48,31,,,"13,43851","121,21941",8,GoPro 9,,,,,,
2024_JUL_HPFS_D_T3/GOPR3718.JPG,2024-07-17,Harka Piloto D,T3,49,31,,,"13,43851","121,21941",8,GoPro 9,,,,,,
2024_JUL_HPFS_D_T3/GOPR3719.JPG,2024-07-17,Harka Piloto D,T3,50,31,,,"13,43851","121,21941",8,GoPro 9,,,,,,
2024_JUL_HPFS_S_T1/GOPR3849.JPG,2024-07-17,Harka Piloto S,T1,50,31,,,13.43857,121.21936,3.5,GoPro,,,,,,
2024_JUL_HPFS_S_T1/GOPR3850.JPG,2024-07-17,Harka Piloto S,T1,49,31,,,13.43857,121.21936,3.5,GoPro,,,,,,
2024_JUL_HPFS_S_T1/GOPR3851.JPG,2024-07-17,Harka Piloto S,T1,48,31,,,13.43857,121.21936,3.5,GoPro,,,,,,
2024_JUL_HPFS_S_T1/GOPR3852.JPG,2024-07-17,Harka Piloto S,T1,47,31,,,13.43857,121.21936,3.5,GoPro,,,,,,
2024_JUL_HPFS_S_T1/GOPR3853.JPG,2024-07-17,Harka Piloto S,T1,46,31,,,13.43857,121.21936,3.5,GoPro,,,,,,
2024_JUL_HPFS_S_T1/GOPR3854.JPG,2024-07-17,Harka Piloto S,T1,45,31,,,13.43857,121.21936,3.5,GoPro,,,,,,
2024_JUL_HPFS_S_T1/GOPR3855.JPG,2024-07-17,Harka Piloto S,T1,44,31,,,13.43857,121.21936,3.5,GoPro,,,,,,
2024_JUL_HPFS_S_T1/GOPR3856.JPG,2024-07-17,Harka Piloto S,T1,43,31,,,13.43857,121.21936,3.5,GoPro,,,,,,
2024_JUL_HPFS_S_T1/GOPR3857.JPG,2024-07-17,Harka Piloto S,T1,42,31,,,13.43857,121.21936,3.5,GoPro,,,,,,
2024_JUL_HPFS_S_T1/GOPR3858.JPG,2024-07-17,Harka Piloto S,T1,41,31,,,13.43857,121.21936,3.5,GoPro,,,,,,
2024_JUL_HPFS_S_T1/GOPR3859.JPG,2024-07-17,Harka Piloto S,T1,40,31,,,13.43857,121.21936,3.5,GoPro,,,,,,
2024_JUL_HPFS_S_T1/GOPR3860.JPG,2024-07-17,Harka Piloto S,T1,39,31,,,13.43857,121.21936,3.5,GoPro,,,,,,
2024_JUL_HPFS_S_T1/GOPR3861.JPG,2024-07-17,Harka Piloto S,T1,38,31,,,13.43857,121.21936,3.5,GoPro,,,,,,
2024_JUL_HPFS_S_T1/GOPR3862.JPG,2024-07-17,Harka Piloto S,T1,37,31,,,13.43857,121.21936,3.5,GoPro,,,,,,
2024_JUL_HPFS_S_T1/GOPR3863.JPG,2024-07-17,Harka Piloto S,T1,36,31,,,13.43857,121.21936,3.5,GoPro,,,,,,
2024_JUL_HPFS_S_T1/GOPR3864.JPG,2024-07-17,Harka Piloto S,T1,35,31,,,13.43857,121.21936,3.5,GoPro,,,,,,
2024_JUL_HPFS_S_T1/GOPR3865.JPG,2024-07-17,Harka Piloto S,T1,34,31,,,13.43857,121.21936,3.5,GoPro,,,,,,
2024_JUL_HPFS_S_T1/GOPR3866.JPG,2024-07-17,Harka Piloto S,T1,33,31,,,13.43857,121.21936,3.5,GoPro,,,,,,
2024_JUL_HPFS_S_T1/GOPR3867.JPG,2024-07-17,Harka Piloto S,T1,32,31,,,13.43857,121.21936,3.5,GoPro,,,,,,
2024_JUL_HPFS_S_T1/GOPR3868.JPG,2024-07-17,Harka Piloto S,T1,31,31,,,13.43857,121.21936,3.5,GoPro,,,,,,
2024_JUL_HPFS_S_T1/GOPR3869.JPG,2024-07-17,Harka Piloto S,T1,30,31,,,13.43857,121.21936,3.5,GoPro,,,,,,
2024_JUL_HPFS_S_T1/GOPR3870.JPG,2024-07-17,Harka Piloto S,T1,29,31,,,13.43857,121.21936,3.5,GoPro,,,,,,
2024_JUL_HPFS_S_T1/GOPR3871.JPG,2024-07-17,Harka Piloto S,T1,28,31,,,13.43857,121.21936,3.5,GoPro,,,,,,
2024_JUL_HPFS_S_T1/GOPR3872.JPG,2024-07-17,Harka Piloto S,T1,27,31,,,13.43857,121.21936,3.5,GoPro,,,,,,
2024_JUL_HPFS_S_T1/GOPR3873.JPG,2024-07-17,Harka Piloto S,T1,26,31,,,13.43857,121.21936,3.5,GoPro,,,,,,
2024_JUL_HPFS_S_T1/GOPR3874.JPG,2024-07-17,Harka Piloto S,T1,25,31,,,13.43857,121.21936,3.5,GoPro,,,,,,
2024_JUL_HPFS_S_T1/GOPR3875.JPG,2024-07-17,Harka Piloto S,T1,24,31,,,13.43857,121.21936,3.5,GoPro,,,,,,
2024_JUL_HPFS_S_T1/GOPR3876.JPG,2024-07-17,Harka Piloto S,T1,23,31,,,13.43857,121.21936,3.5,GoPro,,,,,,
2024_JUL_HPFS_S_T1/GOPR3877.JPG,2024-07-17,Harka Piloto S,T1,22,31,,,13.43857,121.21936,3.5,GoPro,,,,,,
2024_JUL_HPFS_S_T1/GOPR3878.JPG,2024-07-17,Harka Piloto S,T1,21,31,,,13.43857,121.21936,3.5,GoPro,,,,,,
2024_JUL_HPFS_S_T1/GOPR3879.JPG,2024-07-17,Harka Piloto S,T1,20,31,,,13.43857,121.21936,3.5,GoPro,,,,,,
2024_JUL_HPFS_S_T1/GOPR3880.JPG,2024-07-17,Harka Piloto S,T1,19,31,,,13.43857,121.21936,3.5,GoPro,,,,,,
2024_JUL_HPFS_S_T1/GOPR3881.JPG,2024-07-17,Harka Piloto S,T1,18,31,,,13.43857,121.21936,3.5,GoPro,,,,,,
2024_JUL_HPFS_S_T1/GOPR3882.JPG,2024-07-17,Harka Piloto S,T1,17,31,,,13.43857,121.21936,3.5,GoPro,,,,,,
2024_JUL_HPFS_S_T1/GOPR3883.JPG,2024-07-17,Harka Piloto S,T1,16,31,,,13.43857,121.21936,3.5,GoPro,,,,,,
2024_JUL_HPFS_S_T1/GOPR3884.JPG,2024-07-17,Harka Piloto S,T1,15,31,,,13.43857,121.21936,3.5,GoPro,,,,,,
2024_JUL_HPFS_S_T1/GOPR3885.JPG,2024-07-17,Harka Piloto S,T1,14,31,,,13.43857,121.21936,3.5,GoPro,,,,,,
2024_JUL_HPFS_S_T1/GOPR3886.JPG,2024-07-17,Harka Piloto S,T1,13,31,,,13.43857,121.21936,3.5,GoPro,,,,,,
2024_JUL_HPFS_S_T1/GOPR3887.JPG,2024-07-17,Harka Piloto S,T1,12,31,,,13.43857,121.21936,3.5,GoPro,,,,,,
2024_JUL_HPFS_S_T1/GOPR3888.JPG,2024-07-17,Harka Piloto S,T1,11,31,,,13.43857,121.21936,3.5,GoPro,,,,,,
2024_JUL_HPFS_S_T1/GOPR3889.JPG,2024-07-17,Harka Piloto S,T1,10,31,,,13.43857,121.21936,3.5,GoPro,,,,,,
2024_JUL_HPFS_S_T1/GOPR3890.JPG,2024-07-17,Harka Piloto S,T1,9,31,,,13.43857,121.21936,3.5,GoPro,,,,,,
2024_JUL_HPFS_S_T1/GOPR3891.JPG,2024-07-17,Harka Piloto S,T1,8,31,,,13.43857,121.21936,3.5,GoPro,,,,,,
2024_JUL_HPFS_S_T1/GOPR3892.JPG,2024-07-17,Harka Piloto S,T1,7,31,,,13.43857,121.21936,3.5,GoPro,,,,,,
2024_JUL_HPFS_S_T1/GOPR3893.JPG,2024-07-17,Harka Piloto S,T1,6,31,,,13.43857,121.21936,3.5,GoPro,,,,,,
2024_JUL_HPFS_S_T1/GOPR3894.JPG,2024-07-17,Harka Piloto S,T1,5,31,,,13.43857,121.21936,3.5,GoPro,,,,,,
2024_JUL_HPFS_S_T1/GOPR3895.JPG,2024-07-17,Harka Piloto S,T1,4,31,,,13.43857,121.21936,3.5,GoPro,,,,,,
2024_JUL_HPFS_S_T1/GOPR3896.JPG,2024-07-17,Harka Piloto S,T1,3,31,,,13.43857,121.21936,3.5,GoPro,,,,,,
2024_JUL_HPFS_S_T1/GOPR3897.JPG,2024-07-17,Harka Piloto S,T1,2,31,,,13.43857,121.21936,3.5,GoPro,,,,,,
2024_JUL_HPFS_S_T1/GOPR3898.JPG,2024-07-17,Harka Piloto S,T1,1,31,,,13.43857,121.21936,3.5,GoPro,,,,,,
2024_JUL_HPFS_S_T2_GOPR3739.JPG,2024-07-17,Harka Piloto S,T2,1,31,,,13.43857,121.21936,3.5,GoPro,,,,,,
2024_JUL_HPFS_S_T2_GOPR3741.JPG,2024-07-17,Harka Piloto S,T2,2,31,,,13.43857,121.21936,3.5,GoPro,,,,,,
2024_JUL_HPFS_S_T2_GOPR3742.JPG,2024-07-17,Harka Piloto S,T2,3,31,,,13.43857,121.21936,3.5,GoPro,,,,,,
2024_JUL_HPFS_S_T2_GOPR3743.JPG,2024-07-17,Harka Piloto S,T2,4,31,,,13.43857,121.21936,3.5,GoPro,,,,,,
2024_JUL_HPFS_S_T2_GOPR3744.JPG,2024-07-17,Harka Piloto S,T2,5,31,,,13.43857,121.21936,3.5,GoPro,,,,,,
2024_JUL_HPFS_S_T2_GOPR3745.JPG,2024-07-17,Harka Piloto S,T2,6,31,,,13.43857,121.21936,3.5,GoPro,,,,,,
2024_JUL_HPFS_S_T2_GOPR3746.JPG,2024-07-17,Harka Piloto S,T2,7,31,,,13.43857,121.21936,3.5,GoPro,,,,,,
2024_JUL_HPFS_S_T2_GOPR3747.JPG,2024-07-17,Harka Piloto S,T2,8,31,,,13.43857,121.21936,3.5,GoPro,,,,,,
2024_JUL_HPFS_S_T2_GOPR3748.JPG,2024-07-17,Harka Piloto S,T2,9,31,,,13.43857,121.21936,3.5,GoPro,,,,,,
2024_JUL_HPFS_S_T2_GOPR3749.JPG,2024-07-17,Harka Piloto S,T2,10,31,,,13.43857,121.21936,3.5,GoPro,,,,,,
2024_JUL_HPFS_S_T2_GOPR3750.JPG,2024-07-17,Harka Piloto S,T2,11,31,,,13.43857,121.21936,3.5,GoPro,,,,,,
2024_JUL_HPFS_S_T2_GOPR3751.JPG,2024-07-17,Harka Piloto S,T2,12,31,,,13.43857,121.21936,3.5,GoPro,,,,,,
2024_JUL_HPFS_S_T2_GOPR3752.JPG,2024-07-17,Harka Piloto S,T2,13,31,,,13.43857,121.21936,3.5,GoPro,,,,,,
2024_JUL_HPFS_S_T2_GOPR3753.JPG,2024-07-17,Harka Piloto S,T2,14,31,,,13.43857,121.21936,3.5,GoPro,,,,,,
2024_JUL_HPFS_S_T2_GOPR3754.JPG,2024-07-17,Harka Piloto S,T2,15,31,,,13.43857,121.21936,3.5,GoPro,,,,,,
2024_JUL_HPFS_S_T2_GOPR3755.JPG,2024-07-17,Harka Piloto S,T2,16,31,,,13.43857,121.21936,3.5,GoPro,,,,,,
2024_JUL_HPFS_S_T2_GOPR3756.JPG,2024-07-17,Harka Piloto S,T2,17,31,,,13.43857,121.21936,3.5,GoPro,,,,,,
2024_JUL_HPFS_S_T2_GOPR3757.JPG,2024-07-17,Harka Piloto S,T2,18,31,,,13.43857,121.21936,3.5,GoPro,,,,,,
2024_JUL_HPFS_S_T2_GOPR3759.JPG,2024-07-17,Harka Piloto S,T2,19,31,,,13.43857,121.21936,3.5,GoPro,,,,,,
2024_JUL_HPFS_S_T2_GOPR3760.JPG,2024-07-17,Harka Piloto S,T2,20,31,,,13.43857,121.21936,3.5,GoPro,,,,,,
2024_JUL_HPFS_S_T2_GOPR3761.JPG,2024-07-17,Harka Piloto S,T2,21,31,,,13.43857,121.21936,3.5,GoPro,,,,,,
2024_JUL_HPFS_S_T2_GOPR3762.JPG,2024-07-17,Harka Piloto S,T2,22,31,,,13.43857,121.21936,3.5,GoPro,,,,,,
2024_JUL_HPFS_S_T2_GOPR3763.JPG,2024-07-17,Harka Piloto S,T2,23,31,,,13.43857,121.21936,3.5,GoPro,,,,,,
2024_JUL_HPFS_S_T2_GOPR3765.JPG,2024-07-17,Harka Piloto S,T2,24,31,,,13.43857,121.21936,3.5,GoPro,,,,,,
2024_JUL_HPFS_S_T2_GOPR3766.JPG,2024-07-17,Harka Piloto S,T2,25,31,,,13.43857,121.21936,3.5,GoPro,,,,,,
2024_JUL_HPFS_S_T2_GOPR3767.JPG,2024-07-17,Harka Piloto S,T2,26,31,,,13.43857,121.21936,3.5,GoPro,,,,,,
2024_JUL_HPFS_S_T2_GOPR3768.JPG,2024-07-17,Harka Piloto S,T2,27,31,,,13.43857,121.21936,3.5,GoPro,,,,,,
2024_JUL_HPFS_S_T2_GOPR3769.JPG,2024-07-17,Harka Piloto S,T2,28,31,,,13.43857,121.21936,3.5,GoPro,,,,,,
2024_JUL_HPFS_S_T2_GOPR3770.JPG,2024-07-17,Harka Piloto S,T2,29,31,,,13.43857,121.21936,3.5,GoPro,,,,,,
2024_JUL_HPFS_S_T2_GOPR3771.JPG,2024-07-17,Harka Piloto S,T2,30,31,,,13.43857,121.21936,3.5,GoPro,,,,,,
2024_JUL_HPFS_S_T2_GOPR3772.JPG,2024-07-17,Harka Piloto S,T2,31,31,,,13.43857,121.21936,3.5,GoPro,,,,,,
2024_JUL_HPFS_S_T2_GOPR3773.JPG,2024-07-17,Harka Piloto S,T2,32,31,,,13.43857,121.21936,3.5,GoPro,,,,,,
2024_JUL_HPFS_S_T2_GOPR3774.JPG,2024-07-17,Harka Piloto S,T2,33,31,,,13.43857,121.21936,3.5,GoPro,,,,,,
2024_JUL_HPFS_S_T2_GOPR3775.JPG,2024-07-17,Harka Piloto S,T2,34,31,,,13.43857,121.21936,3.5,GoPro,,,,,,
2024_JUL_HPFS_S_T2_GOPR3776.JPG,2024-07-17,Harka Piloto S,T2,35,31,,,13.43857,121.21936,3.5,GoPro,,,,,,
2024_JUL_HPFS_S_T2_GOPR3777.JPG,2024-07-17,Harka Piloto S,T2,36,31,,,13.43857,121.21936,3.5,GoPro,,,,,,
2024_JUL_HPFS_S_T2_GOPR3778.JPG,2024-07-17,Harka Piloto S,T2,37,31,,,13.43857,121.21936,3.5,GoPro,,,,,,
2024_JUL_HPFS_S_T2_GOPR3779.JPG,2024-07-17,Harka Piloto S,T2,38,31,,,13.43857,121.21936,3.5,GoPro,,,,,,
2024_JUL_HPFS_S_T2_GOPR3780.JPG,2024-07-17,Harka Piloto S,T2,39,31,,,13.43857,121.21936,3.5,GoPro,,,,,,
2024_JUL_HPFS_S_T2_GOPR3781.JPG,2024-07-17,Harka Piloto S,T2,40,31,,,13.43857,121.21936,3.5,GoPro,,,,,,
2024_JUL_HPFS_S_T2_GOPR3782.JPG,2024-07-17,Harka Piloto S,T2,41,31,,,13.43857,121.21936,3.5,GoPro,,,,,,
2024_JUL_HPFS_S_T2_GOPR3783.JPG,2024-07-17,Harka Piloto S,T2,42,31,,,13.43857,121.21936,3.5,GoPro,,,,,,
2024_JUL_HPFS_S_T2_GOPR3784.JPG,2024-07-17,Harka Piloto S,T2,43,31,,,13.43857,121.21936,3.5,GoPro,,,,,,
2024_JUL_HPFS_S_T2_GOPR3785.JPG,2024-07-17,Harka Piloto S,T2,44,31,,,13.43857,121.21936,3.5,GoPro,,,,,,
2024_JUL_HPFS_S_T2_GOPR3786.JPG,2024-07-17,Harka Piloto S,T2,45,31,,,13.43857,121.21936,3.5,GoPro,,,,,,
2024_JUL_HPFS_S_T2_GOPR3787.JPG,2024-07-17,Harka Piloto S,T2,46,31,,,13.43857,121.21936,3.5,GoPro,,,,,,
2024_JUL_HPFS_S_T2_GOPR3788.JPG,2024-07-17,Harka Piloto S,T2,47,31,,,13.43857,121.21936,3.5,GoPro,,,,,,
2024_JUL_HPFS_S_T2_GOPR3789.JPG,2024-07-17,Harka Piloto S,T2,48,31,,,13.43857,121.21936,3.5,GoPro,,,,,,
2024_JUL_HPFS_S_T2_GOPR3790.JPG,2024-07-17,Harka Piloto S,T2,49,31,,,13.43857,121.21936,3.5,GoPro,,,,,,
2024_JUL_HPFS_S_T2_GOPR3791.JPG,2024-07-17,Harka Piloto S,T2,50,31,,,13.43857,121.21936,3.5,GoPro,,,,,,
2024_JUL_HPFS_S_T3/GOPR3796.JPG,2024-07-17,Harka Piloto S,T3,1,31,,,13.43857,121.21936,3.5,GoPro 9,,,,,,
2024_JUL_HPFS_S_T3/GOPR3797.JPG,2024-07-17,Harka Piloto S,T3,2,31,,,13.43857,121.21936,3.5,GoPro 9,,,,,,
2024_JUL_HPFS_S_T3/GOPR3798.JPG,2024-07-17,Harka Piloto S,T3,3,31,,,13.43857,121.21936,3.5,GoPro 9,,,,,,
2024_JUL_HPFS_S_T3/GOPR3799.JPG,2024-07-17,Harka Piloto S,T3,4,31,,,13.43857,121.21936,3.5,GoPro 9,,,,,,
2024_JUL_HPFS_S_T3/GOPR3800.JPG,2024-07-17,Harka Piloto S,T3,5,31,,,13.43857,121.21936,3.5,GoPro 9,,,,,,
2024_JUL_HPFS_S_T3/GOPR3801.JPG,2024-07-17,Harka Piloto S,T3,6,31,,,13.43857,121.21936,3.5,GoPro 9,,,,,,
2024_JUL_HPFS_S_T3/GOPR3802.JPG,2024-07-17,Harka Piloto S,T3,7,31,,,13.43857,121.21936,3.5,GoPro 9,,,,,,
2024_JUL_HPFS_S_T3/GOPR3803.JPG,2024-07-17,Harka Piloto S,T3,8,31,,,13.43857,121.21936,3.5,GoPro 9,,,,,,
2024_JUL_HPFS_S_T3/GOPR3804.JPG,2024-07-17,Harka Piloto S,T3,9,31,,,13.43857,121.21936,3.5,GoPro 9,,,,,,
2024_JUL_HPFS_S_T3/GOPR3805.JPG,2024-07-17,Harka Piloto S,T3,10,31,,,13.43857,121.21936,3.5,GoPro 9,,,,,,
2024_JUL_HPFS_S_T3/GOPR3806.JPG,2024-07-17,Harka Piloto S,T3,11,31,,,13.43857,121.21936,3.5,GoPro 9,,,,,,
2024_JUL_HPFS_S_T3/GOPR3807.JPG,2024-07-17,Harka Piloto S,T3,12,31,,,13.43857,121.21936,3.5,GoPro 9,,,,,,
2024_JUL_HPFS_S_T3/GOPR3808.JPG,2024-07-17,Harka Piloto S,T3,13,31,,,13.43857,121.21936,3.5,GoPro 9,,,,,,
2024_JUL_HPFS_S_T3/GOPR3809.JPG,2024-07-17,Harka Piloto S,T3,14,31,,,13.43857,121.21936,3.5,GoPro 9,,,,,,
2024_JUL_HPFS_S_T3/GOPR3810.JPG,2024-07-17,Harka Piloto S,T3,15,31,,,13.43857,121.21936,3.5,GoPro 9,,,,,,
2024_JUL_HPFS_S_T3/GOPR3811.JPG,2024-07-17,Harka Piloto S,T3,16,31,,,13.43857,121.21936,3.5,GoPro 9,,,,,,
2024_JUL_HPFS_S_T3/GOPR3812.JPG,2024-07-17,Harka Piloto S,T3,17,31,,,13.43857,121.21936,3.5,GoPro 9,,,,,,
2024_JUL_HPFS_S_T3/GOPR3813.JPG,2024-07-17,Harka Piloto S,T3,18,31,,,13.43857,121.21936,3.5,GoPro 9,,,,,,
2024_JUL_HPFS_S_T3/GOPR3814.JPG,2024-07-17,Harka Piloto S,T3,19,31,,,13.43857,121.21936,3.5,GoPro 9,,,,,,
2024_JUL_HPFS_S_T3/GOPR3815.JPG,2024-07-17,Harka Piloto S,T3,20,31,,,13.43857,121.21936,3.5,GoPro 9,,,,,,
2024_JUL_HPFS_S_T3/GOPR3816.JPG,2024-07-17,Harka Piloto S,T3,21,31,,,13.43857,121.21936,3.5,GoPro 9,,,,,,
2024_JUL_HPFS_S_T3/GOPR3817.JPG,2024-07-17,Harka Piloto S,T3,22,31,,,13.43857,121.21936,3.5,GoPro 9,,,,,,
2024_JUL_HPFS_S_T3/GOPR3818.JPG,2024-07-17,Harka Piloto S,T3,23,31,,,13.43857,121.21936,3.5,GoPro 9,,,,,,
2024_JUL_HPFS_S_T3/GOPR3819.JPG,2024-07-17,Harka Piloto S,T3,24,31,,,13.43857,121.21936,3.5,GoPro 9,,,,,,
2024_JUL_HPFS_S_T3/GOPR3820.JPG,2024-07-17,Harka Piloto S,T3,25,31,,,13.43857,121.21936,3.5,GoPro 9,,,,,,
2024_JUL_HPFS_S_T3/GOPR3821.JPG,2024-07-17,Harka Piloto S,T3,26,31,,,13.43857,121.21936,3.5,GoPro 9,,,,,,
2024_JUL_HPFS_S_T3/GOPR3822.JPG,2024-07-17,Harka Piloto S,T3,27,31,,,13.43857,121.21936,3.5,GoPro 9,,,,,,
2024_JUL_HPFS_S_T3/GOPR3823.JPG,2024-07-17,Harka Piloto S,T3,28,31,,,13.43857,121.21936,3.5,GoPro 9,,,,,,
2024_JUL_HPFS_S_T3/GOPR3824.JPG,2024-07-17,Harka Piloto S,T3,29,31,,,13.43857,121.21936,3.5,GoPro 9,,,,,,
2024_JUL_HPFS_S_T3/GOPR3825.JPG,2024-07-17,Harka Piloto S,T3,30,31,,,13.43857,121.21936,3.5,GoPro 9,,,,,,
2024_JUL_HPFS_S_T3/GOPR3826.JPG,2024-07-17,Harka Piloto S,T3,31,31,,,13.43857,121.21936,3.5,GoPro 9,,,,,,
2024_JUL_HPFS_S_T3/GOPR3827.JPG,2024-07-17,Harka Piloto S,T3,32,31,,,13.43857,121.21936,3.5,GoPro 9,,,,,,
2024_JUL_HPFS_S_T3/GOPR3828.JPG,2024-07-17,Harka Piloto S,T3,33,31,,,13.43857,121.21936,3.5,GoPro 9,,,,,,
2024_JUL_HPFS_S_T3/GOPR3829.JPG,2024-07-17,Harka Piloto S,T3,34,31,,,13.43857,121.21936,3.5,GoPro 9,,,,,,
2024_JUL_HPFS_S_T3/GOPR3830.JPG,2024-07-17,Harka Piloto S,T3,35,31,,,13.43857,121.21936,3.5,GoPro 9,,,,,,
2024_JUL_HPFS_S_T3/GOPR3831.JPG,2024-07-17,Harka Piloto S,T3,36,31,,,13.43857,121.21936,3.5,GoPro 9,,,,,,
2024_JUL_HPFS_S_T3/GOPR3832.JPG,2024-07-17,Harka Piloto S,T3,37,31,,,13.43857,121.21936,3.5,GoPro 9,,,,,,
2024_JUL_HPFS_S_T3/GOPR3833.JPG,2024-07-17,Harka Piloto S,T3,38,31,,,13.43857,121.21936,3.5,GoPro 9,,,,,,
2024_JUL_HPFS_S_T3/GOPR3834.JPG,2024-07-17,Harka Piloto S,T3,39,31,,,13.43857,121.21936,3.5,GoPro 9,,,,,,
2024_JUL_HPFS_S_T3/GOPR3835.JPG,2024-07-17,Harka Piloto S,T3,40,31,,,13.43857,121.21936,3.5,GoPro 9,,,,,,
2024_JUL_HPFS_S_T3/GOPR3836.JPG,2024-07-17,Harka Piloto S,T3,41,31,,,13.43857,121.21936,3.5,GoPro 9,,,,,,
2024_JUL_HPFS_S_T3/GOPR3837.JPG,2024-07-17,Harka Piloto S,T3,42,31,,,13.43857,121.21936,3.5,GoPro 9,,,,,,
2024_JUL_HPFS_S_T3/GOPR3838.JPG,2024-07-17,Harka Piloto S,T3,43,31,,,13.43857,121.21936,3.5,GoPro 9,,,,,,
2024_JUL_HPFS_S_T3/GOPR3839.JPG,2024-07-17,Harka Piloto S,T3,44,31,,,13.43857,121.21936,3.5,GoPro 9,,,,,,
2024_JUL_HPFS_S_T3/GOPR3840.JPG,2024-07-17,Harka Piloto S,T3,45,31,,,13.43857,121.21936,3.5,GoPro 9,,,,,,
2024_JUL_HPFS_S_T3/GOPR3841.JPG,2024-07-17,Harka Piloto S,T3,46,31,,,13.43857,121.21936,3.5,GoPro 9,,,,,,
2024_JUL_HPFS_S_T3/GOPR3842.JPG,2024-07-17,Harka Piloto S,T3,47,31,,,13.43857,121.21936,3.5,GoPro 9,,,,,,
2024_JUL_HPFS_S_T3/GOPR3843.JPG,2024-07-17,Harka Piloto S,T3,48,31,,,13.43857,121.21936,3.5,GoPro 9,,,,,,
2024_JUL_HPFS_S_T3/GOPR3844.JPG,2024-07-17,Harka Piloto S,T3,49,31,,,13.43857,121.21936,3.5,GoPro 9,,,,,,
2024_JUL_HPFS_S_T3/GOPR3845.JPG,2024-07-17,Harka Piloto S,T3,50,31,,,13.43857,121.21936,3.5,GoPro 9,,,,,,
2024_JUL_SAPANGAN_T1/GOPR3257.JPG,2024-07-03,Sapangan,T1,1,31,,,"13,53176","120,95441",8,GoPro 9,,,,,,
2024_JUL_SAPANGAN_T1/GOPR3258.JPG,2024-07-03,Sapangan,T1,2,31,,,"13,53176","120,95441",8,GoPro 9,,,,,,
2024_JUL_SAPANGAN_T1/GOPR3259.JPG,2024-07-03,Sapangan,T1,3,31,,,"13,53176","120,95441",8,GoPro 9,,,,,,
2024_JUL_SAPANGAN_T1/GOPR3260.JPG,2024-07-03,Sapangan,T1,4,31,,,"13,53176","120,95441",8,GoPro 9,,,,,,
2024_JUL_SAPANGAN_T1/P7031636.JPG,2024-07-03,Sapangan,T1,5,31,,,"13,53176","120,95441",8,GoPro 9,,,,,,
2024_JUL_SAPANGAN_T1/P7031637.JPG,2024-07-03,Sapangan,T1,6,31,,,"13,53176","120,95441",8,GoPro 9,,,,,,
2024_JUL_SAPANGAN_T1/P7031638.JPG,2024-07-03,Sapangan,T1,7,31,,,"13,53176","120,95441",8,GoPro 9,,,,,,
2024_JUL_SAPANGAN_T1/P7031639.JPG,2024-07-03,Sapangan,T1,8,31,,,"13,53176","120,95441",8,GoPro 9,,,,,,
2024_JUL_SAPANGAN_T1/P7031640.JPG,2024-07-03,Sapangan,T1,9,31,,,"13,53176","120,95441",8,GoPro 9,,,,,,
2024_JUL_SAPANGAN_T1/P7031641.JPG,2024-07-03,Sapangan,T1,10,31,,,"13,53176","120,95441",8,GoPro 9,,,,,,
2024_JUL_SAPANGAN_T1/P7031642.JPG,2024-07-03,Sapangan,T1,11,31,,,"13,53176","120,95441",8,GoPro 9,,,,,,
2024_JUL_SAPANGAN_T1/P7031643.JPG,2024-07-03,Sapangan,T1,12,31,,,"13,53176","120,95441",8,GoPro 9,,,,,,
2024_JUL_SAPANGAN_T1/P7031644.JPG,2024-07-03,Sapangan,T1,13,31,,,"13,53176","120,95441",8,GoPro 9,,,,,,
2024_JUL_SAPANGAN_T1/P7031645.JPG,2024-07-03,Sapangan,T1,14,31,,,"13,53176","120,95441",8,GoPro 9,,,,,,
2024_JUL_SAPANGAN_T1/P7031646.JPG,2024-07-03,Sapangan,T1,15,31,,,"13,53176","120,95441",8,GoPro 9,,,,,,
2024_JUL_SAPANGAN_T1/P7031647.JPG,2024-07-03,Sapangan,T1,16,31,,,"13,53176","120,95441",8,GoPro 9,,,,,,
2024_JUL_SAPANGAN_T1/P7031648.JPG,2024-07-03,Sapangan,T1,17,31,,,"13,53176","120,95441",8,GoPro 9,,,,,,
2024_JUL_SAPANGAN_T1/P7031649.JPG,2024-07-03,Sapangan,T1,18,31,,,"13,53176","120,95441",8,GoPro 9,,,,,,
2024_JUL_SAPANGAN_T1/P7031650.JPG,2024-07-03,Sapangan,T1,19,31,,,"13,53176","120,95441",8,GoPro 9,,,,,,
2024_JUL_SAPANGAN_T1/P7031651.JPG,2024-07-03,Sapangan,T1,20,31,,,"13,53176","120,95441",8,GoPro 9,,,,,,
2024_JUL_SAPANGAN_T1/P7031652.JPG,2024-07-03,Sapangan,T1,21,31,,,"13,53176","120,95441",8,GoPro 9,,,,,,
2024_JUL_SAPANGAN_T1/P7031653.JPG,2024-07-03,Sapangan,T1,22,31,,,"13,53176","120,95441",8,GoPro 9,,,,,,
2024_JUL_SAPANGAN_T1/P7031654.JPG,2024-07-03,Sapangan,T1,23,31,,,"13,53176","120,95441",8,GoPro 9,,,,,,
2024_JUL_SAPANGAN_T1/P7031655.JPG,2024-07-03,Sapangan,T1,24,31,,,"13,53176","120,95441",8,GoPro 9,,,,,,
2024_JUL_SAPANGAN_T1/P7031656.JPG,2024-07-03,Sapangan,T1,25,31,,,"13,53176","120,95441",8,GoPro 9,,,,,,
2024_JUL_SAPANGAN_T1/P7031657.JPG,2024-07-03,Sapangan,T1,26,31,,,"13,53176","120,95441",8,GoPro 9,,,,,,
2024_JUL_SAPANGAN_T1/P7031658.JPG,2024-07-03,Sapangan,T1,27,31,,,"13,53176","120,95441",8,GoPro 9,,,,,,
2024_JUL_SAPANGAN_T1/P7031659.JPG,2024-07-03,Sapangan,T1,28,31,,,"13,53176","120,95441",8,GoPro 9,,,,,,
2024_JUL_SAPANGAN_T1/P7031660.JPG,2024-07-03,Sapangan,T1,29,31,,,"13,53176","120,95441",8,GoPro 9,,,,,,
2024_JUL_SAPANGAN_T1/P7031661.JPG,2024-07-03,Sapangan,T1,30,31,,,"13,53176","120,95441",8,GoPro 9,,,,,,
2024_JUL_SAPANGAN_T1/P7031662.JPG,2024-07-03,Sapangan,T1,31,31,,,"13,53176","120,95441",8,GoPro 9,,,,,,
2024_JUL_SAPANGAN_T1/P7031663.JPG,2024-07-03,Sapangan,T1,32,31,,,"13,53176","120,95441",8,GoPro 9,,,,,,
2024_JUL_SAPANGAN_T1/P7031664.JPG,2024-07-03,Sapangan,T1,33,31,,,"13,53176","120,95441",8,GoPro 9,,,,,,
2024_JUL_SAPANGAN_T1/P7031665.JPG,2024-07-03,Sapangan,T1,34,31,,,"13,53176","120,95441",8,GoPro 9,,,,,,
2024_JUL_SAPANGAN_T1/P7031666.JPG,2024-07-03,Sapangan,T1,35,31,,,"13,53176","120,95441",8,GoPro 9,,,,,,
2024_JUL_SAPANGAN_T1/P7031667.JPG,2024-07-03,Sapangan,T1,36,31,,,"13,53176","120,95441",8,GoPro 9,,,,,,
2024_JUL_SAPANGAN_T1/P7031668.JPG,2024-07-03,Sapangan,T1,37,31,,,"13,53176","120,95441",8,GoPro 9,,,,,,
2024_JUL_SAPANGAN_T1/P7031669.JPG,2024-07-03,Sapangan,T1,38,31,,,"13,53176","120,95441",8,GoPro 9,,,,,,
2024_JUL_SAPANGAN_T1/P7031670.JPG,2024-07-03,Sapangan,T1,39,31,,,"13,53176","120,95441",8,GoPro 9,,,,,,
2024_JUL_SAPANGAN_T1/P7031671.JPG,2024-07-03,Sapangan,T1,40,31,,,"13,53176","120,95441",8,GoPro 9,,,,,,
2024_JUL_SAPANGAN_T1/P7031672.JPG,2024-07-03,Sapangan,T1,41,31,,,"13,53176","120,95441",8,GoPro 9,,,,,,
2024_JUL_SAPANGAN_T1/P7031673.JPG,2024-07-03,Sapangan,T1,42,31,,,"13,53176","120,95441",8,GoPro 9,,,,,,
2024_JUL_SAPANGAN_T1/P7031674.JPG,2024-07-03,Sapangan,T1,43,31,,,"13,53176","120,95441",8,GoPro 9,,,,,,
2024_JUL_SAPANGAN_T1/P7031675.JPG,2024-07-03,Sapangan,T1,44,31,,,"13,53176","120,95441",8,GoPro 9,,,,,,
2024_JUL_SAPANGAN_T1/P7031676.JPG,2024-07-03,Sapangan,T1,45,31,,,"13,53176","120,95441",8,GoPro 9,,,,,,
2024_JUL_SAPANGAN_T1/P7031677.JPG,2024-07-03,Sapangan,T1,46,31,,,"13,53176","120,95441",8,GoPro 9,,,,,,
2024_JUL_SAPANGAN_T1/P7031678.JPG,2024-07-03,Sapangan,T1,47,31,,,"13,53176","120,95441",8,GoPro 9,,,,,,
2024_JUL_SAPANGAN_T1/P7031679.JPG,2024-07-03,Sapangan,T1,48,31,,,"13,53176","120,95441",8,GoPro 9,,,,,,
2024_JUL_SAPANGAN_T1/P7031680.JPG,2024-07-03,Sapangan,T1,49,31,,,"13,53176","120,95441",8,GoPro 9,,,,,,
2024_JUL_SAPANGAN_T1/P7031681.JPG,2024-07-03,Sapangan,T1,50,31,,,"13,53176","120,95441",8,GoPro 9,,,,,,
2024_JUL_SAPANGAN_T2/GOPR3265.JPG,2024-07-03,Sapangan,T2,1,31,,,"13,53176","120,95441",8,GoPro 9,,,,,,
2024_JUL_SAPANGAN_T2/GOPR3266.JPG,2024-07-03,Sapangan,T2,2,31,,,"13,53176","120,95441",8,GoPro 9,,,,,,
2024_JUL_SAPANGAN_T2/GOPR3267.JPG,2024-07-03,Sapangan,T2,3,31,,,"13,53176","120,95441",8,GoPro 9,,,,,,
2024_JUL_SAPANGAN_T2/GOPR3268.JPG,2024-07-03,Sapangan,T2,4,31,,,"13,53176","120,95441",8,GoPro 9,,,,,,
2024_JUL_SAPANGAN_T2/GOPR3269.JPG,2024-07-03,Sapangan,T2,5,31,,,"13,53176","120,95441",8,GoPro 9,,,,,,
2024_JUL_SAPANGAN_T2/GOPR3270.JPG,2024-07-03,Sapangan,T2,6,31,,,"13,53176","120,95441",8,GoPro 9,,,,,,
2024_JUL_SAPANGAN_T2/GOPR3271.JPG,2024-07-03,Sapangan,T2,7,31,,,"13,53176","120,95441",8,GoPro 9,,,,,,
2024_JUL_SAPANGAN_T2/GOPR3272.JPG,2024-07-03,Sapangan,T2,8,31,,,"13,53176","120,95441",8,GoPro 9,,,,,,
2024_JUL_SAPANGAN_T2/GOPR3273.JPG,2024-07-03,Sapangan,T2,9,31,,,"13,53176","120,95441",8,GoPro 9,,,,,,
2024_JUL_SAPANGAN_T2/GOPR3274.JPG,2024-07-03,Sapangan,T2,10,31,,,"13,53176","120,95441",8,GoPro 9,,,,,,
2024_JUL_SAPANGAN_T2/GOPR3275.JPG,2024-07-03,Sapangan,T2,11,31,,,"13,53176","120,95441",8,GoPro 9,,,,,,
2024_JUL_SAPANGAN_T2/GOPR3276.JPG,2024-07-03,Sapangan,T2,12,31,,,"13,53176","120,95441",8,GoPro 9,,,,,,
2024_JUL_SAPANGAN_T2/GOPR3277.JPG,2024-07-03,Sapangan,T2,13,31,,,"13,53176","120,95441",8,GoPro 9,,,,,,
2024_JUL_SAPANGAN_T2/GOPR3278.JPG,2024-07-03,Sapangan,T2,14,31,,,"13,53176","120,95441",8,GoPro 9,,,,,,
2024_JUL_SAPANGAN_T2/GOPR3279.JPG,2024-07-03,Sapangan,T2,15,31,,,"13,53176","120,95441",8,GoPro 9,,,,,,
2024_JUL_SAPANGAN_T2/GOPR3280.JPG,2024-07-03,Sapangan,T2,16,31,,,"13,53176","120,95441",8,GoPro 9,,,,,,
2024_JUL_SAPANGAN_T2/GOPR3281.JPG,2024-07-03,Sapangan,T2,17,31,,,"13,53176","120,95441",8,GoPro 9,,,,,,
2024_JUL_SAPANGAN_T2/GOPR3282.JPG,2024-07-03,Sapangan,T2,18,31,,,"13,53176","120,95441",8,GoPro 9,,,,,,
2024_JUL_SAPANGAN_T2/GOPR3283.JPG,2024-07-03,Sapangan,T2,19,31,,,"13,53176","120,95441",8,GoPro 9,,,,,,
2024_JUL_SAPANGAN_T2/GOPR3284.JPG,2024-07-03,Sapangan,T2,20,31,,,"13,53176","120,95441",8,GoPro 9,,,,,,
2024_JUL_SAPANGAN_T2/GOPR3285.JPG,2024-07-03,Sapangan,T2,21,31,,,"13,53176","120,95441",8,GoPro 9,,,,,,
2024_JUL_SAPANGAN_T2/GOPR3286.JPG,2024-07-03,Sapangan,T2,22,31,,,"13,53176","120,95441",8,GoPro 9,,,,,,
2024_JUL_SAPANGAN_T2/GOPR3287.JPG,2024-07-03,Sapangan,T2,23,31,,,"13,53176","120,95441",8,GoPro 9,,,,,,
2024_JUL_SAPANGAN_T2/GOPR3288.JPG,2024-07-03,Sapangan,T2,24,31,,,"13,53176","120,95441",8,GoPro 9,,,,,,
2024_JUL_SAPANGAN_T2/GOPR3289.JPG,2024-07-03,Sapangan,T2,25,31,,,"13,53176","120,95441",8,GoPro 9,,,,,,
2024_JUL_SAPANGAN_T2/GOPR3290.JPG,2024-07-03,Sapangan,T2,26,31,,,"13,53176","120,95441",8,GoPro 9,,,,,,
2024_JUL_SAPANGAN_T2/GOPR3291.JPG,2024-07-03,Sapangan,T2,27,31,,,"13,53176","120,95441",8,GoPro 9,,,,,,
2024_JUL_SAPANGAN_T2/GOPR3292.JPG,2024-07-03,Sapangan,T2,28,31,,,"13,53176","120,95441",8,GoPro 9,,,,,,
2024_JUL_SAPANGAN_T2/GOPR3293.JPG,2024-07-03,Sapangan,T2,29,31,,,"13,53176","120,95441",8,GoPro 9,,,,,,
2024_JUL_SAPANGAN_T2/GOPR3294.JPG,2024-07-03,Sapangan,T2,30,31,,,"13,53176","120,95441",8,GoPro 9,,,,,,
2024_JUL_SAPANGAN_T2/GOPR3295.JPG,2024-07-03,Sapangan,T2,31,31,,,"13,53176","120,95441",8,GoPro 9,,,,,,
2024_JUL_SAPANGAN_T2/GOPR3296.JPG,2024-07-03,Sapangan,T2,32,31,,,"13,53176","120,95441",8,GoPro 9,,,,,,
2024_JUL_SAPANGAN_T2/GOPR3297.JPG,2024-07-03,Sapangan,T2,33,31,,,"13,53176","120,95441",8,GoPro 9,,,,,,
2024_JUL_SAPANGAN_T2/GOPR3298.JPG,2024-07-03,Sapangan,T2,34,31,,,"13,53176","120,95441",8,GoPro 9,,,,,,
2024_JUL_SAPANGAN_T2/GOPR3299.JPG,2024-07-03,Sapangan,T2,35,31,,,"13,53176","120,95441",8,GoPro 9,,,,,,
2024_JUL_SAPANGAN_T2/GOPR3300.JPG,2024-07-03,Sapangan,T2,36,31,,,"13,53176","120,95441",8,GoPro 9,,,,,,
2024_JUL_SAPANGAN_T2/GOPR3301.JPG,2024-07-03,Sapangan,T2,37,31,,,"13,53176","120,95441",8,GoPro 9,,,,,,
2024_JUL_SAPANGAN_T2/GOPR3302.JPG,2024-07-03,Sapangan,T2,38,31,,,"13,53176","120,95441",8,GoPro 9,,,,,,
2024_JUL_SAPANGAN_T2/GOPR3303.JPG,2024-07-03,Sapangan,T2,39,31,,,"13,53176","120,95441",8,GoPro 9,,,,,,
2024_JUL_SAPANGAN_T2/GOPR3304.JPG,2024-07-03,Sapangan,T2,40,31,,,"13,53176","120,95441",8,GoPro 9,,,,,,
2024_JUL_SAPANGAN_T2/GOPR3305.JPG,2024-07-03,Sapangan,T2,41,31,,,"13,53176","120,95441",8,GoPro 9,,,,,,
2024_JUL_SAPANGAN_T2/GOPR3306.JPG,2024-07-03,Sapangan,T2,42,31,,,"13,53176","120,95441",8,GoPro 9,,,,,,
2024_JUL_SAPANGAN_T2/GOPR3307.JPG,2024-07-03,Sapangan,T2,43,31,,,"13,53176","120,95441",8,GoPro 9,,,,,,
2024_JUL_SAPANGAN_T2/GOPR3308.JPG,2024-07-03,Sapangan,T2,44,31,,,"13,53176","120,95441",8,GoPro 9,,,,,,
2024_JUL_SAPANGAN_T2/GOPR3309.JPG,2024-07-03,Sapangan,T2,45,31,,,"13,53176","120,95441",8,GoPro 9,,,,,,
2024_JUL_SAPANGAN_T2/GOPR3310.JPG,2024-07-03,Sapangan,T2,46,31,,,"13,53176","120,95441",8,GoPro 9,,,,,,
2024_JUL_SAPANGAN_T2/GOPR3311.JPG,2024-07-03,Sapangan,T2,47,31,,,"13,53176","120,95441",8,GoPro 9,,,,,,
2024_JUL_SAPANGAN_T2/GOPR3312.JPG,2024-07-03,Sapangan,T2,48,31,,,"13,53176","120,95441",8,GoPro 9,,,,,,
2024_JUL_SAPANGAN_T2/GOPR3313.JPG,2024-07-03,Sapangan,T2,49,31,,,"13,53176","120,95441",8,GoPro 9,,,,,,
2024_JUL_SAPANGAN_T2/GOPR3314.JPG,2024-07-03,Sapangan,T2,50,31,,,"13,53176","120,95441",8,GoPro 9,,,,,,
2024_JUL_SAPANGAN_T3/GOPR3319.JPG,2024-07-03,Sapangan,T3,1,31,,,"13,53176","120,95441",8,GoPro 9,,,,,,
2024_JUL_SAPANGAN_T3/GOPR3320.JPG,2024-07-03,Sapangan,T3,2,31,,,"13,53176","120,95441",8,GoPro 9,,,,,,
2024_JUL_SAPANGAN_T3/GOPR3321.JPG,2024-07-03,Sapangan,T3,3,31,,,"13,53176","120,95441",8,GoPro 9,,,,,,
2024_JUL_SAPANGAN_T3/GOPR3322.JPG,2024-07-03,Sapangan,T3,4,31,,,"13,53176","120,95441",8,GoPro 9,,,,,,
2024_JUL_SAPANGAN_T3/GOPR3323.JPG,2024-07-03,Sapangan,T3,5,31,,,"13,53176","120,95441",8,GoPro 9,,,,,,
2024_JUL_SAPANGAN_T3/GOPR3324.JPG,2024-07-03,Sapangan,T3,6,31,,,"13,53176","120,95441",8,GoPro 9,,,,,,
2024_JUL_SAPANGAN_T3/GOPR3325.JPG,2024-07-03,Sapangan,T3,7,31,,,"13,53176","120,95441",8,GoPro 9,,,,,,
2024_JUL_SAPANGAN_T3/GOPR3326.JPG,2024-07-03,Sapangan,T3,8,31,,,"13,53176","120,95441",8,GoPro 9,,,,,,
2024_JUL_SAPANGAN_T3/GOPR3327.JPG,2024-07-03,Sapangan,T3,9,31,,,"13,53176","120,95441",8,GoPro 9,,,,,,
2024_JUL_SAPANGAN_T3/GOPR3328.JPG,2024-07-03,Sapangan,T3,10,31,,,"13,53176","120,95441",8,GoPro 9,,,,,,
2024_JUL_SAPANGAN_T3/GOPR3329.JPG,2024-07-03,Sapangan,T3,11,31,,,"13,53176","120,95441",8,GoPro 9,,,,,,
2024_JUL_SAPANGAN_T3/GOPR3330.JPG,2024-07-03,Sapangan,T3,12,31,,,"13,53176","120,95441",8,GoPro 9,,,,,,
2024_JUL_SAPANGAN_T3/GOPR3331.JPG,2024-07-03,Sapangan,T3,13,31,,,"13,53176","120,95441",8,GoPro 9,,,,,,
2024_JUL_SAPANGAN_T3/GOPR3332.JPG,2024-07-03,Sapangan,T3,14,31,,,"13,53176","120,95441",8,GoPro 9,,,,,,
2024_JUL_SAPANGAN_T3/GOPR3333.JPG,2024-07-03,Sapangan,T3,15,31,,,"13,53176","120,95441",8,GoPro 9,,,,,,
2024_JUL_SAPANGAN_T3/GOPR3334.JPG,2024-07-03,Sapangan,T3,16,31,,,"13,53176","120,95441",8,GoPro 9,,,,,,
2024_JUL_SAPANGAN_T3/GOPR3335.JPG,2024-07-03,Sapangan,T3,17,31,,,"13,53176","120,95441",8,GoPro 9,,,,,,
2024_JUL_SAPANGAN_T3/GOPR3336.JPG,2024-07-03,Sapangan,T3,18,31,,,"13,53176","120,95441",8,GoPro 9,,,,,,
2024_JUL_SAPANGAN_T3/GOPR3337.JPG,2024-07-03,Sapangan,T3,19,31,,,"13,53176","120,95441",8,GoPro 9,,,,,,
2024_JUL_SAPANGAN_T3/GOPR3338.JPG,2024-07-03,Sapangan,T3,20,31,,,"13,53176","120,95441",8,GoPro 9,,,,,,
2024_JUL_SAPANGAN_T3/GOPR3339.JPG,2024-07-03,Sapangan,T3,21,31,,,"13,53176","120,95441",8,GoPro 9,,,,,,
2024_JUL_SAPANGAN_T3/GOPR3340.JPG,2024-07-03,Sapangan,T3,22,31,,,"13,53176","120,95441",8,GoPro 9,,,,,,
2024_JUL_SAPANGAN_T3/GOPR3341.JPG,2024-07-03,Sapangan,T3,23,31,,,"13,53176","120,95441",8,GoPro 9,,,,,,
2024_JUL_SAPANGAN_T3/GOPR3342.JPG,2024-07-03,Sapangan,T3,24,31,,,"13,53176","120,95441",8,GoPro 9,,,,,,
2024_JUL_SAPANGAN_T3/GOPR3343.JPG,2024-07-03,Sapangan,T3,25,31,,,"13,53176","120,95441",8,GoPro 9,,,,,,
2024_JUL_SAPANGAN_T3/GOPR3344.JPG,2024-07-03,Sapangan,T3,26,31,,,"13,53176","120,95441",8,GoPro 9,,,,,,
2024_JUL_SAPANGAN_T3/GOPR3345.JPG,2024-07-03,Sapangan,T3,27,31,,,"13,53176","120,95441",8,GoPro 9,,,,,,
2024_JUL_SAPANGAN_T3/GOPR3346.JPG,2024-07-03,Sapangan,T3,28,31,,,"13,53176","120,95441",8,GoPro 9,,,,,,
2024_JUL_SAPANGAN_T3/GOPR3347.JPG,2024-07-03,Sapangan,T3,29,31,,,"13,53176","120,95441",8,GoPro 9,,,,,,
2024_JUL_SAPANGAN_T3/GOPR3348.JPG,2024-07-03,Sapangan,T3,30,31,,,"13,53176","120,95441",8,GoPro 9,,,,,,
2024_JUL_SAPANGAN_T3/GOPR3349.JPG,2024-07-03,Sapangan,T3,31,31,,,"13,53176","120,95441",8,GoPro 9,,,,,,
2024_JUL_SAPANGAN_T3/GOPR3350.JPG,2024-07-03,Sapangan,T3,32,31,,,"13,53176","120,95441",8,GoPro 9,,,,,,
2024_JUL_SAPANGAN_T3/GOPR3351.JPG,2024-07-03,Sapangan,T3,33,31,,,"13,53176","120,95441",8,GoPro 9,,,,,,
2024_JUL_SAPANGAN_T3/GOPR3352.JPG,2024-07-03,Sapangan,T3,34,31,,,"13,53176","120,95441",8,GoPro 9,,,,,,
2024_JUL_SAPANGAN_T3/GOPR3353.JPG,2024-07-03,Sapangan,T3,35,31,,,"13,53176","120,95441",8,GoPro 9,,,,,,
2024_JUL_SAPANGAN_T3/GOPR3354.JPG,2024-07-03,Sapangan,T3,36,31,,,"13,53176","120,95441",8,GoPro 9,,,,,,
2024_JUL_SAPANGAN_T3/GOPR3355.JPG,2024-07-03,Sapangan,T3,37,31,,,"13,53176","120,95441",8,GoPro 9,,,,,,
2024_JUL_SAPANGAN_T3/GOPR3356.JPG,2024-07-03,Sapangan,T3,38,31,,,"13,53176","120,95441",8,GoPro 9,,,,,,
2024_JUL_SAPANGAN_T3/GOPR3357.JPG,2024-07-03,Sapangan,T3,39,31,,,"13,53176","120,95441",8,GoPro 9,,,,,,
2024_JUL_SAPANGAN_T3/GOPR3358.JPG,2024-07-03,Sapangan,T3,40,31,,,"13,53176","120,95441",8,GoPro 9,,,,,,
2024_JUL_SAPANGAN_T3/GOPR3359.JPG,2024-07-03,Sapangan,T3,41,31,,,"13,53176","120,95441",8,GoPro 9,,,,,,
2024_JUL_SAPANGAN_T3/GOPR3360.JPG,2024-07-03,Sapangan,T3,42,31,,,"13,53176","120,95441",8,GoPro 9,,,,,,
2024_JUL_SAPANGAN_T3/GOPR3361.JPG,2024-07-03,Sapangan,T3,43,31,,,"13,53176","120,95441",8,GoPro 9,,,,,,
2024_JUL_SAPANGAN_T3/GOPR3362.JPG,2024-07-03,Sapangan,T3,44,31,,,"13,53176","120,95441",8,GoPro 9,,,,,,
2024_JUL_SAPANGAN_T3/GOPR3363.JPG,2024-07-03,Sapangan,T3,45,31,,,"13,53176","120,95441",8,GoPro 9,,,,,,
2024_JUL_SAPANGAN_T3/GOPR3364.JPG,2024-07-03,Sapangan,T3,46,31,,,"13,53176","120,95441",8,GoPro 9,,,,,,
2024_JUL_SAPANGAN_T3/GOPR3365.JPG,2024-07-03,Sapangan,T3,47,31,,,"13,53176","120,95441",8,GoPro 9,,,,,,
2024_JUL_SAPANGAN_T3/GOPR3366.JPG,2024-07-03,Sapangan,T3,48,31,,,"13,53176","120,95441",8,GoPro 9,,,,,,
2024_JUL_SAPANGAN_T3/GOPR3367.JPG,2024-07-03,Sapangan,T3,49,31,,,"13,53176","120,95441",8,GoPro 9,,,,,,
2024_JUL_SAPANGAN_T3/GOPR3368.JPG,2024-07-03,Sapangan,T3,50,31,,,"13,53176","120,95441",8,GoPro 9,,,,,,
