source_image_relpath,patch_relpath,patch_index,confidence,monitoring_station,transect,assigned_annotator
Coral Garden\2024_AUG_CG_S\2024_AUG_CG_S_T1\GOPR4837.JPG,Coral Garden\2024_AUG_CG_S\2024_AUG_CG_S_T1\GOPR4837\Coral1.JPG,1,0.6635,Coral Garden S,T1,5
Coral Garden\2024_AUG_CG_S\2024_AUG_CG_S_T1\GOPR4857.JPG,Coral Garden\2024_AUG_CG_S\2024_AUG_CG_S_T1\GOPR4857\Coral3.JPG,3,0.2041,Coral Garden S,T1,5
Coral Garden\2024_JUL_CG_S\CG-S_T1\GOPR3119.JPG,Coral Garden\2024_JUL_CG_S\CG-S_T1\GOPR3119\Coral6.JPG,6,0.3279,Coral Garden S,T1,5
Coral Garden\2024_AUG_CG_S\2024_AUG_CG_S_T1\GOPR4868.JPG,Coral Garden\2024_AUG_CG_S\2024_AUG_CG_S_T1\GOPR4868\Coral1.JPG,1,0.3117,Coral Garden S,T1,5
Coral Garden\2024_AUG_CG_S\2024_AUG_CG_S_T1\GOPR4845.JPG,Coral Garden\2024_AUG_CG_S\2024_AUG_CG_S_T1\GOPR4845\Coral2.JPG,2,0.5563,Coral Garden S,T1,5
Coral Garden\2024_AUG_CG_S\2024_AUG_CG_S_T1\GOPR4841.JPG,Coral Garden\2024_AUG_CG_S\2024_AUG_CG_S_T1\GOPR4841\Coral4.JPG,4,0.4683,Coral Garden S,T1,5
Coral Garden\2024_AUG_CG_S\2024_AUG_CG_S_T1\GOPR4854.JPG,Coral Garden\2024_AUG_CG_S\2024_AUG_CG_S_T1\GOPR4854\Coral8.JPG,8,0.2407,Coral Garden S,T1,5
Coral Garden\2024_AUG_CG_S\2024_AUG_CG_S_T1\GOPR4858.JPG,Coral Garden\2024_AUG_CG_S\2024_AUG_CG_S_T1\GOPR4858\Coral3.JPG,3,0.4248,Coral Garden S,T1,5
Coral Garden\2024_JUL_CG_S\CG-S_T1\GOPR3127.JPG,Coral Garden\2024_JUL_CG_S\CG-S_T1\GOPR3127\Coral7.JPG,7,0.1501,Coral Garden S,T1,5
Coral Garden\2024_AUG_CG_S\2024_AUG_CG_S_T1\GOPR4838.JPG,Coral Garden\2024_AUG_CG_S\2024_AUG_CG_S_T1\GOPR4838\Coral1.JPG,1,0.2259,Coral Garden S,T1,5
Coral Garden\2024_JUL_CG_S\CG-S_T1\GOPR3137.JPG,Coral Garden\2024_JUL_CG_S\CG-S_T1\GOPR3137\Coral11.JPG,11,0.1775,Coral Garden S,T1,5
Coral Garden\2024_JUL_CG_S\CG-S_T1\GOPR3118.JPG,Coral Garden\2024_JUL_CG_S\CG-S_T1\GOPR3118\Coral2.JPG,2,0.5493,Coral Garden S,T1,5
Coral Garden\2024_AUG_CG_S\2024_AUG_CG_S_T1\GOPR4824.JPG,Coral Garden\2024_AUG_CG_S\2024_AUG_CG_S_T1\GOPR4824\Coral17.JPG,17,0.211,Coral Garden S,T1,5
Coral Garden\2024_JUL_CG_S\CG-S_T1\GOPR3089.JPG,Coral Garden\2024_JUL_CG_S\CG-S_T1\GOPR3089\Coral14.JPG,14,0.334,Coral Garden S,T1,5
Coral Garden\2024_JUL_CG_S\CG-S_T1\GOPR3131.JPG,Coral Garden\2024_JUL_CG_S\CG-S_T1\GOPR3131\Coral30.JPG,30,0.2983,Coral Garden S,T1,5
Coral Garden\2024_JUL_CG_S\CG-S_T1\GOPR3105.JPG,Coral Garden\2024_JUL_CG_S\CG-S_T1\GOPR3105\Coral14.JPG,14,0.229,Coral Garden S,T1,5
Coral Garden\2024_AUG_CG_S\2024_AUG_CG_S_T1\GOPR4825.JPG,Coral Garden\2024_AUG_CG_S\2024_AUG_CG_S_T1\GOPR4825\Coral5.JPG,5,0.3591,Coral Garden S,T1,5
Coral Garden\2024_JUL_CG_S\CG-S_T1\GOPR3107.JPG,Coral Garden\2024_JUL_CG_S\CG-S_T1\GOPR3107\Coral9.JPG,9,0.2314,Coral Garden S,T1,5
Coral Garden\2024_AUG_CG_S\2024_AUG_CG_S_T1\GOPR4882.JPG,Coral Garden\2024_AUG_CG_S\2024_AUG_CG_S_T1\GOPR4882\Coral1.JPG,1,0.1995,Coral Garden S,T1,5
Coral Garden\2024_JUL_CG_S\CG-S_T1\GOPR3121.JPG,Coral Garden\2024_JUL_CG_S\CG-S_T1\GOPR3121\Coral3.JPG,3,0.4681,Coral Garden S,T1,5
Coral Garden\2024_JUL_CG_S\CG-S_T1\GOPR3091.JPG,Coral Garden\2024_JUL_CG_S\CG-S_T1\GOPR3091\Coral29.JPG,29,0.1604,Coral Garden S,T1,5
Coral Garden\2024_JUL_CG_S\CG-S_T1\GOPR3104.JPG,Coral Garden\2024_JUL_CG_S\CG-S_T1\GOPR3104\Coral25.JPG,25,0.2252,Coral Garden S,T1,5
Coral Garden\2024_AUG_CG_S\2024_AUG_CG_S_T1\GOPR4864.JPG,Coral Garden\2024_AUG_CG_S\2024_AUG_CG_S_T1\GOPR4864\Coral5.JPG,5,0.3726,Coral Garden S,T1,5
Coral Garden\2024_AUG_CG_S\2024_AUG_CG_S_T1\GOPR4845.JPG,Coral Garden\2024_AUG_CG_S\2024_AUG_CG_S_T1\GOPR4845\Coral9.JPG,9,0.1798,Coral Garden S,T1,5
Coral Garden\2024_JUL_CG_S\CG-S_T1\GOPR3109.JPG,Coral Garden\2024_JUL_CG_S\CG-S_T1\GOPR3109\Coral2.JPG,2,0.7122,Coral Garden S,T1,5
Coral Garden\2024_AUG_CG_S\2024_AUG_CG_S_T1\GOPR4858.JPG,Coral Garden\2024_AUG_CG_S\2024_AUG_CG_S_T1\GOPR4858\Coral1.JPG,1,0.771,Coral Garden S,T1,5
Coral Garden\2024_JUL_CG_S\CG-S_T1\GOPR3127.JPG,Coral Garden\2024_JUL_CG_S\CG-S_T1\GOPR3127\Coral4.JPG,4,0.2067,Coral Garden S,T1,5
Coral Garden\2024_JUL_CG_S\CG-S_T1\GOPR3130.JPG,Coral Garden\2024_JUL_CG_S\CG-S_T1\GOPR3130\Coral37.JPG,37,0.1733,Coral Garden S,T1,5
Coral Garden\2024_JUL_CG_S\CG-S_T1\GOPR3125.JPG,Coral Garden\2024_JUL_CG_S\CG-S_T1\GOPR3125\Coral22.JPG,22,0.1829,Coral Garden S,T1,5
Coral Garden\2024_AUG_CG_S\2024_AUG_CG_S_T1\GOPR4881.JPG,Coral Garden\2024_AUG_CG_S\2024_AUG_CG_S_T1\GOPR4881\Coral3.JPG,3,0.6335,Coral Garden S,T1,5
Coral Garden\2024_JUL_CG_S\CG-S_T1\GOPR3137.JPG,Coral Garden\2024_JUL_CG_S\CG-S_T1\GOPR3137\Coral7.JPG,7,0.2267,Coral Garden S,T1,5
Coral Garden\2024_JUL_CG_S\CG-S_T1\GOPR3117.JPG,Coral Garden\2024_JUL_CG_S\CG-S_T1\GOPR3117\Coral25.JPG,25,0.3324,Coral Garden S,T1,5
Coral Garden\2024_JUL_CG_S\CG-S_T1\GOPR3107.JPG,Coral Garden\2024_JUL_CG_S\CG-S_T1\GOPR3107\Coral6.JPG,6,0.2914,Coral Garden S,T1,5
Coral Garden\2024_AUG_CG_S\2024_AUG_CG_S_T1\GOPR4847.JPG,Coral Garden\2024_AUG_CG_S\2024_AUG_CG_S_T1\GOPR4847\Coral9.JPG,9,0.3942,Coral Garden S,T1,5
Coral Garden\2024_JUL_CG_S\CG-S_T1\GOPR3124.JPG,Coral Garden\2024_JUL_CG_S\CG-S_T1\GOPR3124\Coral11.JPG,11,0.4388,Coral Garden S,T1,5
Coral Garden\2024_AUG_CG_S\2024_AUG_CG_S_T1\GOPR4844.JPG,Coral Garden\2024_AUG_CG_S\2024_AUG_CG_S_T1\GOPR4844\Coral6.JPG,6,0.156,Coral Garden S,T1,5
Coral Garden\2024_AUG_CG_S\2024_AUG_CG_S_T1\GOPR4884.JPG,Coral Garden\2024_AUG_CG_S\2024_AUG_CG_S_T1\GOPR4884\Coral17.JPG,17,0.151,Coral Garden S,T1,5
Coral Garden\2024_AUG_CG_S\2024_AUG_CG_S_T1\GOPR4857.JPG,Coral Garden\2024_AUG_CG_S\2024_AUG_CG_S_T1\GOPR4857\Coral2.JPG,2,0.2782,Coral Garden S,T1,5
Coral Garden\2024_JUL_CG_S\CG-S_T1\GOPR3106.JPG,Coral Garden\2024_JUL_CG_S\CG-S_T1\GOPR3106\Coral2.JPG,2,0.6426,Coral Garden S,T1,5
Coral Garden\2024_AUG_CG_S\2024_AUG_CG_S_T1\GOPR4861.JPG,Coral Garden\2024_AUG_CG_S\2024_AUG_CG_S_T1\GOPR4861\Coral21.JPG,21,0.1728,Coral Garden S,T1,5
Coral Garden\2024_JUL_CG_S\CG-S_T1\GOPR3104.JPG,Coral Garden\2024_JUL_CG_S\CG-S_T1\GOPR3104\Coral2.JPG,2,0.7136,Coral Garden S,T1,5
Coral Garden\2024_JUL_CG_S\CG-S_T1\GOPR3097.JPG,Coral Garden\2024_JUL_CG_S\CG-S_T1\GOPR3097\Coral3.JPG,3,0.2471,Coral Garden S,T1,5
Coral Garden\2024_AUG_CG_S\2024_AUG_CG_S_T1\GOPR4886.JPG,Coral Garden\2024_AUG_CG_S\2024_AUG_CG_S_T1\GOPR4886\Coral12.JPG,12,0.3746,Coral Garden S,T1,5
Coral Garden\2024_AUG_CG_S\2024_AUG_CG_S_T1\GOPR4845.JPG,Coral Garden\2024_AUG_CG_S\2024_AUG_CG_S_T1\GOPR4845\Coral6.JPG,6,0.2656,Coral Garden S,T1,5
Coral Garden\2024_AUG_CG_S\2024_AUG_CG_S_T1\GOPR4826.JPG,Coral Garden\2024_AUG_CG_S\2024_AUG_CG_S_T1\GOPR4826\Coral12.JPG,12,0.4027,Coral Garden S,T1,5
Coral Garden\2024_AUG_CG_S\2024_AUG_CG_S_T1\GOPR4849.JPG,Coral Garden\2024_AUG_CG_S\2024_AUG_CG_S_T1\GOPR4849\Coral19.JPG,19,0.3364,Coral Garden S,T1,5
Coral Garden\2024_AUG_CG_S\2024_AUG_CG_S_T1\GOPR4859.JPG,Coral Garden\2024_AUG_CG_S\2024_AUG_CG_S_T1\GOPR4859\Coral3.JPG,3,0.755,Coral Garden S,T1,5
Coral Garden\2024_JUL_CG_S\CG-S_T1\GOPR3130.JPG,Coral Garden\2024_JUL_CG_S\CG-S_T1\GOPR3130\Coral22.JPG,22,0.3115,Coral Garden S,T1,5
Coral Garden\2024_AUG_CG_S\2024_AUG_CG_S_T1\GOPR4855.JPG,Coral Garden\2024_AUG_CG_S\2024_AUG_CG_S_T1\GOPR4855\Coral4.JPG,4,0.2534,Coral Garden S,T1,5
Coral Garden\2024_JUL_CG_S\CG-S_T1\GOPR3114.JPG,Coral Garden\2024_JUL_CG_S\CG-S_T1\GOPR3114\Coral15.JPG,15,0.2348,Coral Garden S,T1,5
Coral Garden\2024_AUG_CG_S\2024_AUG_CG_S_T1\GOPR4846.JPG,Coral Garden\2024_AUG_CG_S\2024_AUG_CG_S_T1\GOPR4846\Coral10.JPG,10,0.1873,Coral Garden S,T1,5
Coral Garden\2024_JUL_CG_S\CG-S_T1\GOPR3107.JPG,Coral Garden\2024_JUL_CG_S\CG-S_T1\GOPR3107\Coral2.JPG,2,0.49,Coral Garden S,T1,5
Coral Garden\2024_JUL_CG_S\CG-S_T1\GOPR3098.JPG,Coral Garden\2024_JUL_CG_S\CG-S_T1\GOPR3098\Coral12.JPG,12,0.4376,Coral Garden S,T1,5
Coral Garden\2024_JUL_CG_S\CG-S_T1\GOPR3093.JPG,Coral Garden\2024_JUL_CG_S\CG-S_T1\GOPR3093\Coral5.JPG,5,0.4421,Coral Garden S,T1,5
Coral Garden\2024_JUL_CG_S\CG-S_T1\GOPR3121.JPG,Coral Garden\2024_JUL_CG_S\CG-S_T1\GOPR3121\Coral10.JPG,10,0.2519,Coral Garden S,T1,5
Coral Garden\2024_JUL_CG_S\CG-S_T1\GOPR3124.JPG,Coral Garden\2024_JUL_CG_S\CG-S_T1\GOPR3124\Coral20.JPG,20,0.3003,Coral Garden S,T1,5
Coral Garden\2024_JUL_CG_S\CG-S_T1\GOPR3106.JPG,Coral Garden\2024_JUL_CG_S\CG-S_T1\GOPR3106\Coral14.JPG,14,0.2054,Coral Garden S,T1,5
Coral Garden\2024_AUG_CG_S\2024_AUG_CG_S_T1\GOPR4851.JPG,Coral Garden\2024_AUG_CG_S\2024_AUG_CG_S_T1\GOPR4851\Coral19.JPG,19,0.2845,Coral Garden S,T1,5
Coral Garden\2024_AUG_CG_S\2024_AUG_CG_S_T1\GOPR4851.JPG,Coral Garden\2024_AUG_CG_S\2024_AUG_CG_S_T1\GOPR4851\Coral23.JPG,23,0.2535,Coral Garden S,T1,5
Coral Garden\2024_AUG_CG_S\2024_AUG_CG_S_T1\GOPR4851.JPG,Coral Garden\2024_AUG_CG_S\2024_AUG_CG_S_T1\GOPR4851\Coral7.JPG,7,0.5512,Coral Garden S,T1,5
Coral Garden\2024_AUG_CG_S\2024_AUG_CG_S_T1\GOPR4851.JPG,Coral Garden\2024_AUG_CG_S\2024_AUG_CG_S_T1\GOPR4851\Coral3.JPG,3,0.7118,Coral Garden S,T1,5
Coral Garden\2024_AUG_CG_S\2024_AUG_CG_S_T1\GOPR4851.JPG,Coral Garden\2024_AUG_CG_S\2024_AUG_CG_S_T1\GOPR4851\Coral6.JPG,6,0.5995,Coral Garden S,T1,5
Coral Garden\2024_JUL_CG_S\CG-S_T1\GOPR3133.JPG,Coral Garden\2024_JUL_CG_S\CG-S_T1\GOPR3133\Coral2.JPG,2,0.427,Coral Garden S,T1,5
Coral Garden\2024_JUL_CG_S\CG-S_T1\GOPR3133.JPG,Coral Garden\2024_JUL_CG_S\CG-S_T1\GOPR3133\Coral6.JPG,6,0.243,Coral Garden S,T1,5
Coral Garden\2024_JUL_CG_S\CG-S_T1\GOPR3111.JPG,Coral Garden\2024_JUL_CG_S\CG-S_T1\GOPR3111\Coral3.JPG,3,0.6202,Coral Garden S,T1,5
Coral Garden\2024_JUL_CG_S\CG-S_T1\GOPR3111.JPG,Coral Garden\2024_JUL_CG_S\CG-S_T1\GOPR3111\Coral5.JPG,5,0.5473,Coral Garden S,T1,5
Coral Garden\2024_JUL_CG_S\CG-S_T1\GOPR3111.JPG,Coral Garden\2024_JUL_CG_S\CG-S_T1\GOPR3111\Coral15.JPG,15,0.2967,Coral Garden S,T1,5
Coral Garden\2024_JUL_CG_S\CG-S_T1\GOPR3111.JPG,Coral Garden\2024_JUL_CG_S\CG-S_T1\GOPR3111\Coral4.JPG,4,0.6069,Coral Garden S,T1,5
Coral Garden\2024_AUG_CG_S\2024_AUG_CG_S_T1\GOPR4861.JPG,Coral Garden\2024_AUG_CG_S\2024_AUG_CG_S_T1\GOPR4861\Coral14.JPG,14,0.2124,Coral Garden S,T1,5
Coral Garden\2024_AUG_CG_S\2024_AUG_CG_S_T1\GOPR4861.JPG,Coral Garden\2024_AUG_CG_S\2024_AUG_CG_S_T1\GOPR4861\Coral18.JPG,18,0.1905,Coral Garden S,T1,5
Coral Garden\2024_AUG_CG_S\2024_AUG_CG_S_T1\GOPR4861.JPG,Coral Garden\2024_AUG_CG_S\2024_AUG_CG_S_T1\GOPR4861\Coral22.JPG,22,0.1713,Coral Garden S,T1,5
Coral Garden\2024_AUG_CG_S\2024_AUG_CG_S_T1\GOPR4861.JPG,Coral Garden\2024_AUG_CG_S\2024_AUG_CG_S_T1\GOPR4861\Coral20.JPG,20,0.1817,Coral Garden S,T1,5
Coral Garden\2024_AUG_CG_S\2024_AUG_CG_S_T1\GOPR4861.JPG,Coral Garden\2024_AUG_CG_S\2024_AUG_CG_S_T1\GOPR4861\Coral13.JPG,13,0.2135,Coral Garden S,T1,5
Coral Garden\2024_AUG_CG_S\2024_AUG_CG_S_T1\GOPR4861.JPG,Coral Garden\2024_AUG_CG_S\2024_AUG_CG_S_T1\GOPR4861\Coral2.JPG,2,0.7205,Coral Garden S,T1,5
Coral Garden\2024_AUG_CG_S\2024_AUG_CG_S_T1\GOPR4861.JPG,Coral Garden\2024_AUG_CG_S\2024_AUG_CG_S_T1\GOPR4861\Coral23.JPG,23,0.1526,Coral Garden S,T1,5
Coral Garden\2024_JUL_CG_S\CG-S_T1\GOPR3102.JPG,Coral Garden\2024_JUL_CG_S\CG-S_T1\GOPR3102\Coral11.JPG,11,0.2995,Coral Garden S,T1,5
Coral Garden\2024_JUL_CG_S\CG-S_T1\GOPR3102.JPG,Coral Garden\2024_JUL_CG_S\CG-S_T1\GOPR3102\Coral15.JPG,15,0.2463,Coral Garden S,T1,5
Coral Garden\2024_JUL_CG_S\CG-S_T1\GOPR3102.JPG,Coral Garden\2024_JUL_CG_S\CG-S_T1\GOPR3102\Coral26.JPG,26,0.165,Coral Garden S,T1,5
Coral Garden\2024_JUL_CG_S\CG-S_T1\GOPR3102.JPG,Coral Garden\2024_JUL_CG_S\CG-S_T1\GOPR3102\Coral6.JPG,6,0.4429,Coral Garden S,T1,5
Coral Garden\2024_JUL_CG_S\CG-S_T1\GOPR3104.JPG,Coral Garden\2024_JUL_CG_S\CG-S_T1\GOPR3104\Coral28.JPG,28,0.1688,Coral Garden S,T1,5
Coral Garden\2024_JUL_CG_S\CG-S_T1\GOPR3104.JPG,Coral Garden\2024_JUL_CG_S\CG-S_T1\GOPR3104\Coral15.JPG,15,0.3277,Coral Garden S,T1,5
Coral Garden\2024_JUL_CG_S\CG-S_T1\GOPR3104.JPG,Coral Garden\2024_JUL_CG_S\CG-S_T1\GOPR3104\Coral14.JPG,14,0.37,Coral Garden S,T1,5
Coral Garden\2024_AUG_CG_S\2024_AUG_CG_S_T1\GOPR4852.JPG,Coral Garden\2024_AUG_CG_S\2024_AUG_CG_S_T1\GOPR4852\Coral7.JPG,7,0.2687,Coral Garden S,T1,5
Coral Garden\2024_AUG_CG_S\2024_AUG_CG_S_T1\GOPR4852.JPG,Coral Garden\2024_AUG_CG_S\2024_AUG_CG_S_T1\GOPR4852\Coral5.JPG,5,0.2908,Coral Garden S,T1,5
Coral Garden\2024_JUL_CG_S\CG-S_T1\GOPR3110.JPG,Coral Garden\2024_JUL_CG_S\CG-S_T1\GOPR3110\Coral1.JPG,1,0.7963,Coral Garden S,T1,5
Coral Garden\2024_JUL_CG_S\CG-S_T1\GOPR3110.JPG,Coral Garden\2024_JUL_CG_S\CG-S_T1\GOPR3110\Coral25.JPG,25,0.3046,Coral Garden S,T1,5
Coral Garden\2024_JUL_CG_S\CG-S_T1\GOPR3110.JPG,Coral Garden\2024_JUL_CG_S\CG-S_T1\GOPR3110\Coral16.JPG,16,0.4583,Coral Garden S,T1,5
Coral Garden\2024_JUL_CG_S\CG-S_T1\GOPR3110.JPG,Coral Garden\2024_JUL_CG_S\CG-S_T1\GOPR3110\Coral31.JPG,31,0.2291,Coral Garden S,T1,5
Coral Garden\2024_JUL_CG_S\CG-S_T1\GOPR3110.JPG,Coral Garden\2024_JUL_CG_S\CG-S_T1\GOPR3110\Coral34.JPG,34,0.2132,Coral Garden S,T1,5
Coral Garden\2024_JUL_CG_S\CG-S_T1\GOPR3110.JPG,Coral Garden\2024_JUL_CG_S\CG-S_T1\GOPR3110\Coral23.JPG,23,0.348,Coral Garden S,T1,5
Coral Garden\2024_JUL_CG_S\CG-S_T1\GOPR3110.JPG,Coral Garden\2024_JUL_CG_S\CG-S_T1\GOPR3110\Coral32.JPG,32,0.2232,Coral Garden S,T1,5
Coral Garden\2024_JUL_CG_S\CG-S_T1\GOPR3110.JPG,Coral Garden\2024_JUL_CG_S\CG-S_T1\GOPR3110\Coral14.JPG,14,0.4699,Coral Garden S,T1,5
Coral Garden\2024_JUL_CG_S\CG-S_T1\GOPR3119.JPG,Coral Garden\2024_JUL_CG_S\CG-S_T1\GOPR3119\Coral13.JPG,13,0.2111,Coral Garden S,T1,5
Coral Garden\2024_JUL_CG_S\CG-S_T1\GOPR3119.JPG,Coral Garden\2024_JUL_CG_S\CG-S_T1\GOPR3119\Coral17.JPG,17,0.1519,Coral Garden S,T1,5
Coral Garden\2024_JUL_CG_S\CG-S_T1\GOPR3113.JPG,Coral Garden\2024_JUL_CG_S\CG-S_T1\GOPR3113\Coral30.JPG,30,0.2767,Coral Garden S,T1,5
Coral Garden\2024_JUL_CG_S\CG-S_T1\GOPR3113.JPG,Coral Garden\2024_JUL_CG_S\CG-S_T1\GOPR3113\Coral5.JPG,5,0.6127,Coral Garden S,T1,5
Coral Garden\2024_JUL_CG_S\CG-S_T1\GOPR3113.JPG,Coral Garden\2024_JUL_CG_S\CG-S_T1\GOPR3113\Coral2.JPG,2,0.6781,Coral Garden S,T1,5
Coral Garden\2024_JUL_CG_S\CG-S_T1\GOPR3113.JPG,Coral Garden\2024_JUL_CG_S\CG-S_T1\GOPR3113\Coral38.JPG,38,0.1658,Coral Garden S,T1,5
Coral Garden\2024_AUG_CG_S\2024_AUG_CG_S_T1\GOPR4886.JPG,Coral Garden\2024_AUG_CG_S\2024_AUG_CG_S_T1\GOPR4886\Coral6.JPG,6,0.596,Coral Garden S,T1,5
Coral Garden\2024_AUG_CG_S\2024_AUG_CG_S_T1\GOPR4886.JPG,Coral Garden\2024_AUG_CG_S\2024_AUG_CG_S_T1\GOPR4886\Coral17.JPG,17,0.307,Coral Garden S,T1,5
Coral Garden\2024_AUG_CG_S\2024_AUG_CG_S_T1\GOPR4886.JPG,Coral Garden\2024_AUG_CG_S\2024_AUG_CG_S_T1\GOPR4886\Coral20.JPG,20,0.2003,Coral Garden S,T1,5
Coral Garden\2024_AUG_CG_S\2024_AUG_CG_S_T1\GOPR4886.JPG,Coral Garden\2024_AUG_CG_S\2024_AUG_CG_S_T1\GOPR4886\Coral16.JPG,16,0.3083,Coral Garden S,T1,5
Coral Garden\2024_AUG_CG_S\2024_AUG_CG_S_T1\GOPR4864.JPG,Coral Garden\2024_AUG_CG_S\2024_AUG_CG_S_T1\GOPR4864\Coral2.JPG,2,0.3849,Coral Garden S,T1,5
Coral Garden\2024_AUG_CG_S\2024_AUG_CG_S_T1\GOPR4864.JPG,Coral Garden\2024_AUG_CG_S\2024_AUG_CG_S_T1\GOPR4864\Coral7.JPG,7,0.2032,Coral Garden S,T1,5
Coral Garden\2024_JUL_CG_S\CG-S_T1\GOPR3092.JPG,Coral Garden\2024_JUL_CG_S\CG-S_T1\GOPR3092\Coral37.JPG,37,0.166,Coral Garden S,T1,5
Coral Garden\2024_JUL_CG_S\CG-S_T1\GOPR3092.JPG,Coral Garden\2024_JUL_CG_S\CG-S_T1\GOPR3092\Coral30.JPG,30,0.2161,Coral Garden S,T1,5
Coral Garden\2024_AUG_CG_S\2024_AUG_CG_S_T1\GOPR4845.JPG,Coral Garden\2024_AUG_CG_S\2024_AUG_CG_S_T1\GOPR4845\Coral10.JPG,10,0.167,Coral Garden S,T1,5
Coral Garden\2024_JUL_CG_S\CG-S_T1\GOPR3109.JPG,Coral Garden\2024_JUL_CG_S\CG-S_T1\GOPR3109\Coral10.JPG,10,0.4165,Coral Garden S,T1,5
Coral Garden\2024_JUL_CG_S\CG-S_T1\GOPR3109.JPG,Coral Garden\2024_JUL_CG_S\CG-S_T1\GOPR3109\Coral23.JPG,23,0.2181,Coral Garden S,T1,5
Coral Garden\2024_JUL_CG_S\CG-S_T1\GOPR3109.JPG,Coral Garden\2024_JUL_CG_S\CG-S_T1\GOPR3109\Coral7.JPG,7,0.4477,Coral Garden S,T1,5
Coral Garden\2024_JUL_CG_S\CG-S_T1\GOPR3109.JPG,Coral Garden\2024_JUL_CG_S\CG-S_T1\GOPR3109\Coral12.JPG,12,0.3764,Coral Garden S,T1,5
Coral Garden\2024_JUL_CG_S\CG-S_T2\GOPR3186.JPG,Coral Garden\2024_JUL_CG_S\CG-S_T2\GOPR3186\Coral4.JPG,4,0.6057,Coral Garden S,T2,5
Coral Garden\2024_AUG_CG_S\2024_AUG_CG_S_T2\GOPR4926.JPG,Coral Garden\2024_AUG_CG_S\2024_AUG_CG_S_T2\GOPR4926\Coral4.JPG,4,0.3416,Coral Garden S,T2,5
Coral Garden\2024_JUL_CG_S\CG-S_T2\GOPR3174.JPG,Coral Garden\2024_JUL_CG_S\CG-S_T2\GOPR3174\Coral4.JPG,4,0.2864,Coral Garden S,T2,5
Coral Garden\2024_JUL_CG_S\CG-S_T2\GOPR3184.JPG,Coral Garden\2024_JUL_CG_S\CG-S_T2\GOPR3184\Coral11.JPG,11,0.1834,Coral Garden S,T2,5
Coral Garden\2024_AUG_CG_S\2024_AUG_CG_S_T2\GOPR4921.JPG,Coral Garden\2024_AUG_CG_S\2024_AUG_CG_S_T2\GOPR4921\Coral15.JPG,15,0.1683,Coral Garden S,T2,5
Coral Garden\2024_AUG_CG_S\2024_AUG_CG_S_T2\GOPR4912.JPG,Coral Garden\2024_AUG_CG_S\2024_AUG_CG_S_T2\GOPR4912\Coral11.JPG,11,0.4842,Coral Garden S,T2,5
Coral Garden\2024_JUL_CG_S\CG-S_T2\GOPR3152.JPG,Coral Garden\2024_JUL_CG_S\CG-S_T2\GOPR3152\Coral16.JPG,16,0.3611,Coral Garden S,T2,5
Coral Garden\2024_JUL_CG_S\CG-S_T2\GOPR3188.JPG,Coral Garden\2024_JUL_CG_S\CG-S_T2\GOPR3188\Coral24.JPG,24,0.2405,Coral Garden S,T2,5
Coral Garden\2024_AUG_CG_S\2024_AUG_CG_S_T2\GOPR4916.JPG,Coral Garden\2024_AUG_CG_S\2024_AUG_CG_S_T2\GOPR4916\Coral8.JPG,8,0.6012,Coral Garden S,T2,5
Coral Garden\2024_AUG_CG_S\2024_AUG_CG_S_T2\GOPR4911.JPG,Coral Garden\2024_AUG_CG_S\2024_AUG_CG_S_T2\GOPR4911\Coral7.JPG,7,0.314,Coral Garden S,T2,5
Coral Garden\2024_JUL_CG_S\CG-S_T2\GOPR3145.JPG,Coral Garden\2024_JUL_CG_S\CG-S_T2\GOPR3145\Coral2.JPG,2,0.4385,Coral Garden S,T2,5
Coral Garden\2024_JUL_CG_S\CG-S_T2\GOPR3189.JPG,Coral Garden\2024_JUL_CG_S\CG-S_T2\GOPR3189\Coral1.JPG,1,0.4133,Coral Garden S,T2,5
Coral Garden\2024_AUG_CG_S\2024_AUG_CG_S_T2\GOPR4925.JPG,Coral Garden\2024_AUG_CG_S\2024_AUG_CG_S_T2\GOPR4925\Coral11.JPG,11,0.1661,Coral Garden S,T2,5
Coral Garden\2024_AUG_CG_S\2024_AUG_CG_S_T2\GOPR4903.JPG,Coral Garden\2024_AUG_CG_S\2024_AUG_CG_S_T2\GOPR4903\Coral2.JPG,2,0.1613,Coral Garden S,T2,5
Coral Garden\2024_JUL_CG_S\CG-S_T2\GOPR3150.JPG,Coral Garden\2024_JUL_CG_S\CG-S_T2\GOPR3150\Coral13.JPG,13,0.2118,Coral Garden S,T2,5
Coral Garden\2024_JUL_CG_S\CG-S_T2\GOPR3157.JPG,Coral Garden\2024_JUL_CG_S\CG-S_T2\GOPR3157\Coral4.JPG,4,0.2537,Coral Garden S,T2,5
Coral Garden\2024_AUG_CG_S\2024_AUG_CG_S_T2\GOPR4940.JPG,Coral Garden\2024_AUG_CG_S\2024_AUG_CG_S_T2\GOPR4940\Coral7.JPG,7,0.3519,Coral Garden S,T2,5
Coral Garden\2024_AUG_CG_S\2024_AUG_CG_S_T2\GOPR4943.JPG,Coral Garden\2024_AUG_CG_S\2024_AUG_CG_S_T2\GOPR4943\Coral28.JPG,28,0.2297,Coral Garden S,T2,5
Coral Garden\2024_JUL_CG_S\CG-S_T2\GOPR3175.JPG,Coral Garden\2024_JUL_CG_S\CG-S_T2\GOPR3175\Coral3.JPG,3,0.2143,Coral Garden S,T2,5
Coral Garden\2024_JUL_CG_S\CG-S_T2\GOPR3190.JPG,Coral Garden\2024_JUL_CG_S\CG-S_T2\GOPR3190\Coral3.JPG,3,0.4868,Coral Garden S,T2,5
Coral Garden\2024_AUG_CG_S\2024_AUG_CG_S_T2\GOPR4939.JPG,Coral Garden\2024_AUG_CG_S\2024_AUG_CG_S_T2\GOPR4939\Coral12.JPG,12,0.2145,Coral Garden S,T2,5
Coral Garden\2024_JUL_CG_S\CG-S_T2\GOPR3172.JPG,Coral Garden\2024_JUL_CG_S\CG-S_T2\GOPR3172\Coral6.JPG,6,0.3666,Coral Garden S,T2,5
Coral Garden\2024_AUG_CG_S\2024_AUG_CG_S_T2\GOPR4913.JPG,Coral Garden\2024_AUG_CG_S\2024_AUG_CG_S_T2\GOPR4913\Coral18.JPG,18,0.1752,Coral Garden S,T2,5
Coral Garden\2024_JUL_CG_S\CG-S_T2\GOPR3185.JPG,Coral Garden\2024_JUL_CG_S\CG-S_T2\GOPR3185\Coral2.JPG,2,0.4654,Coral Garden S,T2,5
Coral Garden\2024_AUG_CG_S\2024_AUG_CG_S_T2\GOPR4936.JPG,Coral Garden\2024_AUG_CG_S\2024_AUG_CG_S_T2\GOPR4936\Coral18.JPG,18,0.2324,Coral Garden S,T2,5
Coral Garden\2024_AUG_CG_S\2024_AUG_CG_S_T2\GOPR4924.JPG,Coral Garden\2024_AUG_CG_S\2024_AUG_CG_S_T2\GOPR4924\Coral4.JPG,4,0.365,Coral Garden S,T2,5
Coral Garden\2024_JUL_CG_S\CG-S_T2\GOPR3148.JPG,Coral Garden\2024_JUL_CG_S\CG-S_T2\GOPR3148\Coral9.JPG,9,0.4128,Coral Garden S,T2,5
Coral Garden\2024_JUL_CG_S\CG-S_T2\GOPR3157.JPG,Coral Garden\2024_JUL_CG_S\CG-S_T2\GOPR3157\Coral8.JPG,8,0.1761,Coral Garden S,T2,5
Coral Garden\2024_JUL_CG_S\CG-S_T2\GOPR3144.JPG,Coral Garden\2024_JUL_CG_S\CG-S_T2\GOPR3144\Coral5.JPG,5,0.1752,Coral Garden S,T2,5
Coral Garden\2024_AUG_CG_S\2024_AUG_CG_S_T2\GOPR4923.JPG,Coral Garden\2024_AUG_CG_S\2024_AUG_CG_S_T2\GOPR4923\Coral26.JPG,26,0.1604,Coral Garden S,T2,5
Coral Garden\2024_JUL_CG_S\CG-S_T2\GOPR3164.JPG,Coral Garden\2024_JUL_CG_S\CG-S_T2\GOPR3164\Coral41.JPG,41,0.2312,Coral Garden S,T2,5
Coral Garden\2024_JUL_CG_S\CG-S_T2\GOPR3175.JPG,Coral Garden\2024_JUL_CG_S\CG-S_T2\GOPR3175\Coral2.JPG,2,0.347,Coral Garden S,T2,5
Coral Garden\2024_AUG_CG_S\2024_AUG_CG_S_T2\GOPR4927.JPG,Coral Garden\2024_AUG_CG_S\2024_AUG_CG_S_T2\GOPR4927\Coral26.JPG,26,0.1512,Coral Garden S,T2,5
Coral Garden\2024_JUL_CG_S\CG-S_T2\GOPR3156.JPG,Coral Garden\2024_JUL_CG_S\CG-S_T2\GOPR3156\Coral12.JPG,12,0.1965,Coral Garden S,T2,5
Coral Garden\2024_AUG_CG_S\2024_AUG_CG_S_T2\GOPR4930.JPG,Coral Garden\2024_AUG_CG_S\2024_AUG_CG_S_T2\GOPR4930\Coral7.JPG,7,0.1551,Coral Garden S,T2,5
Coral Garden\2024_AUG_CG_S\2024_AUG_CG_S_T2\GOPR4935.JPG,Coral Garden\2024_AUG_CG_S\2024_AUG_CG_S_T2\GOPR4935\Coral17.JPG,17,0.3967,Coral Garden S,T2,5
Coral Garden\2024_JUL_CG_S\CG-S_T2\GOPR3174.JPG,Coral Garden\2024_JUL_CG_S\CG-S_T2\GOPR3174\Coral10.JPG,10,0.1667,Coral Garden S,T2,5
Coral Garden\2024_JUL_CG_S\CG-S_T2\GOPR3180.JPG,Coral Garden\2024_JUL_CG_S\CG-S_T2\GOPR3180\Coral7.JPG,7,0.3064,Coral Garden S,T2,5
Coral Garden\2024_JUL_CG_S\CG-S_T2\GOPR3188.JPG,Coral Garden\2024_JUL_CG_S\CG-S_T2\GOPR3188\Coral14.JPG,14,0.4233,Coral Garden S,T2,5
Coral Garden\2024_JUL_CG_S\CG-S_T2\GOPR3151.JPG,Coral Garden\2024_JUL_CG_S\CG-S_T2\GOPR3151\Coral1.JPG,1,0.7445,Coral Garden S,T2,5
Coral Garden\2024_AUG_CG_S\2024_AUG_CG_S_T2\GOPR4911.JPG,Coral Garden\2024_AUG_CG_S\2024_AUG_CG_S_T2\GOPR4911\Coral9.JPG,9,0.281,Coral Garden S,T2,5
Coral Garden\2024_AUG_CG_S\2024_AUG_CG_S_T2\GOPR4893.JPG,Coral Garden\2024_AUG_CG_S\2024_AUG_CG_S_T2\GOPR4893\Coral8.JPG,8,0.3616,Coral Garden S,T2,5
Coral Garden\2024_AUG_CG_S\2024_AUG_CG_S_T2\GOPR4898.JPG,Coral Garden\2024_AUG_CG_S\2024_AUG_CG_S_T2\GOPR4898\Coral5.JPG,5,0.2199,Coral Garden S,T2,5
Coral Garden\2024_JUL_CG_S\CG-S_T2\GOPR3187.JPG,Coral Garden\2024_JUL_CG_S\CG-S_T2\GOPR3187\Coral1.JPG,1,0.6538,Coral Garden S,T2,5
Coral Garden\2024_JUL_CG_S\CG-S_T2\GOPR3177.JPG,Coral Garden\2024_JUL_CG_S\CG-S_T2\GOPR3177\Coral5.JPG,5,0.3718,Coral Garden S,T2,5
Coral Garden\2024_JUL_CG_S\CG-S_T2\GOPR3182.JPG,Coral Garden\2024_JUL_CG_S\CG-S_T2\GOPR3182\Coral24.JPG,24,0.1704,Coral Garden S,T2,5
Coral Garden\2024_JUL_CG_S\CG-S_T2\GOPR3165.JPG,Coral Garden\2024_JUL_CG_S\CG-S_T2\GOPR3165\Coral10.JPG,10,0.6078,Coral Garden S,T2,5
Coral Garden\2024_JUL_CG_S\CG-S_T2\GOPR3148.JPG,Coral Garden\2024_JUL_CG_S\CG-S_T2\GOPR3148\Coral1.JPG,1,0.8355,Coral Garden S,T2,5
Coral Garden\2024_AUG_CG_S\2024_AUG_CG_S_T2\GOPR4931.JPG,Coral Garden\2024_AUG_CG_S\2024_AUG_CG_S_T2\GOPR4931\Coral10.JPG,10,0.1858,Coral Garden S,T2,5
Coral Garden\2024_JUL_CG_S\CG-S_T2\GOPR3144.JPG,Coral Garden\2024_JUL_CG_S\CG-S_T2\GOPR3144\Coral1.JPG,1,0.4856,Coral Garden S,T2,5
Coral Garden\2024_AUG_CG_S\2024_AUG_CG_S_T2\GOPR4923.JPG,Coral Garden\2024_AUG_CG_S\2024_AUG_CG_S_T2\GOPR4923\Coral15.JPG,15,0.2516,Coral Garden S,T2,5
Coral Garden\2024_AUG_CG_S\2024_AUG_CG_S_T2\GOPR4941.JPG,Coral Garden\2024_AUG_CG_S\2024_AUG_CG_S_T2\GOPR4941\Coral15.JPG,15,0.3506,Coral Garden S,T2,5
Coral Garden\2024_AUG_CG_S\2024_AUG_CG_S_T2\GOPR4908.JPG,Coral Garden\2024_AUG_CG_S\2024_AUG_CG_S_T2\GOPR4908\Coral10.JPG,10,0.3661,Coral Garden S,T2,5
Coral Garden\2024_AUG_CG_S\2024_AUG_CG_S_T2\GOPR4944.JPG,Coral Garden\2024_AUG_CG_S\2024_AUG_CG_S_T2\GOPR4944\Coral28.JPG,28,0.1955,Coral Garden S,T2,5
Coral Garden\2024_AUG_CG_S\2024_AUG_CG_S_T2\GOPR4934.JPG,Coral Garden\2024_AUG_CG_S\2024_AUG_CG_S_T2\GOPR4934\Coral11.JPG,11,0.1839,Coral Garden S,T2,5
Coral Garden\2024_AUG_CG_S\2024_AUG_CG_S_T2\GOPR4930.JPG,Coral Garden\2024_AUG_CG_S\2024_AUG_CG_S_T2\GOPR4930\Coral6.JPG,6,0.1561,Coral Garden S,T2,5
Coral Garden\2024_AUG_CG_S\2024_AUG_CG_S_T2\GOPR4901.JPG,Coral Garden\2024_AUG_CG_S\2024_AUG_CG_S_T2\GOPR4901\Coral12.JPG,12,0.1995,Coral Garden S,T2,5
Coral Garden\2024_AUG_CG_S\2024_AUG_CG_S_T2\GOPR4894.JPG,Coral Garden\2024_AUG_CG_S\2024_AUG_CG_S_T2\GOPR4894\Coral12.JPG,12,0.2071,Coral Garden S,T2,5
Coral Garden\2024_AUG_CG_S\2024_AUG_CG_S_T2\GOPR4920.JPG,Coral Garden\2024_AUG_CG_S\2024_AUG_CG_S_T2\GOPR4920\Coral6.JPG,6,0.1842,Coral Garden S,T2,5
Coral Garden\2024_JUL_CG_S\CG-S_T2\GOPR3186.JPG,Coral Garden\2024_JUL_CG_S\CG-S_T2\GOPR3186\Coral16.JPG,16,0.2009,Coral Garden S,T2,5
Coral Garden\2024_JUL_CG_S\CG-S_T2\GOPR3186.JPG,Coral Garden\2024_JUL_CG_S\CG-S_T2\GOPR3186\Coral15.JPG,15,0.2297,Coral Garden S,T2,5
Coral Garden\2024_AUG_CG_S\2024_AUG_CG_S_T2\GOPR4913.JPG,Coral Garden\2024_AUG_CG_S\2024_AUG_CG_S_T2\GOPR4913\Coral20.JPG,20,0.162,Coral Garden S,T2,5
Coral Garden\2024_AUG_CG_S\2024_AUG_CG_S_T2\GOPR4913.JPG,Coral Garden\2024_AUG_CG_S\2024_AUG_CG_S_T2\GOPR4913\Coral13.JPG,13,0.2235,Coral Garden S,T2,5
Coral Garden\2024_JUL_CG_S\CG-S_T2\GOPR3146.JPG,Coral Garden\2024_JUL_CG_S\CG-S_T2\GOPR3146\Coral2.JPG,2,0.319,Coral Garden S,T2,5
Coral Garden\2024_JUL_CG_S\CG-S_T2\GOPR3146.JPG,Coral Garden\2024_JUL_CG_S\CG-S_T2\GOPR3146\Coral11.JPG,11,0.1818,Coral Garden S,T2,5
Coral Garden\2024_JUL_CG_S\CG-S_T2\GOPR3146.JPG,Coral Garden\2024_JUL_CG_S\CG-S_T2\GOPR3146\Coral8.JPG,8,0.1958,Coral Garden S,T2,5
Coral Garden\2024_JUL_CG_S\CG-S_T2\GOPR3159.JPG,Coral Garden\2024_JUL_CG_S\CG-S_T2\GOPR3159\Coral3.JPG,3,0.6378,Coral Garden S,T2,5
Coral Garden\2024_JUL_CG_S\CG-S_T2\GOPR3159.JPG,Coral Garden\2024_JUL_CG_S\CG-S_T2\GOPR3159\Coral8.JPG,8,0.4881,Coral Garden S,T2,5
Coral Garden\2024_JUL_CG_S\CG-S_T2\GOPR3159.JPG,Coral Garden\2024_JUL_CG_S\CG-S_T2\GOPR3159\Coral13.JPG,13,0.3759,Coral Garden S,T2,5
Coral Garden\2024_JUL_CG_S\CG-S_T2\GOPR3159.JPG,Coral Garden\2024_JUL_CG_S\CG-S_T2\GOPR3159\Coral12.JPG,12,0.3989,Coral Garden S,T2,5
Coral Garden\2024_JUL_CG_S\CG-S_T2\GOPR3159.JPG,Coral Garden\2024_JUL_CG_S\CG-S_T2\GOPR3159\Coral1.JPG,1,0.6635,Coral Garden S,T2,5
Coral Garden\2024_AUG_CG_S\2024_AUG_CG_S_T2\GOPR4926.JPG,Coral Garden\2024_AUG_CG_S\2024_AUG_CG_S_T2\GOPR4926\Coral14.JPG,14,0.153,Coral Garden S,T2,5
Coral Garden\2024_AUG_CG_S\2024_AUG_CG_S_T2\GOPR4926.JPG,Coral Garden\2024_AUG_CG_S\2024_AUG_CG_S_T2\GOPR4926\Coral10.JPG,10,0.1829,Coral Garden S,T2,5
Coral Garden\2024_JUL_CG_S\CG-S_T2\GOPR3174.JPG,Coral Garden\2024_JUL_CG_S\CG-S_T2\GOPR3174\Coral8.JPG,8,0.2151,Coral Garden S,T2,5
Coral Garden\2024_JUL_CG_S\CG-S_T2\GOPR3174.JPG,Coral Garden\2024_JUL_CG_S\CG-S_T2\GOPR3174\Coral7.JPG,7,0.2299,Coral Garden S,T2,5
Coral Garden\2024_JUL_CG_S\CG-S_T2\GOPR3167.JPG,Coral Garden\2024_JUL_CG_S\CG-S_T2\GOPR3167\Coral17.JPG,17,0.5671,Coral Garden S,T2,5
Coral Garden\2024_JUL_CG_S\CG-S_T2\GOPR3167.JPG,Coral Garden\2024_JUL_CG_S\CG-S_T2\GOPR3167\Coral9.JPG,9,0.6943,Coral Garden S,T2,5
Coral Garden\2024_JUL_CG_S\CG-S_T2\GOPR3167.JPG,Coral Garden\2024_JUL_CG_S\CG-S_T2\GOPR3167\Coral15.JPG,15,0.6033,Coral Garden S,T2,5
Coral Garden\2024_JUL_CG_S\CG-S_T2\GOPR3167.JPG,Coral Garden\2024_JUL_CG_S\CG-S_T2\GOPR3167\Coral34.JPG,34,0.3325,Coral Garden S,T2,5
Coral Garden\2024_JUL_CG_S\CG-S_T2\GOPR3167.JPG,Coral Garden\2024_JUL_CG_S\CG-S_T2\GOPR3167\Coral10.JPG,10,0.688,Coral Garden S,T2,5
Coral Garden\2024_JUL_CG_S\CG-S_T2\GOPR3184.JPG,Coral Garden\2024_JUL_CG_S\CG-S_T2\GOPR3184\Coral3.JPG,3,0.3654,Coral Garden S,T2,5
Coral Garden\2024_AUG_CG_S\2024_AUG_CG_S_T2\GOPR4907.JPG,Coral Garden\2024_AUG_CG_S\2024_AUG_CG_S_T2\GOPR4907\Coral8.JPG,8,0.3537,Coral Garden S,T2,5
Coral Garden\2024_AUG_CG_S\2024_AUG_CG_S_T2\GOPR4907.JPG,Coral Garden\2024_AUG_CG_S\2024_AUG_CG_S_T2\GOPR4907\Coral9.JPG,9,0.3176,Coral Garden S,T2,5
Coral Garden\2024_AUG_CG_S\2024_AUG_CG_S_T2\GOPR4907.JPG,Coral Garden\2024_AUG_CG_S\2024_AUG_CG_S_T2\GOPR4907\Coral3.JPG,3,0.5793,Coral Garden S,T2,5
Coral Garden\2024_AUG_CG_S\2024_AUG_CG_S_T2\GOPR4907.JPG,Coral Garden\2024_AUG_CG_S\2024_AUG_CG_S_T2\GOPR4907\Coral5.JPG,5,0.5186,Coral Garden S,T2,5
Coral Garden\2024_JUL_CG_S\CG-S_T2\GOPR3160.JPG,Coral Garden\2024_JUL_CG_S\CG-S_T2\GOPR3160\Coral3.JPG,3,0.3827,Coral Garden S,T2,5
Coral Garden\2024_AUG_CG_S\2024_AUG_CG_S_T2\GOPR4921.JPG,Coral Garden\2024_AUG_CG_S\2024_AUG_CG_S_T2\GOPR4921\Coral13.JPG,13,0.2119,Coral Garden S,T2,5
Coral Garden\2024_AUG_CG_S\2024_AUG_CG_S_T2\GOPR4921.JPG,Coral Garden\2024_AUG_CG_S\2024_AUG_CG_S_T2\GOPR4921\Coral14.JPG,14,0.193,Coral Garden S,T2,5
Coral Garden\2024_AUG_CG_S\2024_AUG_CG_S_T2\GOPR4921.JPG,Coral Garden\2024_AUG_CG_S\2024_AUG_CG_S_T2\GOPR4921\Coral12.JPG,12,0.2326,Coral Garden S,T2,5
Coral Garden\2024_AUG_CG_S\2024_AUG_CG_S_T2\GOPR4921.JPG,Coral Garden\2024_AUG_CG_S\2024_AUG_CG_S_T2\GOPR4921\Coral7.JPG,7,0.2925,Coral Garden S,T2,5
Coral Garden\2024_AUG_CG_S\2024_AUG_CG_S_T2\GOPR4912.JPG,Coral Garden\2024_AUG_CG_S\2024_AUG_CG_S_T2\GOPR4912\Coral17.JPG,17,0.3732,Coral Garden S,T2,5
Coral Garden\2024_AUG_CG_S\2024_AUG_CG_S_T2\GOPR4912.JPG,Coral Garden\2024_AUG_CG_S\2024_AUG_CG_S_T2\GOPR4912\Coral3.JPG,3,0.6162,Coral Garden S,T2,5
Coral Garden\2024_AUG_CG_S\2024_AUG_CG_S_T2\GOPR4912.JPG,Coral Garden\2024_AUG_CG_S\2024_AUG_CG_S_T2\GOPR4912\Coral8.JPG,8,0.529,Coral Garden S,T2,5
Coral Garden\2024_AUG_CG_S\2024_AUG_CG_S_T2\GOPR4912.JPG,Coral Garden\2024_AUG_CG_S\2024_AUG_CG_S_T2\GOPR4912\Coral13.JPG,13,0.4447,Coral Garden S,T2,5
Coral Garden\2024_AUG_CG_S\2024_AUG_CG_S_T2\GOPR4912.JPG,Coral Garden\2024_AUG_CG_S\2024_AUG_CG_S_T2\GOPR4912\Coral32.JPG,32,0.2179,Coral Garden S,T2,5
Coral Garden\2024_AUG_CG_S\2024_AUG_CG_S_T2\GOPR4912.JPG,Coral Garden\2024_AUG_CG_S\2024_AUG_CG_S_T2\GOPR4912\Coral23.JPG,23,0.3017,Coral Garden S,T2,5
Coral Garden\2024_AUG_CG_S\2024_AUG_CG_S_T2\GOPR4912.JPG,Coral Garden\2024_AUG_CG_S\2024_AUG_CG_S_T2\GOPR4912\Coral26.JPG,26,0.2686,Coral Garden S,T2,5
Coral Garden\2024_AUG_CG_S\2024_AUG_CG_S_T2\GOPR4912.JPG,Coral Garden\2024_AUG_CG_S\2024_AUG_CG_S_T2\GOPR4912\Coral20.JPG,20,0.344,Coral Garden S,T2,5
Coral Garden\2024_JUL_CG_S\CG-S_T2\GOPR3152.JPG,Coral Garden\2024_JUL_CG_S\CG-S_T2\GOPR3152\Coral8.JPG,8,0.5393,Coral Garden S,T2,5
Coral Garden\2024_JUL_CG_S\CG-S_T2\GOPR3152.JPG,Coral Garden\2024_JUL_CG_S\CG-S_T2\GOPR3152\Coral5.JPG,5,0.6362,Coral Garden S,T2,5
Coral Garden\2024_JUL_CG_S\CG-S_T2\GOPR3152.JPG,Coral Garden\2024_JUL_CG_S\CG-S_T2\GOPR3152\Coral25.JPG,25,0.24,Coral Garden S,T2,5
Coral Garden\2024_JUL_CG_S\CG-S_T2\GOPR3152.JPG,Coral Garden\2024_JUL_CG_S\CG-S_T2\GOPR3152\Coral23.JPG,23,0.2621,Coral Garden S,T2,5
Coral Garden\2024_JUL_CG_S\CG-S_T2\GOPR3152.JPG,Coral Garden\2024_JUL_CG_S\CG-S_T2\GOPR3152\Coral28.JPG,28,0.1726,Coral Garden S,T2,5
Coral Garden\2024_JUL_CG_S\CG-S_T2\GOPR3152.JPG,Coral Garden\2024_JUL_CG_S\CG-S_T2\GOPR3152\Coral12.JPG,12,0.4574,Coral Garden S,T2,5
Coral Garden\2024_JUL_CG_S\CG-S_T2\GOPR3152.JPG,Coral Garden\2024_JUL_CG_S\CG-S_T2\GOPR3152\Coral26.JPG,26,0.218,Coral Garden S,T2,5
Coral Garden\2024_JUL_CG_S\CG-S_T2\GOPR3152.JPG,Coral Garden\2024_JUL_CG_S\CG-S_T2\GOPR3152\Coral32.JPG,32,0.1551,Coral Garden S,T2,5
Coral Garden\2024_AUG_CG_S\2024_AUG_CG_S_T2\GOPR4937.JPG,Coral Garden\2024_AUG_CG_S\2024_AUG_CG_S_T2\GOPR4937\Coral10.JPG,10,0.2742,Coral Garden S,T2,5
Coral Garden\2024_AUG_CG_S\2024_AUG_CG_S_T2\GOPR4937.JPG,Coral Garden\2024_AUG_CG_S\2024_AUG_CG_S_T2\GOPR4937\Coral7.JPG,7,0.3452,Coral Garden S,T2,5
Coral Garden\2024_JUL_CG_S\CG-S_T2\GOPR3171.JPG,Coral Garden\2024_JUL_CG_S\CG-S_T2\GOPR3171\Coral1.JPG,1,0.617,Coral Garden S,T2,5
Coral Garden\2024_JUL_CG_S\CG-S_T2\GOPR3180.JPG,Coral Garden\2024_JUL_CG_S\CG-S_T2\GOPR3180\Coral8.JPG,8,0.2982,Coral Garden S,T2,5
Coral Garden\2024_JUL_CG_S\CG-S_T2\GOPR3180.JPG,Coral Garden\2024_JUL_CG_S\CG-S_T2\GOPR3180\Coral1.JPG,1,0.5808,Coral Garden S,T2,5
Coral Garden\2024_AUG_CG_S\2024_AUG_CG_S_T3\GOPR5007.JPG,Coral Garden\2024_AUG_CG_S\2024_AUG_CG_S_T3\GOPR5007\Coral6.JPG,6,0.2814,Coral Garden S,T3,5
Coral Garden\2024_AUG_CG_S\2024_AUG_CG_S_T3\GOPR4967.JPG,Coral Garden\2024_AUG_CG_S\2024_AUG_CG_S_T3\GOPR4967\Coral31.JPG,31,0.1513,Coral Garden S,T3,5
Coral Garden\2024_AUG_CG_S\2024_AUG_CG_S_T3\GOPR5004.JPG,Coral Garden\2024_AUG_CG_S\2024_AUG_CG_S_T3\GOPR5004\Coral11.JPG,11,0.274,Coral Garden S,T3,5
Coral Garden\2024_JUL_CG_S\CG-S_T3\GOPR3247.JPG,Coral Garden\2024_JUL_CG_S\CG-S_T3\GOPR3247\Coral25.JPG,25,0.1588,Coral Garden S,T3,5
Coral Garden\2024_JUL_CG_S\CG-S_T3\GOPR3229.JPG,Coral Garden\2024_JUL_CG_S\CG-S_T3\GOPR3229\Coral7.JPG,7,0.225,Coral Garden S,T3,5
Coral Garden\2024_AUG_CG_S\2024_AUG_CG_S_T3\GOPR4954.JPG,Coral Garden\2024_AUG_CG_S\2024_AUG_CG_S_T3\GOPR4954\Coral32.JPG,32,0.229,Coral Garden S,T3,5
Coral Garden\2024_JUL_CG_S\CG-S_T3\GOPR3222.JPG,Coral Garden\2024_JUL_CG_S\CG-S_T3\GOPR3222\Coral1.JPG,1,0.6632,Coral Garden S,T3,5
Coral Garden\2024_AUG_CG_S\2024_AUG_CG_S_T3\GOPR4951.JPG,Coral Garden\2024_AUG_CG_S\2024_AUG_CG_S_T3\GOPR4951\Coral8.JPG,8,0.1687,Coral Garden S,T3,5
Coral Garden\2024_AUG_CG_S\2024_AUG_CG_S_T3\GOPR5005.JPG,Coral Garden\2024_AUG_CG_S\2024_AUG_CG_S_T3\GOPR5005\Coral7.JPG,7,0.2434,Coral Garden S,T3,5
Coral Garden\2024_AUG_CG_S\2024_AUG_CG_S_T3\GOPR4973.JPG,Coral Garden\2024_AUG_CG_S\2024_AUG_CG_S_T3\GOPR4973\Coral4.JPG,4,0.5023,Coral Garden S,T3,5
Coral Garden\2024_JUL_CG_S\CG-S_T3\GOPR3217.JPG,Coral Garden\2024_JUL_CG_S\CG-S_T3\GOPR3217\Coral1.JPG,1,0.5343,Coral Garden S,T3,5
Coral Garden\2024_AUG_CG_S\2024_AUG_CG_S_T3\GOPR4972.JPG,Coral Garden\2024_AUG_CG_S\2024_AUG_CG_S_T3\GOPR4972\Coral16.JPG,16,0.2351,Coral Garden S,T3,5
Coral Garden\2024_AUG_CG_S\2024_AUG_CG_S_T3\GOPR4994.JPG,Coral Garden\2024_AUG_CG_S\2024_AUG_CG_S_T3\GOPR4994\Coral3.JPG,3,0.2642,Coral Garden S,T3,5
Coral Garden\2024_AUG_CG_S\2024_AUG_CG_S_T3\GOPR4998.JPG,Coral Garden\2024_AUG_CG_S\2024_AUG_CG_S_T3\GOPR4998\Coral1.JPG,1,0.6655,Coral Garden S,T3,5
Coral Garden\2024_JUL_CG_S\CG-S_T3\GOPR3209.JPG,Coral Garden\2024_JUL_CG_S\CG-S_T3\GOPR3209\Coral3.JPG,3,0.5746,Coral Garden S,T3,5
Coral Garden\2024_JUL_CG_S\CG-S_T3\GOPR3206.JPG,Coral Garden\2024_JUL_CG_S\CG-S_T3\GOPR3206\Coral1.JPG,1,0.667,Coral Garden S,T3,5
Coral Garden\2024_JUL_CG_S\CG-S_T3\GOPR3200.JPG,Coral Garden\2024_JUL_CG_S\CG-S_T3\GOPR3200\Coral17.JPG,17,0.2408,Coral Garden S,T3,5
Coral Garden\2024_JUL_CG_S\CG-S_T3\GOPR3208.JPG,Coral Garden\2024_JUL_CG_S\CG-S_T3\GOPR3208\Coral4.JPG,4,0.2923,Coral Garden S,T3,5
Coral Garden\2024_AUG_CG_S\2024_AUG_CG_S_T3\GOPR4981.JPG,Coral Garden\2024_AUG_CG_S\2024_AUG_CG_S_T3\GOPR4981\Coral25.JPG,25,0.235,Coral Garden S,T3,5
Coral Garden\2024_JUL_CG_S\CG-S_T3\GOPR3212.JPG,Coral Garden\2024_JUL_CG_S\CG-S_T3\GOPR3212\Coral4.JPG,4,0.1931,Coral Garden S,T3,5
Coral Garden\2024_AUG_CG_S\2024_AUG_CG_S_T3\GOPR4997.JPG,Coral Garden\2024_AUG_CG_S\2024_AUG_CG_S_T3\GOPR4997\Coral5.JPG,5,0.2213,Coral Garden S,T3,5
Coral Garden\2024_AUG_CG_S\2024_AUG_CG_S_T3\GOPR4987.JPG,Coral Garden\2024_AUG_CG_S\2024_AUG_CG_S_T3\GOPR4987\Coral10.JPG,10,0.1937,Coral Garden S,T3,5
Coral Garden\2024_AUG_CG_S\2024_AUG_CG_S_T3\GOPR4957.JPG,Coral Garden\2024_AUG_CG_S\2024_AUG_CG_S_T3\GOPR4957\Coral27.JPG,27,0.1869,Coral Garden S,T3,5
Coral Garden\2024_AUG_CG_S\2024_AUG_CG_S_T3\GOPR4992.JPG,Coral Garden\2024_AUG_CG_S\2024_AUG_CG_S_T3\GOPR4992\Coral15.JPG,15,0.2166,Coral Garden S,T3,5
Coral Garden\2024_AUG_CG_S\2024_AUG_CG_S_T3\GOPR5004.JPG,Coral Garden\2024_AUG_CG_S\2024_AUG_CG_S_T3\GOPR5004\Coral14.JPG,14,0.2407,Coral Garden S,T3,5
Coral Garden\2024_AUG_CG_S\2024_AUG_CG_S_T3\GOPR4966.JPG,Coral Garden\2024_AUG_CG_S\2024_AUG_CG_S_T3\GOPR4966\Coral2.JPG,2,0.6606,Coral Garden S,T3,5
Coral Garden\2024_JUL_CG_S\CG-S_T3\GOPR3233.JPG,Coral Garden\2024_JUL_CG_S\CG-S_T3\GOPR3233\Coral2.JPG,2,0.3041,Coral Garden S,T3,5
Coral Garden\2024_JUL_CG_S\CG-S_T3\GOPR3229.JPG,Coral Garden\2024_JUL_CG_S\CG-S_T3\GOPR3229\Coral14.JPG,14,0.1523,Coral Garden S,T3,5
Coral Garden\2024_AUG_CG_S\2024_AUG_CG_S_T3\GOPR4969.JPG,Coral Garden\2024_AUG_CG_S\2024_AUG_CG_S_T3\GOPR4969\Coral2.JPG,2,0.156,Coral Garden S,T3,5
Coral Garden\2024_JUL_CG_S\CG-S_T3\GOPR3222.JPG,Coral Garden\2024_JUL_CG_S\CG-S_T3\GOPR3222\Coral4.JPG,4,0.3154,Coral Garden S,T3,5
Coral Garden\2024_AUG_CG_S\2024_AUG_CG_S_T3\GOPR5001.JPG,Coral Garden\2024_AUG_CG_S\2024_AUG_CG_S_T3\GOPR5001\Coral4.JPG,4,0.4153,Coral Garden S,T3,5
Coral Garden\2024_AUG_CG_S\2024_AUG_CG_S_T3\GOPR4973.JPG,Coral Garden\2024_AUG_CG_S\2024_AUG_CG_S_T3\GOPR4973\Coral3.JPG,3,0.5026,Coral Garden S,T3,5
Coral Garden\2024_JUL_CG_S\CG-S_T3\GOPR3210.JPG,Coral Garden\2024_JUL_CG_S\CG-S_T3\GOPR3210\Coral11.JPG,11,0.187,Coral Garden S,T3,5
Coral Garden\2024_JUL_CG_S\CG-S_T3\GOPR3235.JPG,Coral Garden\2024_JUL_CG_S\CG-S_T3\GOPR3235\Coral6.JPG,6,0.1722,Coral Garden S,T3,5
Coral Garden\2024_AUG_CG_S\2024_AUG_CG_S_T3\GOPR4986.JPG,Coral Garden\2024_AUG_CG_S\2024_AUG_CG_S_T3\GOPR4986\Coral4.JPG,4,0.3073,Coral Garden S,T3,5
Coral Garden\2024_JUL_CG_S\CG-S_T3\GOPR3227.JPG,Coral Garden\2024_JUL_CG_S\CG-S_T3\GOPR3227\Coral4.JPG,4,0.3695,Coral Garden S,T3,5
Coral Garden\2024_JUL_CG_S\CG-S_T3\GOPR3232.JPG,Coral Garden\2024_JUL_CG_S\CG-S_T3\GOPR3232\Coral6.JPG,6,0.2671,Coral Garden S,T3,5
Coral Garden\2024_AUG_CG_S\2024_AUG_CG_S_T3\GOPR4977.JPG,Coral Garden\2024_AUG_CG_S\2024_AUG_CG_S_T3\GOPR4977\Coral1.JPG,1,0.7474,Coral Garden S,T3,5
Coral Garden\2024_AUG_CG_S\2024_AUG_CG_S_T3\GOPR4975.JPG,Coral Garden\2024_AUG_CG_S\2024_AUG_CG_S_T3\GOPR4975\Coral17.JPG,17,0.1528,Coral Garden S,T3,5
Coral Garden\2024_AUG_CG_S\2024_AUG_CG_S_T3\GOPR4998.JPG,Coral Garden\2024_AUG_CG_S\2024_AUG_CG_S_T3\GOPR4998\Coral3.JPG,3,0.3236,Coral Garden S,T3,5
Coral Garden\2024_JUL_CG_S\CG-S_T3\GOPR3216.JPG,Coral Garden\2024_JUL_CG_S\CG-S_T3\GOPR3216\Coral21.JPG,21,0.1668,Coral Garden S,T3,5
Coral Garden\2024_JUL_CG_S\CG-S_T3\GOPR3209.JPG,Coral Garden\2024_JUL_CG_S\CG-S_T3\GOPR3209\Coral2.JPG,2,0.677,Coral Garden S,T3,5
Coral Garden\2024_JUL_CG_S\CG-S_T3\GOPR3203.JPG,Coral Garden\2024_JUL_CG_S\CG-S_T3\GOPR3203\Coral27.JPG,27,0.2053,Coral Garden S,T3,5
Coral Garden\2024_AUG_CG_S\2024_AUG_CG_S_T3\GOPR4955.JPG,Coral Garden\2024_AUG_CG_S\2024_AUG_CG_S_T3\GOPR4955\Coral19.JPG,19,0.1775,Coral Garden S,T3,5
Coral Garden\2024_JUL_CG_S\CG-S_T3\GOPR3200.JPG,Coral Garden\2024_JUL_CG_S\CG-S_T3\GOPR3200\Coral6.JPG,6,0.4784,Coral Garden S,T3,5
Coral Garden\2024_JUL_CG_S\CG-S_T3\GOPR3246.JPG,Coral Garden\2024_JUL_CG_S\CG-S_T3\GOPR3246\Coral2.JPG,2,0.4117,Coral Garden S,T3,5
Coral Garden\2024_AUG_CG_S\2024_AUG_CG_S_T3\GOPR4981.JPG,Coral Garden\2024_AUG_CG_S\2024_AUG_CG_S_T3\GOPR4981\Coral18.JPG,18,0.3452,Coral Garden S,T3,5
Coral Garden\2024_AUG_CG_S\2024_AUG_CG_S_T3\GOPR4953.JPG,Coral Garden\2024_AUG_CG_S\2024_AUG_CG_S_T3\GOPR4953\Coral2.JPG,2,0.6949,Coral Garden S,T3,5
Coral Garden\2024_AUG_CG_S\2024_AUG_CG_S_T3\GOPR4989.JPG,Coral Garden\2024_AUG_CG_S\2024_AUG_CG_S_T3\GOPR4989\Coral3.JPG,3,0.4691,Coral Garden S,T3,5
Coral Garden\2024_JUL_CG_S\CG-S_T3\GOPR3211.JPG,Coral Garden\2024_JUL_CG_S\CG-S_T3\GOPR3211\Coral15.JPG,15,0.1992,Coral Garden S,T3,5
Coral Garden\2024_JUL_CG_S\CG-S_T3\GOPR3233.JPG,Coral Garden\2024_JUL_CG_S\CG-S_T3\GOPR3233\Coral3.JPG,3,0.2862,Coral Garden S,T3,5
Coral Garden\2024_JUL_CG_S\CG-S_T3\GOPR3229.JPG,Coral Garden\2024_JUL_CG_S\CG-S_T3\GOPR3229\Coral5.JPG,5,0.2442,Coral Garden S,T3,5
Coral Garden\2024_AUG_CG_S\2024_AUG_CG_S_T3\GOPR5005.JPG,Coral Garden\2024_AUG_CG_S\2024_AUG_CG_S_T3\GOPR5005\Coral3.JPG,3,0.3749,Coral Garden S,T3,5
Coral Garden\2024_JUL_CG_S\CG-S_T3\GOPR3217.JPG,Coral Garden\2024_JUL_CG_S\CG-S_T3\GOPR3217\Coral2.JPG,2,0.5139,Coral Garden S,T3,5
Coral Garden\2024_JUL_CG_S\CG-S_T3\GOPR3240.JPG,Coral Garden\2024_JUL_CG_S\CG-S_T3\GOPR3240\Coral9.JPG,9,0.1533,Coral Garden S,T3,5
Coral Garden\2024_JUL_CG_S\CG-S_T3\GOPR3241.JPG,Coral Garden\2024_JUL_CG_S\CG-S_T3\GOPR3241\Coral13.JPG,13,0.1567,Coral Garden S,T3,5
Coral Garden\2024_AUG_CG_S\2024_AUG_CG_S_T3\GOPR4979.JPG,Coral Garden\2024_AUG_CG_S\2024_AUG_CG_S_T3\GOPR4979\Coral17.JPG,17,0.1985,Coral Garden S,T3,5
Coral Garden\2024_JUL_CG_S\CG-S_T3\GOPR3215.JPG,Coral Garden\2024_JUL_CG_S\CG-S_T3\GOPR3215\Coral4.JPG,4,0.5162,Coral Garden S,T3,5
Coral Garden\2024_JUL_CG_S\CG-S_T3\GOPR3204.JPG,Coral Garden\2024_JUL_CG_S\CG-S_T3\GOPR3204\Coral21.JPG,21,0.2917,Coral Garden S,T3,5
Coral Garden\2024_JUL_CG_S\CG-S_T3\GOPR3204.JPG,Coral Garden\2024_JUL_CG_S\CG-S_T3\GOPR3204\Coral26.JPG,26,0.2689,Coral Garden S,T3,5
Coral Garden\2024_JUL_CG_S\CG-S_T3\GOPR3204.JPG,Coral Garden\2024_JUL_CG_S\CG-S_T3\GOPR3204\Coral11.JPG,11,0.4111,Coral Garden S,T3,5
Coral Garden\2024_JUL_CG_S\CG-S_T3\GOPR3204.JPG,Coral Garden\2024_JUL_CG_S\CG-S_T3\GOPR3204\Coral19.JPG,19,0.3007,Coral Garden S,T3,5
Coral Garden\2024_JUL_CG_S\CG-S_T3\GOPR3204.JPG,Coral Garden\2024_JUL_CG_S\CG-S_T3\GOPR3204\Coral13.JPG,13,0.375,Coral Garden S,T3,5
Coral Garden\2024_JUL_CG_S\CG-S_T3\GOPR3204.JPG,Coral Garden\2024_JUL_CG_S\CG-S_T3\GOPR3204\Coral4.JPG,4,0.6064,Coral Garden S,T3,5
Coral Garden\2024_JUL_CG_S\CG-S_T3\GOPR3204.JPG,Coral Garden\2024_JUL_CG_S\CG-S_T3\GOPR3204\Coral32.JPG,32,0.192,Coral Garden S,T3,5
Coral Garden\2024_JUL_CG_S\CG-S_T3\GOPR3204.JPG,Coral Garden\2024_JUL_CG_S\CG-S_T3\GOPR3204\Coral24.JPG,24,0.2739,Coral Garden S,T3,5
Coral Garden\2024_AUG_CG_S\2024_AUG_CG_S_T3\GOPR4981.JPG,Coral Garden\2024_AUG_CG_S\2024_AUG_CG_S_T3\GOPR4981\Coral21.JPG,21,0.3019,Coral Garden S,T3,5
Coral Garden\2024_AUG_CG_S\2024_AUG_CG_S_T3\GOPR4981.JPG,Coral Garden\2024_AUG_CG_S\2024_AUG_CG_S_T3\GOPR4981\Coral4.JPG,4,0.6503,Coral Garden S,T3,5
Coral Garden\2024_AUG_CG_S\2024_AUG_CG_S_T3\GOPR4981.JPG,Coral Garden\2024_AUG_CG_S\2024_AUG_CG_S_T3\GOPR4981\Coral6.JPG,6,0.5676,Coral Garden S,T3,5
Coral Garden\2024_AUG_CG_S\2024_AUG_CG_S_T3\GOPR4981.JPG,Coral Garden\2024_AUG_CG_S\2024_AUG_CG_S_T3\GOPR4981\Coral11.JPG,11,0.4438,Coral Garden S,T3,5
Coral Garden\2024_AUG_CG_S\2024_AUG_CG_S_T3\GOPR4981.JPG,Coral Garden\2024_AUG_CG_S\2024_AUG_CG_S_T3\GOPR4981\Coral17.JPG,17,0.3574,Coral Garden S,T3,5
Coral Garden\2024_AUG_CG_S\2024_AUG_CG_S_T3\GOPR4981.JPG,Coral Garden\2024_AUG_CG_S\2024_AUG_CG_S_T3\GOPR4981\Coral28.JPG,28,0.177,Coral Garden S,T3,5
Coral Garden\2024_AUG_CG_S\2024_AUG_CG_S_T3\GOPR4981.JPG,Coral Garden\2024_AUG_CG_S\2024_AUG_CG_S_T3\GOPR4981\Coral22.JPG,22,0.2863,Coral Garden S,T3,5
Coral Garden\2024_AUG_CG_S\2024_AUG_CG_S_T3\GOPR4976.JPG,Coral Garden\2024_AUG_CG_S\2024_AUG_CG_S_T3\GOPR4976\Coral5.JPG,5,0.604,Coral Garden S,T3,5
Coral Garden\2024_AUG_CG_S\2024_AUG_CG_S_T3\GOPR4976.JPG,Coral Garden\2024_AUG_CG_S\2024_AUG_CG_S_T3\GOPR4976\Coral1.JPG,1,0.8377,Coral Garden S,T3,5
Coral Garden\2024_AUG_CG_S\2024_AUG_CG_S_T3\GOPR4984.JPG,Coral Garden\2024_AUG_CG_S\2024_AUG_CG_S_T3\GOPR4984\Coral11.JPG,11,0.2699,Coral Garden S,T3,5
Coral Garden\2024_AUG_CG_S\2024_AUG_CG_S_T3\GOPR4984.JPG,Coral Garden\2024_AUG_CG_S\2024_AUG_CG_S_T3\GOPR4984\Coral9.JPG,9,0.3308,Coral Garden S,T3,5
Coral Garden\2024_AUG_CG_S\2024_AUG_CG_S_T3\GOPR4984.JPG,Coral Garden\2024_AUG_CG_S\2024_AUG_CG_S_T3\GOPR4984\Coral19.JPG,19,0.2004,Coral Garden S,T3,5
Coral Garden\2024_AUG_CG_S\2024_AUG_CG_S_T3\GOPR4984.JPG,Coral Garden\2024_AUG_CG_S\2024_AUG_CG_S_T3\GOPR4984\Coral13.JPG,13,0.2452,Coral Garden S,T3,5
Coral Garden\2024_AUG_CG_S\2024_AUG_CG_S_T3\GOPR4997.JPG,Coral Garden\2024_AUG_CG_S\2024_AUG_CG_S_T3\GOPR4997\Coral8.JPG,8,0.1829,Coral Garden S,T3,5
Coral Garden\2024_AUG_CG_S\2024_AUG_CG_S_T3\GOPR4987.JPG,Coral Garden\2024_AUG_CG_S\2024_AUG_CG_S_T3\GOPR4987\Coral9.JPG,9,0.2007,Coral Garden S,T3,5
Coral Garden\2024_AUG_CG_S\2024_AUG_CG_S_T3\GOPR4987.JPG,Coral Garden\2024_AUG_CG_S\2024_AUG_CG_S_T3\GOPR4987\Coral7.JPG,7,0.3115,Coral Garden S,T3,5
Coral Garden\2024_AUG_CG_S\2024_AUG_CG_S_T3\GOPR4957.JPG,Coral Garden\2024_AUG_CG_S\2024_AUG_CG_S_T3\GOPR4957\Coral26.JPG,26,0.2231,Coral Garden S,T3,5
Coral Garden\2024_AUG_CG_S\2024_AUG_CG_S_T3\GOPR4957.JPG,Coral Garden\2024_AUG_CG_S\2024_AUG_CG_S_T3\GOPR4957\Coral19.JPG,19,0.2726,Coral Garden S,T3,5
Coral Garden\2024_AUG_CG_S\2024_AUG_CG_S_T3\GOPR5000.JPG,Coral Garden\2024_AUG_CG_S\2024_AUG_CG_S_T3\GOPR5000\Coral4.JPG,4,0.2429,Coral Garden S,T3,5
Coral Garden\2024_JUL_CG_S\CG-S_T3\GOPR3201.JPG,Coral Garden\2024_JUL_CG_S\CG-S_T3\GOPR3201\Coral13.JPG,13,0.2802,Coral Garden S,T3,5
Coral Garden\2024_JUL_CG_S\CG-S_T3\GOPR3201.JPG,Coral Garden\2024_JUL_CG_S\CG-S_T3\GOPR3201\Coral2.JPG,2,0.6736,Coral Garden S,T3,5
Coral Garden\2024_JUL_CG_S\CG-S_T3\GOPR3201.JPG,Coral Garden\2024_JUL_CG_S\CG-S_T3\GOPR3201\Coral12.JPG,12,0.3304,Coral Garden S,T3,5
Coral Garden\2024_JUL_CG_S\CG-S_T3\GOPR3231.JPG,Coral Garden\2024_JUL_CG_S\CG-S_T3\GOPR3231\Coral3.JPG,3,0.4945,Coral Garden S,T3,5
Coral Garden\2024_JUL_CG_S\CG-S_T3\GOPR3231.JPG,Coral Garden\2024_JUL_CG_S\CG-S_T3\GOPR3231\Coral19.JPG,19,0.1995,Coral Garden S,T3,5
Coral Garden\2024_JUL_CG_S\CG-S_T3\GOPR3231.JPG,Coral Garden\2024_JUL_CG_S\CG-S_T3\GOPR3231\Coral9.JPG,9,0.3666,Coral Garden S,T3,5
Coral Garden\2024_JUL_CG_S\CG-S_T3\GOPR3231.JPG,Coral Garden\2024_JUL_CG_S\CG-S_T3\GOPR3231\Coral1.JPG,1,0.7355,Coral Garden S,T3,5
Coral Garden\2024_JUL_CG_S\CG-S_T3\GOPR3213.JPG,Coral Garden\2024_JUL_CG_S\CG-S_T3\GOPR3213\Coral1.JPG,1,0.7222,Coral Garden S,T3,5
Coral Garden\2024_AUG_CG_S\2024_AUG_CG_S_T3\GOPR4992.JPG,Coral Garden\2024_AUG_CG_S\2024_AUG_CG_S_T3\GOPR4992\Coral20.JPG,20,0.1679,Coral Garden S,T3,5
Coral Garden\2024_AUG_CG_S\2024_AUG_CG_S_T3\GOPR4992.JPG,Coral Garden\2024_AUG_CG_S\2024_AUG_CG_S_T3\GOPR4992\Coral18.JPG,18,0.1712,Coral Garden S,T3,5
Coral Garden\2024_AUG_CG_S\2024_AUG_CG_S_T3\GOPR4992.JPG,Coral Garden\2024_AUG_CG_S\2024_AUG_CG_S_T3\GOPR4992\Coral19.JPG,19,0.1702,Coral Garden S,T3,5
Coral Garden\2024_AUG_CG_S\2024_AUG_CG_S_T3\GOPR4992.JPG,Coral Garden\2024_AUG_CG_S\2024_AUG_CG_S_T3\GOPR4992\Coral21.JPG,21,0.1566,Coral Garden S,T3,5
Coral Garden\2024_AUG_CG_S\2024_AUG_CG_S_T3\GOPR4982.JPG,Coral Garden\2024_AUG_CG_S\2024_AUG_CG_S_T3\GOPR4982\Coral17.JPG,17,0.2984,Coral Garden S,T3,5
Coral Garden\2024_AUG_CG_S\2024_AUG_CG_S_T3\GOPR4982.JPG,Coral Garden\2024_AUG_CG_S\2024_AUG_CG_S_T3\GOPR4982\Coral16.JPG,16,0.3161,Coral Garden S,T3,5
Coral Garden\2024_AUG_CG_S\2024_AUG_CG_S_T3\GOPR4982.JPG,Coral Garden\2024_AUG_CG_S\2024_AUG_CG_S_T3\GOPR4982\Coral19.JPG,19,0.2616,Coral Garden S,T3,5
Coral Garden\2024_AUG_CG_S\2024_AUG_CG_S_T3\GOPR4982.JPG,Coral Garden\2024_AUG_CG_S\2024_AUG_CG_S_T3\GOPR4982\Coral15.JPG,15,0.3214,Coral Garden S,T3,5
Coral Garden\2024_AUG_CG_S\2024_AUG_CG_S_T3\GOPR4953.JPG,Coral Garden\2024_AUG_CG_S\2024_AUG_CG_S_T3\GOPR4953\Coral18.JPG,18,0.1882,Coral Garden S,T3,5
Coral Garden\2024_AUG_CG_S\2024_AUG_CG_S_T3\GOPR4953.JPG,Coral Garden\2024_AUG_CG_S\2024_AUG_CG_S_T3\GOPR4953\Coral13.JPG,13,0.3109,Coral Garden S,T3,5
Coral Garden\2024_AUG_CG_S\2024_AUG_CG_S_T3\GOPR4953.JPG,Coral Garden\2024_AUG_CG_S\2024_AUG_CG_S_T3\GOPR4953\Coral8.JPG,8,0.4323,Coral Garden S,T3,5
Coral Garden\2024_AUG_CG_S\2024_AUG_CG_S_T3\GOPR4953.JPG,Coral Garden\2024_AUG_CG_S\2024_AUG_CG_S_T3\GOPR4953\Coral23.JPG,23,0.1531,Coral Garden S,T3,5
Coral Garden\2024_AUG_CG_S\2024_AUG_CG_S_T3\GOPR4953.JPG,Coral Garden\2024_AUG_CG_S\2024_AUG_CG_S_T3\GOPR4953\Coral20.JPG,20,0.1722,Coral Garden S,T3,5
Coral Garden\2024_AUG_CG_S\2024_AUG_CG_S_T3\GOPR4953.JPG,Coral Garden\2024_AUG_CG_S\2024_AUG_CG_S_T3\GOPR4953\Coral1.JPG,1,0.7771,Coral Garden S,T3,5
Coral Garden\2024_AUG_CG_S\2024_AUG_CG_S_T3\GOPR4980.JPG,Coral Garden\2024_AUG_CG_S\2024_AUG_CG_S_T3\GOPR4980\Coral6.JPG,6,0.4983,Coral Garden S,T3,5
Coral Garden\2024_AUG_CG_S\2024_AUG_CG_S_T3\GOPR4980.JPG,Coral Garden\2024_AUG_CG_S\2024_AUG_CG_S_T3\GOPR4980\Coral4.JPG,4,0.5984,Coral Garden S,T3,5
Coral Garden\2024_AUG_CG_S\2024_AUG_CG_S_T3\GOPR4980.JPG,Coral Garden\2024_AUG_CG_S\2024_AUG_CG_S_T3\GOPR4980\Coral7.JPG,7,0.4949,Coral Garden S,T3,5
Coral Garden\2024_AUG_CG_S\2024_AUG_CG_S_T3\GOPR4980.JPG,Coral Garden\2024_AUG_CG_S\2024_AUG_CG_S_T3\GOPR4980\Coral10.JPG,10,0.3587,Coral Garden S,T3,5
Coral Garden\AUG 2024_CG_D\AUG_2024_CG_D_T1\GOPR4552.JPG,Coral Garden\AUG 2024_CG_D\AUG_2024_CG_D_T1\GOPR4552\Coral38.JPG,38,0.2186,Coral Garden D,T1,5
Coral Garden\JULY 2024_CG_D\CG-D_T1\GOPR2955.JPG,Coral Garden\JULY 2024_CG_D\CG-D_T1\GOPR2955\Coral32.JPG,32,0.1676,Coral Garden D,T1,5
Coral Garden\AUG 2024_CG_D\AUG_2024_CG_D_T1\GOPR4562.JPG,Coral Garden\AUG 2024_CG_D\AUG_2024_CG_D_T1\GOPR4562\Coral11.JPG,11,0.3627,Coral Garden D,T1,5
Coral Garden\JULY 2024_CG_D\CG-D_T1\GOPR2942.JPG,Coral Garden\JULY 2024_CG_D\CG-D_T1\GOPR2942\Coral23.JPG,23,0.2344,Coral Garden D,T1,5
Coral Garden\JULY 2024_CG_D\CG-D_T1\GOPR2964.JPG,Coral Garden\JULY 2024_CG_D\CG-D_T1\GOPR2964\Coral4.JPG,4,0.1756,Coral Garden D,T1,5
Coral Garden\JULY 2024_CG_D\CG-D_T1\GOPR2917.JPG,Coral Garden\JULY 2024_CG_D\CG-D_T1\GOPR2917\Coral5.JPG,5,0.3963,Coral Garden D,T1,5
Coral Garden\JULY 2024_CG_D\CG-D_T1\GOPR2926.JPG,Coral Garden\JULY 2024_CG_D\CG-D_T1\GOPR2926\Coral5.JPG,5,0.2343,Coral Garden D,T1,5
Coral Garden\AUG 2024_CG_D\AUG_2024_CG_D_T1\GOPR4560.JPG,Coral Garden\AUG 2024_CG_D\AUG_2024_CG_D_T1\GOPR4560\Coral27.JPG,27,0.1709,Coral Garden D,T1,5
Coral Garden\AUG 2024_CG_D\AUG_2024_CG_D_T1\GOPR4558.JPG,Coral Garden\AUG 2024_CG_D\AUG_2024_CG_D_T1\GOPR4558\Coral2.JPG,2,0.6307,Coral Garden D,T1,5
Coral Garden\JULY 2024_CG_D\CG-D_T1\GOPR2947.JPG,Coral Garden\JULY 2024_CG_D\CG-D_T1\GOPR2947\Coral23.JPG,23,0.2396,Coral Garden D,T1,5
Coral Garden\JULY 2024_CG_D\CG-D_T1\GOPR2945.JPG,Coral Garden\JULY 2024_CG_D\CG-D_T1\GOPR2945\Coral6.JPG,6,0.3274,Coral Garden D,T1,5
Coral Garden\AUG 2024_CG_D\AUG_2024_CG_D_T1\GOPR4563.JPG,Coral Garden\AUG 2024_CG_D\AUG_2024_CG_D_T1\GOPR4563\Coral5.JPG,5,0.3995,Coral Garden D,T1,5
Coral Garden\JULY 2024_CG_D\CG-D_T1\GOPR2932.JPG,Coral Garden\JULY 2024_CG_D\CG-D_T1\GOPR2932\Coral50.JPG,50,0.2188,Coral Garden D,T1,5
Coral Garden\AUG 2024_CG_D\AUG_2024_CG_D_T1\GOPR4583.JPG,Coral Garden\AUG 2024_CG_D\AUG_2024_CG_D_T1\GOPR4583\Coral10.JPG,10,0.4351,Coral Garden D,T1,5
Coral Garden\JULY 2024_CG_D\CG-D_T1\GOPR2943.JPG,Coral Garden\JULY 2024_CG_D\CG-D_T1\GOPR2943\Coral14.JPG,14,0.1877,Coral Garden D,T1,5
Coral Garden\AUG 2024_CG_D\AUG_2024_CG_D_T1\GOPR4550.JPG,Coral Garden\AUG 2024_CG_D\AUG_2024_CG_D_T1\GOPR4550\Coral1.JPG,1,0.3378,Coral Garden D,T1,5
Coral Garden\AUG 2024_CG_D\AUG_2024_CG_D_T1\GOPR4585.JPG,Coral Garden\AUG 2024_CG_D\AUG_2024_CG_D_T1\GOPR4585\Coral3.JPG,3,0.2012,Coral Garden D,T1,5
Coral Garden\AUG 2024_CG_D\AUG_2024_CG_D_T1\GOPR4552.JPG,Coral Garden\AUG 2024_CG_D\AUG_2024_CG_D_T1\GOPR4552\Coral45.JPG,45,0.1934,Coral Garden D,T1,5
Coral Garden\AUG 2024_CG_D\AUG_2024_CG_D_T1\GOPR4566.JPG,Coral Garden\AUG 2024_CG_D\AUG_2024_CG_D_T1\GOPR4566\Coral3.JPG,3,0.5926,Coral Garden D,T1,5
Coral Garden\AUG 2024_CG_D\AUG_2024_CG_D_T1\GOPR4531.JPG,Coral Garden\AUG 2024_CG_D\AUG_2024_CG_D_T1\GOPR4531\Coral6.JPG,6,0.4724,Coral Garden D,T1,5
Coral Garden\JULY 2024_CG_D\CG-D_T1\GOPR2921.JPG,Coral Garden\JULY 2024_CG_D\CG-D_T1\GOPR2921\Coral10.JPG,10,0.2049,Coral Garden D,T1,5
Coral Garden\JULY 2024_CG_D\CG-D_T1\GOPR2928.JPG,Coral Garden\JULY 2024_CG_D\CG-D_T1\GOPR2928\Coral2.JPG,2,0.268,Coral Garden D,T1,5
Coral Garden\JULY 2024_CG_D\CG-D_T1\GOPR2941.JPG,Coral Garden\JULY 2024_CG_D\CG-D_T1\GOPR2941\Coral4.JPG,4,0.3782,Coral Garden D,T1,5
Coral Garden\AUG 2024_CG_D\AUG_2024_CG_D_T1\GOPR4582.JPG,Coral Garden\AUG 2024_CG_D\AUG_2024_CG_D_T1\GOPR4582\Coral1.JPG,1,0.6111,Coral Garden D,T1,5
Coral Garden\JULY 2024_CG_D\CG-D_T1\GOPR2918.JPG,Coral Garden\JULY 2024_CG_D\CG-D_T1\GOPR2918\Coral24.JPG,24,0.1986,Coral Garden D,T1,5
Coral Garden\AUG 2024_CG_D\AUG_2024_CG_D_T1\GOPR4553.JPG,Coral Garden\AUG 2024_CG_D\AUG_2024_CG_D_T1\GOPR4553\Coral11.JPG,11,0.4523,Coral Garden D,T1,5
Coral Garden\JULY 2024_CG_D\CG-D_T1\GOPR2922.JPG,Coral Garden\JULY 2024_CG_D\CG-D_T1\GOPR2922\Coral1.JPG,1,0.614,Coral Garden D,T1,5
Coral Garden\JULY 2024_CG_D\CG-D_T1\GOPR2952.JPG,Coral Garden\JULY 2024_CG_D\CG-D_T1\GOPR2952\Coral22.JPG,22,0.3847,Coral Garden D,T1,5
Coral Garden\JULY 2024_CG_D\CG-D_T1\GOPR2931.JPG,Coral Garden\JULY 2024_CG_D\CG-D_T1\GOPR2931\Coral3.JPG,3,0.3945,Coral Garden D,T1,5
Coral Garden\AUG 2024_CG_D\AUG_2024_CG_D_T1\GOPR4570.JPG,Coral Garden\AUG 2024_CG_D\AUG_2024_CG_D_T1\GOPR4570\Coral16.JPG,16,0.1841,Coral Garden D,T1,5
Coral Garden\JULY 2024_CG_D\CG-D_T1\GOPR2947.JPG,Coral Garden\JULY 2024_CG_D\CG-D_T1\GOPR2947\Coral16.JPG,16,0.3422,Coral Garden D,T1,5
Coral Garden\AUG 2024_CG_D\AUG_2024_CG_D_T1\GOPR4559.JPG,Coral Garden\AUG 2024_CG_D\AUG_2024_CG_D_T1\GOPR4559\Coral10.JPG,10,0.1891,Coral Garden D,T1,5
Coral Garden\AUG 2024_CG_D\AUG_2024_CG_D_T1\GOPR4571.JPG,Coral Garden\AUG 2024_CG_D\AUG_2024_CG_D_T1\GOPR4571\Coral10.JPG,10,0.1985,Coral Garden D,T1,5
Coral Garden\AUG 2024_CG_D\AUG_2024_CG_D_T1\GOPR4579.JPG,Coral Garden\AUG 2024_CG_D\AUG_2024_CG_D_T1\GOPR4579\Coral2.JPG,2,0.1619,Coral Garden D,T1,5
Coral Garden\JULY 2024_CG_D\CG-D_T1\GOPR2936.JPG,Coral Garden\JULY 2024_CG_D\CG-D_T1\GOPR2936\Coral26.JPG,26,0.1754,Coral Garden D,T1,5
Coral Garden\AUG 2024_CG_D\AUG_2024_CG_D_T1\GOPR4563.JPG,Coral Garden\AUG 2024_CG_D\AUG_2024_CG_D_T1\GOPR4563\Coral8.JPG,8,0.3482,Coral Garden D,T1,5
Coral Garden\AUG 2024_CG_D\AUG_2024_CG_D_T1\GOPR4532.JPG,Coral Garden\AUG 2024_CG_D\AUG_2024_CG_D_T1\GOPR4532\Coral3.JPG,3,0.4671,Coral Garden D,T1,5
Coral Garden\AUG 2024_CG_D\AUG_2024_CG_D_T1\GOPR4583.JPG,Coral Garden\AUG 2024_CG_D\AUG_2024_CG_D_T1\GOPR4583\Coral26.JPG,26,0.1544,Coral Garden D,T1,5
Coral Garden\JULY 2024_CG_D\CG-D_T1\GOPR2963.JPG,Coral Garden\JULY 2024_CG_D\CG-D_T1\GOPR2963\Coral8.JPG,8,0.2475,Coral Garden D,T1,5
Coral Garden\JULY 2024_CG_D\CG-D_T1\GOPR2924.JPG,Coral Garden\JULY 2024_CG_D\CG-D_T1\GOPR2924\Coral27.JPG,27,0.2498,Coral Garden D,T1,5
Coral Garden\JULY 2024_CG_D\CG-D_T1\GOPR2953.JPG,Coral Garden\JULY 2024_CG_D\CG-D_T1\GOPR2953\Coral10.JPG,10,0.3584,Coral Garden D,T1,5
Coral Garden\AUG 2024_CG_D\AUG_2024_CG_D_T1\GOPR4554.JPG,Coral Garden\AUG 2024_CG_D\AUG_2024_CG_D_T1\GOPR4554\Coral1.JPG,1,0.451,Coral Garden D,T1,5
Coral Garden\AUG 2024_CG_D\AUG_2024_CG_D_T1\GOPR4531.JPG,Coral Garden\AUG 2024_CG_D\AUG_2024_CG_D_T1\GOPR4531\Coral12.JPG,12,0.3812,Coral Garden D,T1,5
Coral Garden\JULY 2024_CG_D\CG-D_T1\GOPR2934.JPG,Coral Garden\JULY 2024_CG_D\CG-D_T1\GOPR2934\Coral5.JPG,5,0.2686,Coral Garden D,T1,5
Coral Garden\JULY 2024_CG_D\CG-D_T1\GOPR2926.JPG,Coral Garden\JULY 2024_CG_D\CG-D_T1\GOPR2926\Coral2.JPG,2,0.7273,Coral Garden D,T1,5
Coral Garden\JULY 2024_CG_D\CG-D_T1\GOPR2935.JPG,Coral Garden\JULY 2024_CG_D\CG-D_T1\GOPR2935\Coral2.JPG,2,0.4221,Coral Garden D,T1,5
Coral Garden\JULY 2024_CG_D\CG-D_T1\GOPR2957.JPG,Coral Garden\JULY 2024_CG_D\CG-D_T1\GOPR2957\Coral4.JPG,4,0.5158,Coral Garden D,T1,5
Coral Garden\AUG 2024_CG_D\AUG_2024_CG_D_T1\GOPR4561.JPG,Coral Garden\AUG 2024_CG_D\AUG_2024_CG_D_T1\GOPR4561\Coral10.JPG,10,0.4522,Coral Garden D,T1,5
Coral Garden\JULY 2024_CG_D\CG-D_T1\GOPR2931.JPG,Coral Garden\JULY 2024_CG_D\CG-D_T1\GOPR2931\Coral4.JPG,4,0.2749,Coral Garden D,T1,5
Coral Garden\JULY 2024_CG_D\CG-D_T1\GOPR2951.JPG,Coral Garden\JULY 2024_CG_D\CG-D_T1\GOPR2951\Coral3.JPG,3,0.3592,Coral Garden D,T1,5
Coral Garden\JULY 2024_CG_D\CG-D_T1\GOPR2944.JPG,Coral Garden\JULY 2024_CG_D\CG-D_T1\GOPR2944\Coral11.JPG,11,0.5304,Coral Garden D,T1,5
Coral Garden\AUG 2024_CG_D\AUG_2024_CG_D_T1\GOPR4530.JPG,Coral Garden\AUG 2024_CG_D\AUG_2024_CG_D_T1\GOPR4530\Coral16.JPG,16,0.2119,Coral Garden D,T1,5
Coral Garden\JULY 2024_CG_D\CG-D_T1\GOPR2954.JPG,Coral Garden\JULY 2024_CG_D\CG-D_T1\GOPR2954\Coral17.JPG,17,0.2487,Coral Garden D,T1,5
Coral Garden\JULY 2024_CG_D\CG-D_T1\GOPR2945.JPG,Coral Garden\JULY 2024_CG_D\CG-D_T1\GOPR2945\Coral5.JPG,5,0.3663,Coral Garden D,T1,5
Coral Garden\AUG 2024_CG_D\AUG_2024_CG_D_T1\GOPR4581.JPG,Coral Garden\AUG 2024_CG_D\AUG_2024_CG_D_T1\GOPR4581\Coral3.JPG,3,0.5937,Coral Garden D,T1,5
Coral Garden\JULY 2024_CG_D\CG-D_T1\GOPR2936.JPG,Coral Garden\JULY 2024_CG_D\CG-D_T1\GOPR2936\Coral2.JPG,2,0.5975,Coral Garden D,T1,5
Coral Garden\JULY 2024_CG_D\CG-D_T1\GOPR2932.JPG,Coral Garden\JULY 2024_CG_D\CG-D_T1\GOPR2932\Coral54.JPG,54,0.2084,Coral Garden D,T1,5
Coral Garden\JULY 2024_CG_D\CG-D_T1\GOPR2919.JPG,Coral Garden\JULY 2024_CG_D\CG-D_T1\GOPR2919\Coral17.JPG,17,0.251,Coral Garden D,T1,5
Coral Garden\JULY 2024_CG_D\CG-D_T1\GOPR2919.JPG,Coral Garden\JULY 2024_CG_D\CG-D_T1\GOPR2919\Coral22.JPG,22,0.1948,Coral Garden D,T1,5
Coral Garden\JULY 2024_CG_D\CG-D_T1\GOPR2919.JPG,Coral Garden\JULY 2024_CG_D\CG-D_T1\GOPR2919\Coral6.JPG,6,0.5115,Coral Garden D,T1,5
Coral Garden\JULY 2024_CG_D\CG-D_T1\GOPR2919.JPG,Coral Garden\JULY 2024_CG_D\CG-D_T1\GOPR2919\Coral1.JPG,1,0.762,Coral Garden D,T1,5
Coral Garden\JULY 2024_CG_D\CG-D_T1\GOPR2953.JPG,Coral Garden\JULY 2024_CG_D\CG-D_T1\GOPR2953\Coral1.JPG,1,0.8233,Coral Garden D,T1,5
Coral Garden\AUG 2024_CG_D\AUG_2024_CG_D_T1\GOPR4552.JPG,Coral Garden\AUG 2024_CG_D\AUG_2024_CG_D_T1\GOPR4552\Coral21.JPG,21,0.3292,Coral Garden D,T1,5
Coral Garden\AUG 2024_CG_D\AUG_2024_CG_D_T1\GOPR4552.JPG,Coral Garden\AUG 2024_CG_D\AUG_2024_CG_D_T1\GOPR4552\Coral16.JPG,16,0.4214,Coral Garden D,T1,5
Coral Garden\AUG 2024_CG_D\AUG_2024_CG_D_T1\GOPR4552.JPG,Coral Garden\AUG 2024_CG_D\AUG_2024_CG_D_T1\GOPR4552\Coral36.JPG,36,0.2264,Coral Garden D,T1,5
Coral Garden\AUG 2024_CG_D\AUG_2024_CG_D_T1\GOPR4552.JPG,Coral Garden\AUG 2024_CG_D\AUG_2024_CG_D_T1\GOPR4552\Coral12.JPG,12,0.4549,Coral Garden D,T1,5
Coral Garden\AUG 2024_CG_D\AUG_2024_CG_D_T1\GOPR4552.JPG,Coral Garden\AUG 2024_CG_D\AUG_2024_CG_D_T1\GOPR4552\Coral6.JPG,6,0.5465,Coral Garden D,T1,5
Coral Garden\AUG 2024_CG_D\AUG_2024_CG_D_T1\GOPR4552.JPG,Coral Garden\AUG 2024_CG_D\AUG_2024_CG_D_T1\GOPR4552\Coral15.JPG,15,0.4281,Coral Garden D,T1,5
Coral Garden\AUG 2024_CG_D\AUG_2024_CG_D_T1\GOPR4552.JPG,Coral Garden\AUG 2024_CG_D\AUG_2024_CG_D_T1\GOPR4552\Coral17.JPG,17,0.3971,Coral Garden D,T1,5
Coral Garden\AUG 2024_CG_D\AUG_2024_CG_D_T1\GOPR4552.JPG,Coral Garden\AUG 2024_CG_D\AUG_2024_CG_D_T1\GOPR4552\Coral9.JPG,9,0.4824,Coral Garden D,T1,5
Coral Garden\AUG 2024_CG_D\AUG_2024_CG_D_T1\GOPR4554.JPG,Coral Garden\AUG 2024_CG_D\AUG_2024_CG_D_T1\GOPR4554\Coral3.JPG,3,0.3003,Coral Garden D,T1,5
Coral Garden\JULY 2024_CG_D\CG-D_T1\GOPR2955.JPG,Coral Garden\JULY 2024_CG_D\CG-D_T1\GOPR2955\Coral16.JPG,16,0.3339,Coral Garden D,T1,5
Coral Garden\JULY 2024_CG_D\CG-D_T1\GOPR2955.JPG,Coral Garden\JULY 2024_CG_D\CG-D_T1\GOPR2955\Coral6.JPG,6,0.6113,Coral Garden D,T1,5
Coral Garden\JULY 2024_CG_D\CG-D_T1\GOPR2955.JPG,Coral Garden\JULY 2024_CG_D\CG-D_T1\GOPR2955\Coral19.JPG,19,0.2698,Coral Garden D,T1,5
Coral Garden\JULY 2024_CG_D\CG-D_T1\GOPR2955.JPG,Coral Garden\JULY 2024_CG_D\CG-D_T1\GOPR2955\Coral15.JPG,15,0.3442,Coral Garden D,T1,5
Coral Garden\JULY 2024_CG_D\CG-D_T1\GOPR2955.JPG,Coral Garden\JULY 2024_CG_D\CG-D_T1\GOPR2955\Coral7.JPG,7,0.5763,Coral Garden D,T1,5
Coral Garden\JULY 2024_CG_D\CG-D_T1\GOPR2955.JPG,Coral Garden\JULY 2024_CG_D\CG-D_T1\GOPR2955\Coral18.JPG,18,0.3147,Coral Garden D,T1,5
Coral Garden\JULY 2024_CG_D\CG-D_T1\GOPR2955.JPG,Coral Garden\JULY 2024_CG_D\CG-D_T1\GOPR2955\Coral10.JPG,10,0.5119,Coral Garden D,T1,5
Coral Garden\JULY 2024_CG_D\CG-D_T1\GOPR2955.JPG,Coral Garden\JULY 2024_CG_D\CG-D_T1\GOPR2955\Coral9.JPG,9,0.5219,Coral Garden D,T1,5
Coral Garden\AUG 2024_CG_D\AUG_2024_CG_D_T1\GOPR4531.JPG,Coral Garden\AUG 2024_CG_D\AUG_2024_CG_D_T1\GOPR4531\Coral21.JPG,21,0.1873,Coral Garden D,T1,5
Coral Garden\AUG 2024_CG_D\AUG_2024_CG_D_T1\GOPR4531.JPG,Coral Garden\AUG 2024_CG_D\AUG_2024_CG_D_T1\GOPR4531\Coral10.JPG,10,0.4066,Coral Garden D,T1,5
Coral Garden\AUG 2024_CG_D\AUG_2024_CG_D_T1\GOPR4531.JPG,Coral Garden\AUG 2024_CG_D\AUG_2024_CG_D_T1\GOPR4531\Coral13.JPG,13,0.3107,Coral Garden D,T1,5
Coral Garden\AUG 2024_CG_D\AUG_2024_CG_D_T1\GOPR4531.JPG,Coral Garden\AUG 2024_CG_D\AUG_2024_CG_D_T1\GOPR4531\Coral28.JPG,28,0.1602,Coral Garden D,T1,5
Coral Garden\JULY 2024_CG_D\CG-D_T1\GOPR2920.JPG,Coral Garden\JULY 2024_CG_D\CG-D_T1\GOPR2920\Coral11.JPG,11,0.2358,Coral Garden D,T1,5
Coral Garden\JULY 2024_CG_D\CG-D_T1\GOPR2921.JPG,Coral Garden\JULY 2024_CG_D\CG-D_T1\GOPR2921\Coral5.JPG,5,0.4148,Coral Garden D,T1,5
Coral Garden\JULY 2024_CG_D\CG-D_T1\GOPR2921.JPG,Coral Garden\JULY 2024_CG_D\CG-D_T1\GOPR2921\Coral3.JPG,3,0.5339,Coral Garden D,T1,5
Coral Garden\AUG 2024_CG_D\AUG_2024_CG_D_T1\GOPR4574.JPG,Coral Garden\AUG 2024_CG_D\AUG_2024_CG_D_T1\GOPR4574\Coral27.JPG,27,0.2076,Coral Garden D,T1,5
Coral Garden\AUG 2024_CG_D\AUG_2024_CG_D_T1\GOPR4574.JPG,Coral Garden\AUG 2024_CG_D\AUG_2024_CG_D_T1\GOPR4574\Coral10.JPG,10,0.4183,Coral Garden D,T1,5
Coral Garden\AUG 2024_CG_D\AUG_2024_CG_D_T1\GOPR4574.JPG,Coral Garden\AUG 2024_CG_D\AUG_2024_CG_D_T1\GOPR4574\Coral14.JPG,14,0.3675,Coral Garden D,T1,5
Coral Garden\AUG 2024_CG_D\AUG_2024_CG_D_T1\GOPR4574.JPG,Coral Garden\AUG 2024_CG_D\AUG_2024_CG_D_T1\GOPR4574\Coral29.JPG,29,0.1721,Coral Garden D,T1,5
Coral Garden\AUG 2024_CG_D\AUG_2024_CG_D_T1\GOPR4574.JPG,Coral Garden\AUG 2024_CG_D\AUG_2024_CG_D_T1\GOPR4574\Coral3.JPG,3,0.6202,Coral Garden D,T1,5
Coral Garden\AUG 2024_CG_D\AUG_2024_CG_D_T1\GOPR4574.JPG,Coral Garden\AUG 2024_CG_D\AUG_2024_CG_D_T1\GOPR4574\Coral18.JPG,18,0.317,Coral Garden D,T1,5
Coral Garden\AUG 2024_CG_D\AUG_2024_CG_D_T1\GOPR4574.JPG,Coral Garden\AUG 2024_CG_D\AUG_2024_CG_D_T1\GOPR4574\Coral9.JPG,9,0.4678,Coral Garden D,T1,5
Coral Garden\AUG 2024_CG_D\AUG_2024_CG_D_T1\GOPR4555.JPG,Coral Garden\AUG 2024_CG_D\AUG_2024_CG_D_T1\GOPR4555\Coral12.JPG,12,0.3057,Coral Garden D,T1,5
Coral Garden\AUG 2024_CG_D\AUG_2024_CG_D_T1\GOPR4555.JPG,Coral Garden\AUG 2024_CG_D\AUG_2024_CG_D_T1\GOPR4555\Coral20.JPG,20,0.167,Coral Garden D,T1,5
Coral Garden\AUG 2024_CG_D\AUG_2024_CG_D_T1\GOPR4562.JPG,Coral Garden\AUG 2024_CG_D\AUG_2024_CG_D_T1\GOPR4562\Coral37.JPG,37,0.18,Coral Garden D,T1,5
Coral Garden\AUG 2024_CG_D\AUG_2024_CG_D_T1\GOPR4562.JPG,Coral Garden\AUG 2024_CG_D\AUG_2024_CG_D_T1\GOPR4562\Coral32.JPG,32,0.1972,Coral Garden D,T1,5
Coral Garden\AUG 2024_CG_D\AUG_2024_CG_D_T1\GOPR4562.JPG,Coral Garden\AUG 2024_CG_D\AUG_2024_CG_D_T1\GOPR4562\Coral4.JPG,4,0.5761,Coral Garden D,T1,5
Coral Garden\AUG 2024_CG_D\AUG_2024_CG_D_T1\GOPR4562.JPG,Coral Garden\AUG 2024_CG_D\AUG_2024_CG_D_T1\GOPR4562\Coral10.JPG,10,0.3683,Coral Garden D,T1,5
Coral Garden\AUG 2024_CG_D\AUG_2024_CG_D_T1\GOPR4562.JPG,Coral Garden\AUG 2024_CG_D\AUG_2024_CG_D_T1\GOPR4562\Coral5.JPG,5,0.5632,Coral Garden D,T1,5
Coral Garden\AUG 2024_CG_D\AUG_2024_CG_D_T1\GOPR4562.JPG,Coral Garden\AUG 2024_CG_D\AUG_2024_CG_D_T1\GOPR4562\Coral25.JPG,25,0.2381,Coral Garden D,T1,5
Coral Garden\AUG 2024_CG_D\AUG_2024_CG_D_T1\GOPR4529.JPG,Coral Garden\AUG 2024_CG_D\AUG_2024_CG_D_T1\GOPR4529\Coral12.JPG,12,0.2926,Coral Garden D,T1,5
Coral Garden\AUG 2024_CG_D\AUG_2024_CG_D_T1\GOPR4529.JPG,Coral Garden\AUG 2024_CG_D\AUG_2024_CG_D_T1\GOPR4529\Coral22.JPG,22,0.1695,Coral Garden D,T1,5
Coral Garden\AUG 2024_CG_D\AUG_2024_CG_D_T1\GOPR4529.JPG,Coral Garden\AUG 2024_CG_D\AUG_2024_CG_D_T1\GOPR4529\Coral19.JPG,19,0.1933,Coral Garden D,T1,5
Coral Garden\AUG 2024_CG_D\AUG_2024_CG_D_T1\GOPR4529.JPG,Coral Garden\AUG 2024_CG_D\AUG_2024_CG_D_T1\GOPR4529\Coral15.JPG,15,0.2531,Coral Garden D,T1,5
Coral Garden\JULY 2024_CG_D\CG-D_T1\GOPR2942.JPG,Coral Garden\JULY 2024_CG_D\CG-D_T1\GOPR2942\Coral12.JPG,12,0.462,Coral Garden D,T1,5
Coral Garden\JULY 2024_CG_D\CG-D_T1\GOPR2942.JPG,Coral Garden\JULY 2024_CG_D\CG-D_T1\GOPR2942\Coral11.JPG,11,0.4881,Coral Garden D,T1,5
Coral Garden\JULY 2024_CG_D\CG-D_T1\GOPR2942.JPG,Coral Garden\JULY 2024_CG_D\CG-D_T1\GOPR2942\Coral5.JPG,5,0.692,Coral Garden D,T1,5
Coral Garden\AUG 2024_CG_D\AUG_2024_CG_D_T1\GOPR4569.JPG,Coral Garden\AUG 2024_CG_D\AUG_2024_CG_D_T1\GOPR4569\Coral1.JPG,1,0.4364,Coral Garden D,T1,5
Coral Garden\AUG 2024_CG_D\AUG_2024_CG_D_T1\GOPR4569.JPG,Coral Garden\AUG 2024_CG_D\AUG_2024_CG_D_T1\GOPR4569\Coral2.JPG,2,0.3172,Coral Garden D,T1,5
Coral Garden\AUG 2024_CG_D\AUG_2024_CG_D_T1\GOPR4569.JPG,Coral Garden\AUG 2024_CG_D\AUG_2024_CG_D_T1\GOPR4569\Coral8.JPG,8,0.1695,Coral Garden D,T1,5
Coral Garden\AUG 2024_CG_D\AUG_2024_CG_D_T2\GOPR4629.JPG,Coral Garden\AUG 2024_CG_D\AUG_2024_CG_D_T2\GOPR4629\Coral26.JPG,26,0.2133,Coral Garden D,T2,5
Coral Garden\JULY 2024_CG_D\CG-D_T2\GOPR3015.JPG,Coral Garden\JULY 2024_CG_D\CG-D_T2\GOPR3015\Coral8.JPG,8,0.305,Coral Garden D,T2,5
Coral Garden\AUG 2024_CG_D\AUG_2024_CG_D_T2\GOPR4619.JPG,Coral Garden\AUG 2024_CG_D\AUG_2024_CG_D_T2\GOPR4619\Coral3.JPG,3,0.2665,Coral Garden D,T2,5
Coral Garden\AUG 2024_CG_D\AUG_2024_CG_D_T2\GOPR4600.JPG,Coral Garden\AUG 2024_CG_D\AUG_2024_CG_D_T2\GOPR4600\Coral4.JPG,4,0.283,Coral Garden D,T2,5
Coral Garden\AUG 2024_CG_D\AUG_2024_CG_D_T2\GOPR4610.JPG,Coral Garden\AUG 2024_CG_D\AUG_2024_CG_D_T2\GOPR4610\Coral1.JPG,1,0.6688,Coral Garden D,T2,5
Coral Garden\AUG 2024_CG_D\AUG_2024_CG_D_T2\GOPR4597.JPG,Coral Garden\AUG 2024_CG_D\AUG_2024_CG_D_T2\GOPR4597\Coral5.JPG,5,0.5412,Coral Garden D,T2,5
Coral Garden\AUG 2024_CG_D\AUG_2024_CG_D_T2\GOPR4594.JPG,Coral Garden\AUG 2024_CG_D\AUG_2024_CG_D_T2\GOPR4594\Coral1.JPG,1,0.2573,Coral Garden D,T2,5
Coral Garden\AUG 2024_CG_D\AUG_2024_CG_D_T2\GOPR4599.JPG,Coral Garden\AUG 2024_CG_D\AUG_2024_CG_D_T2\GOPR4599\Coral24.JPG,24,0.2259,Coral Garden D,T2,5
Coral Garden\JULY 2024_CG_D\CG-D_T2\GOPR2973.JPG,Coral Garden\JULY 2024_CG_D\CG-D_T2\GOPR2973\Coral5.JPG,5,0.2828,Coral Garden D,T2,5
Coral Garden\JULY 2024_CG_D\CG-D_T2\GOPR3003.JPG,Coral Garden\JULY 2024_CG_D\CG-D_T2\GOPR3003\Coral4.JPG,4,0.1635,Coral Garden D,T2,5
Coral Garden\JULY 2024_CG_D\CG-D_T2\GOPR3009.JPG,Coral Garden\JULY 2024_CG_D\CG-D_T2\GOPR3009\Coral7.JPG,7,0.537,Coral Garden D,T2,5
Coral Garden\JULY 2024_CG_D\CG-D_T2\GOPR3001.JPG,Coral Garden\JULY 2024_CG_D\CG-D_T2\GOPR3001\Coral9.JPG,9,0.2172,Coral Garden D,T2,5
Coral Garden\JULY 2024_CG_D\CG-D_T2\GOPR2982.JPG,Coral Garden\JULY 2024_CG_D\CG-D_T2\GOPR2982\Coral4.JPG,4,0.669,Coral Garden D,T2,5
Coral Garden\JULY 2024_CG_D\CG-D_T2\GOPR2993.JPG,Coral Garden\JULY 2024_CG_D\CG-D_T2\GOPR2993\Coral13.JPG,13,0.1752,Coral Garden D,T2,5
Coral Garden\AUG 2024_CG_D\AUG_2024_CG_D_T2\GOPR4623.JPG,Coral Garden\AUG 2024_CG_D\AUG_2024_CG_D_T2\GOPR4623\Coral3.JPG,3,0.2163,Coral Garden D,T2,5
Coral Garden\JULY 2024_CG_D\CG-D_T2\GOPR2984.JPG,Coral Garden\JULY 2024_CG_D\CG-D_T2\GOPR2984\Coral13.JPG,13,0.2878,Coral Garden D,T2,5
Coral Garden\AUG 2024_CG_D\AUG_2024_CG_D_T2\GOPR4633.JPG,Coral Garden\AUG 2024_CG_D\AUG_2024_CG_D_T2\GOPR4633\Coral9.JPG,9,0.5574,Coral Garden D,T2,5
Coral Garden\AUG 2024_CG_D\AUG_2024_CG_D_T2\GOPR4595.JPG,Coral Garden\AUG 2024_CG_D\AUG_2024_CG_D_T2\GOPR4595\Coral2.JPG,2,0.1598,Coral Garden D,T2,5
Coral Garden\JULY 2024_CG_D\CG-D_T2\GOPR2985.JPG,Coral Garden\JULY 2024_CG_D\CG-D_T2\GOPR2985\Coral20.JPG,20,0.1739,Coral Garden D,T2,5
Coral Garden\JULY 2024_CG_D\CG-D_T2\GOPR2986.JPG,Coral Garden\JULY 2024_CG_D\CG-D_T2\GOPR2986\Coral22.JPG,22,0.2478,Coral Garden D,T2,5
Coral Garden\JULY 2024_CG_D\CG-D_T2\GOPR2972.JPG,Coral Garden\JULY 2024_CG_D\CG-D_T2\GOPR2972\Coral5.JPG,5,0.2597,Coral Garden D,T2,5
Coral Garden\AUG 2024_CG_D\AUG_2024_CG_D_T2\GOPR4600.JPG,Coral Garden\AUG 2024_CG_D\AUG_2024_CG_D_T2\GOPR4600\Coral3.JPG,3,0.2912,Coral Garden D,T2,5
Coral Garden\JULY 2024_CG_D\CG-D_T2\GOPR2971.JPG,Coral Garden\JULY 2024_CG_D\CG-D_T2\GOPR2971\Coral5.JPG,5,0.4097,Coral Garden D,T2,5
Coral Garden\AUG 2024_CG_D\AUG_2024_CG_D_T2\GOPR4627.JPG,Coral Garden\AUG 2024_CG_D\AUG_2024_CG_D_T2\GOPR4627\Coral28.JPG,28,0.2613,Coral Garden D,T2,5
Coral Garden\AUG 2024_CG_D\AUG_2024_CG_D_T2\GOPR4594.JPG,Coral Garden\AUG 2024_CG_D\AUG_2024_CG_D_T2\GOPR4594\Coral2.JPG,2,0.2556,Coral Garden D,T2,5
Coral Garden\AUG 2024_CG_D\AUG_2024_CG_D_T2\GOPR4596.JPG,Coral Garden\AUG 2024_CG_D\AUG_2024_CG_D_T2\GOPR4596\Coral5.JPG,5,0.2315,Coral Garden D,T2,5
Coral Garden\JULY 2024_CG_D\CG-D_T2\GOPR3003.JPG,Coral Garden\JULY 2024_CG_D\CG-D_T2\GOPR3003\Coral1.JPG,1,0.6705,Coral Garden D,T2,5
Coral Garden\JULY 2024_CG_D\CG-D_T2\GOPR2976.JPG,Coral Garden\JULY 2024_CG_D\CG-D_T2\GOPR2976\Coral1.JPG,1,0.6736,Coral Garden D,T2,5
Coral Garden\JULY 2024_CG_D\CG-D_T2\GOPR2979.JPG,Coral Garden\JULY 2024_CG_D\CG-D_T2\GOPR2979\Coral10.JPG,10,0.2594,Coral Garden D,T2,5
Coral Garden\JULY 2024_CG_D\CG-D_T2\GOPR2983.JPG,Coral Garden\JULY 2024_CG_D\CG-D_T2\GOPR2983\Coral19.JPG,19,0.3982,Coral Garden D,T2,5
Coral Garden\AUG 2024_CG_D\AUG_2024_CG_D_T2\GOPR4606.JPG,Coral Garden\AUG 2024_CG_D\AUG_2024_CG_D_T2\GOPR4606\Coral2.JPG,2,0.1908,Coral Garden D,T2,5
Coral Garden\JULY 2024_CG_D\CG-D_T2\GOPR2987.JPG,Coral Garden\JULY 2024_CG_D\CG-D_T2\GOPR2987\Coral2.JPG,2,0.5572,Coral Garden D,T2,5
Coral Garden\JULY 2024_CG_D\CG-D_T2\GOPR2989.JPG,Coral Garden\JULY 2024_CG_D\CG-D_T2\GOPR2989\Coral10.JPG,10,0.1918,Coral Garden D,T2,5
Coral Garden\JULY 2024_CG_D\CG-D_T2\GOPR2996.JPG,Coral Garden\JULY 2024_CG_D\CG-D_T2\GOPR2996\Coral5.JPG,5,0.1584,Coral Garden D,T2,5
Coral Garden\JULY 2024_CG_D\CG-D_T2\GOPR2985.JPG,Coral Garden\JULY 2024_CG_D\CG-D_T2\GOPR2985\Coral3.JPG,3,0.4985,Coral Garden D,T2,5
Coral Garden\AUG 2024_CG_D\AUG_2024_CG_D_T2\GOPR4618.JPG,Coral Garden\AUG 2024_CG_D\AUG_2024_CG_D_T2\GOPR4618\Coral8.JPG,8,0.2224,Coral Garden D,T2,5
Coral Garden\JULY 2024_CG_D\CG-D_T2\GOPR2986.JPG,Coral Garden\JULY 2024_CG_D\CG-D_T2\GOPR2986\Coral9.JPG,9,0.4099,Coral Garden D,T2,5
Coral Garden\JULY 2024_CG_D\CG-D_T2\GOPR3022.JPG,Coral Garden\JULY 2024_CG_D\CG-D_T2\GOPR3022\Coral18.JPG,18,0.228,Coral Garden D,T2,5
Coral Garden\JULY 2024_CG_D\CG-D_T2\GOPR3017.JPG,Coral Garden\JULY 2024_CG_D\CG-D_T2\GOPR3017\Coral8.JPG,8,0.2333,Coral Garden D,T2,5
Coral Garden\JULY 2024_CG_D\CG-D_T2\GOPR2999.JPG,Coral Garden\JULY 2024_CG_D\CG-D_T2\GOPR2999\Coral2.JPG,2,0.3363,Coral Garden D,T2,5
Coral Garden\AUG 2024_CG_D\AUG_2024_CG_D_T2\GOPR4626.JPG,Coral Garden\AUG 2024_CG_D\AUG_2024_CG_D_T2\GOPR4626\Coral9.JPG,9,0.4558,Coral Garden D,T2,5
Coral Garden\AUG 2024_CG_D\AUG_2024_CG_D_T2\GOPR4604.JPG,Coral Garden\AUG 2024_CG_D\AUG_2024_CG_D_T2\GOPR4604\Coral9.JPG,9,0.1909,Coral Garden D,T2,5
Coral Garden\AUG 2024_CG_D\AUG_2024_CG_D_T2\GOPR4600.JPG,Coral Garden\AUG 2024_CG_D\AUG_2024_CG_D_T2\GOPR4600\Coral5.JPG,5,0.2478,Coral Garden D,T2,5
Coral Garden\JULY 2024_CG_D\CG-D_T2\GOPR2971.JPG,Coral Garden\JULY 2024_CG_D\CG-D_T2\GOPR2971\Coral4.JPG,4,0.5312,Coral Garden D,T2,5
Coral Garden\JULY 2024_CG_D\CG-D_T2\GOPR2970.JPG,Coral Garden\JULY 2024_CG_D\CG-D_T2\GOPR2970\Coral24.JPG,24,0.2628,Coral Garden D,T2,5
Coral Garden\JULY 2024_CG_D\CG-D_T2\GOPR2978.JPG,Coral Garden\JULY 2024_CG_D\CG-D_T2\GOPR2978\Coral7.JPG,7,0.2047,Coral Garden D,T2,5
Coral Garden\JULY 2024_CG_D\CG-D_T2\GOPR3006.JPG,Coral Garden\JULY 2024_CG_D\CG-D_T2\GOPR3006\Coral7.JPG,7,0.1526,Coral Garden D,T2,5
Coral Garden\AUG 2024_CG_D\AUG_2024_CG_D_T2\GOPR4599.JPG,Coral Garden\AUG 2024_CG_D\AUG_2024_CG_D_T2\GOPR4599\Coral12.JPG,12,0.3422,Coral Garden D,T2,5
Coral Garden\AUG 2024_CG_D\AUG_2024_CG_D_T2\GOPR4596.JPG,Coral Garden\AUG 2024_CG_D\AUG_2024_CG_D_T2\GOPR4596\Coral1.JPG,1,0.5327,Coral Garden D,T2,5
Coral Garden\JULY 2024_CG_D\CG-D_T2\GOPR2973.JPG,Coral Garden\JULY 2024_CG_D\CG-D_T2\GOPR2973\Coral11.JPG,11,0.17,Coral Garden D,T2,5
Coral Garden\JULY 2024_CG_D\CG-D_T2\GOPR2976.JPG,Coral Garden\JULY 2024_CG_D\CG-D_T2\GOPR2976\Coral2.JPG,2,0.4152,Coral Garden D,T2,5
Coral Garden\AUG 2024_CG_D\AUG_2024_CG_D_T2\GOPR4606.JPG,Coral Garden\AUG 2024_CG_D\AUG_2024_CG_D_T2\GOPR4606\Coral1.JPG,1,0.4163,Coral Garden D,T2,5
Coral Garden\JULY 2024_CG_D\CG-D_T2\GOPR2993.JPG,Coral Garden\JULY 2024_CG_D\CG-D_T2\GOPR2993\Coral8.JPG,8,0.2087,Coral Garden D,T2,5
Coral Garden\AUG 2024_CG_D\AUG_2024_CG_D_T2\GOPR4616.JPG,Coral Garden\AUG 2024_CG_D\AUG_2024_CG_D_T2\GOPR4616\Coral4.JPG,4,0.2715,Coral Garden D,T2,5
Coral Garden\JULY 2024_CG_D\CG-D_T2\GOPR2990.JPG,Coral Garden\JULY 2024_CG_D\CG-D_T2\GOPR2990\Coral2.JPG,2,0.5673,Coral Garden D,T2,5
Coral Garden\JULY 2024_CG_D\CG-D_T2\GOPR2996.JPG,Coral Garden\JULY 2024_CG_D\CG-D_T2\GOPR2996\Coral3.JPG,3,0.2016,Coral Garden D,T2,5
Coral Garden\JULY 2024_CG_D\CG-D_T2\GOPR2992.JPG,Coral Garden\JULY 2024_CG_D\CG-D_T2\GOPR2992\Coral3.JPG,3,0.6124,Coral Garden D,T2,5
Coral Garden\AUG 2024_CG_D\AUG_2024_CG_D_T2\GOPR4605.JPG,Coral Garden\AUG 2024_CG_D\AUG_2024_CG_D_T2\GOPR4605\Coral9.JPG,9,0.1936,Coral Garden D,T2,5
Coral Garden\AUG 2024_CG_D\AUG_2024_CG_D_T2\GOPR4622.JPG,Coral Garden\AUG 2024_CG_D\AUG_2024_CG_D_T2\GOPR4622\Coral1.JPG,1,0.6573,Coral Garden D,T2,5
Coral Garden\JULY 2024_CG_D\CG-D_T2\GOPR2985.JPG,Coral Garden\JULY 2024_CG_D\CG-D_T2\GOPR2985\Coral13.JPG,13,0.3189,Coral Garden D,T2,5
Coral Garden\JULY 2024_CG_D\CG-D_T2\GOPR2985.JPG,Coral Garden\JULY 2024_CG_D\CG-D_T2\GOPR2985\Coral2.JPG,2,0.5309,Coral Garden D,T2,5
Coral Garden\JULY 2024_CG_D\CG-D_T2\GOPR2985.JPG,Coral Garden\JULY 2024_CG_D\CG-D_T2\GOPR2985\Coral4.JPG,4,0.4709,Coral Garden D,T2,5
Coral Garden\JULY 2024_CG_D\CG-D_T2\GOPR3008.JPG,Coral Garden\JULY 2024_CG_D\CG-D_T2\GOPR3008\Coral16.JPG,16,0.3689,Coral Garden D,T2,5
Coral Garden\JULY 2024_CG_D\CG-D_T2\GOPR3008.JPG,Coral Garden\JULY 2024_CG_D\CG-D_T2\GOPR3008\Coral13.JPG,13,0.4413,Coral Garden D,T2,5
Coral Garden\JULY 2024_CG_D\CG-D_T2\GOPR3008.JPG,Coral Garden\JULY 2024_CG_D\CG-D_T2\GOPR3008\Coral3.JPG,3,0.6832,Coral Garden D,T2,5
Coral Garden\JULY 2024_CG_D\CG-D_T2\GOPR3008.JPG,Coral Garden\JULY 2024_CG_D\CG-D_T2\GOPR3008\Coral28.JPG,28,0.2089,Coral Garden D,T2,5
Coral Garden\JULY 2024_CG_D\CG-D_T2\GOPR3008.JPG,Coral Garden\JULY 2024_CG_D\CG-D_T2\GOPR3008\Coral18.JPG,18,0.3439,Coral Garden D,T2,5
Coral Garden\JULY 2024_CG_D\CG-D_T2\GOPR3008.JPG,Coral Garden\JULY 2024_CG_D\CG-D_T2\GOPR3008\Coral21.JPG,21,0.2898,Coral Garden D,T2,5
Coral Garden\AUG 2024_CG_D\AUG_2024_CG_D_T2\GOPR4618.JPG,Coral Garden\AUG 2024_CG_D\AUG_2024_CG_D_T2\GOPR4618\Coral10.JPG,10,0.203,Coral Garden D,T2,5
Coral Garden\AUG 2024_CG_D\AUG_2024_CG_D_T2\GOPR4618.JPG,Coral Garden\AUG 2024_CG_D\AUG_2024_CG_D_T2\GOPR4618\Coral6.JPG,6,0.2907,Coral Garden D,T2,5
Coral Garden\JULY 2024_CG_D\CG-D_T2\GOPR2994.JPG,Coral Garden\JULY 2024_CG_D\CG-D_T2\GOPR2994\Coral47.JPG,47,0.162,Coral Garden D,T2,5
Coral Garden\JULY 2024_CG_D\CG-D_T2\GOPR2994.JPG,Coral Garden\JULY 2024_CG_D\CG-D_T2\GOPR2994\Coral43.JPG,43,0.1828,Coral Garden D,T2,5
Coral Garden\JULY 2024_CG_D\CG-D_T2\GOPR2994.JPG,Coral Garden\JULY 2024_CG_D\CG-D_T2\GOPR2994\Coral19.JPG,19,0.3977,Coral Garden D,T2,5
Coral Garden\JULY 2024_CG_D\CG-D_T2\GOPR2994.JPG,Coral Garden\JULY 2024_CG_D\CG-D_T2\GOPR2994\Coral38.JPG,38,0.2186,Coral Garden D,T2,5
Coral Garden\JULY 2024_CG_D\CG-D_T2\GOPR2994.JPG,Coral Garden\JULY 2024_CG_D\CG-D_T2\GOPR2994\Coral26.JPG,26,0.3156,Coral Garden D,T2,5
Coral Garden\JULY 2024_CG_D\CG-D_T2\GOPR2986.JPG,Coral Garden\JULY 2024_CG_D\CG-D_T2\GOPR2986\Coral21.JPG,21,0.2536,Coral Garden D,T2,5
Coral Garden\JULY 2024_CG_D\CG-D_T2\GOPR2986.JPG,Coral Garden\JULY 2024_CG_D\CG-D_T2\GOPR2986\Coral17.JPG,17,0.3212,Coral Garden D,T2,5
Coral Garden\JULY 2024_CG_D\CG-D_T2\GOPR2986.JPG,Coral Garden\JULY 2024_CG_D\CG-D_T2\GOPR2986\Coral30.JPG,30,0.1678,Coral Garden D,T2,5
Coral Garden\AUG 2024_CG_D\AUG_2024_CG_D_T2\GOPR4620.JPG,Coral Garden\AUG 2024_CG_D\AUG_2024_CG_D_T2\GOPR4620\Coral5.JPG,5,0.1616,Coral Garden D,T2,5
Coral Garden\AUG 2024_CG_D\AUG_2024_CG_D_T2\GOPR4598.JPG,Coral Garden\AUG 2024_CG_D\AUG_2024_CG_D_T2\GOPR4598\Coral19.JPG,19,0.2195,Coral Garden D,T2,5
Coral Garden\AUG 2024_CG_D\AUG_2024_CG_D_T2\GOPR4598.JPG,Coral Garden\AUG 2024_CG_D\AUG_2024_CG_D_T2\GOPR4598\Coral22.JPG,22,0.1975,Coral Garden D,T2,5
Coral Garden\AUG 2024_CG_D\AUG_2024_CG_D_T2\GOPR4598.JPG,Coral Garden\AUG 2024_CG_D\AUG_2024_CG_D_T2\GOPR4598\Coral28.JPG,28,0.1637,Coral Garden D,T2,5
Coral Garden\AUG 2024_CG_D\AUG_2024_CG_D_T2\GOPR4598.JPG,Coral Garden\AUG 2024_CG_D\AUG_2024_CG_D_T2\GOPR4598\Coral26.JPG,26,0.1744,Coral Garden D,T2,5
Coral Garden\AUG 2024_CG_D\AUG_2024_CG_D_T2\GOPR4598.JPG,Coral Garden\AUG 2024_CG_D\AUG_2024_CG_D_T2\GOPR4598\Coral15.JPG,15,0.2613,Coral Garden D,T2,5
Coral Garden\AUG 2024_CG_D\AUG_2024_CG_D_T2\GOPR4629.JPG,Coral Garden\AUG 2024_CG_D\AUG_2024_CG_D_T2\GOPR4629\Coral3.JPG,3,0.73,Coral Garden D,T2,5
Coral Garden\AUG 2024_CG_D\AUG_2024_CG_D_T2\GOPR4629.JPG,Coral Garden\AUG 2024_CG_D\AUG_2024_CG_D_T2\GOPR4629\Coral32.JPG,32,0.1722,Coral Garden D,T2,5
Coral Garden\AUG 2024_CG_D\AUG_2024_CG_D_T2\GOPR4629.JPG,Coral Garden\AUG 2024_CG_D\AUG_2024_CG_D_T2\GOPR4629\Coral8.JPG,8,0.6042,Coral Garden D,T2,5
Coral Garden\AUG 2024_CG_D\AUG_2024_CG_D_T2\GOPR4629.JPG,Coral Garden\AUG 2024_CG_D\AUG_2024_CG_D_T2\GOPR4629\Coral4.JPG,4,0.7092,Coral Garden D,T2,5
Coral Garden\AUG 2024_CG_D\AUG_2024_CG_D_T2\GOPR4629.JPG,Coral Garden\AUG 2024_CG_D\AUG_2024_CG_D_T2\GOPR4629\Coral27.JPG,27,0.2077,Coral Garden D,T2,5
Coral Garden\AUG 2024_CG_D\AUG_2024_CG_D_T2\GOPR4629.JPG,Coral Garden\AUG 2024_CG_D\AUG_2024_CG_D_T2\GOPR4629\Coral15.JPG,15,0.2921,Coral Garden D,T2,5
Coral Garden\AUG 2024_CG_D\AUG_2024_CG_D_T2\GOPR4629.JPG,Coral Garden\AUG 2024_CG_D\AUG_2024_CG_D_T2\GOPR4629\Coral17.JPG,17,0.2737,Coral Garden D,T2,5
Coral Garden\JULY 2024_CG_D\CG-D_T2\GOPR3000.JPG,Coral Garden\JULY 2024_CG_D\CG-D_T2\GOPR3000\Coral13.JPG,13,0.261,Coral Garden D,T2,5
Coral Garden\JULY 2024_CG_D\CG-D_T2\GOPR2972.JPG,Coral Garden\JULY 2024_CG_D\CG-D_T2\GOPR2972\Coral1.JPG,1,0.7966,Coral Garden D,T2,5
Coral Garden\AUG 2024_CG_D\AUG_2024_CG_D_T2\GOPR4602.JPG,Coral Garden\AUG 2024_CG_D\AUG_2024_CG_D_T2\GOPR4602\Coral7.JPG,7,0.2488,Coral Garden D,T2,5
Coral Garden\JULY 2024_CG_D\CG-D_T2\GOPR3015.JPG,Coral Garden\JULY 2024_CG_D\CG-D_T2\GOPR3015\Coral11.JPG,11,0.2345,Coral Garden D,T2,5
Coral Garden\JULY 2024_CG_D\CG-D_T2\GOPR3022.JPG,Coral Garden\JULY 2024_CG_D\CG-D_T2\GOPR3022\Coral12.JPG,12,0.3916,Coral Garden D,T2,5
Coral Garden\JULY 2024_CG_D\CG-D_T2\GOPR3022.JPG,Coral Garden\JULY 2024_CG_D\CG-D_T2\GOPR3022\Coral13.JPG,13,0.367,Coral Garden D,T2,5
Coral Garden\JULY 2024_CG_D\CG-D_T2\GOPR3022.JPG,Coral Garden\JULY 2024_CG_D\CG-D_T2\GOPR3022\Coral21.JPG,21,0.1728,Coral Garden D,T2,5
Coral Garden\AUG 2024_CG_D\AUG_2024_CG_D_T2\GOPR4592.JPG,Coral Garden\AUG 2024_CG_D\AUG_2024_CG_D_T2\GOPR4592\Coral10.JPG,10,0.2075,Coral Garden D,T2,5
Coral Garden\AUG 2024_CG_D\AUG_2024_CG_D_T2\GOPR4592.JPG,Coral Garden\AUG 2024_CG_D\AUG_2024_CG_D_T2\GOPR4592\Coral18.JPG,18,0.1692,Coral Garden D,T2,5
Coral Garden\AUG 2024_CG_D\AUG_2024_CG_D_T2\GOPR4592.JPG,Coral Garden\AUG 2024_CG_D\AUG_2024_CG_D_T2\GOPR4592\Coral17.JPG,17,0.1789,Coral Garden D,T2,5
Coral Garden\AUG 2024_CG_D\AUG_2024_CG_D_T2\GOPR4603.JPG,Coral Garden\AUG 2024_CG_D\AUG_2024_CG_D_T2\GOPR4603\Coral6.JPG,6,0.2128,Coral Garden D,T2,5
Coral Garden\AUG 2024_CG_D\AUG_2024_CG_D_T2\GOPR4617.JPG,Coral Garden\AUG 2024_CG_D\AUG_2024_CG_D_T2\GOPR4617\Coral41.JPG,41,0.169,Coral Garden D,T2,5
Coral Garden\AUG 2024_CG_D\AUG_2024_CG_D_T2\GOPR4617.JPG,Coral Garden\AUG 2024_CG_D\AUG_2024_CG_D_T2\GOPR4617\Coral42.JPG,42,0.1683,Coral Garden D,T2,5
Coral Garden\AUG 2024_CG_D\AUG_2024_CG_D_T2\GOPR4617.JPG,Coral Garden\AUG 2024_CG_D\AUG_2024_CG_D_T2\GOPR4617\Coral15.JPG,15,0.4912,Coral Garden D,T2,5
Coral Garden\AUG 2024_CG_D\AUG_2024_CG_D_T2\GOPR4617.JPG,Coral Garden\AUG 2024_CG_D\AUG_2024_CG_D_T2\GOPR4617\Coral1.JPG,1,0.7646,Coral Garden D,T2,5
Coral Garden\AUG 2024_CG_D\AUG_2024_CG_D_T2\GOPR4617.JPG,Coral Garden\AUG 2024_CG_D\AUG_2024_CG_D_T2\GOPR4617\Coral10.JPG,10,0.6046,Coral Garden D,T2,5
Coral Garden\AUG 2024_CG_D\AUG_2024_CG_D_T2\GOPR4617.JPG,Coral Garden\AUG 2024_CG_D\AUG_2024_CG_D_T2\GOPR4617\Coral29.JPG,29,0.2527,Coral Garden D,T2,5
Coral Garden\AUG 2024_CG_D\AUG_2024_CG_D_T2\GOPR4617.JPG,Coral Garden\AUG 2024_CG_D\AUG_2024_CG_D_T2\GOPR4617\Coral2.JPG,2,0.7451,Coral Garden D,T2,5
Coral Garden\AUG 2024_CG_D\AUG_2024_CG_D_T2\GOPR4617.JPG,Coral Garden\AUG 2024_CG_D\AUG_2024_CG_D_T2\GOPR4617\Coral8.JPG,8,0.6308,Coral Garden D,T2,5
Coral Garden\AUG 2024_CG_D\AUG_2024_CG_D_T2\GOPR4626.JPG,Coral Garden\AUG 2024_CG_D\AUG_2024_CG_D_T2\GOPR4626\Coral15.JPG,15,0.362,Coral Garden D,T2,5
Coral Garden\JULY 2024_CG_D\CG-D_T3\GOPR3041.JPG,Coral Garden\JULY 2024_CG_D\CG-D_T3\GOPR3041\Coral17.JPG,17,0.1884,Coral Garden D,T3,5
Coral Garden\JULY 2024_CG_D\CG-D_T3\GOPR3070.JPG,Coral Garden\JULY 2024_CG_D\CG-D_T3\GOPR3070\Coral1.JPG,1,0.2734,Coral Garden D,T3,5
Coral Garden\AUG 2024_CG_D\AUG_2024_CG_D_T3\GOPR4679.JPG,Coral Garden\AUG 2024_CG_D\AUG_2024_CG_D_T3\GOPR4679\Coral1.JPG,1,0.7339,Coral Garden D,T3,5
Coral Garden\JULY 2024_CG_D\CG-D_T3\GOPR3064.JPG,Coral Garden\JULY 2024_CG_D\CG-D_T3\GOPR3064\Coral14.JPG,14,0.3215,Coral Garden D,T3,5
Coral Garden\JULY 2024_CG_D\CG-D_T3\GOPR3062.JPG,Coral Garden\JULY 2024_CG_D\CG-D_T3\GOPR3062\Coral7.JPG,7,0.2214,Coral Garden D,T3,5
Coral Garden\JULY 2024_CG_D\CG-D_T3\GOPR3072.JPG,Coral Garden\JULY 2024_CG_D\CG-D_T3\GOPR3072\Coral9.JPG,9,0.3517,Coral Garden D,T3,5
Coral Garden\JULY 2024_CG_D\CG-D_T3\GOPR3050.JPG,Coral Garden\JULY 2024_CG_D\CG-D_T3\GOPR3050\Coral1.JPG,1,0.672,Coral Garden D,T3,5
Coral Garden\JULY 2024_CG_D\CG-D_T3\GOPR3035.JPG,Coral Garden\JULY 2024_CG_D\CG-D_T3\GOPR3035\Coral9.JPG,9,0.2953,Coral Garden D,T3,5
Coral Garden\JULY 2024_CG_D\CG-D_T3\GOPR3026.JPG,Coral Garden\JULY 2024_CG_D\CG-D_T3\GOPR3026\Coral1.JPG,1,0.7706,Coral Garden D,T3,5
Coral Garden\JULY 2024_CG_D\CG-D_T3\GOPR3068.JPG,Coral Garden\JULY 2024_CG_D\CG-D_T3\GOPR3068\Coral1.JPG,1,0.1648,Coral Garden D,T3,5
Coral Garden\JULY 2024_CG_D\CG-D_T3\GOPR3033.JPG,Coral Garden\JULY 2024_CG_D\CG-D_T3\GOPR3033\Coral16.JPG,16,0.2568,Coral Garden D,T3,5
Coral Garden\JULY 2024_CG_D\CG-D_T3\GOPR3025.JPG,Coral Garden\JULY 2024_CG_D\CG-D_T3\GOPR3025\Coral2.JPG,2,0.6823,Coral Garden D,T3,5
Coral Garden\JULY 2024_CG_D\CG-D_T3\GOPR3057.JPG,Coral Garden\JULY 2024_CG_D\CG-D_T3\GOPR3057\Coral11.JPG,11,0.1636,Coral Garden D,T3,5
Coral Garden\AUG 2024_CG_D\AUG_2024_CG_D_T3\GOPR4651.JPG,Coral Garden\AUG 2024_CG_D\AUG_2024_CG_D_T3\GOPR4651\Coral1.JPG,1,0.6077,Coral Garden D,T3,5
Coral Garden\JULY 2024_CG_D\CG-D_T3\GOPR3036.JPG,Coral Garden\JULY 2024_CG_D\CG-D_T3\GOPR3036\Coral4.JPG,4,0.6201,Coral Garden D,T3,5
Coral Garden\AUG 2024_CG_D\AUG_2024_CG_D_T3\GOPR4683.JPG,Coral Garden\AUG 2024_CG_D\AUG_2024_CG_D_T3\GOPR4683\Coral11.JPG,11,0.217,Coral Garden D,T3,5
Coral Garden\AUG 2024_CG_D\AUG_2024_CG_D_T3\GOPR4665.JPG,Coral Garden\AUG 2024_CG_D\AUG_2024_CG_D_T3\GOPR4665\Coral2.JPG,2,0.5717,Coral Garden D,T3,5
Coral Garden\JULY 2024_CG_D\CG-D_T3\GOPR3030.JPG,Coral Garden\JULY 2024_CG_D\CG-D_T3\GOPR3030\Coral3.JPG,3,0.32,Coral Garden D,T3,5
Coral Garden\JULY 2024_CG_D\CG-D_T3\GOPR3037.JPG,Coral Garden\JULY 2024_CG_D\CG-D_T3\GOPR3037\Coral7.JPG,7,0.3749,Coral Garden D,T3,5
Coral Garden\AUG 2024_CG_D\AUG_2024_CG_D_T3\GOPR4681.JPG,Coral Garden\AUG 2024_CG_D\AUG_2024_CG_D_T3\GOPR4681\Coral7.JPG,7,0.4003,Coral Garden D,T3,5
Coral Garden\AUG 2024_CG_D\AUG_2024_CG_D_T3\GOPR4675.JPG,Coral Garden\AUG 2024_CG_D\AUG_2024_CG_D_T3\GOPR4675\Coral30.JPG,30,0.1755,Coral Garden D,T3,5
Coral Garden\AUG 2024_CG_D\AUG_2024_CG_D_T3\GOPR4662.JPG,Coral Garden\AUG 2024_CG_D\AUG_2024_CG_D_T3\GOPR4662\Coral2.JPG,2,0.6912,Coral Garden D,T3,5
Coral Garden\JULY 2024_CG_D\CG-D_T3\GOPR3052.JPG,Coral Garden\JULY 2024_CG_D\CG-D_T3\GOPR3052\Coral10.JPG,10,0.1552,Coral Garden D,T3,5
Coral Garden\JULY 2024_CG_D\CG-D_T3\GOPR3050.JPG,Coral Garden\JULY 2024_CG_D\CG-D_T3\GOPR3050\Coral2.JPG,2,0.636,Coral Garden D,T3,5
Coral Garden\JULY 2024_CG_D\CG-D_T3\GOPR3047.JPG,Coral Garden\JULY 2024_CG_D\CG-D_T3\GOPR3047\Coral3.JPG,3,0.466,Coral Garden D,T3,5
Coral Garden\AUG 2024_CG_D\AUG_2024_CG_D_T3\GOPR4692.JPG,Coral Garden\AUG 2024_CG_D\AUG_2024_CG_D_T3\GOPR4692\Coral24.JPG,24,0.1647,Coral Garden D,T3,5
Coral Garden\JULY 2024_CG_D\CG-D_T3\GOPR3058.JPG,Coral Garden\JULY 2024_CG_D\CG-D_T3\GOPR3058\Coral7.JPG,7,0.1667,Coral Garden D,T3,5
Coral Garden\JULY 2024_CG_D\CG-D_T3\GOPR3025.JPG,Coral Garden\JULY 2024_CG_D\CG-D_T3\GOPR3025\Coral4.JPG,4,0.6118,Coral Garden D,T3,5
Coral Garden\AUG 2024_CG_D\AUG_2024_CG_D_T3\GOPR4673.JPG,Coral Garden\AUG 2024_CG_D\AUG_2024_CG_D_T3\GOPR4673\Coral3.JPG,3,0.481,Coral Garden D,T3,5
Coral Garden\JULY 2024_CG_D\CG-D_T3\GOPR3029.JPG,Coral Garden\JULY 2024_CG_D\CG-D_T3\GOPR3029\Coral30.JPG,30,0.1818,Coral Garden D,T3,5
Coral Garden\AUG 2024_CG_D\AUG_2024_CG_D_T3\GOPR4667.JPG,Coral Garden\AUG 2024_CG_D\AUG_2024_CG_D_T3\GOPR4667\Coral7.JPG,7,0.1712,Coral Garden D,T3,5
Coral Garden\JULY 2024_CG_D\CG-D_T3\GOPR3049.JPG,Coral Garden\JULY 2024_CG_D\CG-D_T3\GOPR3049\Coral8.JPG,8,0.162,Coral Garden D,T3,5
Coral Garden\JULY 2024_CG_D\CG-D_T3\GOPR3037.JPG,Coral Garden\JULY 2024_CG_D\CG-D_T3\GOPR3037\Coral2.JPG,2,0.6882,Coral Garden D,T3,5
Coral Garden\AUG 2024_CG_D\AUG_2024_CG_D_T3\GOPR4670.JPG,Coral Garden\AUG 2024_CG_D\AUG_2024_CG_D_T3\GOPR4670\Coral14.JPG,14,0.2516,Coral Garden D,T3,5
Coral Garden\AUG 2024_CG_D\AUG_2024_CG_D_T3\GOPR4672.JPG,Coral Garden\AUG 2024_CG_D\AUG_2024_CG_D_T3\GOPR4672\Coral26.JPG,26,0.2519,Coral Garden D,T3,5
Coral Garden\AUG 2024_CG_D\AUG_2024_CG_D_T3\GOPR4643.JPG,Coral Garden\AUG 2024_CG_D\AUG_2024_CG_D_T3\GOPR4643\Coral7.JPG,7,0.3004,Coral Garden D,T3,5
Coral Garden\JULY 2024_CG_D\CG-D_T3\GOPR3042.JPG,Coral Garden\JULY 2024_CG_D\CG-D_T3\GOPR3042\Coral13.JPG,13,0.2085,Coral Garden D,T3,5
Coral Garden\AUG 2024_CG_D\AUG_2024_CG_D_T3\GOPR4666.JPG,Coral Garden\AUG 2024_CG_D\AUG_2024_CG_D_T3\GOPR4666\Coral4.JPG,4,0.3992,Coral Garden D,T3,5
Coral Garden\JULY 2024_CG_D\CG-D_T3\GOPR3041.JPG,Coral Garden\JULY 2024_CG_D\CG-D_T3\GOPR3041\Coral7.JPG,7,0.3596,Coral Garden D,T3,5
Coral Garden\JULY 2024_CG_D\CG-D_T3\GOPR3064.JPG,Coral Garden\JULY 2024_CG_D\CG-D_T3\GOPR3064\Coral18.JPG,18,0.2334,Coral Garden D,T3,5
Coral Garden\JULY 2024_CG_D\CG-D_T3\GOPR3053.JPG,Coral Garden\JULY 2024_CG_D\CG-D_T3\GOPR3053\Coral4.JPG,4,0.3542,Coral Garden D,T3,5
Coral Garden\JULY 2024_CG_D\CG-D_T3\GOPR3033.JPG,Coral Garden\JULY 2024_CG_D\CG-D_T3\GOPR3033\Coral15.JPG,15,0.2775,Coral Garden D,T3,5
Coral Garden\AUG 2024_CG_D\AUG_2024_CG_D_T3\GOPR4664.JPG,Coral Garden\AUG 2024_CG_D\AUG_2024_CG_D_T3\GOPR4664\Coral5.JPG,5,0.2983,Coral Garden D,T3,5
Coral Garden\JULY 2024_CG_D\CG-D_T3\GOPR3027.JPG,Coral Garden\JULY 2024_CG_D\CG-D_T3\GOPR3027\Coral11.JPG,11,0.1516,Coral Garden D,T3,5
Coral Garden\JULY 2024_CG_D\CG-D_T3\GOPR3025.JPG,Coral Garden\JULY 2024_CG_D\CG-D_T3\GOPR3025\Coral26.JPG,26,0.164,Coral Garden D,T3,5
Coral Garden\JULY 2024_CG_D\CG-D_T3\GOPR3051.JPG,Coral Garden\JULY 2024_CG_D\CG-D_T3\GOPR3051\Coral7.JPG,7,0.2579,Coral Garden D,T3,5
Coral Garden\AUG 2024_CG_D\AUG_2024_CG_D_T3\GOPR4654.JPG,Coral Garden\AUG 2024_CG_D\AUG_2024_CG_D_T3\GOPR4654\Coral2.JPG,2,0.3847,Coral Garden D,T3,5
Coral Garden\JULY 2024_CG_D\CG-D_T3\GOPR3063.JPG,Coral Garden\JULY 2024_CG_D\CG-D_T3\GOPR3063\Coral5.JPG,5,0.2424,Coral Garden D,T3,5
Coral Garden\JULY 2024_CG_D\CG-D_T3\GOPR3043.JPG,Coral Garden\JULY 2024_CG_D\CG-D_T3\GOPR3043\Coral1.JPG,1,0.7217,Coral Garden D,T3,5
Coral Garden\AUG 2024_CG_D\AUG_2024_CG_D_T3\GOPR4678.JPG,Coral Garden\AUG 2024_CG_D\AUG_2024_CG_D_T3\GOPR4678\Coral7.JPG,7,0.3967,Coral Garden D,T3,5
Coral Garden\JULY 2024_CG_D\CG-D_T3\GOPR3044.JPG,Coral Garden\JULY 2024_CG_D\CG-D_T3\GOPR3044\Coral4.JPG,4,0.3763,Coral Garden D,T3,5
Coral Garden\JULY 2024_CG_D\CG-D_T3\GOPR3059.JPG,Coral Garden\JULY 2024_CG_D\CG-D_T3\GOPR3059\Coral16.JPG,16,0.2196,Coral Garden D,T3,5
Coral Garden\AUG 2024_CG_D\AUG_2024_CG_D_T3\GOPR4661.JPG,Coral Garden\AUG 2024_CG_D\AUG_2024_CG_D_T3\GOPR4661\Coral25.JPG,25,0.1826,Coral Garden D,T3,5
Coral Garden\AUG 2024_CG_D\AUG_2024_CG_D_T3\GOPR4681.JPG,Coral Garden\AUG 2024_CG_D\AUG_2024_CG_D_T3\GOPR4681\Coral4.JPG,4,0.4106,Coral Garden D,T3,5
Coral Garden\AUG 2024_CG_D\AUG_2024_CG_D_T3\GOPR4660.JPG,Coral Garden\AUG 2024_CG_D\AUG_2024_CG_D_T3\GOPR4660\Coral5.JPG,5,0.6314,Coral Garden D,T3,5
Coral Garden\AUG 2024_CG_D\AUG_2024_CG_D_T3\GOPR4643.JPG,Coral Garden\AUG 2024_CG_D\AUG_2024_CG_D_T3\GOPR4643\Coral10.JPG,10,0.2152,Coral Garden D,T3,5
Coral Garden\AUG 2024_CG_D\AUG_2024_CG_D_T3\GOPR4643.JPG,Coral Garden\AUG 2024_CG_D\AUG_2024_CG_D_T3\GOPR4643\Coral1.JPG,1,0.8181,Coral Garden D,T3,5
Coral Garden\JULY 2024_CG_D\CG-D_T3\GOPR3042.JPG,Coral Garden\JULY 2024_CG_D\CG-D_T3\GOPR3042\Coral18.JPG,18,0.1649,Coral Garden D,T3,5
Coral Garden\JULY 2024_CG_D\CG-D_T3\GOPR3042.JPG,Coral Garden\JULY 2024_CG_D\CG-D_T3\GOPR3042\Coral19.JPG,19,0.1582,Coral Garden D,T3,5
Coral Garden\JULY 2024_CG_D\CG-D_T3\GOPR3042.JPG,Coral Garden\JULY 2024_CG_D\CG-D_T3\GOPR3042\Coral16.JPG,16,0.1768,Coral Garden D,T3,5
Coral Garden\JULY 2024_CG_D\CG-D_T3\GOPR3042.JPG,Coral Garden\JULY 2024_CG_D\CG-D_T3\GOPR3042\Coral20.JPG,20,0.157,Coral Garden D,T3,5
Coral Garden\JULY 2024_CG_D\CG-D_T3\GOPR3042.JPG,Coral Garden\JULY 2024_CG_D\CG-D_T3\GOPR3042\Coral17.JPG,17,0.1725,Coral Garden D,T3,5
Coral Garden\JULY 2024_CG_D\CG-D_T3\GOPR3042.JPG,Coral Garden\JULY 2024_CG_D\CG-D_T3\GOPR3042\Coral12.JPG,12,0.2444,Coral Garden D,T3,5
Coral Garden\JULY 2024_CG_D\CG-D_T3\GOPR3042.JPG,Coral Garden\JULY 2024_CG_D\CG-D_T3\GOPR3042\Coral14.JPG,14,0.2084,Coral Garden D,T3,5
Coral Garden\JULY 2024_CG_D\CG-D_T3\GOPR3042.JPG,Coral Garden\JULY 2024_CG_D\CG-D_T3\GOPR3042\Coral8.JPG,8,0.3365,Coral Garden D,T3,5
Coral Garden\JULY 2024_CG_D\CG-D_T3\GOPR3041.JPG,Coral Garden\JULY 2024_CG_D\CG-D_T3\GOPR3041\Coral1.JPG,1,0.5991,Coral Garden D,T3,5
Coral Garden\JULY 2024_CG_D\CG-D_T3\GOPR3071.JPG,Coral Garden\JULY 2024_CG_D\CG-D_T3\GOPR3071\Coral18.JPG,18,0.1888,Coral Garden D,T3,5
Coral Garden\JULY 2024_CG_D\CG-D_T3\GOPR3071.JPG,Coral Garden\JULY 2024_CG_D\CG-D_T3\GOPR3071\Coral4.JPG,4,0.4119,Coral Garden D,T3,5
Coral Garden\JULY 2024_CG_D\CG-D_T3\GOPR3071.JPG,Coral Garden\JULY 2024_CG_D\CG-D_T3\GOPR3071\Coral7.JPG,7,0.3604,Coral Garden D,T3,5
Coral Garden\JULY 2024_CG_D\CG-D_T3\GOPR3071.JPG,Coral Garden\JULY 2024_CG_D\CG-D_T3\GOPR3071\Coral8.JPG,8,0.3513,Coral Garden D,T3,5
Coral Garden\JULY 2024_CG_D\CG-D_T3\GOPR3071.JPG,Coral Garden\JULY 2024_CG_D\CG-D_T3\GOPR3071\Coral21.JPG,21,0.17,Coral Garden D,T3,5
Coral Garden\JULY 2024_CG_D\CG-D_T3\GOPR3052.JPG,Coral Garden\JULY 2024_CG_D\CG-D_T3\GOPR3052\Coral6.JPG,6,0.2218,Coral Garden D,T3,5
Coral Garden\JULY 2024_CG_D\CG-D_T3\GOPR3052.JPG,Coral Garden\JULY 2024_CG_D\CG-D_T3\GOPR3052\Coral7.JPG,7,0.2136,Coral Garden D,T3,5
Coral Garden\JULY 2024_CG_D\CG-D_T3\GOPR3052.JPG,Coral Garden\JULY 2024_CG_D\CG-D_T3\GOPR3052\Coral3.JPG,3,0.3161,Coral Garden D,T3,5
Coral Garden\AUG 2024_CG_D\AUG_2024_CG_D_T3\GOPR4663.JPG,Coral Garden\AUG 2024_CG_D\AUG_2024_CG_D_T3\GOPR4663\Coral3.JPG,3,0.2155,Coral Garden D,T3,5
Coral Garden\AUG 2024_CG_D\AUG_2024_CG_D_T3\GOPR4674.JPG,Coral Garden\AUG 2024_CG_D\AUG_2024_CG_D_T3\GOPR4674\Coral30.JPG,30,0.1931,Coral Garden D,T3,5
Coral Garden\AUG 2024_CG_D\AUG_2024_CG_D_T3\GOPR4674.JPG,Coral Garden\AUG 2024_CG_D\AUG_2024_CG_D_T3\GOPR4674\Coral33.JPG,33,0.1793,Coral Garden D,T3,5
Coral Garden\AUG 2024_CG_D\AUG_2024_CG_D_T3\GOPR4674.JPG,Coral Garden\AUG 2024_CG_D\AUG_2024_CG_D_T3\GOPR4674\Coral27.JPG,27,0.199,Coral Garden D,T3,5
Coral Garden\AUG 2024_CG_D\AUG_2024_CG_D_T3\GOPR4674.JPG,Coral Garden\AUG 2024_CG_D\AUG_2024_CG_D_T3\GOPR4674\Coral32.JPG,32,0.1854,Coral Garden D,T3,5
Coral Garden\AUG 2024_CG_D\AUG_2024_CG_D_T3\GOPR4674.JPG,Coral Garden\AUG 2024_CG_D\AUG_2024_CG_D_T3\GOPR4674\Coral13.JPG,13,0.3633,Coral Garden D,T3,5
Coral Garden\AUG 2024_CG_D\AUG_2024_CG_D_T3\GOPR4674.JPG,Coral Garden\AUG 2024_CG_D\AUG_2024_CG_D_T3\GOPR4674\Coral6.JPG,6,0.5406,Coral Garden D,T3,5
Coral Garden\JULY 2024_CG_D\CG-D_T3\GOPR3064.JPG,Coral Garden\JULY 2024_CG_D\CG-D_T3\GOPR3064\Coral15.JPG,15,0.2735,Coral Garden D,T3,5
Coral Garden\JULY 2024_CG_D\CG-D_T3\GOPR3064.JPG,Coral Garden\JULY 2024_CG_D\CG-D_T3\GOPR3064\Coral19.JPG,19,0.2301,Coral Garden D,T3,5
Coral Garden\JULY 2024_CG_D\CG-D_T3\GOPR3072.JPG,Coral Garden\JULY 2024_CG_D\CG-D_T3\GOPR3072\Coral8.JPG,8,0.3729,Coral Garden D,T3,5
Coral Garden\JULY 2024_CG_D\CG-D_T3\GOPR3072.JPG,Coral Garden\JULY 2024_CG_D\CG-D_T3\GOPR3072\Coral6.JPG,6,0.4228,Coral Garden D,T3,5
Coral Garden\AUG 2024_CG_D\AUG_2024_CG_D_T3\GOPR4676.JPG,Coral Garden\AUG 2024_CG_D\AUG_2024_CG_D_T3\GOPR4676\Coral3.JPG,3,0.4396,Coral Garden D,T3,5
Coral Garden\AUG 2024_CG_D\AUG_2024_CG_D_T3\GOPR4676.JPG,Coral Garden\AUG 2024_CG_D\AUG_2024_CG_D_T3\GOPR4676\Coral8.JPG,8,0.2721,Coral Garden D,T3,5
Coral Garden\AUG 2024_CG_D\AUG_2024_CG_D_T3\GOPR4676.JPG,Coral Garden\AUG 2024_CG_D\AUG_2024_CG_D_T3\GOPR4676\Coral22.JPG,22,0.1615,Coral Garden D,T3,5
Coral Garden\AUG 2024_CG_D\AUG_2024_CG_D_T3\GOPR4676.JPG,Coral Garden\AUG 2024_CG_D\AUG_2024_CG_D_T3\GOPR4676\Coral15.JPG,15,0.2094,Coral Garden D,T3,5
Coral Garden\AUG 2024_CG_D\AUG_2024_CG_D_T3\GOPR4676.JPG,Coral Garden\AUG 2024_CG_D\AUG_2024_CG_D_T3\GOPR4676\Coral14.JPG,14,0.2218,Coral Garden D,T3,5
Coral Garden\JULY 2024_CG_D\CG-D_T3\GOPR3047.JPG,Coral Garden\JULY 2024_CG_D\CG-D_T3\GOPR3047\Coral5.JPG,5,0.3722,Coral Garden D,T3,5
Coral Garden\JULY 2024_CG_D\CG-D_T3\GOPR3047.JPG,Coral Garden\JULY 2024_CG_D\CG-D_T3\GOPR3047\Coral11.JPG,11,0.2386,Coral Garden D,T3,5
Coral Garden\JULY 2024_CG_D\CG-D_T3\GOPR3047.JPG,Coral Garden\JULY 2024_CG_D\CG-D_T3\GOPR3047\Coral1.JPG,1,0.7535,Coral Garden D,T3,5
Coral Garden\AUG 2024_CG_D\AUG_2024_CG_D_T3\GOPR4656.JPG,Coral Garden\AUG 2024_CG_D\AUG_2024_CG_D_T3\GOPR4656\Coral34.JPG,34,0.1883,Coral Garden D,T3,5
Coral Garden\AUG 2024_CG_D\AUG_2024_CG_D_T3\GOPR4656.JPG,Coral Garden\AUG 2024_CG_D\AUG_2024_CG_D_T3\GOPR4656\Coral31.JPG,31,0.213,Coral Garden D,T3,5
Coral Garden\AUG 2024_CG_D\AUG_2024_CG_D_T3\GOPR4656.JPG,Coral Garden\AUG 2024_CG_D\AUG_2024_CG_D_T3\GOPR4656\Coral14.JPG,14,0.3481,Coral Garden D,T3,5
Coral Garden\AUG 2024_CG_D\AUG_2024_CG_D_T3\GOPR4656.JPG,Coral Garden\AUG 2024_CG_D\AUG_2024_CG_D_T3\GOPR4656\Coral12.JPG,12,0.3611,Coral Garden D,T3,5
Coral Garden\AUG 2024_CG_D\AUG_2024_CG_D_T3\GOPR4656.JPG,Coral Garden\AUG 2024_CG_D\AUG_2024_CG_D_T3\GOPR4656\Coral3.JPG,3,0.6029,Coral Garden D,T3,5
Coral Garden\AUG 2024_CG_D\AUG_2024_CG_D_T3\GOPR4656.JPG,Coral Garden\AUG 2024_CG_D\AUG_2024_CG_D_T3\GOPR4656\Coral6.JPG,6,0.5528,Coral Garden D,T3,5
Coral Garden\AUG 2024_CG_D\AUG_2024_CG_D_T3\GOPR4692.JPG,Coral Garden\AUG 2024_CG_D\AUG_2024_CG_D_T3\GOPR4692\Coral15.JPG,15,0.2731,Coral Garden D,T3,5
Coral Garden\AUG 2024_CG_D\AUG_2024_CG_D_T3\GOPR4692.JPG,Coral Garden\AUG 2024_CG_D\AUG_2024_CG_D_T3\GOPR4692\Coral4.JPG,4,0.5133,Coral Garden D,T3,5
Coral Garden\AUG 2024_CG_D\AUG_2024_CG_D_T3\GOPR4692.JPG,Coral Garden\AUG 2024_CG_D\AUG_2024_CG_D_T3\GOPR4692\Coral14.JPG,14,0.2749,Coral Garden D,T3,5
Coral Garden\AUG 2024_CG_D\AUG_2024_CG_D_T3\GOPR4692.JPG,Coral Garden\AUG 2024_CG_D\AUG_2024_CG_D_T3\GOPR4692\Coral6.JPG,6,0.4722,Coral Garden D,T3,5
Coral Garden\AUG 2024_CG_D\AUG_2024_CG_D_T3\GOPR4692.JPG,Coral Garden\AUG 2024_CG_D\AUG_2024_CG_D_T3\GOPR4692\Coral21.JPG,21,0.1831,Coral Garden D,T3,5
Coral Garden\JULY 2024_CG_D\CG-D_T3\GOPR3028.JPG,Coral Garden\JULY 2024_CG_D\CG-D_T3\GOPR3028\Coral12.JPG,12,0.3264,Coral Garden D,T3,5
Coral Garden\JULY 2024_CG_D\CG-D_T3\GOPR3028.JPG,Coral Garden\JULY 2024_CG_D\CG-D_T3\GOPR3028\Coral17.JPG,17,0.2356,Coral Garden D,T3,5
Coral Garden\JULY 2024_CG_D\CG-D_T3\GOPR3035.JPG,Coral Garden\JULY 2024_CG_D\CG-D_T3\GOPR3035\Coral12.JPG,12,0.2197,Coral Garden D,T3,5
Coral Garden\AUG 2024_CG_D\AUG_2024_CG_D_T3\GOPR4696.JPG,Coral Garden\AUG 2024_CG_D\AUG_2024_CG_D_T3\GOPR4696\Coral11.JPG,11,0.2821,Coral Garden D,T3,5
Coral Garden\AUG 2024_CG_D\AUG_2024_CG_D_T3\GOPR4696.JPG,Coral Garden\AUG 2024_CG_D\AUG_2024_CG_D_T3\GOPR4696\Coral2.JPG,2,0.3862,Coral Garden D,T3,5
Coral Garden\AUG 2024_CG_D\AUG_2024_CG_D_T3\GOPR4696.JPG,Coral Garden\AUG 2024_CG_D\AUG_2024_CG_D_T3\GOPR4696\Coral17.JPG,17,0.2343,Coral Garden D,T3,5
Coral Garden\AUG 2024_CG_D\AUG_2024_CG_D_T3\GOPR4696.JPG,Coral Garden\AUG 2024_CG_D\AUG_2024_CG_D_T3\GOPR4696\Coral20.JPG,20,0.2188,Coral Garden D,T3,5
Giant Clam (Shallow Only)\2024_JUL_GC_D\2024_JUL_GC-D_T1\GOPR3392.JPG,Giant Clam (Shallow Only)\2024_JUL_GC_D\2024_JUL_GC-D_T1\GOPR3392\Coral6.JPG,6,0.3815,Giant Clam,T1,5
Giant Clam (Shallow Only)\2024_AUG_GC_D\2024_AUG_GC_T1\GOPR4366.JPG,Giant Clam (Shallow Only)\2024_AUG_GC_D\2024_AUG_GC_T1\GOPR4366\Coral2.JPG,2,0.2966,Giant Clam,T1,5
Giant Clam (Shallow Only)\2024_JUL_GC_D\2024_JUL_GC-D_T1\GOPR3414.JPG,Giant Clam (Shallow Only)\2024_JUL_GC_D\2024_JUL_GC-D_T1\GOPR3414\Coral28.JPG,28,0.2185,Giant Clam,T1,5
Giant Clam (Shallow Only)\2024_AUG_GC_D\2024_AUG_GC_T1\GOPR4368.JPG,Giant Clam (Shallow Only)\2024_AUG_GC_D\2024_AUG_GC_T1\GOPR4368\Coral9.JPG,9,0.3065,Giant Clam,T1,5
Giant Clam (Shallow Only)\2024_AUG_GC_D\2024_AUG_GC_T1\GOPR4372.JPG,Giant Clam (Shallow Only)\2024_AUG_GC_D\2024_AUG_GC_T1\GOPR4372\Coral30.JPG,30,0.1889,Giant Clam,T1,5
Giant Clam (Shallow Only)\2024_AUG_GC_D\2024_AUG_GC_T1\GOPR4395.JPG,Giant Clam (Shallow Only)\2024_AUG_GC_D\2024_AUG_GC_T1\GOPR4395\Coral26.JPG,26,0.3477,Giant Clam,T1,5
Giant Clam (Shallow Only)\2024_AUG_GC_D\2024_AUG_GC_T1\GOPR4394.JPG,Giant Clam (Shallow Only)\2024_AUG_GC_D\2024_AUG_GC_T1\GOPR4394\Coral25.JPG,25,0.1977,Giant Clam,T1,5
Giant Clam (Shallow Only)\2024_JUL_GC_D\2024_JUL_GC-D_T1\GOPR3392.JPG,Giant Clam (Shallow Only)\2024_JUL_GC_D\2024_JUL_GC-D_T1\GOPR3392\Coral11.JPG,11,0.3335,Giant Clam,T1,5
Giant Clam (Shallow Only)\2024_AUG_GC_D\2024_AUG_GC_T1\GOPR4415.JPG,Giant Clam (Shallow Only)\2024_AUG_GC_D\2024_AUG_GC_T1\GOPR4415\Coral3.JPG,3,0.697,Giant Clam,T1,5
Giant Clam (Shallow Only)\2024_JUL_GC_D\2024_JUL_GC-D_T1\GOPR3401.JPG,Giant Clam (Shallow Only)\2024_JUL_GC_D\2024_JUL_GC-D_T1\GOPR3401\Coral4.JPG,4,0.4111,Giant Clam,T1,5
Giant Clam (Shallow Only)\2024_AUG_GC_D\2024_AUG_GC_T1\GOPR4386.JPG,Giant Clam (Shallow Only)\2024_AUG_GC_D\2024_AUG_GC_T1\GOPR4386\Coral2.JPG,2,0.4009,Giant Clam,T1,5
Giant Clam (Shallow Only)\2024_JUL_GC_D\2024_JUL_GC-D_T1\GOPR3409.JPG,Giant Clam (Shallow Only)\2024_JUL_GC_D\2024_JUL_GC-D_T1\GOPR3409\Coral16.JPG,16,0.5177,Giant Clam,T1,5
Giant Clam (Shallow Only)\2024_AUG_GC_D\2024_AUG_GC_T1\GOPR4408.JPG,Giant Clam (Shallow Only)\2024_AUG_GC_D\2024_AUG_GC_T1\GOPR4408\Coral15.JPG,15,0.2075,Giant Clam,T1,5
Giant Clam (Shallow Only)\2024_JUL_GC_D\2024_JUL_GC-D_T1\GOPR3424.JPG,Giant Clam (Shallow Only)\2024_JUL_GC_D\2024_JUL_GC-D_T1\GOPR3424\Coral21.JPG,21,0.263,Giant Clam,T1,5
Giant Clam (Shallow Only)\2024_JUL_GC_D\2024_JUL_GC-D_T1\GOPR3416.JPG,Giant Clam (Shallow Only)\2024_JUL_GC_D\2024_JUL_GC-D_T1\GOPR3416\Coral5.JPG,5,0.5597,Giant Clam,T1,5
Giant Clam (Shallow Only)\2024_JUL_GC_D\2024_JUL_GC-D_T1\GOPR3394.JPG,Giant Clam (Shallow Only)\2024_JUL_GC_D\2024_JUL_GC-D_T1\GOPR3394\Coral11.JPG,11,0.385,Giant Clam,T1,5
Giant Clam (Shallow Only)\2024_JUL_GC_D\2024_JUL_GC-D_T1\GOPR3418.JPG,Giant Clam (Shallow Only)\2024_JUL_GC_D\2024_JUL_GC-D_T1\GOPR3418\Coral8.JPG,8,0.4944,Giant Clam,T1,5
Giant Clam (Shallow Only)\2024_JUL_GC_D\2024_JUL_GC-D_T1\GOPR3396.JPG,Giant Clam (Shallow Only)\2024_JUL_GC_D\2024_JUL_GC-D_T1\GOPR3396\Coral22.JPG,22,0.182,Giant Clam,T1,5
Giant Clam (Shallow Only)\2024_JUL_GC_D\2024_JUL_GC-D_T1\GOPR3389.JPG,Giant Clam (Shallow Only)\2024_JUL_GC_D\2024_JUL_GC-D_T1\GOPR3389\Coral3.JPG,3,0.5976,Giant Clam,T1,5
Giant Clam (Shallow Only)\2024_AUG_GC_D\2024_AUG_GC_T1\GOPR4402.JPG,Giant Clam (Shallow Only)\2024_AUG_GC_D\2024_AUG_GC_T1\GOPR4402\Coral9.JPG,9,0.2966,Giant Clam,T1,5
Giant Clam (Shallow Only)\2024_AUG_GC_D\2024_AUG_GC_T1\GOPR4406.JPG,Giant Clam (Shallow Only)\2024_AUG_GC_D\2024_AUG_GC_T1\GOPR4406\Coral5.JPG,5,0.3967,Giant Clam,T1,5
Giant Clam (Shallow Only)\2024_AUG_GC_D\2024_AUG_GC_T1\GOPR4367.JPG,Giant Clam (Shallow Only)\2024_AUG_GC_D\2024_AUG_GC_T1\GOPR4367\Coral3.JPG,3,0.7404,Giant Clam,T1,5
Giant Clam (Shallow Only)\2024_JUL_GC_D\2024_JUL_GC-D_T1\GOPR3387.JPG,Giant Clam (Shallow Only)\2024_JUL_GC_D\2024_JUL_GC-D_T1\GOPR3387\Coral5.JPG,5,0.4056,Giant Clam,T1,5
Giant Clam (Shallow Only)\2024_AUG_GC_D\2024_AUG_GC_T1\GOPR4409.JPG,Giant Clam (Shallow Only)\2024_AUG_GC_D\2024_AUG_GC_T1\GOPR4409\Coral1.JPG,1,0.7253,Giant Clam,T1,5
Giant Clam (Shallow Only)\2024_AUG_GC_D\2024_AUG_GC_T1\GOPR4373.JPG,Giant Clam (Shallow Only)\2024_AUG_GC_D\2024_AUG_GC_T1\GOPR4373\Coral14.JPG,14,0.2338,Giant Clam,T1,5
Giant Clam (Shallow Only)\2024_JUL_GC_D\2024_JUL_GC-D_T1\GOPR3421.JPG,Giant Clam (Shallow Only)\2024_JUL_GC_D\2024_JUL_GC-D_T1\GOPR3421\Coral28.JPG,28,0.2684,Giant Clam,T1,5
Giant Clam (Shallow Only)\2024_JUL_GC_D\2024_JUL_GC-D_T1\GOPR3407.JPG,Giant Clam (Shallow Only)\2024_JUL_GC_D\2024_JUL_GC-D_T1\GOPR3407\Coral26.JPG,26,0.2942,Giant Clam,T1,5
Giant Clam (Shallow Only)\2024_AUG_GC_D\2024_AUG_GC_T1\GOPR4391.JPG,Giant Clam (Shallow Only)\2024_AUG_GC_D\2024_AUG_GC_T1\GOPR4391\Coral2.JPG,2,0.393,Giant Clam,T1,5
Giant Clam (Shallow Only)\2024_JUL_GC_D\2024_JUL_GC-D_T1\GOPR3399.JPG,Giant Clam (Shallow Only)\2024_JUL_GC_D\2024_JUL_GC-D_T1\GOPR3399\Coral8.JPG,8,0.4977,Giant Clam,T1,5
Giant Clam (Shallow Only)\2024_AUG_GC_D\2024_AUG_GC_T1\GOPR4393.JPG,Giant Clam (Shallow Only)\2024_AUG_GC_D\2024_AUG_GC_T1\GOPR4393\Coral1.JPG,1,0.7911,Giant Clam,T1,5
Giant Clam (Shallow Only)\2024_AUG_GC_D\2024_AUG_GC_T1\GOPR4394.JPG,Giant Clam (Shallow Only)\2024_AUG_GC_D\2024_AUG_GC_T1\GOPR4394\Coral22.JPG,22,0.2377,Giant Clam,T1,5
Giant Clam (Shallow Only)\2024_JUL_GC_D\2024_JUL_GC-D_T1\GOPR3379.JPG,Giant Clam (Shallow Only)\2024_JUL_GC_D\2024_JUL_GC-D_T1\GOPR3379\Coral4.JPG,4,0.5616,Giant Clam,T1,5
Giant Clam (Shallow Only)\2024_AUG_GC_D\2024_AUG_GC_T1\GOPR4374.JPG,Giant Clam (Shallow Only)\2024_AUG_GC_D\2024_AUG_GC_T1\GOPR4374\Coral8.JPG,8,0.164,Giant Clam,T1,5
Giant Clam (Shallow Only)\2024_JUL_GC_D\2024_JUL_GC-D_T1\GOPR3411.JPG,Giant Clam (Shallow Only)\2024_JUL_GC_D\2024_JUL_GC-D_T1\GOPR3411\Coral5.JPG,5,0.674,Giant Clam,T1,5
Giant Clam (Shallow Only)\2024_AUG_GC_D\2024_AUG_GC_T1\GOPR4378.JPG,Giant Clam (Shallow Only)\2024_AUG_GC_D\2024_AUG_GC_T1\GOPR4378\Coral5.JPG,5,0.269,Giant Clam,T1,5
Giant Clam (Shallow Only)\2024_JUL_GC_D\2024_JUL_GC-D_T1\GOPR3390.JPG,Giant Clam (Shallow Only)\2024_JUL_GC_D\2024_JUL_GC-D_T1\GOPR3390\Coral1.JPG,1,0.7883,Giant Clam,T1,5
Giant Clam (Shallow Only)\2024_JUL_GC_D\2024_JUL_GC-D_T1\GOPR3398.JPG,Giant Clam (Shallow Only)\2024_JUL_GC_D\2024_JUL_GC-D_T1\GOPR3398\Coral5.JPG,5,0.2593,Giant Clam,T1,5
Giant Clam (Shallow Only)\2024_AUG_GC_D\2024_AUG_GC_T1\GOPR4390.JPG,Giant Clam (Shallow Only)\2024_AUG_GC_D\2024_AUG_GC_T1\GOPR4390\Coral17.JPG,17,0.159,Giant Clam,T1,5
Giant Clam (Shallow Only)\2024_JUL_GC_D\2024_JUL_GC-D_T1\GOPR3380.JPG,Giant Clam (Shallow Only)\2024_JUL_GC_D\2024_JUL_GC-D_T1\GOPR3380\Coral5.JPG,5,0.5116,Giant Clam,T1,5
Giant Clam (Shallow Only)\2024_JUL_GC_D\2024_JUL_GC-D_T1\GOPR3412.JPG,Giant Clam (Shallow Only)\2024_JUL_GC_D\2024_JUL_GC-D_T1\GOPR3412\Coral14.JPG,14,0.4089,Giant Clam,T1,5
Giant Clam (Shallow Only)\2024_AUG_GC_D\2024_AUG_GC_T1\GOPR4408.JPG,Giant Clam (Shallow Only)\2024_AUG_GC_D\2024_AUG_GC_T1\GOPR4408\Coral5.JPG,5,0.4024,Giant Clam,T1,5
Giant Clam (Shallow Only)\2024_AUG_GC_D\2024_AUG_GC_T1\GOPR4388.JPG,Giant Clam (Shallow Only)\2024_AUG_GC_D\2024_AUG_GC_T1\GOPR4388\Coral7.JPG,7,0.1889,Giant Clam,T1,5
Giant Clam (Shallow Only)\2024_JUL_GC_D\2024_JUL_GC-D_T1\GOPR3423.JPG,Giant Clam (Shallow Only)\2024_JUL_GC_D\2024_JUL_GC-D_T1\GOPR3423\Coral10.JPG,10,0.3616,Giant Clam,T1,5
Giant Clam (Shallow Only)\2024_AUG_GC_D\2024_AUG_GC_T1\GOPR4401.JPG,Giant Clam (Shallow Only)\2024_AUG_GC_D\2024_AUG_GC_T1\GOPR4401\Coral19.JPG,19,0.2329,Giant Clam,T1,5
Giant Clam (Shallow Only)\2024_JUL_GC_D\2024_JUL_GC-D_T1\GOPR3418.JPG,Giant Clam (Shallow Only)\2024_JUL_GC_D\2024_JUL_GC-D_T1\GOPR3418\Coral17.JPG,17,0.3285,Giant Clam,T1,5
Giant Clam (Shallow Only)\2024_AUG_GC_D\2024_AUG_GC_T1\GOPR4379.JPG,Giant Clam (Shallow Only)\2024_AUG_GC_D\2024_AUG_GC_T1\GOPR4379\Coral10.JPG,10,0.219,Giant Clam,T1,5
Giant Clam (Shallow Only)\2024_AUG_GC_D\2024_AUG_GC_T1\GOPR4377.JPG,Giant Clam (Shallow Only)\2024_AUG_GC_D\2024_AUG_GC_T1\GOPR4377\Coral11.JPG,11,0.3067,Giant Clam,T1,5
Giant Clam (Shallow Only)\2024_AUG_GC_D\2024_AUG_GC_T1\GOPR4367.JPG,Giant Clam (Shallow Only)\2024_AUG_GC_D\2024_AUG_GC_T1\GOPR4367\Coral5.JPG,5,0.404,Giant Clam,T1,5
Giant Clam (Shallow Only)\2024_AUG_GC_D\2024_AUG_GC_T1\GOPR4412.JPG,Giant Clam (Shallow Only)\2024_AUG_GC_D\2024_AUG_GC_T1\GOPR4412\Coral3.JPG,3,0.613,Giant Clam,T1,5
Giant Clam (Shallow Only)\2024_AUG_GC_D\2024_AUG_GC_T1\GOPR4372.JPG,Giant Clam (Shallow Only)\2024_AUG_GC_D\2024_AUG_GC_T1\GOPR4372\Coral12.JPG,12,0.3205,Giant Clam,T1,5
Giant Clam (Shallow Only)\2024_AUG_GC_D\2024_AUG_GC_T1\GOPR4409.JPG,Giant Clam (Shallow Only)\2024_AUG_GC_D\2024_AUG_GC_T1\GOPR4409\Coral3.JPG,3,0.4423,Giant Clam,T1,5
Giant Clam (Shallow Only)\2024_AUG_GC_D\2024_AUG_GC_T1\GOPR4392.JPG,Giant Clam (Shallow Only)\2024_AUG_GC_D\2024_AUG_GC_T1\GOPR4392\Coral2.JPG,2,0.5049,Giant Clam,T1,5
Giant Clam (Shallow Only)\2024_AUG_GC_D\2024_AUG_GC_T1\GOPR4370.JPG,Giant Clam (Shallow Only)\2024_AUG_GC_D\2024_AUG_GC_T1\GOPR4370\Coral12.JPG,12,0.1731,Giant Clam,T1,5
Giant Clam (Shallow Only)\2024_JUL_GC_D\2024_JUL_GC-D_T1\GOPR3407.JPG,Giant Clam (Shallow Only)\2024_JUL_GC_D\2024_JUL_GC-D_T1\GOPR3407\Coral8.JPG,8,0.5379,Giant Clam,T1,5
Giant Clam (Shallow Only)\2024_AUG_GC_D\2024_AUG_GC_T1\GOPR4395.JPG,Giant Clam (Shallow Only)\2024_AUG_GC_D\2024_AUG_GC_T1\GOPR4395\Coral46.JPG,46,0.1793,Giant Clam,T1,5
Giant Clam (Shallow Only)\2024_AUG_GC_D\2024_AUG_GC_T1\GOPR4407.JPG,Giant Clam (Shallow Only)\2024_AUG_GC_D\2024_AUG_GC_T1\GOPR4407\Coral4.JPG,4,0.2845,Giant Clam,T1,5
Giant Clam (Shallow Only)\2024_JUL_GC_D\2024_JUL_GC-D_T1\GOPR3382.JPG,Giant Clam (Shallow Only)\2024_JUL_GC_D\2024_JUL_GC-D_T1\GOPR3382\Coral21.JPG,21,0.2557,Giant Clam,T1,5
Giant Clam (Shallow Only)\2024_AUG_GC_D\2024_AUG_GC_T1\GOPR4374.JPG,Giant Clam (Shallow Only)\2024_AUG_GC_D\2024_AUG_GC_T1\GOPR4374\Coral6.JPG,6,0.2358,Giant Clam,T1,5
Giant Clam (Shallow Only)\2024_JUL_GC_D\2024_JUL_GC-D_T1\GOPR3411.JPG,Giant Clam (Shallow Only)\2024_JUL_GC_D\2024_JUL_GC-D_T1\GOPR3411\Coral24.JPG,24,0.2804,Giant Clam,T1,5
Giant Clam (Shallow Only)\2024_AUG_GC_D\2024_AUG_GC_T1\GOPR4383.JPG,Giant Clam (Shallow Only)\2024_AUG_GC_D\2024_AUG_GC_T1\GOPR4383\Coral5.JPG,5,0.4931,Giant Clam,T1,5
Giant Clam (Shallow Only)\2024_JUL_GC_D\2024_JUL_GC-D_T1\GOPR3390.JPG,Giant Clam (Shallow Only)\2024_JUL_GC_D\2024_JUL_GC-D_T1\GOPR3390\Coral25.JPG,25,0.2327,Giant Clam,T1,5
Giant Clam (Shallow Only)\2024_JUL_GC_D\2024_JUL_GC-D_T1\GOPR3390.JPG,Giant Clam (Shallow Only)\2024_JUL_GC_D\2024_JUL_GC-D_T1\GOPR3390\Coral12.JPG,12,0.5759,Giant Clam,T1,5
Giant Clam (Shallow Only)\2024_JUL_GC_D\2024_JUL_GC-D_T1\GOPR3390.JPG,Giant Clam (Shallow Only)\2024_JUL_GC_D\2024_JUL_GC-D_T1\GOPR3390\Coral29.JPG,29,0.1865,Giant Clam,T1,5
Giant Clam (Shallow Only)\2024_JUL_GC_D\2024_JUL_GC-D_T1\GOPR3390.JPG,Giant Clam (Shallow Only)\2024_JUL_GC_D\2024_JUL_GC-D_T1\GOPR3390\Coral28.JPG,28,0.1972,Giant Clam,T1,5
Giant Clam (Shallow Only)\2024_JUL_GC_D\2024_JUL_GC-D_T1\GOPR3390.JPG,Giant Clam (Shallow Only)\2024_JUL_GC_D\2024_JUL_GC-D_T1\GOPR3390\Coral15.JPG,15,0.5043,Giant Clam,T1,5
Giant Clam (Shallow Only)\2024_JUL_GC_D\2024_JUL_GC-D_T1\GOPR3390.JPG,Giant Clam (Shallow Only)\2024_JUL_GC_D\2024_JUL_GC-D_T1\GOPR3390\Coral17.JPG,17,0.4732,Giant Clam,T1,5
Giant Clam (Shallow Only)\2024_JUL_GC_D\2024_JUL_GC-D_T1\GOPR3390.JPG,Giant Clam (Shallow Only)\2024_JUL_GC_D\2024_JUL_GC-D_T1\GOPR3390\Coral14.JPG,14,0.5305,Giant Clam,T1,5
Giant Clam (Shallow Only)\2024_JUL_GC_D\2024_JUL_GC-D_T1\GOPR3390.JPG,Giant Clam (Shallow Only)\2024_JUL_GC_D\2024_JUL_GC-D_T1\GOPR3390\Coral9.JPG,9,0.6354,Giant Clam,T1,5
Giant Clam (Shallow Only)\2024_AUG_GC_D\2024_AUG_GC_T1\GOPR4398.JPG,Giant Clam (Shallow Only)\2024_AUG_GC_D\2024_AUG_GC_T1\GOPR4398\Coral19.JPG,19,0.1715,Giant Clam,T1,5
Giant Clam (Shallow Only)\2024_AUG_GC_D\2024_AUG_GC_T1\GOPR4398.JPG,Giant Clam (Shallow Only)\2024_AUG_GC_D\2024_AUG_GC_T1\GOPR4398\Coral14.JPG,14,0.2482,Giant Clam,T1,5
Giant Clam (Shallow Only)\2024_JUL_GC_D\2024_JUL_GC-D_T1\GOPR3392.JPG,Giant Clam (Shallow Only)\2024_JUL_GC_D\2024_JUL_GC-D_T1\GOPR3392\Coral13.JPG,13,0.3056,Giant Clam,T1,5
Giant Clam (Shallow Only)\2024_JUL_GC_D\2024_JUL_GC-D_T1\GOPR3392.JPG,Giant Clam (Shallow Only)\2024_JUL_GC_D\2024_JUL_GC-D_T1\GOPR3392\Coral1.JPG,1,0.7067,Giant Clam,T1,5
Giant Clam (Shallow Only)\2024_AUG_GC_D\2024_AUG_GC_T1\GOPR4375.JPG,Giant Clam (Shallow Only)\2024_AUG_GC_D\2024_AUG_GC_T1\GOPR4375\Coral6.JPG,6,0.2471,Giant Clam,T1,5
Giant Clam (Shallow Only)\2024_AUG_GC_D\2024_AUG_GC_T1\GOPR4376.JPG,Giant Clam (Shallow Only)\2024_AUG_GC_D\2024_AUG_GC_T1\GOPR4376\Coral3.JPG,3,0.1762,Giant Clam,T1,5
Giant Clam (Shallow Only)\2024_AUG_GC_D\2024_AUG_GC_T1\GOPR4390.JPG,Giant Clam (Shallow Only)\2024_AUG_GC_D\2024_AUG_GC_T1\GOPR4390\Coral6.JPG,6,0.3689,Giant Clam,T1,5
Giant Clam (Shallow Only)\2024_AUG_GC_D\2024_AUG_GC_T1\GOPR4390.JPG,Giant Clam (Shallow Only)\2024_AUG_GC_D\2024_AUG_GC_T1\GOPR4390\Coral12.JPG,12,0.2003,Giant Clam,T1,5
Giant Clam (Shallow Only)\2024_AUG_GC_D\2024_AUG_GC_T1\GOPR4390.JPG,Giant Clam (Shallow Only)\2024_AUG_GC_D\2024_AUG_GC_T1\GOPR4390\Coral9.JPG,9,0.2794,Giant Clam,T1,5
Giant Clam (Shallow Only)\2024_AUG_GC_D\2024_AUG_GC_T1\GOPR4380.JPG,Giant Clam (Shallow Only)\2024_AUG_GC_D\2024_AUG_GC_T1\GOPR4380\Coral7.JPG,7,0.16,Giant Clam,T1,5
Giant Clam (Shallow Only)\2024_AUG_GC_D\2024_AUG_GC_T1\GOPR4403.JPG,Giant Clam (Shallow Only)\2024_AUG_GC_D\2024_AUG_GC_T1\GOPR4403\Coral3.JPG,3,0.5076,Giant Clam,T1,5
Giant Clam (Shallow Only)\2024_AUG_GC_D\2024_AUG_GC_T1\GOPR4403.JPG,Giant Clam (Shallow Only)\2024_AUG_GC_D\2024_AUG_GC_T1\GOPR4403\Coral16.JPG,16,0.2001,Giant Clam,T1,5
Giant Clam (Shallow Only)\2024_AUG_GC_D\2024_AUG_GC_T1\GOPR4403.JPG,Giant Clam (Shallow Only)\2024_AUG_GC_D\2024_AUG_GC_T1\GOPR4403\Coral12.JPG,12,0.2656,Giant Clam,T1,5
Giant Clam (Shallow Only)\2024_AUG_GC_D\2024_AUG_GC_T1\GOPR4403.JPG,Giant Clam (Shallow Only)\2024_AUG_GC_D\2024_AUG_GC_T1\GOPR4403\Coral11.JPG,11,0.292,Giant Clam,T1,5
Giant Clam (Shallow Only)\2024_AUG_GC_D\2024_AUG_GC_T1\GOPR4403.JPG,Giant Clam (Shallow Only)\2024_AUG_GC_D\2024_AUG_GC_T1\GOPR4403\Coral8.JPG,8,0.3578,Giant Clam,T1,5
Giant Clam (Shallow Only)\2024_AUG_GC_D\2024_AUG_GC_T1\GOPR4403.JPG,Giant Clam (Shallow Only)\2024_AUG_GC_D\2024_AUG_GC_T1\GOPR4403\Coral13.JPG,13,0.2615,Giant Clam,T1,5
Giant Clam (Shallow Only)\2024_AUG_GC_D\2024_AUG_GC_T1\GOPR4403.JPG,Giant Clam (Shallow Only)\2024_AUG_GC_D\2024_AUG_GC_T1\GOPR4403\Coral15.JPG,15,0.2213,Giant Clam,T1,5
Giant Clam (Shallow Only)\2024_JUL_GC_D\2024_JUL_GC-D_T1\GOPR3413.JPG,Giant Clam (Shallow Only)\2024_JUL_GC_D\2024_JUL_GC-D_T1\GOPR3413\Coral40.JPG,40,0.2106,Giant Clam,T1,5
Giant Clam (Shallow Only)\2024_JUL_GC_D\2024_JUL_GC-D_T1\GOPR3413.JPG,Giant Clam (Shallow Only)\2024_JUL_GC_D\2024_JUL_GC-D_T1\GOPR3413\Coral6.JPG,6,0.5821,Giant Clam,T1,5
Giant Clam (Shallow Only)\2024_JUL_GC_D\2024_JUL_GC-D_T1\GOPR3413.JPG,Giant Clam (Shallow Only)\2024_JUL_GC_D\2024_JUL_GC-D_T1\GOPR3413\Coral23.JPG,23,0.4126,Giant Clam,T1,5
Giant Clam (Shallow Only)\2024_JUL_GC_D\2024_JUL_GC-D_T1\GOPR3413.JPG,Giant Clam (Shallow Only)\2024_JUL_GC_D\2024_JUL_GC-D_T1\GOPR3413\Coral10.JPG,10,0.5526,Giant Clam,T1,5
Giant Clam (Shallow Only)\2024_JUL_GC_D\2024_JUL_GC-D_T1\GOPR3413.JPG,Giant Clam (Shallow Only)\2024_JUL_GC_D\2024_JUL_GC-D_T1\GOPR3413\Coral20.JPG,20,0.4294,Giant Clam,T1,5
Giant Clam (Shallow Only)\2024_JUL_GC_D\2024_JUL_GC-D_T1\GOPR3413.JPG,Giant Clam (Shallow Only)\2024_JUL_GC_D\2024_JUL_GC-D_T1\GOPR3413\Coral31.JPG,31,0.2839,Giant Clam,T1,5
Giant Clam (Shallow Only)\2024_JUL_GC_D\2024_JUL_GC-D_T1\GOPR3413.JPG,Giant Clam (Shallow Only)\2024_JUL_GC_D\2024_JUL_GC-D_T1\GOPR3413\Coral44.JPG,44,0.1681,Giant Clam,T1,5
Giant Clam (Shallow Only)\2024_AUG_GC_D\2024_AUG_GC_T1\GOPR4371.JPG,Giant Clam (Shallow Only)\2024_AUG_GC_D\2024_AUG_GC_T1\GOPR4371\Coral3.JPG,3,0.5512,Giant Clam,T1,5
Giant Clam (Shallow Only)\2024_AUG_GC_D\2024_AUG_GC_T1\GOPR4415.JPG,Giant Clam (Shallow Only)\2024_AUG_GC_D\2024_AUG_GC_T1\GOPR4415\Coral10.JPG,10,0.5502,Giant Clam,T1,5
Giant Clam (Shallow Only)\2024_AUG_GC_D\2024_AUG_GC_T1\GOPR4415.JPG,Giant Clam (Shallow Only)\2024_AUG_GC_D\2024_AUG_GC_T1\GOPR4415\Coral26.JPG,26,0.365,Giant Clam,T1,5
Giant Clam (Shallow Only)\2024_AUG_GC_D\2024_AUG_GC_T1\GOPR4415.JPG,Giant Clam (Shallow Only)\2024_AUG_GC_D\2024_AUG_GC_T1\GOPR4415\Coral15.JPG,15,0.5104,Giant Clam,T1,5
Giant Clam (Shallow Only)\2024_AUG_GC_D\2024_AUG_GC_T1\GOPR4415.JPG,Giant Clam (Shallow Only)\2024_AUG_GC_D\2024_AUG_GC_T1\GOPR4415\Coral30.JPG,30,0.2434,Giant Clam,T1,5
Giant Clam (Shallow Only)\2024_AUG_GC_D\2024_AUG_GC_T1\GOPR4415.JPG,Giant Clam (Shallow Only)\2024_AUG_GC_D\2024_AUG_GC_T1\GOPR4415\Coral5.JPG,5,0.661,Giant Clam,T1,5
Giant Clam (Shallow Only)\2024_AUG_GC_D\2024_AUG_GC_T1\GOPR4415.JPG,Giant Clam (Shallow Only)\2024_AUG_GC_D\2024_AUG_GC_T1\GOPR4415\Coral16.JPG,16,0.4885,Giant Clam,T1,5
Giant Clam (Shallow Only)\2024_AUG_GC_D\2024_AUG_GC_T1\GOPR4400.JPG,Giant Clam (Shallow Only)\2024_AUG_GC_D\2024_AUG_GC_T1\GOPR4400\Coral3.JPG,3,0.3638,Giant Clam,T1,5
Giant Clam (Shallow Only)\2024_AUG_GC_D\2024_AUG_GC_T1\GOPR4400.JPG,Giant Clam (Shallow Only)\2024_AUG_GC_D\2024_AUG_GC_T1\GOPR4400\Coral5.JPG,5,0.3472,Giant Clam,T1,5
Giant Clam (Shallow Only)\2024_AUG_GC_D\2024_AUG_GC_T1\GOPR4400.JPG,Giant Clam (Shallow Only)\2024_AUG_GC_D\2024_AUG_GC_T1\GOPR4400\Coral11.JPG,11,0.2541,Giant Clam,T1,5
Giant Clam (Shallow Only)\2024_AUG_GC_D\2024_AUG_GC_T1\GOPR4400.JPG,Giant Clam (Shallow Only)\2024_AUG_GC_D\2024_AUG_GC_T1\GOPR4400\Coral25.JPG,25,0.1583,Giant Clam,T1,5
Giant Clam (Shallow Only)\2024_JUL_GC_D\2024_JUL_GC-D_T1\GOPR3401.JPG,Giant Clam (Shallow Only)\2024_JUL_GC_D\2024_JUL_GC-D_T1\GOPR3401\Coral7.JPG,7,0.1739,Giant Clam,T1,5
Giant Clam (Shallow Only)\2024_JUL_GC_D\2024_JUL_GC-D_T1\GOPR3378.JPG,Giant Clam (Shallow Only)\2024_JUL_GC_D\2024_JUL_GC-D_T1\GOPR3378\Coral1.JPG,1,0.8002,Giant Clam,T1,5
Giant Clam (Shallow Only)\2024_JUL_GC_D\2024_JUL_GC-D_T1\GOPR3378.JPG,Giant Clam (Shallow Only)\2024_JUL_GC_D\2024_JUL_GC-D_T1\GOPR3378\Coral14.JPG,14,0.1966,Giant Clam,T1,5
Giant Clam (Shallow Only)\2024_JUL_GC_D\2024_JUL_GC-D_T1\GOPR3380.JPG,Giant Clam (Shallow Only)\2024_JUL_GC_D\2024_JUL_GC-D_T1\GOPR3380\Coral15.JPG,15,0.2524,Giant Clam,T1,5
Giant Clam (Shallow Only)\2024_JUL_GC_D\2024_JUL_GC-D_T1\GOPR3380.JPG,Giant Clam (Shallow Only)\2024_JUL_GC_D\2024_JUL_GC-D_T1\GOPR3380\Coral8.JPG,8,0.4771,Giant Clam,T1,5
Giant Clam (Shallow Only)\2024_JUL_GC_D\2024_JUL_GC-D_T1\GOPR3380.JPG,Giant Clam (Shallow Only)\2024_JUL_GC_D\2024_JUL_GC-D_T1\GOPR3380\Coral13.JPG,13,0.2599,Giant Clam,T1,5
Giant Clam (Shallow Only)\2024_JUL_GC_D\2024_JUL_GC-D_T1\GOPR3405.JPG,Giant Clam (Shallow Only)\2024_JUL_GC_D\2024_JUL_GC-D_T1\GOPR3405\Coral50.JPG,50,0.1816,Giant Clam,T1,5
Giant Clam (Shallow Only)\2024_JUL_GC_D\2024_JUL_GC-D_T1\GOPR3405.JPG,Giant Clam (Shallow Only)\2024_JUL_GC_D\2024_JUL_GC-D_T1\GOPR3405\Coral23.JPG,23,0.4418,Giant Clam,T1,5
Giant Clam (Shallow Only)\2024_JUL_GC_D\2024_JUL_GC-D_T2\GOPR3434.JPG,Giant Clam (Shallow Only)\2024_JUL_GC_D\2024_JUL_GC-D_T2\GOPR3434\Coral5.JPG,5,0.4761,Giant Clam,T2,5
Giant Clam (Shallow Only)\2024_AUG_GC_D\2024_AUG_GC_T2\GOPR4435.JPG,Giant Clam (Shallow Only)\2024_AUG_GC_D\2024_AUG_GC_T2\GOPR4435\Coral15.JPG,15,0.2374,Giant Clam,T2,5
Giant Clam (Shallow Only)\2024_JUL_GC_D\2024_JUL_GC-D_T2\GOPR3465.JPG,Giant Clam (Shallow Only)\2024_JUL_GC_D\2024_JUL_GC-D_T2\GOPR3465\Coral37.JPG,37,0.1923,Giant Clam,T2,5
Giant Clam (Shallow Only)\2024_AUG_GC_D\2024_AUG_GC_T2\GOPR4457.JPG,Giant Clam (Shallow Only)\2024_AUG_GC_D\2024_AUG_GC_T2\GOPR4457\Coral8.JPG,8,0.1744,Giant Clam,T2,5
Giant Clam (Shallow Only)\2024_AUG_GC_D\2024_AUG_GC_T2\GOPR4429.JPG,Giant Clam (Shallow Only)\2024_AUG_GC_D\2024_AUG_GC_T2\GOPR4429\Coral40.JPG,40,0.1531,Giant Clam,T2,5
Giant Clam (Shallow Only)\2024_AUG_GC_D\2024_AUG_GC_T2\GOPR4456.JPG,Giant Clam (Shallow Only)\2024_AUG_GC_D\2024_AUG_GC_T2\GOPR4456\Coral12.JPG,12,0.2073,Giant Clam,T2,5
Giant Clam (Shallow Only)\2024_JUL_GC_D\2024_JUL_GC-D_T2\GOPR3474.JPG,Giant Clam (Shallow Only)\2024_JUL_GC_D\2024_JUL_GC-D_T2\GOPR3474\Coral9.JPG,9,0.4115,Giant Clam,T2,5
Giant Clam (Shallow Only)\2024_JUL_GC_D\2024_JUL_GC-D_T2\GOPR3478.JPG,Giant Clam (Shallow Only)\2024_JUL_GC_D\2024_JUL_GC-D_T2\GOPR3478\Coral44.JPG,44,0.1768,Giant Clam,T2,5
Giant Clam (Shallow Only)\2024_AUG_GC_D\2024_AUG_GC_T2\GOPR4449.JPG,Giant Clam (Shallow Only)\2024_AUG_GC_D\2024_AUG_GC_T2\GOPR4449\Coral17.JPG,17,0.1646,Giant Clam,T2,5
Giant Clam (Shallow Only)\2024_JUL_GC_D\2024_JUL_GC-D_T2\GOPR3476.JPG,Giant Clam (Shallow Only)\2024_JUL_GC_D\2024_JUL_GC-D_T2\GOPR3476\Coral21.JPG,21,0.2237,Giant Clam,T2,5
Giant Clam (Shallow Only)\2024_AUG_GC_D\2024_AUG_GC_T2\GOPR4470.JPG,Giant Clam (Shallow Only)\2024_AUG_GC_D\2024_AUG_GC_T2\GOPR4470\Coral23.JPG,23,0.1899,Giant Clam,T2,5
Giant Clam (Shallow Only)\2024_AUG_GC_D\2024_AUG_GC_T2\GOPR4422.JPG,Giant Clam (Shallow Only)\2024_AUG_GC_D\2024_AUG_GC_T2\GOPR4422\Coral13.JPG,13,0.4178,Giant Clam,T2,5
Giant Clam (Shallow Only)\2024_JUL_GC_D\2024_JUL_GC-D_T2\GOPR3467.JPG,Giant Clam (Shallow Only)\2024_JUL_GC_D\2024_JUL_GC-D_T2\GOPR3467\Coral30.JPG,30,0.1889,Giant Clam,T2,5
Giant Clam (Shallow Only)\2024_JUL_GC_D\2024_JUL_GC-D_T2\GOPR3466.JPG,Giant Clam (Shallow Only)\2024_JUL_GC_D\2024_JUL_GC-D_T2\GOPR3466\Coral16.JPG,16,0.3933,Giant Clam,T2,5
Giant Clam (Shallow Only)\2024_JUL_GC_D\2024_JUL_GC-D_T2\GOPR3436.JPG,Giant Clam (Shallow Only)\2024_JUL_GC_D\2024_JUL_GC-D_T2\GOPR3436\Coral4.JPG,4,0.5556,Giant Clam,T2,5
Giant Clam (Shallow Only)\2024_AUG_GC_D\2024_AUG_GC_T2\GOPR4430.JPG,Giant Clam (Shallow Only)\2024_AUG_GC_D\2024_AUG_GC_T2\GOPR4430\Coral8.JPG,8,0.5115,Giant Clam,T2,5
Giant Clam (Shallow Only)\2024_JUL_GC_D\2024_JUL_GC-D_T2\GOPR3461.JPG,Giant Clam (Shallow Only)\2024_JUL_GC_D\2024_JUL_GC-D_T2\GOPR3461\Coral2.JPG,2,0.4934,Giant Clam,T2,5
Giant Clam (Shallow Only)\2024_JUL_GC_D\2024_JUL_GC-D_T2\GOPR3441.JPG,Giant Clam (Shallow Only)\2024_JUL_GC_D\2024_JUL_GC-D_T2\GOPR3441\Coral12.JPG,12,0.4838,Giant Clam,T2,5
Giant Clam (Shallow Only)\2024_JUL_GC_D\2024_JUL_GC-D_T2\GOPR3433.JPG,Giant Clam (Shallow Only)\2024_JUL_GC_D\2024_JUL_GC-D_T2\GOPR3433\Coral4.JPG,4,0.6886,Giant Clam,T2,5
Giant Clam (Shallow Only)\2024_AUG_GC_D\2024_AUG_GC_T2\GOPR4458.JPG,Giant Clam (Shallow Only)\2024_AUG_GC_D\2024_AUG_GC_T2\GOPR4458\Coral9.JPG,9,0.201,Giant Clam,T2,5
Giant Clam (Shallow Only)\2024_JUL_GC_D\2024_JUL_GC-D_T2\GOPR3439.JPG,Giant Clam (Shallow Only)\2024_JUL_GC_D\2024_JUL_GC-D_T2\GOPR3439\Coral17.JPG,17,0.343,Giant Clam,T2,5
Giant Clam (Shallow Only)\2024_JUL_GC_D\2024_JUL_GC-D_T2\GOPR3446.JPG,Giant Clam (Shallow Only)\2024_JUL_GC_D\2024_JUL_GC-D_T2\GOPR3446\Coral6.JPG,6,0.5524,Giant Clam,T2,5
Giant Clam (Shallow Only)\2024_JUL_GC_D\2024_JUL_GC-D_T2\GOPR3455.JPG,Giant Clam (Shallow Only)\2024_JUL_GC_D\2024_JUL_GC-D_T2\GOPR3455\Coral38.JPG,38,0.2254,Giant Clam,T2,5
Giant Clam (Shallow Only)\2024_JUL_GC_D\2024_JUL_GC-D_T2\GOPR3447.JPG,Giant Clam (Shallow Only)\2024_JUL_GC_D\2024_JUL_GC-D_T2\GOPR3447\Coral49.JPG,49,0.1532,Giant Clam,T2,5
Giant Clam (Shallow Only)\2024_JUL_GC_D\2024_JUL_GC-D_T2\GOPR3431.JPG,Giant Clam (Shallow Only)\2024_JUL_GC_D\2024_JUL_GC-D_T2\GOPR3431\Coral17.JPG,17,0.3701,Giant Clam,T2,5
Giant Clam (Shallow Only)\2024_AUG_GC_D\2024_AUG_GC_T2\GOPR4438.JPG,Giant Clam (Shallow Only)\2024_AUG_GC_D\2024_AUG_GC_T2\GOPR4438\Coral3.JPG,3,0.5673,Giant Clam,T2,5
Giant Clam (Shallow Only)\2024_AUG_GC_D\2024_AUG_GC_T2\GOPR4456.JPG,Giant Clam (Shallow Only)\2024_AUG_GC_D\2024_AUG_GC_T2\GOPR4456\Coral10.JPG,10,0.2335,Giant Clam,T2,5
Giant Clam (Shallow Only)\2024_JUL_GC_D\2024_JUL_GC-D_T2\GOPR3474.JPG,Giant Clam (Shallow Only)\2024_JUL_GC_D\2024_JUL_GC-D_T2\GOPR3474\Coral17.JPG,17,0.2087,Giant Clam,T2,5
Giant Clam (Shallow Only)\2024_AUG_GC_D\2024_AUG_GC_T2\GOPR4442.JPG,Giant Clam (Shallow Only)\2024_AUG_GC_D\2024_AUG_GC_T2\GOPR4442\Coral18.JPG,18,0.276,Giant Clam,T2,5
Giant Clam (Shallow Only)\2024_JUL_GC_D\2024_JUL_GC-D_T2\GOPR3469.JPG,Giant Clam (Shallow Only)\2024_JUL_GC_D\2024_JUL_GC-D_T2\GOPR3469\Coral41.JPG,41,0.1612,Giant Clam,T2,5
Giant Clam (Shallow Only)\2024_JUL_GC_D\2024_JUL_GC-D_T2\GOPR3470.JPG,Giant Clam (Shallow Only)\2024_JUL_GC_D\2024_JUL_GC-D_T2\GOPR3470\Coral10.JPG,10,0.3124,Giant Clam,T2,5
Giant Clam (Shallow Only)\2024_AUG_GC_D\2024_AUG_GC_T2\GOPR4470.JPG,Giant Clam (Shallow Only)\2024_AUG_GC_D\2024_AUG_GC_T2\GOPR4470\Coral13.JPG,13,0.501,Giant Clam,T2,5
Giant Clam (Shallow Only)\2024_AUG_GC_D\2024_AUG_GC_T2\GOPR4426.JPG,Giant Clam (Shallow Only)\2024_AUG_GC_D\2024_AUG_GC_T2\GOPR4426\Coral33.JPG,33,0.1962,Giant Clam,T2,5
Giant Clam (Shallow Only)\2024_JUL_GC_D\2024_JUL_GC-D_T2\GOPR3445.JPG,Giant Clam (Shallow Only)\2024_JUL_GC_D\2024_JUL_GC-D_T2\GOPR3445\Coral63.JPG,63,0.1531,Giant Clam,T2,5
Giant Clam (Shallow Only)\2024_AUG_GC_D\2024_AUG_GC_T2\GOPR4459.JPG,Giant Clam (Shallow Only)\2024_AUG_GC_D\2024_AUG_GC_T2\GOPR4459\Coral14.JPG,14,0.1594,Giant Clam,T2,5
Giant Clam (Shallow Only)\2024_AUG_GC_D\2024_AUG_GC_T2\GOPR4422.JPG,Giant Clam (Shallow Only)\2024_AUG_GC_D\2024_AUG_GC_T2\GOPR4422\Coral25.JPG,25,0.1968,Giant Clam,T2,5
Giant Clam (Shallow Only)\2024_JUL_GC_D\2024_JUL_GC-D_T2\GOPR3462.JPG,Giant Clam (Shallow Only)\2024_JUL_GC_D\2024_JUL_GC-D_T2\GOPR3462\Coral21.JPG,21,0.242,Giant Clam,T2,5
Giant Clam (Shallow Only)\2024_JUL_GC_D\2024_JUL_GC-D_T2\GOPR3467.JPG,Giant Clam (Shallow Only)\2024_JUL_GC_D\2024_JUL_GC-D_T2\GOPR3467\Coral12.JPG,12,0.546,Giant Clam,T2,5
Giant Clam (Shallow Only)\2024_JUL_GC_D\2024_JUL_GC-D_T2\GOPR3466.JPG,Giant Clam (Shallow Only)\2024_JUL_GC_D\2024_JUL_GC-D_T2\GOPR3466\Coral43.JPG,43,0.1703,Giant Clam,T2,5
Giant Clam (Shallow Only)\2024_AUG_GC_D\2024_AUG_GC_T2\GOPR4425.JPG,Giant Clam (Shallow Only)\2024_AUG_GC_D\2024_AUG_GC_T2\GOPR4425\Coral11.JPG,11,0.385,Giant Clam,T2,5
Giant Clam (Shallow Only)\2024_AUG_GC_D\2024_AUG_GC_T2\GOPR4462.JPG,Giant Clam (Shallow Only)\2024_AUG_GC_D\2024_AUG_GC_T2\GOPR4462\Coral1.JPG,1,0.6977,Giant Clam,T2,5
Giant Clam (Shallow Only)\2024_JUL_GC_D\2024_JUL_GC-D_T2\GOPR3436.JPG,Giant Clam (Shallow Only)\2024_JUL_GC_D\2024_JUL_GC-D_T2\GOPR3436\Coral23.JPG,23,0.2004,Giant Clam,T2,5
Giant Clam (Shallow Only)\2024_AUG_GC_D\2024_AUG_GC_T2\GOPR4434.JPG,Giant Clam (Shallow Only)\2024_AUG_GC_D\2024_AUG_GC_T2\GOPR4434\Coral10.JPG,10,0.3608,Giant Clam,T2,5
Giant Clam (Shallow Only)\2024_AUG_GC_D\2024_AUG_GC_T2\GOPR4450.JPG,Giant Clam (Shallow Only)\2024_AUG_GC_D\2024_AUG_GC_T2\GOPR4450\Coral9.JPG,9,0.286,Giant Clam,T2,5
Giant Clam (Shallow Only)\2024_AUG_GC_D\2024_AUG_GC_T2\GOPR4436.JPG,Giant Clam (Shallow Only)\2024_AUG_GC_D\2024_AUG_GC_T2\GOPR4436\Coral7.JPG,7,0.4755,Giant Clam,T2,5
Giant Clam (Shallow Only)\2024_AUG_GC_D\2024_AUG_GC_T2\GOPR4423.JPG,Giant Clam (Shallow Only)\2024_AUG_GC_D\2024_AUG_GC_T2\GOPR4423\Coral5.JPG,5,0.6535,Giant Clam,T2,5
Giant Clam (Shallow Only)\2024_AUG_GC_D\2024_AUG_GC_T2\GOPR4451.JPG,Giant Clam (Shallow Only)\2024_AUG_GC_D\2024_AUG_GC_T2\GOPR4451\Coral20.JPG,20,0.1984,Giant Clam,T2,5
Giant Clam (Shallow Only)\2024_JUL_GC_D\2024_JUL_GC-D_T2\GOPR3459.JPG,Giant Clam (Shallow Only)\2024_JUL_GC_D\2024_JUL_GC-D_T2\GOPR3459\Coral27.JPG,27,0.2004,Giant Clam,T2,5
Giant Clam (Shallow Only)\2024_AUG_GC_D\2024_AUG_GC_T2\GOPR4431.JPG,Giant Clam (Shallow Only)\2024_AUG_GC_D\2024_AUG_GC_T2\GOPR4431\Coral8.JPG,8,0.4768,Giant Clam,T2,5
Giant Clam (Shallow Only)\2024_JUL_GC_D\2024_JUL_GC-D_T2\GOPR3437.JPG,Giant Clam (Shallow Only)\2024_JUL_GC_D\2024_JUL_GC-D_T2\GOPR3437\Coral10.JPG,10,0.6132,Giant Clam,T2,5
Giant Clam (Shallow Only)\2024_JUL_GC_D\2024_JUL_GC-D_T2\GOPR3457.JPG,Giant Clam (Shallow Only)\2024_JUL_GC_D\2024_JUL_GC-D_T2\GOPR3457\Coral11.JPG,11,0.3305,Giant Clam,T2,5
Giant Clam (Shallow Only)\2024_AUG_GC_D\2024_AUG_GC_T2\GOPR4435.JPG,Giant Clam (Shallow Only)\2024_AUG_GC_D\2024_AUG_GC_T2\GOPR4435\Coral6.JPG,6,0.4118,Giant Clam,T2,5
Giant Clam (Shallow Only)\2024_AUG_GC_D\2024_AUG_GC_T2\GOPR4466.JPG,Giant Clam (Shallow Only)\2024_AUG_GC_D\2024_AUG_GC_T2\GOPR4466\Coral16.JPG,16,0.2492,Giant Clam,T2,5
Giant Clam (Shallow Only)\2024_JUL_GC_D\2024_JUL_GC-D_T2\GOPR3474.JPG,Giant Clam (Shallow Only)\2024_JUL_GC_D\2024_JUL_GC-D_T2\GOPR3474\Coral3.JPG,3,0.6127,Giant Clam,T2,5
Giant Clam (Shallow Only)\2024_AUG_GC_D\2024_AUG_GC_T2\GOPR4445.JPG,Giant Clam (Shallow Only)\2024_AUG_GC_D\2024_AUG_GC_T2\GOPR4445\Coral37.JPG,37,0.1801,Giant Clam,T2,5
Giant Clam (Shallow Only)\2024_JUL_GC_D\2024_JUL_GC-D_T2\GOPR3456.JPG,Giant Clam (Shallow Only)\2024_JUL_GC_D\2024_JUL_GC-D_T2\GOPR3456\Coral6.JPG,6,0.7299,Giant Clam,T2,5
Giant Clam (Shallow Only)\2024_JUL_GC_D\2024_JUL_GC-D_T2\GOPR3444.JPG,Giant Clam (Shallow Only)\2024_JUL_GC_D\2024_JUL_GC-D_T2\GOPR3444\Coral15.JPG,15,0.5044,Giant Clam,T2,5
Giant Clam (Shallow Only)\2024_AUG_GC_D\2024_AUG_GC_T2\GOPR4427.JPG,Giant Clam (Shallow Only)\2024_AUG_GC_D\2024_AUG_GC_T2\GOPR4427\Coral3.JPG,3,0.6331,Giant Clam,T2,5
Giant Clam (Shallow Only)\2024_JUL_GC_D\2024_JUL_GC-D_T2\GOPR3464.JPG,Giant Clam (Shallow Only)\2024_JUL_GC_D\2024_JUL_GC-D_T2\GOPR3464\Coral35.JPG,35,0.1783,Giant Clam,T2,5
Giant Clam (Shallow Only)\2024_AUG_GC_D\2024_AUG_GC_T2\GOPR4425.JPG,Giant Clam (Shallow Only)\2024_AUG_GC_D\2024_AUG_GC_T2\GOPR4425\Coral14.JPG,14,0.2742,Giant Clam,T2,5
Giant Clam (Shallow Only)\2024_AUG_GC_D\2024_AUG_GC_T2\GOPR4434.JPG,Giant Clam (Shallow Only)\2024_AUG_GC_D\2024_AUG_GC_T2\GOPR4434\Coral11.JPG,11,0.3524,Giant Clam,T2,5
Giant Clam (Shallow Only)\2024_AUG_GC_D\2024_AUG_GC_T2\GOPR4424.JPG,Giant Clam (Shallow Only)\2024_AUG_GC_D\2024_AUG_GC_T2\GOPR4424\Coral17.JPG,17,0.3581,Giant Clam,T2,5
Giant Clam (Shallow Only)\2024_JUL_GC_D\2024_JUL_GC-D_T2\GOPR3435.JPG,Giant Clam (Shallow Only)\2024_JUL_GC_D\2024_JUL_GC-D_T2\GOPR3435\Coral5.JPG,5,0.4705,Giant Clam,T2,5
Giant Clam (Shallow Only)\2024_AUG_GC_D\2024_AUG_GC_T2\GOPR4443.JPG,Giant Clam (Shallow Only)\2024_AUG_GC_D\2024_AUG_GC_T2\GOPR4443\Coral26.JPG,26,0.2428,Giant Clam,T2,5
Giant Clam (Shallow Only)\2024_AUG_GC_D\2024_AUG_GC_T2\GOPR4443.JPG,Giant Clam (Shallow Only)\2024_AUG_GC_D\2024_AUG_GC_T2\GOPR4443\Coral12.JPG,12,0.4216,Giant Clam,T2,5
Giant Clam (Shallow Only)\2024_AUG_GC_D\2024_AUG_GC_T2\GOPR4443.JPG,Giant Clam (Shallow Only)\2024_AUG_GC_D\2024_AUG_GC_T2\GOPR4443\Coral25.JPG,25,0.244,Giant Clam,T2,5
Giant Clam (Shallow Only)\2024_AUG_GC_D\2024_AUG_GC_T2\GOPR4443.JPG,Giant Clam (Shallow Only)\2024_AUG_GC_D\2024_AUG_GC_T2\GOPR4443\Coral4.JPG,4,0.6358,Giant Clam,T2,5
Giant Clam (Shallow Only)\2024_AUG_GC_D\2024_AUG_GC_T2\GOPR4443.JPG,Giant Clam (Shallow Only)\2024_AUG_GC_D\2024_AUG_GC_T2\GOPR4443\Coral22.JPG,22,0.2531,Giant Clam,T2,5
Giant Clam (Shallow Only)\2024_AUG_GC_D\2024_AUG_GC_T2\GOPR4443.JPG,Giant Clam (Shallow Only)\2024_AUG_GC_D\2024_AUG_GC_T2\GOPR4443\Coral37.JPG,37,0.1741,Giant Clam,T2,5
Giant Clam (Shallow Only)\2024_JUL_GC_D\2024_JUL_GC-D_T2\GOPR3434.JPG,Giant Clam (Shallow Only)\2024_JUL_GC_D\2024_JUL_GC-D_T2\GOPR3434\Coral6.JPG,6,0.3962,Giant Clam,T2,5
Giant Clam (Shallow Only)\2024_JUL_GC_D\2024_JUL_GC-D_T2\GOPR3434.JPG,Giant Clam (Shallow Only)\2024_JUL_GC_D\2024_JUL_GC-D_T2\GOPR3434\Coral18.JPG,18,0.2412,Giant Clam,T2,5
Giant Clam (Shallow Only)\2024_JUL_GC_D\2024_JUL_GC-D_T2\GOPR3434.JPG,Giant Clam (Shallow Only)\2024_JUL_GC_D\2024_JUL_GC-D_T2\GOPR3434\Coral26.JPG,26,0.1774,Giant Clam,T2,5
Giant Clam (Shallow Only)\2024_AUG_GC_D\2024_AUG_GC_T2\GOPR4435.JPG,Giant Clam (Shallow Only)\2024_AUG_GC_D\2024_AUG_GC_T2\GOPR4435\Coral9.JPG,9,0.3146,Giant Clam,T2,5
Giant Clam (Shallow Only)\2024_AUG_GC_D\2024_AUG_GC_T2\GOPR4435.JPG,Giant Clam (Shallow Only)\2024_AUG_GC_D\2024_AUG_GC_T2\GOPR4435\Coral7.JPG,7,0.3582,Giant Clam,T2,5
Giant Clam (Shallow Only)\2024_AUG_GC_D\2024_AUG_GC_T2\GOPR4435.JPG,Giant Clam (Shallow Only)\2024_AUG_GC_D\2024_AUG_GC_T2\GOPR4435\Coral8.JPG,8,0.3468,Giant Clam,T2,5
Giant Clam (Shallow Only)\2024_AUG_GC_D\2024_AUG_GC_T2\GOPR4435.JPG,Giant Clam (Shallow Only)\2024_AUG_GC_D\2024_AUG_GC_T2\GOPR4435\Coral12.JPG,12,0.27,Giant Clam,T2,5
Giant Clam (Shallow Only)\2024_JUL_GC_D\2024_JUL_GC-D_T2\GOPR3455.JPG,Giant Clam (Shallow Only)\2024_JUL_GC_D\2024_JUL_GC-D_T2\GOPR3455\Coral25.JPG,25,0.2946,Giant Clam,T2,5
Giant Clam (Shallow Only)\2024_JUL_GC_D\2024_JUL_GC-D_T2\GOPR3455.JPG,Giant Clam (Shallow Only)\2024_JUL_GC_D\2024_JUL_GC-D_T2\GOPR3455\Coral7.JPG,7,0.691,Giant Clam,T2,5
Giant Clam (Shallow Only)\2024_JUL_GC_D\2024_JUL_GC-D_T2\GOPR3455.JPG,Giant Clam (Shallow Only)\2024_JUL_GC_D\2024_JUL_GC-D_T2\GOPR3455\Coral36.JPG,36,0.2345,Giant Clam,T2,5
Giant Clam (Shallow Only)\2024_JUL_GC_D\2024_JUL_GC-D_T2\GOPR3455.JPG,Giant Clam (Shallow Only)\2024_JUL_GC_D\2024_JUL_GC-D_T2\GOPR3455\Coral32.JPG,32,0.2574,Giant Clam,T2,5
Giant Clam (Shallow Only)\2024_JUL_GC_D\2024_JUL_GC-D_T2\GOPR3455.JPG,Giant Clam (Shallow Only)\2024_JUL_GC_D\2024_JUL_GC-D_T2\GOPR3455\Coral26.JPG,26,0.2883,Giant Clam,T2,5
Giant Clam (Shallow Only)\2024_JUL_GC_D\2024_JUL_GC-D_T2\GOPR3455.JPG,Giant Clam (Shallow Only)\2024_JUL_GC_D\2024_JUL_GC-D_T2\GOPR3455\Coral28.JPG,28,0.2851,Giant Clam,T2,5
Giant Clam (Shallow Only)\2024_JUL_GC_D\2024_JUL_GC-D_T2\GOPR3455.JPG,Giant Clam (Shallow Only)\2024_JUL_GC_D\2024_JUL_GC-D_T2\GOPR3455\Coral30.JPG,30,0.269,Giant Clam,T2,5
Giant Clam (Shallow Only)\2024_JUL_GC_D\2024_JUL_GC-D_T2\GOPR3455.JPG,Giant Clam (Shallow Only)\2024_JUL_GC_D\2024_JUL_GC-D_T2\GOPR3455\Coral10.JPG,10,0.5704,Giant Clam,T2,5
Giant Clam (Shallow Only)\2024_JUL_GC_D\2024_JUL_GC-D_T2\GOPR3455.JPG,Giant Clam (Shallow Only)\2024_JUL_GC_D\2024_JUL_GC-D_T2\GOPR3455\Coral5.JPG,5,0.7215,Giant Clam,T2,5
Giant Clam (Shallow Only)\2024_JUL_GC_D\2024_JUL_GC-D_T2\GOPR3455.JPG,Giant Clam (Shallow Only)\2024_JUL_GC_D\2024_JUL_GC-D_T2\GOPR3455\Coral24.JPG,24,0.3006,Giant Clam,T2,5
Giant Clam (Shallow Only)\2024_JUL_GC_D\2024_JUL_GC-D_T2\GOPR3455.JPG,Giant Clam (Shallow Only)\2024_JUL_GC_D\2024_JUL_GC-D_T2\GOPR3455\Coral31.JPG,31,0.2616,Giant Clam,T2,5
Giant Clam (Shallow Only)\2024_JUL_GC_D\2024_JUL_GC-D_T2\GOPR3455.JPG,Giant Clam (Shallow Only)\2024_JUL_GC_D\2024_JUL_GC-D_T2\GOPR3455\Coral17.JPG,17,0.3624,Giant Clam,T2,5
Giant Clam (Shallow Only)\2024_JUL_GC_D\2024_JUL_GC-D_T2\GOPR3455.JPG,Giant Clam (Shallow Only)\2024_JUL_GC_D\2024_JUL_GC-D_T2\GOPR3455\Coral2.JPG,2,0.7911,Giant Clam,T2,5
Giant Clam (Shallow Only)\2024_JUL_GC_D\2024_JUL_GC-D_T2\GOPR3455.JPG,Giant Clam (Shallow Only)\2024_JUL_GC_D\2024_JUL_GC-D_T2\GOPR3455\Coral53.JPG,53,0.1537,Giant Clam,T2,5
Giant Clam (Shallow Only)\2024_JUL_GC_D\2024_JUL_GC-D_T2\GOPR3450.JPG,Giant Clam (Shallow Only)\2024_JUL_GC_D\2024_JUL_GC-D_T2\GOPR3450\Coral8.JPG,8,0.629,Giant Clam,T2,5
Giant Clam (Shallow Only)\2024_JUL_GC_D\2024_JUL_GC-D_T2\GOPR3450.JPG,Giant Clam (Shallow Only)\2024_JUL_GC_D\2024_JUL_GC-D_T2\GOPR3450\Coral28.JPG,28,0.3146,Giant Clam,T2,5
Giant Clam (Shallow Only)\2024_JUL_GC_D\2024_JUL_GC-D_T2\GOPR3450.JPG,Giant Clam (Shallow Only)\2024_JUL_GC_D\2024_JUL_GC-D_T2\GOPR3450\Coral5.JPG,5,0.7227,Giant Clam,T2,5
Giant Clam (Shallow Only)\2024_JUL_GC_D\2024_JUL_GC-D_T2\GOPR3450.JPG,Giant Clam (Shallow Only)\2024_JUL_GC_D\2024_JUL_GC-D_T2\GOPR3450\Coral41.JPG,41,0.1777,Giant Clam,T2,5
Giant Clam (Shallow Only)\2024_JUL_GC_D\2024_JUL_GC-D_T2\GOPR3450.JPG,Giant Clam (Shallow Only)\2024_JUL_GC_D\2024_JUL_GC-D_T2\GOPR3450\Coral49.JPG,49,0.1539,Giant Clam,T2,5
Giant Clam (Shallow Only)\2024_JUL_GC_D\2024_JUL_GC-D_T2\GOPR3450.JPG,Giant Clam (Shallow Only)\2024_JUL_GC_D\2024_JUL_GC-D_T2\GOPR3450\Coral46.JPG,46,0.1663,Giant Clam,T2,5
Giant Clam (Shallow Only)\2024_JUL_GC_D\2024_JUL_GC-D_T2\GOPR3450.JPG,Giant Clam (Shallow Only)\2024_JUL_GC_D\2024_JUL_GC-D_T2\GOPR3450\Coral50.JPG,50,0.1518,Giant Clam,T2,5
Giant Clam (Shallow Only)\2024_JUL_GC_D\2024_JUL_GC-D_T2\GOPR3450.JPG,Giant Clam (Shallow Only)\2024_JUL_GC_D\2024_JUL_GC-D_T2\GOPR3450\Coral3.JPG,3,0.7475,Giant Clam,T2,5
Giant Clam (Shallow Only)\2024_JUL_GC_D\2024_JUL_GC-D_T2\GOPR3450.JPG,Giant Clam (Shallow Only)\2024_JUL_GC_D\2024_JUL_GC-D_T2\GOPR3450\Coral17.JPG,17,0.4216,Giant Clam,T2,5
Giant Clam (Shallow Only)\2024_JUL_GC_D\2024_JUL_GC-D_T2\GOPR3465.JPG,Giant Clam (Shallow Only)\2024_JUL_GC_D\2024_JUL_GC-D_T2\GOPR3465\Coral3.JPG,3,0.7657,Giant Clam,T2,5
Giant Clam (Shallow Only)\2024_JUL_GC_D\2024_JUL_GC-D_T2\GOPR3465.JPG,Giant Clam (Shallow Only)\2024_JUL_GC_D\2024_JUL_GC-D_T2\GOPR3465\Coral23.JPG,23,0.3018,Giant Clam,T2,5
Giant Clam (Shallow Only)\2024_JUL_GC_D\2024_JUL_GC-D_T2\GOPR3465.JPG,Giant Clam (Shallow Only)\2024_JUL_GC_D\2024_JUL_GC-D_T2\GOPR3465\Coral12.JPG,12,0.4534,Giant Clam,T2,5
Giant Clam (Shallow Only)\2024_JUL_GC_D\2024_JUL_GC-D_T2\GOPR3465.JPG,Giant Clam (Shallow Only)\2024_JUL_GC_D\2024_JUL_GC-D_T2\GOPR3465\Coral35.JPG,35,0.1985,Giant Clam,T2,5
Giant Clam (Shallow Only)\2024_JUL_GC_D\2024_JUL_GC-D_T2\GOPR3465.JPG,Giant Clam (Shallow Only)\2024_JUL_GC_D\2024_JUL_GC-D_T2\GOPR3465\Coral39.JPG,39,0.1739,Giant Clam,T2,5
Giant Clam (Shallow Only)\2024_JUL_GC_D\2024_JUL_GC-D_T2\GOPR3465.JPG,Giant Clam (Shallow Only)\2024_JUL_GC_D\2024_JUL_GC-D_T2\GOPR3465\Coral42.JPG,42,0.1559,Giant Clam,T2,5
Giant Clam (Shallow Only)\2024_JUL_GC_D\2024_JUL_GC-D_T2\GOPR3465.JPG,Giant Clam (Shallow Only)\2024_JUL_GC_D\2024_JUL_GC-D_T2\GOPR3465\Coral38.JPG,38,0.1913,Giant Clam,T2,5
Giant Clam (Shallow Only)\2024_JUL_GC_D\2024_JUL_GC-D_T2\GOPR3465.JPG,Giant Clam (Shallow Only)\2024_JUL_GC_D\2024_JUL_GC-D_T2\GOPR3465\Coral41.JPG,41,0.1561,Giant Clam,T2,5
Giant Clam (Shallow Only)\2024_JUL_GC_D\2024_JUL_GC-D_T2\GOPR3447.JPG,Giant Clam (Shallow Only)\2024_JUL_GC_D\2024_JUL_GC-D_T2\GOPR3447\Coral40.JPG,40,0.2093,Giant Clam,T2,5
Giant Clam (Shallow Only)\2024_JUL_GC_D\2024_JUL_GC-D_T2\GOPR3447.JPG,Giant Clam (Shallow Only)\2024_JUL_GC_D\2024_JUL_GC-D_T2\GOPR3447\Coral24.JPG,24,0.2665,Giant Clam,T2,5
Giant Clam (Shallow Only)\2024_JUL_GC_D\2024_JUL_GC-D_T2\GOPR3447.JPG,Giant Clam (Shallow Only)\2024_JUL_GC_D\2024_JUL_GC-D_T2\GOPR3447\Coral47.JPG,47,0.1556,Giant Clam,T2,5
Giant Clam (Shallow Only)\2024_JUL_GC_D\2024_JUL_GC-D_T2\GOPR3447.JPG,Giant Clam (Shallow Only)\2024_JUL_GC_D\2024_JUL_GC-D_T2\GOPR3447\Coral19.JPG,19,0.2932,Giant Clam,T2,5
Giant Clam (Shallow Only)\2024_JUL_GC_D\2024_JUL_GC-D_T3\GOPR3486.JPG,Giant Clam (Shallow Only)\2024_JUL_GC_D\2024_JUL_GC-D_T3\GOPR3486\Coral42.JPG,42,0.1594,Giant Clam,T3,5
Giant Clam (Shallow Only)\2024_JUL_GC_D\2024_JUL_GC-D_T3\GOPR3498.JPG,Giant Clam (Shallow Only)\2024_JUL_GC_D\2024_JUL_GC-D_T3\GOPR3498\Coral13.JPG,13,0.2539,Giant Clam,T3,5
Giant Clam (Shallow Only)\2024_JUL_GC_D\2024_JUL_GC-D_T3\GOPR3493.JPG,Giant Clam (Shallow Only)\2024_JUL_GC_D\2024_JUL_GC-D_T3\GOPR3493\Coral17.JPG,17,0.3189,Giant Clam,T3,5
Giant Clam (Shallow Only)\2024_AUG_GC_D\2024_AUG_GC_T3\GOPR4498.JPG,Giant Clam (Shallow Only)\2024_AUG_GC_D\2024_AUG_GC_T3\GOPR4498\Coral3.JPG,3,0.5063,Giant Clam,T3,5
Giant Clam (Shallow Only)\2024_JUL_GC_D\2024_JUL_GC-D_T3\GOPR3496.JPG,Giant Clam (Shallow Only)\2024_JUL_GC_D\2024_JUL_GC-D_T3\GOPR3496\Coral2.JPG,2,0.6891,Giant Clam,T3,5
Giant Clam (Shallow Only)\2024_JUL_GC_D\2024_JUL_GC-D_T3\GOPR3527.JPG,Giant Clam (Shallow Only)\2024_JUL_GC_D\2024_JUL_GC-D_T3\GOPR3527\Coral12.JPG,12,0.2512,Giant Clam,T3,5
Giant Clam (Shallow Only)\2024_JUL_GC_D\2024_JUL_GC-D_T3\GOPR3510.JPG,Giant Clam (Shallow Only)\2024_JUL_GC_D\2024_JUL_GC-D_T3\GOPR3510\Coral16.JPG,16,0.187,Giant Clam,T3,5
Giant Clam (Shallow Only)\2024_AUG_GC_D\2024_AUG_GC_T3\GOPR4489.JPG,Giant Clam (Shallow Only)\2024_AUG_GC_D\2024_AUG_GC_T3\GOPR4489\Coral1.JPG,1,0.7955,Giant Clam,T3,5
Giant Clam (Shallow Only)\2024_AUG_GC_D\2024_AUG_GC_T3\GOPR4477.JPG,Giant Clam (Shallow Only)\2024_AUG_GC_D\2024_AUG_GC_T3\GOPR4477\Coral21.JPG,21,0.1554,Giant Clam,T3,5
Giant Clam (Shallow Only)\2024_AUG_GC_D\2024_AUG_GC_T3\GOPR4475.JPG,Giant Clam (Shallow Only)\2024_AUG_GC_D\2024_AUG_GC_T3\GOPR4475\Coral1.JPG,1,0.5906,Giant Clam,T3,5
Giant Clam (Shallow Only)\2024_AUG_GC_D\2024_AUG_GC_T3\GOPR4511.JPG,Giant Clam (Shallow Only)\2024_AUG_GC_D\2024_AUG_GC_T3\GOPR4511\Coral6.JPG,6,0.2273,Giant Clam,T3,5
Giant Clam (Shallow Only)\2024_AUG_GC_D\2024_AUG_GC_T3\GOPR4473.JPG,Giant Clam (Shallow Only)\2024_AUG_GC_D\2024_AUG_GC_T3\GOPR4473\Coral4.JPG,4,0.5614,Giant Clam,T3,5
Giant Clam (Shallow Only)\2024_JUL_GC_D\2024_JUL_GC-D_T3\GOPR3502.JPG,Giant Clam (Shallow Only)\2024_JUL_GC_D\2024_JUL_GC-D_T3\GOPR3502\Coral49.JPG,49,0.1813,Giant Clam,T3,5
Giant Clam (Shallow Only)\2024_JUL_GC_D\2024_JUL_GC-D_T3\GOPR3504.JPG,Giant Clam (Shallow Only)\2024_JUL_GC_D\2024_JUL_GC-D_T3\GOPR3504\Coral17.JPG,17,0.2613,Giant Clam,T3,5
Giant Clam (Shallow Only)\2024_JUL_GC_D\2024_JUL_GC-D_T3\GOPR3488.JPG,Giant Clam (Shallow Only)\2024_JUL_GC_D\2024_JUL_GC-D_T3\GOPR3488\Coral13.JPG,13,0.286,Giant Clam,T3,5
Giant Clam (Shallow Only)\2024_AUG_GC_D\2024_AUG_GC_T3\GOPR4510.JPG,Giant Clam (Shallow Only)\2024_AUG_GC_D\2024_AUG_GC_T3\GOPR4510\Coral22.JPG,22,0.1857,Giant Clam,T3,5
Giant Clam (Shallow Only)\2024_JUL_GC_D\2024_JUL_GC-D_T3\GOPR3489.JPG,Giant Clam (Shallow Only)\2024_JUL_GC_D\2024_JUL_GC-D_T3\GOPR3489\Coral16.JPG,16,0.1729,Giant Clam,T3,5
Giant Clam (Shallow Only)\2024_JUL_GC_D\2024_JUL_GC-D_T3\GOPR3499.JPG,Giant Clam (Shallow Only)\2024_JUL_GC_D\2024_JUL_GC-D_T3\GOPR3499\Coral2.JPG,2,0.5934,Giant Clam,T3,5
Giant Clam (Shallow Only)\2024_AUG_GC_D\2024_AUG_GC_T3\GOPR4512.JPG,Giant Clam (Shallow Only)\2024_AUG_GC_D\2024_AUG_GC_T3\GOPR4512\Coral5.JPG,5,0.2871,Giant Clam,T3,5
Giant Clam (Shallow Only)\2024_AUG_GC_D\2024_AUG_GC_T3\GOPR4480.JPG,Giant Clam (Shallow Only)\2024_AUG_GC_D\2024_AUG_GC_T3\GOPR4480\Coral8.JPG,8,0.1844,Giant Clam,T3,5
Giant Clam (Shallow Only)\2024_JUL_GC_D\2024_JUL_GC-D_T3\GOPR3526.JPG,Giant Clam (Shallow Only)\2024_JUL_GC_D\2024_JUL_GC-D_T3\GOPR3526\Coral9.JPG,9,0.4683,Giant Clam,T3,5
Giant Clam (Shallow Only)\2024_JUL_GC_D\2024_JUL_GC-D_T3\GOPR3496.JPG,Giant Clam (Shallow Only)\2024_JUL_GC_D\2024_JUL_GC-D_T3\GOPR3496\Coral21.JPG,21,0.191,Giant Clam,T3,5
Giant Clam (Shallow Only)\2024_JUL_GC_D\2024_JUL_GC-D_T3\GOPR3527.JPG,Giant Clam (Shallow Only)\2024_JUL_GC_D\2024_JUL_GC-D_T3\GOPR3527\Coral4.JPG,4,0.6442,Giant Clam,T3,5
Giant Clam (Shallow Only)\2024_AUG_GC_D\2024_AUG_GC_T3\GOPR4500.JPG,Giant Clam (Shallow Only)\2024_AUG_GC_D\2024_AUG_GC_T3\GOPR4500\Coral6.JPG,6,0.5151,Giant Clam,T3,5
Giant Clam (Shallow Only)\2024_AUG_GC_D\2024_AUG_GC_T3\GOPR4495.JPG,Giant Clam (Shallow Only)\2024_AUG_GC_D\2024_AUG_GC_T3\GOPR4495\Coral1.JPG,1,0.6429,Giant Clam,T3,5
Giant Clam (Shallow Only)\2024_AUG_GC_D\2024_AUG_GC_T3\GOPR4508.JPG,Giant Clam (Shallow Only)\2024_AUG_GC_D\2024_AUG_GC_T3\GOPR4508\Coral15.JPG,15,0.4142,Giant Clam,T3,5
Giant Clam (Shallow Only)\2024_AUG_GC_D\2024_AUG_GC_T3\GOPR4507.JPG,Giant Clam (Shallow Only)\2024_AUG_GC_D\2024_AUG_GC_T3\GOPR4507\Coral5.JPG,5,0.4125,Giant Clam,T3,5
Giant Clam (Shallow Only)\2024_JUL_GC_D\2024_JUL_GC-D_T3\GOPR3509.JPG,Giant Clam (Shallow Only)\2024_JUL_GC_D\2024_JUL_GC-D_T3\GOPR3509\Coral7.JPG,7,0.3503,Giant Clam,T3,5
Giant Clam (Shallow Only)\2024_JUL_GC_D\2024_JUL_GC-D_T3\GOPR3510.JPG,Giant Clam (Shallow Only)\2024_JUL_GC_D\2024_JUL_GC-D_T3\GOPR3510\Coral20.JPG,20,0.1746,Giant Clam,T3,5
Giant Clam (Shallow Only)\2024_JUL_GC_D\2024_JUL_GC-D_T3\GOPR3517.JPG,Giant Clam (Shallow Only)\2024_JUL_GC_D\2024_JUL_GC-D_T3\GOPR3517\Coral18.JPG,18,0.2632,Giant Clam,T3,5
Giant Clam (Shallow Only)\2024_AUG_GC_D\2024_AUG_GC_T3\GOPR4518.JPG,Giant Clam (Shallow Only)\2024_AUG_GC_D\2024_AUG_GC_T3\GOPR4518\Coral21.JPG,21,0.1561,Giant Clam,T3,5
Giant Clam (Shallow Only)\2024_JUL_GC_D\2024_JUL_GC-D_T3\GOPR3532.JPG,Giant Clam (Shallow Only)\2024_JUL_GC_D\2024_JUL_GC-D_T3\GOPR3532\Coral14.JPG,14,0.5075,Giant Clam,T3,5
Giant Clam (Shallow Only)\2024_JUL_GC_D\2024_JUL_GC-D_T3\GOPR3520.JPG,Giant Clam (Shallow Only)\2024_JUL_GC_D\2024_JUL_GC-D_T3\GOPR3520\Coral15.JPG,15,0.2639,Giant Clam,T3,5
Giant Clam (Shallow Only)\2024_JUL_GC_D\2024_JUL_GC-D_T3\GOPR3501.JPG,Giant Clam (Shallow Only)\2024_JUL_GC_D\2024_JUL_GC-D_T3\GOPR3501\Coral16.JPG,16,0.4954,Giant Clam,T3,5
Giant Clam (Shallow Only)\2024_JUL_GC_D\2024_JUL_GC-D_T3\GOPR3533.JPG,Giant Clam (Shallow Only)\2024_JUL_GC_D\2024_JUL_GC-D_T3\GOPR3533\Coral37.JPG,37,0.1832,Giant Clam,T3,5
Giant Clam (Shallow Only)\2024_AUG_GC_D\2024_AUG_GC_T3\GOPR4510.JPG,Giant Clam (Shallow Only)\2024_AUG_GC_D\2024_AUG_GC_T3\GOPR4510\Coral23.JPG,23,0.175,Giant Clam,T3,5
Giant Clam (Shallow Only)\2024_JUL_GC_D\2024_JUL_GC-D_T3\GOPR3535.JPG,Giant Clam (Shallow Only)\2024_JUL_GC_D\2024_JUL_GC-D_T3\GOPR3535\Coral3.JPG,3,0.5332,Giant Clam,T3,5
Giant Clam (Shallow Only)\2024_AUG_GC_D\2024_AUG_GC_T3\GOPR4497.JPG,Giant Clam (Shallow Only)\2024_AUG_GC_D\2024_AUG_GC_T3\GOPR4497\Coral5.JPG,5,0.1669,Giant Clam,T3,5
Giant Clam (Shallow Only)\2024_JUL_GC_D\2024_JUL_GC-D_T3\GOPR3515.JPG,Giant Clam (Shallow Only)\2024_JUL_GC_D\2024_JUL_GC-D_T3\GOPR3515\Coral14.JPG,14,0.4892,Giant Clam,T3,5
Giant Clam (Shallow Only)\2024_JUL_GC_D\2024_JUL_GC-D_T3\GOPR3490.JPG,Giant Clam (Shallow Only)\2024_JUL_GC_D\2024_JUL_GC-D_T3\GOPR3490\Coral7.JPG,7,0.6996,Giant Clam,T3,5
Giant Clam (Shallow Only)\2024_AUG_GC_D\2024_AUG_GC_T3\GOPR4517.JPG,Giant Clam (Shallow Only)\2024_AUG_GC_D\2024_AUG_GC_T3\GOPR4517\Coral17.JPG,17,0.2225,Giant Clam,T3,5
Giant Clam (Shallow Only)\2024_JUL_GC_D\2024_JUL_GC-D_T3\GOPR3526.JPG,Giant Clam (Shallow Only)\2024_JUL_GC_D\2024_JUL_GC-D_T3\GOPR3526\Coral7.JPG,7,0.586,Giant Clam,T3,5
Giant Clam (Shallow Only)\2024_AUG_GC_D\2024_AUG_GC_T3\GOPR4486.JPG,Giant Clam (Shallow Only)\2024_AUG_GC_D\2024_AUG_GC_T3\GOPR4486\Coral22.JPG,22,0.215,Giant Clam,T3,5
Giant Clam (Shallow Only)\2024_AUG_GC_D\2024_AUG_GC_T3\GOPR4495.JPG,Giant Clam (Shallow Only)\2024_AUG_GC_D\2024_AUG_GC_T3\GOPR4495\Coral19.JPG,19,0.2064,Giant Clam,T3,5
Giant Clam (Shallow Only)\2024_JUL_GC_D\2024_JUL_GC-D_T3\GOPR3521.JPG,Giant Clam (Shallow Only)\2024_JUL_GC_D\2024_JUL_GC-D_T3\GOPR3521\Coral3.JPG,3,0.4237,Giant Clam,T3,5
Giant Clam (Shallow Only)\2024_AUG_GC_D\2024_AUG_GC_T3\GOPR4489.JPG,Giant Clam (Shallow Only)\2024_AUG_GC_D\2024_AUG_GC_T3\GOPR4489\Coral9.JPG,9,0.5861,Giant Clam,T3,5
Giant Clam (Shallow Only)\2024_AUG_GC_D\2024_AUG_GC_T3\GOPR4477.JPG,Giant Clam (Shallow Only)\2024_AUG_GC_D\2024_AUG_GC_T3\GOPR4477\Coral15.JPG,15,0.274,Giant Clam,T3,5
Giant Clam (Shallow Only)\2024_AUG_GC_D\2024_AUG_GC_T3\GOPR4519.JPG,Giant Clam (Shallow Only)\2024_AUG_GC_D\2024_AUG_GC_T3\GOPR4519\Coral5.JPG,5,0.4659,Giant Clam,T3,5
Giant Clam (Shallow Only)\2024_JUL_GC_D\2024_JUL_GC-D_T3\GOPR3523.JPG,Giant Clam (Shallow Only)\2024_JUL_GC_D\2024_JUL_GC-D_T3\GOPR3523\Coral1.JPG,1,0.8279,Giant Clam,T3,5
Giant Clam (Shallow Only)\2024_JUL_GC_D\2024_JUL_GC-D_T3\GOPR3534.JPG,Giant Clam (Shallow Only)\2024_JUL_GC_D\2024_JUL_GC-D_T3\GOPR3534\Coral5.JPG,5,0.5247,Giant Clam,T3,5
Giant Clam (Shallow Only)\2024_AUG_GC_D\2024_AUG_GC_T3\GOPR4482.JPG,Giant Clam (Shallow Only)\2024_AUG_GC_D\2024_AUG_GC_T3\GOPR4482\Coral1.JPG,1,0.5686,Giant Clam,T3,5
Giant Clam (Shallow Only)\2024_AUG_GC_D\2024_AUG_GC_T3\GOPR4509.JPG,Giant Clam (Shallow Only)\2024_AUG_GC_D\2024_AUG_GC_T3\GOPR4509\Coral15.JPG,15,0.2891,Giant Clam,T3,5
Giant Clam (Shallow Only)\2024_AUG_GC_D\2024_AUG_GC_T3\GOPR4514.JPG,Giant Clam (Shallow Only)\2024_AUG_GC_D\2024_AUG_GC_T3\GOPR4514\Coral13.JPG,13,0.2843,Giant Clam,T3,5
Giant Clam (Shallow Only)\2024_AUG_GC_D\2024_AUG_GC_T3\GOPR4503.JPG,Giant Clam (Shallow Only)\2024_AUG_GC_D\2024_AUG_GC_T3\GOPR4503\Coral12.JPG,12,0.4038,Giant Clam,T3,5
Giant Clam (Shallow Only)\2024_AUG_GC_D\2024_AUG_GC_T3\GOPR4520.JPG,Giant Clam (Shallow Only)\2024_AUG_GC_D\2024_AUG_GC_T3\GOPR4520\Coral3.JPG,3,0.6664,Giant Clam,T3,5
Giant Clam (Shallow Only)\2024_JUL_GC_D\2024_JUL_GC-D_T3\GOPR3533.JPG,Giant Clam (Shallow Only)\2024_JUL_GC_D\2024_JUL_GC-D_T3\GOPR3533\Coral30.JPG,30,0.2519,Giant Clam,T3,5
Giant Clam (Shallow Only)\2024_JUL_GC_D\2024_JUL_GC-D_T3\GOPR3504.JPG,Giant Clam (Shallow Only)\2024_JUL_GC_D\2024_JUL_GC-D_T3\GOPR3504\Coral20.JPG,20,0.1937,Giant Clam,T3,5
Giant Clam (Shallow Only)\2024_JUL_GC_D\2024_JUL_GC-D_T3\GOPR3505.JPG,Giant Clam (Shallow Only)\2024_JUL_GC_D\2024_JUL_GC-D_T3\GOPR3505\Coral12.JPG,12,0.323,Giant Clam,T3,5
Giant Clam (Shallow Only)\2024_AUG_GC_D\2024_AUG_GC_T3\GOPR4513.JPG,Giant Clam (Shallow Only)\2024_AUG_GC_D\2024_AUG_GC_T3\GOPR4513\Coral5.JPG,5,0.2146,Giant Clam,T3,5
Giant Clam (Shallow Only)\2024_AUG_GC_D\2024_AUG_GC_T3\GOPR4513.JPG,Giant Clam (Shallow Only)\2024_AUG_GC_D\2024_AUG_GC_T3\GOPR4513\Coral2.JPG,2,0.5872,Giant Clam,T3,5
Giant Clam (Shallow Only)\2024_JUL_GC_D\2024_JUL_GC-D_T3\GOPR3489.JPG,Giant Clam (Shallow Only)\2024_JUL_GC_D\2024_JUL_GC-D_T3\GOPR3489\Coral15.JPG,15,0.194,Giant Clam,T3,5
Giant Clam (Shallow Only)\2024_JUL_GC_D\2024_JUL_GC-D_T3\GOPR3489.JPG,Giant Clam (Shallow Only)\2024_JUL_GC_D\2024_JUL_GC-D_T3\GOPR3489\Coral9.JPG,9,0.2926,Giant Clam,T3,5
Giant Clam (Shallow Only)\2024_JUL_GC_D\2024_JUL_GC-D_T3\GOPR3489.JPG,Giant Clam (Shallow Only)\2024_JUL_GC_D\2024_JUL_GC-D_T3\GOPR3489\Coral3.JPG,3,0.5191,Giant Clam,T3,5
Giant Clam (Shallow Only)\2024_JUL_GC_D\2024_JUL_GC-D_T3\GOPR3489.JPG,Giant Clam (Shallow Only)\2024_JUL_GC_D\2024_JUL_GC-D_T3\GOPR3489\Coral7.JPG,7,0.3057,Giant Clam,T3,5
Giant Clam (Shallow Only)\2024_JUL_GC_D\2024_JUL_GC-D_T3\GOPR3535.JPG,Giant Clam (Shallow Only)\2024_JUL_GC_D\2024_JUL_GC-D_T3\GOPR3535\Coral13.JPG,13,0.2374,Giant Clam,T3,5
Giant Clam (Shallow Only)\2024_JUL_GC_D\2024_JUL_GC-D_T3\GOPR3535.JPG,Giant Clam (Shallow Only)\2024_JUL_GC_D\2024_JUL_GC-D_T3\GOPR3535\Coral19.JPG,19,0.1584,Giant Clam,T3,5
Giant Clam (Shallow Only)\2024_JUL_GC_D\2024_JUL_GC-D_T3\GOPR3535.JPG,Giant Clam (Shallow Only)\2024_JUL_GC_D\2024_JUL_GC-D_T3\GOPR3535\Coral9.JPG,9,0.2933,Giant Clam,T3,5
Giant Clam (Shallow Only)\2024_JUL_GC_D\2024_JUL_GC-D_T3\GOPR3535.JPG,Giant Clam (Shallow Only)\2024_JUL_GC_D\2024_JUL_GC-D_T3\GOPR3535\Coral16.JPG,16,0.209,Giant Clam,T3,5
Giant Clam (Shallow Only)\2024_JUL_GC_D\2024_JUL_GC-D_T3\GOPR3486.JPG,Giant Clam (Shallow Only)\2024_JUL_GC_D\2024_JUL_GC-D_T3\GOPR3486\Coral41.JPG,41,0.18,Giant Clam,T3,5
Giant Clam (Shallow Only)\2024_JUL_GC_D\2024_JUL_GC-D_T3\GOPR3486.JPG,Giant Clam (Shallow Only)\2024_JUL_GC_D\2024_JUL_GC-D_T3\GOPR3486\Coral30.JPG,30,0.3191,Giant Clam,T3,5
Giant Clam (Shallow Only)\2024_JUL_GC_D\2024_JUL_GC-D_T3\GOPR3486.JPG,Giant Clam (Shallow Only)\2024_JUL_GC_D\2024_JUL_GC-D_T3\GOPR3486\Coral24.JPG,24,0.3987,Giant Clam,T3,5
Giant Clam (Shallow Only)\2024_JUL_GC_D\2024_JUL_GC-D_T3\GOPR3486.JPG,Giant Clam (Shallow Only)\2024_JUL_GC_D\2024_JUL_GC-D_T3\GOPR3486\Coral31.JPG,31,0.3155,Giant Clam,T3,5
Giant Clam (Shallow Only)\2024_JUL_GC_D\2024_JUL_GC-D_T3\GOPR3486.JPG,Giant Clam (Shallow Only)\2024_JUL_GC_D\2024_JUL_GC-D_T3\GOPR3486\Coral16.JPG,16,0.4826,Giant Clam,T3,5
Giant Clam (Shallow Only)\2024_JUL_GC_D\2024_JUL_GC-D_T3\GOPR3486.JPG,Giant Clam (Shallow Only)\2024_JUL_GC_D\2024_JUL_GC-D_T3\GOPR3486\Coral6.JPG,6,0.6326,Giant Clam,T3,5
Giant Clam (Shallow Only)\2024_JUL_GC_D\2024_JUL_GC-D_T3\GOPR3486.JPG,Giant Clam (Shallow Only)\2024_JUL_GC_D\2024_JUL_GC-D_T3\GOPR3486\Coral1.JPG,1,0.8049,Giant Clam,T3,5
Giant Clam (Shallow Only)\2024_JUL_GC_D\2024_JUL_GC-D_T3\GOPR3486.JPG,Giant Clam (Shallow Only)\2024_JUL_GC_D\2024_JUL_GC-D_T3\GOPR3486\Coral3.JPG,3,0.7024,Giant Clam,T3,5
Giant Clam (Shallow Only)\2024_AUG_GC_D\2024_AUG_GC_T3\GOPR4522.JPG,Giant Clam (Shallow Only)\2024_AUG_GC_D\2024_AUG_GC_T3\GOPR4522\Coral29.JPG,29,0.1748,Giant Clam,T3,5
Giant Clam (Shallow Only)\2024_AUG_GC_D\2024_AUG_GC_T3\GOPR4522.JPG,Giant Clam (Shallow Only)\2024_AUG_GC_D\2024_AUG_GC_T3\GOPR4522\Coral30.JPG,30,0.1724,Giant Clam,T3,5
Giant Clam (Shallow Only)\2024_AUG_GC_D\2024_AUG_GC_T3\GOPR4522.JPG,Giant Clam (Shallow Only)\2024_AUG_GC_D\2024_AUG_GC_T3\GOPR4522\Coral13.JPG,13,0.5385,Giant Clam,T3,5
Giant Clam (Shallow Only)\2024_AUG_GC_D\2024_AUG_GC_T3\GOPR4522.JPG,Giant Clam (Shallow Only)\2024_AUG_GC_D\2024_AUG_GC_T3\GOPR4522\Coral12.JPG,12,0.5418,Giant Clam,T3,5
Giant Clam (Shallow Only)\2024_AUG_GC_D\2024_AUG_GC_T3\GOPR4522.JPG,Giant Clam (Shallow Only)\2024_AUG_GC_D\2024_AUG_GC_T3\GOPR4522\Coral10.JPG,10,0.5458,Giant Clam,T3,5
Giant Clam (Shallow Only)\2024_JUL_GC_D\2024_JUL_GC-D_T3\GOPR3491.JPG,Giant Clam (Shallow Only)\2024_JUL_GC_D\2024_JUL_GC-D_T3\GOPR3491\Coral8.JPG,8,0.3584,Giant Clam,T3,5
Giant Clam (Shallow Only)\2024_JUL_GC_D\2024_JUL_GC-D_T3\GOPR3491.JPG,Giant Clam (Shallow Only)\2024_JUL_GC_D\2024_JUL_GC-D_T3\GOPR3491\Coral10.JPG,10,0.356,Giant Clam,T3,5
Giant Clam (Shallow Only)\2024_JUL_GC_D\2024_JUL_GC-D_T3\GOPR3491.JPG,Giant Clam (Shallow Only)\2024_JUL_GC_D\2024_JUL_GC-D_T3\GOPR3491\Coral13.JPG,13,0.3112,Giant Clam,T3,5
Giant Clam (Shallow Only)\2024_JUL_GC_D\2024_JUL_GC-D_T3\GOPR3487.JPG,Giant Clam (Shallow Only)\2024_JUL_GC_D\2024_JUL_GC-D_T3\GOPR3487\Coral42.JPG,42,0.1518,Giant Clam,T3,5
Giant Clam (Shallow Only)\2024_JUL_GC_D\2024_JUL_GC-D_T3\GOPR3487.JPG,Giant Clam (Shallow Only)\2024_JUL_GC_D\2024_JUL_GC-D_T3\GOPR3487\Coral29.JPG,29,0.2684,Giant Clam,T3,5
Giant Clam (Shallow Only)\2024_JUL_GC_D\2024_JUL_GC-D_T3\GOPR3487.JPG,Giant Clam (Shallow Only)\2024_JUL_GC_D\2024_JUL_GC-D_T3\GOPR3487\Coral3.JPG,3,0.5908,Giant Clam,T3,5
Giant Clam (Shallow Only)\2024_JUL_GC_D\2024_JUL_GC-D_T3\GOPR3487.JPG,Giant Clam (Shallow Only)\2024_JUL_GC_D\2024_JUL_GC-D_T3\GOPR3487\Coral22.JPG,22,0.337,Giant Clam,T3,5
Giant Clam (Shallow Only)\2024_JUL_GC_D\2024_JUL_GC-D_T3\GOPR3487.JPG,Giant Clam (Shallow Only)\2024_JUL_GC_D\2024_JUL_GC-D_T3\GOPR3487\Coral23.JPG,23,0.3148,Giant Clam,T3,5
Giant Clam (Shallow Only)\2024_JUL_GC_D\2024_JUL_GC-D_T3\GOPR3487.JPG,Giant Clam (Shallow Only)\2024_JUL_GC_D\2024_JUL_GC-D_T3\GOPR3487\Coral16.JPG,16,0.4609,Giant Clam,T3,5
Giant Clam (Shallow Only)\2024_JUL_GC_D\2024_JUL_GC-D_T3\GOPR3487.JPG,Giant Clam (Shallow Only)\2024_JUL_GC_D\2024_JUL_GC-D_T3\GOPR3487\Coral21.JPG,21,0.3624,Giant Clam,T3,5
Giant Clam (Shallow Only)\2024_AUG_GC_D\2024_AUG_GC_T3\GOPR4497.JPG,Giant Clam (Shallow Only)\2024_AUG_GC_D\2024_AUG_GC_T3\GOPR4497\Coral7.JPG,7,0.1502,Giant Clam,T3,5
Giant Clam (Shallow Only)\2024_JUL_GC_D\2024_JUL_GC-D_T3\GOPR3499.JPG,Giant Clam (Shallow Only)\2024_JUL_GC_D\2024_JUL_GC-D_T3\GOPR3499\Coral22.JPG,22,0.1511,Giant Clam,T3,5
Giant Clam (Shallow Only)\2024_JUL_GC_D\2024_JUL_GC-D_T3\GOPR3499.JPG,Giant Clam (Shallow Only)\2024_JUL_GC_D\2024_JUL_GC-D_T3\GOPR3499\Coral17.JPG,17,0.1891,Giant Clam,T3,5
Giant Clam (Shallow Only)\2024_JUL_GC_D\2024_JUL_GC-D_T3\GOPR3499.JPG,Giant Clam (Shallow Only)\2024_JUL_GC_D\2024_JUL_GC-D_T3\GOPR3499\Coral13.JPG,13,0.2338,Giant Clam,T3,5
Giant Clam (Shallow Only)\2024_JUL_GC_D\2024_JUL_GC-D_T3\GOPR3499.JPG,Giant Clam (Shallow Only)\2024_JUL_GC_D\2024_JUL_GC-D_T3\GOPR3499\Coral3.JPG,3,0.555,Giant Clam,T3,5
Giant Clam (Shallow Only)\2024_JUL_GC_D\2024_JUL_GC-D_T3\GOPR3498.JPG,Giant Clam (Shallow Only)\2024_JUL_GC_D\2024_JUL_GC-D_T3\GOPR3498\Coral17.JPG,17,0.208,Giant Clam,T3,5
Giant Clam (Shallow Only)\2024_JUL_GC_D\2024_JUL_GC-D_T3\GOPR3498.JPG,Giant Clam (Shallow Only)\2024_JUL_GC_D\2024_JUL_GC-D_T3\GOPR3498\Coral6.JPG,6,0.4577,Giant Clam,T3,5
Giant Clam (Shallow Only)\2024_JUL_GC_D\2024_JUL_GC-D_T3\GOPR3498.JPG,Giant Clam (Shallow Only)\2024_JUL_GC_D\2024_JUL_GC-D_T3\GOPR3498\Coral7.JPG,7,0.4556,Giant Clam,T3,5
Giant Clam (Shallow Only)\2024_JUL_GC_D\2024_JUL_GC-D_T3\GOPR3498.JPG,Giant Clam (Shallow Only)\2024_JUL_GC_D\2024_JUL_GC-D_T3\GOPR3498\Coral19.JPG,19,0.182,Giant Clam,T3,5
Giant Clam (Shallow Only)\2024_JUL_GC_D\2024_JUL_GC-D_T3\GOPR3498.JPG,Giant Clam (Shallow Only)\2024_JUL_GC_D\2024_JUL_GC-D_T3\GOPR3498\Coral10.JPG,10,0.3213,Giant Clam,T3,5
Giant Clam (Shallow Only)\2024_JUL_GC_D\2024_JUL_GC-D_T3\GOPR3498.JPG,Giant Clam (Shallow Only)\2024_JUL_GC_D\2024_JUL_GC-D_T3\GOPR3498\Coral5.JPG,5,0.5096,Giant Clam,T3,5
Giant Clam (Shallow Only)\2024_AUG_GC_D\2024_AUG_GC_T3\GOPR4494.JPG,Giant Clam (Shallow Only)\2024_AUG_GC_D\2024_AUG_GC_T3\GOPR4494\Coral2.JPG,2,0.4058,Giant Clam,T3,5
Giant Clam (Shallow Only)\2024_AUG_GC_D\2024_AUG_GC_T3\GOPR4485.JPG,Giant Clam (Shallow Only)\2024_AUG_GC_D\2024_AUG_GC_T3\GOPR4485\Coral19.JPG,19,0.295,Giant Clam,T3,5
Giant Clam (Shallow Only)\2024_AUG_GC_D\2024_AUG_GC_T3\GOPR4485.JPG,Giant Clam (Shallow Only)\2024_AUG_GC_D\2024_AUG_GC_T3\GOPR4485\Coral4.JPG,4,0.7115,Giant Clam,T3,5
Giant Clam (Shallow Only)\2024_AUG_GC_D\2024_AUG_GC_T3\GOPR4485.JPG,Giant Clam (Shallow Only)\2024_AUG_GC_D\2024_AUG_GC_T3\GOPR4485\Coral20.JPG,20,0.2762,Giant Clam,T3,5
Giant Clam (Shallow Only)\2024_AUG_GC_D\2024_AUG_GC_T3\GOPR4485.JPG,Giant Clam (Shallow Only)\2024_AUG_GC_D\2024_AUG_GC_T3\GOPR4485\Coral37.JPG,37,0.1612,Giant Clam,T3,5
Giant Clam (Shallow Only)\2024_AUG_GC_D\2024_AUG_GC_T3\GOPR4485.JPG,Giant Clam (Shallow Only)\2024_AUG_GC_D\2024_AUG_GC_T3\GOPR4485\Coral28.JPG,28,0.23,Giant Clam,T3,5
Giant Clam (Shallow Only)\2024_AUG_GC_D\2024_AUG_GC_T3\GOPR4485.JPG,Giant Clam (Shallow Only)\2024_AUG_GC_D\2024_AUG_GC_T3\GOPR4485\Coral32.JPG,32,0.2039,Giant Clam,T3,5
Giant Clam (Shallow Only)\2024_AUG_GC_D\2024_AUG_GC_T3\GOPR4485.JPG,Giant Clam (Shallow Only)\2024_AUG_GC_D\2024_AUG_GC_T3\GOPR4485\Coral18.JPG,18,0.3246,Giant Clam,T3,5
Giant Clam (Shallow Only)\2024_JUL_GC_D\2024_JUL_GC-D_T3\GOPR3515.JPG,Giant Clam (Shallow Only)\2024_JUL_GC_D\2024_JUL_GC-D_T3\GOPR3515\Coral32.JPG,32,0.1664,Giant Clam,T3,5
Harka Piloto\2024_HP_JUL_S\HP_S_T1\GOPR3889.JPG,Harka Piloto\2024_HP_JUL_S\HP_S_T1\GOPR3889\Coral1.JPG,1,0.4609,Harka Piloto S,T1,5
Harka Piloto\2024_HP_JUL_S\HP_S_T1\GOPR3871.JPG,Harka Piloto\2024_HP_JUL_S\HP_S_T1\GOPR3871\Coral26.JPG,26,0.2369,Harka Piloto S,T1,5
Harka Piloto\2024_AUG_HPFS_S\2024_AUG_HPFS_S_T1\GOPR5484.JPG,Harka Piloto\2024_AUG_HPFS_S\2024_AUG_HPFS_S_T1\GOPR5484\Coral11.JPG,11,0.2856,Harka Piloto S,T1,5
Harka Piloto\2024_AUG_HPFS_S\2024_AUG_HPFS_S_T1\GOPR5482.JPG,Harka Piloto\2024_AUG_HPFS_S\2024_AUG_HPFS_S_T1\GOPR5482\Coral11.JPG,11,0.2077,Harka Piloto S,T1,5
Harka Piloto\2024_AUG_HPFS_S\2024_AUG_HPFS_S_T1\GOPR5500 - Copy.JPG,Harka Piloto\2024_AUG_HPFS_S\2024_AUG_HPFS_S_T1\GOPR5500 - Copy\Coral8.JPG,8,0.3274,Harka Piloto S,T1,5
Harka Piloto\2024_HP_JUL_S\HP_S_T1\GOPR3888.JPG,Harka Piloto\2024_HP_JUL_S\HP_S_T1\GOPR3888\Coral10.JPG,10,0.2644,Harka Piloto S,T1,5
Harka Piloto\2024_AUG_HPFS_S\2024_AUG_HPFS_S_T1\GOPR5515.JPG,Harka Piloto\2024_AUG_HPFS_S\2024_AUG_HPFS_S_T1\GOPR5515\Coral19.JPG,19,0.3218,Harka Piloto S,T1,5
Harka Piloto\2024_HP_JUL_S\HP_S_T1\GOPR3864.JPG,Harka Piloto\2024_HP_JUL_S\HP_S_T1\GOPR3864\Coral7.JPG,7,0.4154,Harka Piloto S,T1,5
Harka Piloto\2024_HP_JUL_S\HP_S_T1\GOPR3869.JPG,Harka Piloto\2024_HP_JUL_S\HP_S_T1\GOPR3869\Coral17.JPG,17,0.2639,Harka Piloto S,T1,5
Harka Piloto\2024_AUG_HPFS_S\2024_AUG_HPFS_S_T1\GOPR5488.JPG,Harka Piloto\2024_AUG_HPFS_S\2024_AUG_HPFS_S_T1\GOPR5488\Coral7.JPG,7,0.4092,Harka Piloto S,T1,5
Harka Piloto\2024_AUG_HPFS_S\2024_AUG_HPFS_S_T1\GOPR5507.JPG,Harka Piloto\2024_AUG_HPFS_S\2024_AUG_HPFS_S_T1\GOPR5507\Coral9.JPG,9,0.2234,Harka Piloto S,T1,5
Harka Piloto\2024_AUG_HPFS_S\2024_AUG_HPFS_S_T1\GOPR5522.JPG,Harka Piloto\2024_AUG_HPFS_S\2024_AUG_HPFS_S_T1\GOPR5522\Coral8.JPG,8,0.4019,Harka Piloto S,T1,5
Harka Piloto\2024_HP_JUL_S\HP_S_T1\GOPR3897.JPG,Harka Piloto\2024_HP_JUL_S\HP_S_T1\GOPR3897\Coral31.JPG,31,0.2091,Harka Piloto S,T1,5
Harka Piloto\2024_AUG_HPFS_S\2024_AUG_HPFS_S_T1\GOPR5491.JPG,Harka Piloto\2024_AUG_HPFS_S\2024_AUG_HPFS_S_T1\GOPR5491\Coral10.JPG,10,0.2039,Harka Piloto S,T1,5
Harka Piloto\2024_HP_JUL_S\HP_S_T1\GOPR3881.JPG,Harka Piloto\2024_HP_JUL_S\HP_S_T1\GOPR3881\Coral13.JPG,13,0.3919,Harka Piloto S,T1,5
Harka Piloto\2024_AUG_HPFS_S\2024_AUG_HPFS_S_T1\GOPR5520.JPG,Harka Piloto\2024_AUG_HPFS_S\2024_AUG_HPFS_S_T1\GOPR5520\Coral11.JPG,11,0.2411,Harka Piloto S,T1,5
Harka Piloto\2024_AUG_HPFS_S\2024_AUG_HPFS_S_T1\GOPR5489.JPG,Harka Piloto\2024_AUG_HPFS_S\2024_AUG_HPFS_S_T1\GOPR5489\Coral27.JPG,27,0.1719,Harka Piloto S,T1,5
Harka Piloto\2024_HP_JUL_S\HP_S_T1\GOPR3883.JPG,Harka Piloto\2024_HP_JUL_S\HP_S_T1\GOPR3883\Coral14.JPG,14,0.4602,Harka Piloto S,T1,5
Harka Piloto\2024_AUG_HPFS_S\2024_AUG_HPFS_S_T1\GOPR5519.JPG,Harka Piloto\2024_AUG_HPFS_S\2024_AUG_HPFS_S_T1\GOPR5519\Coral15.JPG,15,0.2365,Harka Piloto S,T1,5
Harka Piloto\2024_AUG_HPFS_S\2024_AUG_HPFS_S_T1\GOPR5499.JPG,Harka Piloto\2024_AUG_HPFS_S\2024_AUG_HPFS_S_T1\GOPR5499\Coral2.JPG,2,0.6004,Harka Piloto S,T1,5
Harka Piloto\2024_AUG_HPFS_S\2024_AUG_HPFS_S_T1\GOPR5501.JPG,Harka Piloto\2024_AUG_HPFS_S\2024_AUG_HPFS_S_T1\GOPR5501\Coral14.JPG,14,0.2302,Harka Piloto S,T1,5
Harka Piloto\2024_HP_JUL_S\HP_S_T1\GOPR3895.JPG,Harka Piloto\2024_HP_JUL_S\HP_S_T1\GOPR3895\Coral32.JPG,32,0.1809,Harka Piloto S,T1,5
Harka Piloto\2024_AUG_HPFS_S\2024_AUG_HPFS_S_T1\GOPR5514.JPG,Harka Piloto\2024_AUG_HPFS_S\2024_AUG_HPFS_S_T1\GOPR5514\Coral14.JPG,14,0.2494,Harka Piloto S,T1,5
Harka Piloto\2024_AUG_HPFS_S\2024_AUG_HPFS_S_T1\GOPR5496.JPG,Harka Piloto\2024_AUG_HPFS_S\2024_AUG_HPFS_S_T1\GOPR5496\Coral19.JPG,19,0.1835,Harka Piloto S,T1,5
Harka Piloto\2024_AUG_HPFS_S\2024_AUG_HPFS_S_T1\GOPR5477.JPG,Harka Piloto\2024_AUG_HPFS_S\2024_AUG_HPFS_S_T1\GOPR5477\Coral23.JPG,23,0.1803,Harka Piloto S,T1,5
Harka Piloto\2024_AUG_HPFS_S\2024_AUG_HPFS_S_T1\GOPR5479.JPG,Harka Piloto\2024_AUG_HPFS_S\2024_AUG_HPFS_S_T1\GOPR5479\Coral22.JPG,22,0.1711,Harka Piloto S,T1,5
Harka Piloto\2024_HP_JUL_S\HP_S_T1\GOPR3893.JPG,Harka Piloto\2024_HP_JUL_S\HP_S_T1\GOPR3893\Coral24.JPG,24,0.2274,Harka Piloto S,T1,5
Harka Piloto\2024_HP_JUL_S\HP_S_T1\GOPR3849.JPG,Harka Piloto\2024_HP_JUL_S\HP_S_T1\GOPR3849\Coral3.JPG,3,0.7638,Harka Piloto S,T1,5
Harka Piloto\2024_AUG_HPFS_S\2024_AUG_HPFS_S_T1\GOPR5504.JPG,Harka Piloto\2024_AUG_HPFS_S\2024_AUG_HPFS_S_T1\GOPR5504\Coral15.JPG,15,0.2127,Harka Piloto S,T1,5
Harka Piloto\2024_HP_JUL_S\HP_S_T1\GOPR3884.JPG,Harka Piloto\2024_HP_JUL_S\HP_S_T1\GOPR3884\Coral2.JPG,2,0.6603,Harka Piloto S,T1,5
Harka Piloto\2024_AUG_HPFS_S\2024_AUG_HPFS_S_T1\GOPR5518.JPG,Harka Piloto\2024_AUG_HPFS_S\2024_AUG_HPFS_S_T1\GOPR5518\Coral2.JPG,2,0.6778,Harka Piloto S,T1,5
Harka Piloto\2024_AUG_HPFS_S\2024_AUG_HPFS_S_T1\GOPR5516.JPG,Harka Piloto\2024_AUG_HPFS_S\2024_AUG_HPFS_S_T1\GOPR5516\Coral1.JPG,1,0.8349,Harka Piloto S,T1,5
Harka Piloto\2024_AUG_HPFS_S\2024_AUG_HPFS_S_T1\GOPR5490.JPG,Harka Piloto\2024_AUG_HPFS_S\2024_AUG_HPFS_S_T1\GOPR5490\Coral9.JPG,9,0.2853,Harka Piloto S,T1,5
Harka Piloto\2024_HP_JUL_S\HP_S_T1\GOPR3897.JPG,Harka Piloto\2024_HP_JUL_S\HP_S_T1\GOPR3897\Coral27.JPG,27,0.2302,Harka Piloto S,T1,5
Harka Piloto\2024_HP_JUL_S\HP_S_T1\GOPR3878.JPG,Harka Piloto\2024_HP_JUL_S\HP_S_T1\GOPR3878\Coral25.JPG,25,0.1524,Harka Piloto S,T1,5
Harka Piloto\2024_HP_JUL_S\HP_S_T1\GOPR3870.JPG,Harka Piloto\2024_HP_JUL_S\HP_S_T1\GOPR3870\Coral8.JPG,8,0.5088,Harka Piloto S,T1,5
Harka Piloto\2024_AUG_HPFS_S\2024_AUG_HPFS_S_T1\GOPR5485.JPG,Harka Piloto\2024_AUG_HPFS_S\2024_AUG_HPFS_S_T1\GOPR5485\Coral12.JPG,12,0.2842,Harka Piloto S,T1,5
Harka Piloto\2024_AUG_HPFS_S\2024_AUG_HPFS_S_T1\GOPR5480.JPG,Harka Piloto\2024_AUG_HPFS_S\2024_AUG_HPFS_S_T1\GOPR5480\Coral1.JPG,1,0.8123,Harka Piloto S,T1,5
Harka Piloto\2024_HP_JUL_S\HP_S_T1\GOPR3873.JPG,Harka Piloto\2024_HP_JUL_S\HP_S_T1\GOPR3873\Coral9.JPG,9,0.5808,Harka Piloto S,T1,5
Harka Piloto\2024_AUG_HPFS_S\2024_AUG_HPFS_S_T1\GOPR5476.JPG,Harka Piloto\2024_AUG_HPFS_S\2024_AUG_HPFS_S_T1\GOPR5476\Coral12.JPG,12,0.2069,Harka Piloto S,T1,5
Harka Piloto\2024_AUG_HPFS_S\2024_AUG_HPFS_S_T1\GOPR5505.JPG,Harka Piloto\2024_AUG_HPFS_S\2024_AUG_HPFS_S_T1\GOPR5505\Coral18.JPG,18,0.168,Harka Piloto S,T1,5
Harka Piloto\2024_HP_JUL_S\HP_S_T1\GOPR3889.JPG,Harka Piloto\2024_HP_JUL_S\HP_S_T1\GOPR3889\Coral4.JPG,4,0.1649,Harka Piloto S,T1,5
Harka Piloto\2024_HP_JUL_S\HP_S_T1\GOPR3866.JPG,Harka Piloto\2024_HP_JUL_S\HP_S_T1\GOPR3866\Coral34.JPG,34,0.1509,Harka Piloto S,T1,5
Harka Piloto\2024_AUG_HPFS_S\2024_AUG_HPFS_S_T1\GOPR5486.JPG,Harka Piloto\2024_AUG_HPFS_S\2024_AUG_HPFS_S_T1\GOPR5486\Coral13.JPG,13,0.2759,Harka Piloto S,T1,5
Harka Piloto\2024_AUG_HPFS_S\2024_AUG_HPFS_S_T1\GOPR5496.JPG,Harka Piloto\2024_AUG_HPFS_S\2024_AUG_HPFS_S_T1\GOPR5496\Coral8.JPG,8,0.4435,Harka Piloto S,T1,5
Harka Piloto\2024_HP_JUL_S\HP_S_T1\GOPR3879.JPG,Harka Piloto\2024_HP_JUL_S\HP_S_T1\GOPR3879\Coral8.JPG,8,0.5924,Harka Piloto S,T1,5
Harka Piloto\2024_AUG_HPFS_S\2024_AUG_HPFS_S_T1\GOPR5479.JPG,Harka Piloto\2024_AUG_HPFS_S\2024_AUG_HPFS_S_T1\GOPR5479\Coral18.JPG,18,0.1868,Harka Piloto S,T1,5
Harka Piloto\2024_AUG_HPFS_S\2024_AUG_HPFS_S_T1\GOPR5495.JPG,Harka Piloto\2024_AUG_HPFS_S\2024_AUG_HPFS_S_T1\GOPR5495\Coral4.JPG,4,0.3355,Harka Piloto S,T1,5
Harka Piloto\2024_HP_JUL_S\HP_S_T1\GOPR3864.JPG,Harka Piloto\2024_HP_JUL_S\HP_S_T1\GOPR3864\Coral28.JPG,28,0.2045,Harka Piloto S,T1,5
Harka Piloto\2024_AUG_HPFS_S\2024_AUG_HPFS_S_T1\GOPR5472.JPG,Harka Piloto\2024_AUG_HPFS_S\2024_AUG_HPFS_S_T1\GOPR5472\Coral4.JPG,4,0.5531,Harka Piloto S,T1,5
Harka Piloto\2024_HP_JUL_S\HP_S_T1\GOPR3858.JPG,Harka Piloto\2024_HP_JUL_S\HP_S_T1\GOPR3858\Coral29.JPG,29,0.2183,Harka Piloto S,T1,5
Harka Piloto\2024_AUG_HPFS_S\2024_AUG_HPFS_S_T1\GOPR5507.JPG,Harka Piloto\2024_AUG_HPFS_S\2024_AUG_HPFS_S_T1\GOPR5507\Coral8.JPG,8,0.2785,Harka Piloto S,T1,5
Harka Piloto\2024_HP_JUL_S\HP_S_T1\GOPR3884.JPG,Harka Piloto\2024_HP_JUL_S\HP_S_T1\GOPR3884\Coral6.JPG,6,0.3841,Harka Piloto S,T1,5
Harka Piloto\2024_HP_JUL_S\HP_S_T1\GOPR3872.JPG,Harka Piloto\2024_HP_JUL_S\HP_S_T1\GOPR3872\Coral22.JPG,22,0.2621,Harka Piloto S,T1,5
Harka Piloto\2024_AUG_HPFS_S\2024_AUG_HPFS_S_T1\GOPR5522.JPG,Harka Piloto\2024_AUG_HPFS_S\2024_AUG_HPFS_S_T1\GOPR5522\Coral17.JPG,17,0.1858,Harka Piloto S,T1,5
Harka Piloto\2024_HP_JUL_S\HP_S_T1\GOPR3891.JPG,Harka Piloto\2024_HP_JUL_S\HP_S_T1\GOPR3891\Coral9.JPG,9,0.4644,Harka Piloto S,T1,5
Harka Piloto\2024_HP_JUL_S\HP_S_T1\GOPR3885.JPG,Harka Piloto\2024_HP_JUL_S\HP_S_T1\GOPR3885\Coral10.JPG,10,0.2207,Harka Piloto S,T1,5
Harka Piloto\2024_AUG_HPFS_S\2024_AUG_HPFS_S_T1\GOPR5483.JPG,Harka Piloto\2024_AUG_HPFS_S\2024_AUG_HPFS_S_T1\GOPR5483\Coral13.JPG,13,0.2546,Harka Piloto S,T1,5
Harka Piloto\2024_AUG_HPFS_S\2024_AUG_HPFS_S_T1\GOPR5502.JPG,Harka Piloto\2024_AUG_HPFS_S\2024_AUG_HPFS_S_T1\GOPR5502\Coral2.JPG,2,0.8149,Harka Piloto S,T1,5
Harka Piloto\2024_AUG_HPFS_S\2024_AUG_HPFS_S_T1\GOPR5485.JPG,Harka Piloto\2024_AUG_HPFS_S\2024_AUG_HPFS_S_T1\GOPR5485\Coral4.JPG,4,0.5725,Harka Piloto S,T1,5
Harka Piloto\2024_HP_JUL_S\HP_S_T1\GOPR3867.JPG,Harka Piloto\2024_HP_JUL_S\HP_S_T1\GOPR3867\Coral13.JPG,13,0.5285,Harka Piloto S,T1,5
Harka Piloto\2024_AUG_HPFS_S\2024_AUG_HPFS_S_T1\GOPR5523.JPG,Harka Piloto\2024_AUG_HPFS_S\2024_AUG_HPFS_S_T1\GOPR5523\Coral17.JPG,17,0.3911,Harka Piloto S,T1,5
Harka Piloto\2024_AUG_HPFS_S\2024_AUG_HPFS_S_T1\GOPR5519.JPG,Harka Piloto\2024_AUG_HPFS_S\2024_AUG_HPFS_S_T1\GOPR5519\Coral13.JPG,13,0.2427,Harka Piloto S,T1,5
Harka Piloto\2024_AUG_HPFS_S\2024_AUG_HPFS_S_T1\GOPR5519.JPG,Harka Piloto\2024_AUG_HPFS_S\2024_AUG_HPFS_S_T1\GOPR5519\Coral6.JPG,6,0.3395,Harka Piloto S,T1,5
Harka Piloto\2024_AUG_HPFS_S\2024_AUG_HPFS_S_T1\GOPR5519.JPG,Harka Piloto\2024_AUG_HPFS_S\2024_AUG_HPFS_S_T1\GOPR5519\Coral21.JPG,21,0.1848,Harka Piloto S,T1,5
Harka Piloto\2024_AUG_HPFS_S\2024_AUG_HPFS_S_T1\GOPR5519.JPG,Harka Piloto\2024_AUG_HPFS_S\2024_AUG_HPFS_S_T1\GOPR5519\Coral10.JPG,10,0.296,Harka Piloto S,T1,5
Harka Piloto\2024_AUG_HPFS_S\2024_AUG_HPFS_S_T1\GOPR5519.JPG,Harka Piloto\2024_AUG_HPFS_S\2024_AUG_HPFS_S_T1\GOPR5519\Coral3.JPG,3,0.4391,Harka Piloto S,T1,5
Harka Piloto\2024_HP_JUL_S\HP_S_T1\GOPR3898.JPG,Harka Piloto\2024_HP_JUL_S\HP_S_T1\GOPR3898\Coral24.JPG,24,0.1642,Harka Piloto S,T1,5
Harka Piloto\2024_HP_JUL_S\HP_S_T1\GOPR3898.JPG,Harka Piloto\2024_HP_JUL_S\HP_S_T1\GOPR3898\Coral22.JPG,22,0.1944,Harka Piloto S,T1,5
Harka Piloto\2024_HP_JUL_S\HP_S_T1\GOPR3898.JPG,Harka Piloto\2024_HP_JUL_S\HP_S_T1\GOPR3898\Coral14.JPG,14,0.2946,Harka Piloto S,T1,5
Harka Piloto\2024_HP_JUL_S\HP_S_T1\GOPR3898.JPG,Harka Piloto\2024_HP_JUL_S\HP_S_T1\GOPR3898\Coral12.JPG,12,0.3864,Harka Piloto S,T1,5
Harka Piloto\2024_HP_JUL_S\HP_S_T1\GOPR3898.JPG,Harka Piloto\2024_HP_JUL_S\HP_S_T1\GOPR3898\Coral2.JPG,2,0.7974,Harka Piloto S,T1,5
Harka Piloto\2024_AUG_HPFS_S\2024_AUG_HPFS_S_T1\GOPR5505.JPG,Harka Piloto\2024_AUG_HPFS_S\2024_AUG_HPFS_S_T1\GOPR5505\Coral1.JPG,1,0.6617,Harka Piloto S,T1,5
Harka Piloto\2024_AUG_HPFS_S\2024_AUG_HPFS_S_T1\GOPR5505.JPG,Harka Piloto\2024_AUG_HPFS_S\2024_AUG_HPFS_S_T1\GOPR5505\Coral15.JPG,15,0.1806,Harka Piloto S,T1,5
Harka Piloto\2024_AUG_HPFS_S\2024_AUG_HPFS_S_T1\GOPR5499.JPG,Harka Piloto\2024_AUG_HPFS_S\2024_AUG_HPFS_S_T1\GOPR5499\Coral5.JPG,5,0.3712,Harka Piloto S,T1,5
Harka Piloto\2024_AUG_HPFS_S\2024_AUG_HPFS_S_T1\GOPR5499.JPG,Harka Piloto\2024_AUG_HPFS_S\2024_AUG_HPFS_S_T1\GOPR5499\Coral9.JPG,9,0.2823,Harka Piloto S,T1,5
Harka Piloto\2024_AUG_HPFS_S\2024_AUG_HPFS_S_T1\GOPR5499.JPG,Harka Piloto\2024_AUG_HPFS_S\2024_AUG_HPFS_S_T1\GOPR5499\Coral4.JPG,4,0.4274,Harka Piloto S,T1,5
Harka Piloto\2024_HP_JUL_S\HP_S_T1\GOPR3850.JPG,Harka Piloto\2024_HP_JUL_S\HP_S_T1\GOPR3850\Coral19.JPG,19,0.3791,Harka Piloto S,T1,5
Harka Piloto\2024_HP_JUL_S\HP_S_T1\GOPR3850.JPG,Harka Piloto\2024_HP_JUL_S\HP_S_T1\GOPR3850\Coral32.JPG,32,0.2572,Harka Piloto S,T1,5
Harka Piloto\2024_HP_JUL_S\HP_S_T1\GOPR3850.JPG,Harka Piloto\2024_HP_JUL_S\HP_S_T1\GOPR3850\Coral18.JPG,18,0.4014,Harka Piloto S,T1,5
Harka Piloto\2024_HP_JUL_S\HP_S_T1\GOPR3850.JPG,Harka Piloto\2024_HP_JUL_S\HP_S_T1\GOPR3850\Coral1.JPG,1,0.7852,Harka Piloto S,T1,5
Harka Piloto\2024_HP_JUL_S\HP_S_T1\GOPR3850.JPG,Harka Piloto\2024_HP_JUL_S\HP_S_T1\GOPR3850\Coral24.JPG,24,0.3376,Harka Piloto S,T1,5
Harka Piloto\2024_HP_JUL_S\HP_S_T1\GOPR3850.JPG,Harka Piloto\2024_HP_JUL_S\HP_S_T1\GOPR3850\Coral42.JPG,42,0.1655,Harka Piloto S,T1,5
Harka Piloto\2024_HP_JUL_S\HP_S_T1\GOPR3850.JPG,Harka Piloto\2024_HP_JUL_S\HP_S_T1\GOPR3850\Coral20.JPG,20,0.3705,Harka Piloto S,T1,5
Harka Piloto\2024_HP_JUL_S\HP_S_T1\GOPR3850.JPG,Harka Piloto\2024_HP_JUL_S\HP_S_T1\GOPR3850\Coral8.JPG,8,0.5188,Harka Piloto S,T1,5
Harka Piloto\2024_HP_JUL_S\HP_S_T1\GOPR3850.JPG,Harka Piloto\2024_HP_JUL_S\HP_S_T1\GOPR3850\Coral36.JPG,36,0.2272,Harka Piloto S,T1,5
Harka Piloto\2024_HP_JUL_S\HP_S_T1\GOPR3871.JPG,Harka Piloto\2024_HP_JUL_S\HP_S_T1\GOPR3871\Coral1.JPG,1,0.8345,Harka Piloto S,T1,5
Harka Piloto\2024_HP_JUL_S\HP_S_T1\GOPR3871.JPG,Harka Piloto\2024_HP_JUL_S\HP_S_T1\GOPR3871\Coral27.JPG,27,0.2297,Harka Piloto S,T1,5
Harka Piloto\2024_HP_JUL_S\HP_S_T1\GOPR3871.JPG,Harka Piloto\2024_HP_JUL_S\HP_S_T1\GOPR3871\Coral39.JPG,39,0.1554,Harka Piloto S,T1,5
Harka Piloto\2024_HP_JUL_S\HP_S_T1\GOPR3871.JPG,Harka Piloto\2024_HP_JUL_S\HP_S_T1\GOPR3871\Coral24.JPG,24,0.2434,Harka Piloto S,T1,5
Harka Piloto\2024_HP_JUL_S\HP_S_T1\GOPR3853.JPG,Harka Piloto\2024_HP_JUL_S\HP_S_T1\GOPR3853\Coral4.JPG,4,0.5627,Harka Piloto S,T1,5
Harka Piloto\2024_HP_JUL_S\HP_S_T1\GOPR3853.JPG,Harka Piloto\2024_HP_JUL_S\HP_S_T1\GOPR3853\Coral16.JPG,16,0.2585,Harka Piloto S,T1,5
Harka Piloto\2024_HP_JUL_S\HP_S_T1\GOPR3853.JPG,Harka Piloto\2024_HP_JUL_S\HP_S_T1\GOPR3853\Coral13.JPG,13,0.335,Harka Piloto S,T1,5
Harka Piloto\2024_HP_JUL_S\HP_S_T1\GOPR3853.JPG,Harka Piloto\2024_HP_JUL_S\HP_S_T1\GOPR3853\Coral8.JPG,8,0.4644,Harka Piloto S,T1,5
Harka Piloto\2024_HP_JUL_S\HP_S_T1\GOPR3853.JPG,Harka Piloto\2024_HP_JUL_S\HP_S_T1\GOPR3853\Coral24.JPG,24,0.2149,Harka Piloto S,T1,5
Harka Piloto\2024_HP_JUL_S\HP_S_T1\GOPR3877.JPG,Harka Piloto\2024_HP_JUL_S\HP_S_T1\GOPR3877\Coral8.JPG,8,0.4119,Harka Piloto S,T1,5
Harka Piloto\2024_HP_JUL_S\HP_S_T1\GOPR3877.JPG,Harka Piloto\2024_HP_JUL_S\HP_S_T1\GOPR3877\Coral15.JPG,15,0.3023,Harka Piloto S,T1,5
Harka Piloto\2024_HP_JUL_S\HP_S_T1\GOPR3877.JPG,Harka Piloto\2024_HP_JUL_S\HP_S_T1\GOPR3877\Coral5.JPG,5,0.4616,Harka Piloto S,T1,5
Harka Piloto\2024_HP_JUL_S\HP_S_T1\GOPR3866.JPG,Harka Piloto\2024_HP_JUL_S\HP_S_T1\GOPR3866\Coral20.JPG,20,0.231,Harka Piloto S,T1,5
Harka Piloto\2024_HP_JUL_S\HP_S_T1\GOPR3866.JPG,Harka Piloto\2024_HP_JUL_S\HP_S_T1\GOPR3866\Coral9.JPG,9,0.3796,Harka Piloto S,T1,5
Harka Piloto\2024_HP_JUL_S\HP_S_T1\GOPR3866.JPG,Harka Piloto\2024_HP_JUL_S\HP_S_T1\GOPR3866\Coral17.JPG,17,0.2646,Harka Piloto S,T1,5
Harka Piloto\2024_HP_JUL_S\HP_S_T1\GOPR3866.JPG,Harka Piloto\2024_HP_JUL_S\HP_S_T1\GOPR3866\Coral2.JPG,2,0.4742,Harka Piloto S,T1,5
Harka Piloto\2024_HP_JUL_S\HP_S_T1\GOPR3866.JPG,Harka Piloto\2024_HP_JUL_S\HP_S_T1\GOPR3866\Coral1.JPG,1,0.5206,Harka Piloto S,T1,5
Harka Piloto\2024_HP_JUL_S\HP_S_T1\GOPR3866.JPG,Harka Piloto\2024_HP_JUL_S\HP_S_T1\GOPR3866\Coral25.JPG,25,0.1816,Harka Piloto S,T1,5
Harka Piloto\2024_HP_JUL_S\HP_S_T1\GOPR3866.JPG,Harka Piloto\2024_HP_JUL_S\HP_S_T1\GOPR3866\Coral5.JPG,5,0.4593,Harka Piloto S,T1,5
Harka Piloto\2024_HP_JUL_S\HP_S_T1\GOPR3866.JPG,Harka Piloto\2024_HP_JUL_S\HP_S_T1\GOPR3866\Coral28.JPG,28,0.1765,Harka Piloto S,T1,5
Harka Piloto\2024_AUG_HPFS_S\2024_AUG_HPFS_S_T1\GOPR5484.JPG,Harka Piloto\2024_AUG_HPFS_S\2024_AUG_HPFS_S_T1\GOPR5484\Coral2.JPG,2,0.5379,Harka Piloto S,T1,5
Harka Piloto\2024_AUG_HPFS_S\2024_AUG_HPFS_S_T1\GOPR5484.JPG,Harka Piloto\2024_AUG_HPFS_S\2024_AUG_HPFS_S_T1\GOPR5484\Coral9.JPG,9,0.3089,Harka Piloto S,T1,5
Harka Piloto\2024_AUG_HPFS_S\2024_AUG_HPFS_S_T1\GOPR5484.JPG,Harka Piloto\2024_AUG_HPFS_S\2024_AUG_HPFS_S_T1\GOPR5484\Coral3.JPG,3,0.4618,Harka Piloto S,T1,5
Harka Piloto\2024_AUG_HPFS_S\2024_AUG_HPFS_S_T1\GOPR5484.JPG,Harka Piloto\2024_AUG_HPFS_S\2024_AUG_HPFS_S_T1\GOPR5484\Coral18.JPG,18,0.1708,Harka Piloto S,T1,5
Harka Piloto\2024_AUG_HPFS_S\2024_AUG_HPFS_S_T1\GOPR5484.JPG,Harka Piloto\2024_AUG_HPFS_S\2024_AUG_HPFS_S_T1\GOPR5484\Coral14.JPG,14,0.2039,Harka Piloto S,T1,5
Harka Piloto\2024_AUG_HPFS_S\2024_AUG_HPFS_S_T2\GOPR5571.JPG,Harka Piloto\2024_AUG_HPFS_S\2024_AUG_HPFS_S_T2\GOPR5571\Coral49.JPG,49,0.1598,Harka Piloto S,T2,5
Harka Piloto\2024_AUG_HPFS_S\2024_AUG_HPFS_S_T2\GOPR5551.JPG,Harka Piloto\2024_AUG_HPFS_S\2024_AUG_HPFS_S_T2\GOPR5551\Coral4.JPG,4,0.5588,Harka Piloto S,T2,5
Harka Piloto\2024_HP_JUL_S\HP_S_T2\GOPR3746.JPG,Harka Piloto\2024_HP_JUL_S\HP_S_T2\GOPR3746\Coral6.JPG,6,0.5242,Harka Piloto S,T2,5
Harka Piloto\2024_HP_JUL_S\HP_S_T2\GOPR3741.JPG,Harka Piloto\2024_HP_JUL_S\HP_S_T2\GOPR3741\Coral18.JPG,18,0.2995,Harka Piloto S,T2,5
Harka Piloto\2024_AUG_HPFS_S\2024_AUG_HPFS_S_T2\GOPR5557.JPG,Harka Piloto\2024_AUG_HPFS_S\2024_AUG_HPFS_S_T2\GOPR5557\Coral8.JPG,8,0.4835,Harka Piloto S,T2,5
Harka Piloto\2024_HP_JUL_S\HP_S_T2\GOPR3770.JPG,Harka Piloto\2024_HP_JUL_S\HP_S_T2\GOPR3770\Coral26.JPG,26,0.1506,Harka Piloto S,T2,5
Harka Piloto\2024_HP_JUL_S\HP_S_T2\GOPR3767.JPG,Harka Piloto\2024_HP_JUL_S\HP_S_T2\GOPR3767\Coral28.JPG,28,0.1714,Harka Piloto S,T2,5
Harka Piloto\2024_AUG_HPFS_S\2024_AUG_HPFS_S_T2\GOPR5580.JPG,Harka Piloto\2024_AUG_HPFS_S\2024_AUG_HPFS_S_T2\GOPR5580\Coral20.JPG,20,0.2408,Harka Piloto S,T2,5
Harka Piloto\2024_AUG_HPFS_S\2024_AUG_HPFS_S_T2\GOPR5576.JPG,Harka Piloto\2024_AUG_HPFS_S\2024_AUG_HPFS_S_T2\GOPR5576\Coral10.JPG,10,0.5679,Harka Piloto S,T2,5
Harka Piloto\2024_HP_JUL_S\HP_S_T2\GOPR3762.JPG,Harka Piloto\2024_HP_JUL_S\HP_S_T2\GOPR3762\Coral25.JPG,25,0.1507,Harka Piloto S,T2,5
Harka Piloto\2024_HP_JUL_S\HP_S_T2\GOPR3756.JPG,Harka Piloto\2024_HP_JUL_S\HP_S_T2\GOPR3756\Coral12.JPG,12,0.4079,Harka Piloto S,T2,5
Harka Piloto\2024_AUG_HPFS_S\2024_AUG_HPFS_S_T2\GOPR5560.JPG,Harka Piloto\2024_AUG_HPFS_S\2024_AUG_HPFS_S_T2\GOPR5560\Coral3.JPG,3,0.7154,Harka Piloto S,T2,5
Harka Piloto\2024_AUG_HPFS_S\2024_AUG_HPFS_S_T2\GOPR5555.JPG,Harka Piloto\2024_AUG_HPFS_S\2024_AUG_HPFS_S_T2\GOPR5555\Coral14.JPG,14,0.3947,Harka Piloto S,T2,5
Harka Piloto\2024_AUG_HPFS_S\2024_AUG_HPFS_S_T2\GOPR5569.JPG,Harka Piloto\2024_AUG_HPFS_S\2024_AUG_HPFS_S_T2\GOPR5569\Coral32.JPG,32,0.1958,Harka Piloto S,T2,5
Harka Piloto\2024_AUG_HPFS_S\2024_AUG_HPFS_S_T2\GOPR5535.JPG,Harka Piloto\2024_AUG_HPFS_S\2024_AUG_HPFS_S_T2\GOPR5535\Coral3.JPG,3,0.597,Harka Piloto S,T2,5
Harka Piloto\2024_HP_JUL_S\HP_S_T2\GOPR3782.JPG,Harka Piloto\2024_HP_JUL_S\HP_S_T2\GOPR3782\Coral28.JPG,28,0.2117,Harka Piloto S,T2,5
Harka Piloto\2024_HP_JUL_S\HP_S_T2\GOPR3765.JPG,Harka Piloto\2024_HP_JUL_S\HP_S_T2\GOPR3765\Coral19.JPG,19,0.2569,Harka Piloto S,T2,5
Harka Piloto\2024_AUG_HPFS_S\2024_AUG_HPFS_S_T2\GOPR5564.JPG,Harka Piloto\2024_AUG_HPFS_S\2024_AUG_HPFS_S_T2\GOPR5564\Coral5.JPG,5,0.6766,Harka Piloto S,T2,5
Harka Piloto\2024_HP_JUL_S\HP_S_T2\GOPR3783.JPG,Harka Piloto\2024_HP_JUL_S\HP_S_T2\GOPR3783\Coral20.JPG,20,0.3825,Harka Piloto S,T2,5
Harka Piloto\2024_AUG_HPFS_S\2024_AUG_HPFS_S_T2\GOPR5548.JPG,Harka Piloto\2024_AUG_HPFS_S\2024_AUG_HPFS_S_T2\GOPR5548\Coral50.JPG,50,0.3578,Harka Piloto S,T2,5
Harka Piloto\2024_AUG_HPFS_S\2024_AUG_HPFS_S_T2\GOPR5529.JPG,Harka Piloto\2024_AUG_HPFS_S\2024_AUG_HPFS_S_T2\GOPR5529\Coral22.JPG,22,0.2369,Harka Piloto S,T2,5
Harka Piloto\2024_AUG_HPFS_S\2024_AUG_HPFS_S_T2\GOPR5530.JPG,Harka Piloto\2024_AUG_HPFS_S\2024_AUG_HPFS_S_T2\GOPR5530\Coral24.JPG,24,0.1722,Harka Piloto S,T2,5
Harka Piloto\2024_AUG_HPFS_S\2024_AUG_HPFS_S_T2\GOPR5553.JPG,Harka Piloto\2024_AUG_HPFS_S\2024_AUG_HPFS_S_T2\GOPR5553\Coral22.JPG,22,0.3535,Harka Piloto S,T2,5
Harka Piloto\2024_AUG_HPFS_S\2024_AUG_HPFS_S_T2\GOPR5559.JPG,Harka Piloto\2024_AUG_HPFS_S\2024_AUG_HPFS_S_T2\GOPR5559\Coral43.JPG,43,0.1778,Harka Piloto S,T2,5
Harka Piloto\2024_HP_JUL_S\HP_S_T2\GOPR3757.JPG,Harka Piloto\2024_HP_JUL_S\HP_S_T2\GOPR3757\Coral26.JPG,26,0.2042,Harka Piloto S,T2,5
Harka Piloto\2024_HP_JUL_S\HP_S_T2\GOPR3772.JPG,Harka Piloto\2024_HP_JUL_S\HP_S_T2\GOPR3772\Coral1.JPG,1,0.7456,Harka Piloto S,T2,5
Harka Piloto\2024_HP_JUL_S\HP_S_T2\GOPR3759.JPG,Harka Piloto\2024_HP_JUL_S\HP_S_T2\GOPR3759\Coral40.JPG,40,0.264,Harka Piloto S,T2,5
Harka Piloto\2024_AUG_HPFS_S\2024_AUG_HPFS_S_T2\GOPR5560.JPG,Harka Piloto\2024_AUG_HPFS_S\2024_AUG_HPFS_S_T2\GOPR5560\Coral39.JPG,39,0.3046,Harka Piloto S,T2,5
Harka Piloto\2024_AUG_HPFS_S\2024_AUG_HPFS_S_T2\GOPR5537.JPG,Harka Piloto\2024_AUG_HPFS_S\2024_AUG_HPFS_S_T2\GOPR5537\Coral10.JPG,10,0.3567,Harka Piloto S,T2,5
Harka Piloto\2024_AUG_HPFS_S\2024_AUG_HPFS_S_T2\GOPR5579.JPG,Harka Piloto\2024_AUG_HPFS_S\2024_AUG_HPFS_S_T2\GOPR5579\Coral25.JPG,25,0.2193,Harka Piloto S,T2,5
Harka Piloto\2024_HP_JUL_S\HP_S_T2\GOPR3789.JPG,Harka Piloto\2024_HP_JUL_S\HP_S_T2\GOPR3789\Coral1.JPG,1,0.6825,Harka Piloto S,T2,5
Harka Piloto\2024_AUG_HPFS_S\2024_AUG_HPFS_S_T2\GOPR5535.JPG,Harka Piloto\2024_AUG_HPFS_S\2024_AUG_HPFS_S_T2\GOPR5535\Coral27.JPG,27,0.2417,Harka Piloto S,T2,5
Harka Piloto\2024_AUG_HPFS_S\2024_AUG_HPFS_S_T2\GOPR5561.JPG,Harka Piloto\2024_AUG_HPFS_S\2024_AUG_HPFS_S_T2\GOPR5561\Coral4.JPG,4,0.6627,Harka Piloto S,T2,5
Harka Piloto\2024_HP_JUL_S\HP_S_T2\GOPR3742.JPG,Harka Piloto\2024_HP_JUL_S\HP_S_T2\GOPR3742\Coral35.JPG,35,0.1922,Harka Piloto S,T2,5
Harka Piloto\2024_HP_JUL_S\HP_S_T2\GOPR3765.JPG,Harka Piloto\2024_HP_JUL_S\HP_S_T2\GOPR3765\Coral8.JPG,8,0.3544,Harka Piloto S,T2,5
Harka Piloto\2024_HP_JUL_S\HP_S_T2\GOPR3747.JPG,Harka Piloto\2024_HP_JUL_S\HP_S_T2\GOPR3747\Coral7.JPG,7,0.6795,Harka Piloto S,T2,5
Harka Piloto\2024_AUG_HPFS_S\2024_AUG_HPFS_S_T2\GOPR5564.JPG,Harka Piloto\2024_AUG_HPFS_S\2024_AUG_HPFS_S_T2\GOPR5564\Coral12.JPG,12,0.4805,Harka Piloto S,T2,5
Harka Piloto\2024_AUG_HPFS_S\2024_AUG_HPFS_S_T2\GOPR5529.JPG,Harka Piloto\2024_AUG_HPFS_S\2024_AUG_HPFS_S_T2\GOPR5529\Coral21.JPG,21,0.2379,Harka Piloto S,T2,5
Harka Piloto\2024_HP_JUL_S\HP_S_T2\GOPR3751.JPG,Harka Piloto\2024_HP_JUL_S\HP_S_T2\GOPR3751\Coral26.JPG,26,0.2644,Harka Piloto S,T2,5
Harka Piloto\2024_HP_JUL_S\HP_S_T2\GOPR3774.JPG,Harka Piloto\2024_HP_JUL_S\HP_S_T2\GOPR3774\Coral11.JPG,11,0.4821,Harka Piloto S,T2,5
Harka Piloto\2024_HP_JUL_S\HP_S_T2\GOPR3745.JPG,Harka Piloto\2024_HP_JUL_S\HP_S_T2\GOPR3745\Coral20.JPG,20,0.3508,Harka Piloto S,T2,5
Harka Piloto\2024_HP_JUL_S\HP_S_T2\GOPR3771.JPG,Harka Piloto\2024_HP_JUL_S\HP_S_T2\GOPR3771\Coral6.JPG,6,0.4205,Harka Piloto S,T2,5
Harka Piloto\2024_AUG_HPFS_S\2024_AUG_HPFS_S_T2\GOPR5572.JPG,Harka Piloto\2024_AUG_HPFS_S\2024_AUG_HPFS_S_T2\GOPR5572\Coral15.JPG,15,0.3024,Harka Piloto S,T2,5
Harka Piloto\2024_HP_JUL_S\HP_S_T2\GOPR3779.JPG,Harka Piloto\2024_HP_JUL_S\HP_S_T2\GOPR3779\Coral34.JPG,34,0.1974,Harka Piloto S,T2,5
Harka Piloto\2024_AUG_HPFS_S\2024_AUG_HPFS_S_T2\GOPR5577.JPG,Harka Piloto\2024_AUG_HPFS_S\2024_AUG_HPFS_S_T2\GOPR5577\Coral17.JPG,17,0.2399,Harka Piloto S,T2,5
Harka Piloto\2024_AUG_HPFS_S\2024_AUG_HPFS_S_T2\GOPR5534.JPG,Harka Piloto\2024_AUG_HPFS_S\2024_AUG_HPFS_S_T2\GOPR5534\Coral28.JPG,28,0.2533,Harka Piloto S,T2,5
Harka Piloto\2024_AUG_HPFS_S\2024_AUG_HPFS_S_T2\GOPR5576.JPG,Harka Piloto\2024_AUG_HPFS_S\2024_AUG_HPFS_S_T2\GOPR5576\Coral13.JPG,13,0.4038,Harka Piloto S,T2,5
Harka Piloto\2024_AUG_HPFS_S\2024_AUG_HPFS_S_T2\GOPR5532.JPG,Harka Piloto\2024_AUG_HPFS_S\2024_AUG_HPFS_S_T2\GOPR5532\Coral22.JPG,22,0.1877,Harka Piloto S,T2,5
Harka Piloto\2024_AUG_HPFS_S\2024_AUG_HPFS_S_T2\GOPR5575.JPG,Harka Piloto\2024_AUG_HPFS_S\2024_AUG_HPFS_S_T2\GOPR5575\Coral22.JPG,22,0.2599,Harka Piloto S,T2,5
Harka Piloto\2024_HP_JUL_S\HP_S_T2\GOPR3775.JPG,Harka Piloto\2024_HP_JUL_S\HP_S_T2\GOPR3775\Coral8.JPG,8,0.4018,Harka Piloto S,T2,5
Harka Piloto\2024_HP_JUL_S\HP_S_T2\GOPR3749.JPG,Harka Piloto\2024_HP_JUL_S\HP_S_T2\GOPR3749\Coral5.JPG,5,0.6574,Harka Piloto S,T2,5
Harka Piloto\2024_HP_JUL_S\HP_S_T2\GOPR3756.JPG,Harka Piloto\2024_HP_JUL_S\HP_S_T2\GOPR3756\Coral5.JPG,5,0.462,Harka Piloto S,T2,5
Harka Piloto\2024_HP_JUL_S\HP_S_T2\GOPR3748.JPG,Harka Piloto\2024_HP_JUL_S\HP_S_T2\GOPR3748\Coral30.JPG,30,0.2786,Harka Piloto S,T2,5
Harka Piloto\2024_HP_JUL_S\HP_S_T2\GOPR3759.JPG,Harka Piloto\2024_HP_JUL_S\HP_S_T2\GOPR3759\Coral43.JPG,43,0.2453,Harka Piloto S,T2,5
Harka Piloto\2024_AUG_HPFS_S\2024_AUG_HPFS_S_T2\GOPR5527.JPG,Harka Piloto\2024_AUG_HPFS_S\2024_AUG_HPFS_S_T2\GOPR5527\Coral23.JPG,23,0.172,Harka Piloto S,T2,5
Harka Piloto\2024_HP_JUL_S\HP_S_T2\GOPR3750.JPG,Harka Piloto\2024_HP_JUL_S\HP_S_T2\GOPR3750\Coral17.JPG,17,0.3415,Harka Piloto S,T2,5
Harka Piloto\2024_AUG_HPFS_S\2024_AUG_HPFS_S_T2\GOPR5538.JPG,Harka Piloto\2024_AUG_HPFS_S\2024_AUG_HPFS_S_T2\GOPR5538\Coral1.JPG,1,0.8369,Harka Piloto S,T2,5
Harka Piloto\2024_HP_JUL_S\HP_S_T2\GOPR3776.JPG,Harka Piloto\2024_HP_JUL_S\HP_S_T2\GOPR3776\Coral36.JPG,36,0.1923,Harka Piloto S,T2,5
Harka Piloto\2024_AUG_HPFS_S\2024_AUG_HPFS_S_T2\GOPR5550.JPG,Harka Piloto\2024_AUG_HPFS_S\2024_AUG_HPFS_S_T2\GOPR5550\Coral6.JPG,6,0.3701,Harka Piloto S,T2,5
Harka Piloto\2024_AUG_HPFS_S\2024_AUG_HPFS_S_T2\GOPR5556.JPG,Harka Piloto\2024_AUG_HPFS_S\2024_AUG_HPFS_S_T2\GOPR5556\Coral8.JPG,8,0.1939,Harka Piloto S,T2,5
Harka Piloto\2024_HP_JUL_S\HP_S_T2\GOPR3773.JPG,Harka Piloto\2024_HP_JUL_S\HP_S_T2\GOPR3773\Coral41.JPG,41,0.1597,Harka Piloto S,T2,5
Harka Piloto\2024_AUG_HPFS_S\2024_AUG_HPFS_S_T2\GOPR5529.JPG,Harka Piloto\2024_AUG_HPFS_S\2024_AUG_HPFS_S_T2\GOPR5529\Coral11.JPG,11,0.3512,Harka Piloto S,T2,5
Harka Piloto\2024_AUG_HPFS_S\2024_AUG_HPFS_S_T2\GOPR5529.JPG,Harka Piloto\2024_AUG_HPFS_S\2024_AUG_HPFS_S_T2\GOPR5529\Coral25.JPG,25,0.1912,Harka Piloto S,T2,5
Harka Piloto\2024_AUG_HPFS_S\2024_AUG_HPFS_S_T2\GOPR5529.JPG,Harka Piloto\2024_AUG_HPFS_S\2024_AUG_HPFS_S_T2\GOPR5529\Coral6.JPG,6,0.465,Harka Piloto S,T2,5
Harka Piloto\2024_AUG_HPFS_S\2024_AUG_HPFS_S_T2\GOPR5529.JPG,Harka Piloto\2024_AUG_HPFS_S\2024_AUG_HPFS_S_T2\GOPR5529\Coral4.JPG,4,0.5234,Harka Piloto S,T2,5
Harka Piloto\2024_AUG_HPFS_S\2024_AUG_HPFS_S_T2\GOPR5529.JPG,Harka Piloto\2024_AUG_HPFS_S\2024_AUG_HPFS_S_T2\GOPR5529\Coral17.JPG,17,0.2785,Harka Piloto S,T2,5
Harka Piloto\2024_AUG_HPFS_S\2024_AUG_HPFS_S_T2\GOPR5529.JPG,Harka Piloto\2024_AUG_HPFS_S\2024_AUG_HPFS_S_T2\GOPR5529\Coral2.JPG,2,0.7248,Harka Piloto S,T2,5
Harka Piloto\2024_AUG_HPFS_S\2024_AUG_HPFS_S_T2\GOPR5529.JPG,Harka Piloto\2024_AUG_HPFS_S\2024_AUG_HPFS_S_T2\GOPR5529\Coral15.JPG,15,0.2953,Harka Piloto S,T2,5
Harka Piloto\2024_HP_JUL_S\HP_S_T2\GOPR3751.JPG,Harka Piloto\2024_HP_JUL_S\HP_S_T2\GOPR3751\Coral31.JPG,31,0.1972,Harka Piloto S,T2,5
Harka Piloto\2024_HP_JUL_S\HP_S_T2\GOPR3751.JPG,Harka Piloto\2024_HP_JUL_S\HP_S_T2\GOPR3751\Coral8.JPG,8,0.5079,Harka Piloto S,T2,5
Harka Piloto\2024_HP_JUL_S\HP_S_T2\GOPR3751.JPG,Harka Piloto\2024_HP_JUL_S\HP_S_T2\GOPR3751\Coral25.JPG,25,0.2663,Harka Piloto S,T2,5
Harka Piloto\2024_HP_JUL_S\HP_S_T2\GOPR3751.JPG,Harka Piloto\2024_HP_JUL_S\HP_S_T2\GOPR3751\Coral24.JPG,24,0.2881,Harka Piloto S,T2,5
Harka Piloto\2024_HP_JUL_S\HP_S_T2\GOPR3751.JPG,Harka Piloto\2024_HP_JUL_S\HP_S_T2\GOPR3751\Coral21.JPG,21,0.3381,Harka Piloto S,T2,5
Harka Piloto\2024_HP_JUL_S\HP_S_T2\GOPR3784.JPG,Harka Piloto\2024_HP_JUL_S\HP_S_T2\GOPR3784\Coral35.JPG,35,0.1611,Harka Piloto S,T2,5
Harka Piloto\2024_HP_JUL_S\HP_S_T2\GOPR3784.JPG,Harka Piloto\2024_HP_JUL_S\HP_S_T2\GOPR3784\Coral20.JPG,20,0.3821,Harka Piloto S,T2,5
Harka Piloto\2024_HP_JUL_S\HP_S_T2\GOPR3784.JPG,Harka Piloto\2024_HP_JUL_S\HP_S_T2\GOPR3784\Coral19.JPG,19,0.3827,Harka Piloto S,T2,5
Harka Piloto\2024_HP_JUL_S\HP_S_T2\GOPR3784.JPG,Harka Piloto\2024_HP_JUL_S\HP_S_T2\GOPR3784\Coral5.JPG,5,0.5307,Harka Piloto S,T2,5
Harka Piloto\2024_HP_JUL_S\HP_S_T2\GOPR3784.JPG,Harka Piloto\2024_HP_JUL_S\HP_S_T2\GOPR3784\Coral4.JPG,4,0.5491,Harka Piloto S,T2,5
Harka Piloto\2024_HP_JUL_S\HP_S_T2\GOPR3784.JPG,Harka Piloto\2024_HP_JUL_S\HP_S_T2\GOPR3784\Coral16.JPG,16,0.4004,Harka Piloto S,T2,5
Harka Piloto\2024_HP_JUL_S\HP_S_T2\GOPR3784.JPG,Harka Piloto\2024_HP_JUL_S\HP_S_T2\GOPR3784\Coral29.JPG,29,0.2337,Harka Piloto S,T2,5
Harka Piloto\2024_HP_JUL_S\HP_S_T2\GOPR3784.JPG,Harka Piloto\2024_HP_JUL_S\HP_S_T2\GOPR3784\Coral6.JPG,6,0.5208,Harka Piloto S,T2,5
Harka Piloto\2024_HP_JUL_S\HP_S_T2\GOPR3784.JPG,Harka Piloto\2024_HP_JUL_S\HP_S_T2\GOPR3784\Coral23.JPG,23,0.3162,Harka Piloto S,T2,5
Harka Piloto\2024_HP_JUL_S\HP_S_T2\GOPR3784.JPG,Harka Piloto\2024_HP_JUL_S\HP_S_T2\GOPR3784\Coral17.JPG,17,0.3885,Harka Piloto S,T2,5
Harka Piloto\2024_HP_JUL_S\HP_S_T2\GOPR3784.JPG,Harka Piloto\2024_HP_JUL_S\HP_S_T2\GOPR3784\Coral26.JPG,26,0.2705,Harka Piloto S,T2,5
Harka Piloto\2024_HP_JUL_S\HP_S_T2\GOPR3784.JPG,Harka Piloto\2024_HP_JUL_S\HP_S_T2\GOPR3784\Coral24.JPG,24,0.3012,Harka Piloto S,T2,5
Harka Piloto\2024_AUG_HPFS_S\2024_AUG_HPFS_S_T2\GOPR5563.JPG,Harka Piloto\2024_AUG_HPFS_S\2024_AUG_HPFS_S_T2\GOPR5563\Coral3.JPG,3,0.7856,Harka Piloto S,T2,5
Harka Piloto\2024_AUG_HPFS_S\2024_AUG_HPFS_S_T2\GOPR5563.JPG,Harka Piloto\2024_AUG_HPFS_S\2024_AUG_HPFS_S_T2\GOPR5563\Coral11.JPG,11,0.3291,Harka Piloto S,T2,5
Harka Piloto\2024_AUG_HPFS_S\2024_AUG_HPFS_S_T2\GOPR5571.JPG,Harka Piloto\2024_AUG_HPFS_S\2024_AUG_HPFS_S_T2\GOPR5571\Coral28.JPG,28,0.289,Harka Piloto S,T2,5
Harka Piloto\2024_AUG_HPFS_S\2024_AUG_HPFS_S_T2\GOPR5571.JPG,Harka Piloto\2024_AUG_HPFS_S\2024_AUG_HPFS_S_T2\GOPR5571\Coral2.JPG,2,0.6444,Harka Piloto S,T2,5
Harka Piloto\2024_AUG_HPFS_S\2024_AUG_HPFS_S_T2\GOPR5571.JPG,Harka Piloto\2024_AUG_HPFS_S\2024_AUG_HPFS_S_T2\GOPR5571\Coral1.JPG,1,0.6849,Harka Piloto S,T2,5
Harka Piloto\2024_AUG_HPFS_S\2024_AUG_HPFS_S_T2\GOPR5571.JPG,Harka Piloto\2024_AUG_HPFS_S\2024_AUG_HPFS_S_T2\GOPR5571\Coral46.JPG,46,0.1656,Harka Piloto S,T2,5
Harka Piloto\2024_AUG_HPFS_S\2024_AUG_HPFS_S_T2\GOPR5571.JPG,Harka Piloto\2024_AUG_HPFS_S\2024_AUG_HPFS_S_T2\GOPR5571\Coral41.JPG,41,0.2081,Harka Piloto S,T2,5
Harka Piloto\2024_AUG_HPFS_S\2024_AUG_HPFS_S_T2\GOPR5571.JPG,Harka Piloto\2024_AUG_HPFS_S\2024_AUG_HPFS_S_T2\GOPR5571\Coral50.JPG,50,0.1575,Harka Piloto S,T2,5
Harka Piloto\2024_HP_JUL_S\HP_S_T2\GOPR3774.JPG,Harka Piloto\2024_HP_JUL_S\HP_S_T2\GOPR3774\Coral31.JPG,31,0.1927,Harka Piloto S,T2,5
Harka Piloto\2024_HP_JUL_S\HP_S_T2\GOPR3774.JPG,Harka Piloto\2024_HP_JUL_S\HP_S_T2\GOPR3774\Coral27.JPG,27,0.2107,Harka Piloto S,T2,5
Harka Piloto\2024_HP_JUL_S\HP_S_T2\GOPR3774.JPG,Harka Piloto\2024_HP_JUL_S\HP_S_T2\GOPR3774\Coral16.JPG,16,0.3783,Harka Piloto S,T2,5
Harka Piloto\2024_HP_JUL_S\HP_S_T2\GOPR3774.JPG,Harka Piloto\2024_HP_JUL_S\HP_S_T2\GOPR3774\Coral7.JPG,7,0.5673,Harka Piloto S,T2,5
Harka Piloto\2024_HP_JUL_S\HP_S_T2\GOPR3774.JPG,Harka Piloto\2024_HP_JUL_S\HP_S_T2\GOPR3774\Coral10.JPG,10,0.5131,Harka Piloto S,T2,5
Harka Piloto\2024_HP_JUL_S\HP_S_T2\GOPR3774.JPG,Harka Piloto\2024_HP_JUL_S\HP_S_T2\GOPR3774\Coral21.JPG,21,0.2868,Harka Piloto S,T2,5
Harka Piloto\2024_HP_JUL_S\HP_S_T2\GOPR3774.JPG,Harka Piloto\2024_HP_JUL_S\HP_S_T2\GOPR3774\Coral33.JPG,33,0.1694,Harka Piloto S,T2,5
Harka Piloto\2024_HP_JUL_S\HP_S_T2\GOPR3774.JPG,Harka Piloto\2024_HP_JUL_S\HP_S_T2\GOPR3774\Coral5.JPG,5,0.589,Harka Piloto S,T2,5
Harka Piloto\2024_AUG_HPFS_S\2024_AUG_HPFS_S_T2\GOPR5530.JPG,Harka Piloto\2024_AUG_HPFS_S\2024_AUG_HPFS_S_T2\GOPR5530\Coral18.JPG,18,0.2442,Harka Piloto S,T2,5
Harka Piloto\2024_AUG_HPFS_S\2024_AUG_HPFS_S_T2\GOPR5530.JPG,Harka Piloto\2024_AUG_HPFS_S\2024_AUG_HPFS_S_T2\GOPR5530\Coral15.JPG,15,0.2589,Harka Piloto S,T2,5
Harka Piloto\2024_AUG_HPFS_S\2024_AUG_HPFS_S_T2\GOPR5530.JPG,Harka Piloto\2024_AUG_HPFS_S\2024_AUG_HPFS_S_T2\GOPR5530\Coral6.JPG,6,0.4609,Harka Piloto S,T2,5
Harka Piloto\2024_HP_JUL_S\HP_S_T2\GOPR3753.JPG,Harka Piloto\2024_HP_JUL_S\HP_S_T2\GOPR3753\Coral20.JPG,20,0.2206,Harka Piloto S,T2,5
Harka Piloto\2024_HP_JUL_S\HP_S_T2\GOPR3753.JPG,Harka Piloto\2024_HP_JUL_S\HP_S_T2\GOPR3753\Coral18.JPG,18,0.2271,Harka Piloto S,T2,5
Harka Piloto\2024_HP_JUL_S\HP_S_T2\GOPR3753.JPG,Harka Piloto\2024_HP_JUL_S\HP_S_T2\GOPR3753\Coral13.JPG,13,0.2634,Harka Piloto S,T2,5
Harka Piloto\2024_HP_JUL_S\HP_S_T2\GOPR3753.JPG,Harka Piloto\2024_HP_JUL_S\HP_S_T2\GOPR3753\Coral6.JPG,6,0.4133,Harka Piloto S,T2,5
Harka Piloto\2024_HP_JUL_S\HP_S_T2\GOPR3753.JPG,Harka Piloto\2024_HP_JUL_S\HP_S_T2\GOPR3753\Coral9.JPG,9,0.3612,Harka Piloto S,T2,5
Harka Piloto\2024_HP_JUL_S\HP_S_T2\GOPR3761.JPG,Harka Piloto\2024_HP_JUL_S\HP_S_T2\GOPR3761\Coral10.JPG,10,0.2632,Harka Piloto S,T2,5
Harka Piloto\2024_HP_JUL_S\HP_S_T2\GOPR3761.JPG,Harka Piloto\2024_HP_JUL_S\HP_S_T2\GOPR3761\Coral2.JPG,2,0.7247,Harka Piloto S,T2,5
Harka Piloto\2024_HP_JUL_S\HP_S_T3\GOPR3811.JPG,Harka Piloto\2024_HP_JUL_S\HP_S_T3\GOPR3811\Coral9.JPG,9,0.4673,Harka Piloto S,T3,5
Harka Piloto\2024_HP_JUL_S\HP_S_T3\GOPR3823.JPG,Harka Piloto\2024_HP_JUL_S\HP_S_T3\GOPR3823\Coral18.JPG,18,0.4085,Harka Piloto S,T3,5
Harka Piloto\2024_AUG_HPFS_S\2024_AUG_HPFS_S_T3\GOPR5593.JPG,Harka Piloto\2024_AUG_HPFS_S\2024_AUG_HPFS_S_T3\GOPR5593\Coral7.JPG,7,0.4997,Harka Piloto S,T3,5
Harka Piloto\2024_AUG_HPFS_S\2024_AUG_HPFS_S_T3\GOPR5631.JPG,Harka Piloto\2024_AUG_HPFS_S\2024_AUG_HPFS_S_T3\GOPR5631\Coral14.JPG,14,0.1944,Harka Piloto S,T3,5
Harka Piloto\2024_AUG_HPFS_S\2024_AUG_HPFS_S_T3\GOPR5597.JPG,Harka Piloto\2024_AUG_HPFS_S\2024_AUG_HPFS_S_T3\GOPR5597\Coral10.JPG,10,0.217,Harka Piloto S,T3,5
Harka Piloto\2024_AUG_HPFS_S\2024_AUG_HPFS_S_T3\GOPR5619.JPG,Harka Piloto\2024_AUG_HPFS_S\2024_AUG_HPFS_S_T3\GOPR5619\Coral23.JPG,23,0.1712,Harka Piloto S,T3,5
Harka Piloto\2024_HP_JUL_S\HP_S_T3\GOPR3804.JPG,Harka Piloto\2024_HP_JUL_S\HP_S_T3\GOPR3804\Coral3.JPG,3,0.663,Harka Piloto S,T3,5
Harka Piloto\2024_HP_JUL_S\HP_S_T3\GOPR3833.JPG,Harka Piloto\2024_HP_JUL_S\HP_S_T3\GOPR3833\Coral32.JPG,32,0.1823,Harka Piloto S,T3,5
Harka Piloto\2024_HP_JUL_S\HP_S_T3\GOPR3797.JPG,Harka Piloto\2024_HP_JUL_S\HP_S_T3\GOPR3797\Coral32.JPG,32,0.2333,Harka Piloto S,T3,5
Harka Piloto\2024_HP_JUL_S\HP_S_T3\GOPR3828.JPG,Harka Piloto\2024_HP_JUL_S\HP_S_T3\GOPR3828\Coral11.JPG,11,0.309,Harka Piloto S,T3,5
Harka Piloto\2024_AUG_HPFS_S\2024_AUG_HPFS_S_T3\GOPR5606.JPG,Harka Piloto\2024_AUG_HPFS_S\2024_AUG_HPFS_S_T3\GOPR5606\Coral11.JPG,11,0.4908,Harka Piloto S,T3,5
Harka Piloto\2024_AUG_HPFS_S\2024_AUG_HPFS_S_T3\GOPR5626.JPG,Harka Piloto\2024_AUG_HPFS_S\2024_AUG_HPFS_S_T3\GOPR5626\Coral4.JPG,4,0.6611,Harka Piloto S,T3,5
Harka Piloto\2024_HP_JUL_S\HP_S_T3\GOPR3835.JPG,Harka Piloto\2024_HP_JUL_S\HP_S_T3\GOPR3835\Coral20.JPG,20,0.2387,Harka Piloto S,T3,5
Harka Piloto\2024_HP_JUL_S\HP_S_T3\GOPR3798.JPG,Harka Piloto\2024_HP_JUL_S\HP_S_T3\GOPR3798\Coral13.JPG,13,0.4273,Harka Piloto S,T3,5
Harka Piloto\2024_HP_JUL_S\HP_S_T3\GOPR3838.JPG,Harka Piloto\2024_HP_JUL_S\HP_S_T3\GOPR3838\Coral10.JPG,10,0.3543,Harka Piloto S,T3,5
Harka Piloto\2024_HP_JUL_S\HP_S_T3\GOPR3834.JPG,Harka Piloto\2024_HP_JUL_S\HP_S_T3\GOPR3834\Coral1.JPG,1,0.8045,Harka Piloto S,T3,5
Harka Piloto\2024_HP_JUL_S\HP_S_T3\GOPR3819.JPG,Harka Piloto\2024_HP_JUL_S\HP_S_T3\GOPR3819\Coral5.JPG,5,0.629,Harka Piloto S,T3,5
Harka Piloto\2024_AUG_HPFS_S\2024_AUG_HPFS_S_T3\GOPR5613.JPG,Harka Piloto\2024_AUG_HPFS_S\2024_AUG_HPFS_S_T3\GOPR5613\Coral7.JPG,7,0.345,Harka Piloto S,T3,5
Harka Piloto\2024_AUG_HPFS_S\2024_AUG_HPFS_S_T3\GOPR5610.JPG,Harka Piloto\2024_AUG_HPFS_S\2024_AUG_HPFS_S_T3\GOPR5610\Coral30.JPG,30,0.1676,Harka Piloto S,T3,5
Harka Piloto\2024_HP_JUL_S\HP_S_T3\GOPR3817.JPG,Harka Piloto\2024_HP_JUL_S\HP_S_T3\GOPR3817\Coral12.JPG,12,0.4598,Harka Piloto S,T3,5
Harka Piloto\2024_HP_JUL_S\HP_S_T3\GOPR3820.JPG,Harka Piloto\2024_HP_JUL_S\HP_S_T3\GOPR3820\Coral14.JPG,14,0.4245,Harka Piloto S,T3,5
Harka Piloto\2024_AUG_HPFS_S\2024_AUG_HPFS_S_T3\GOPR5604.JPG,Harka Piloto\2024_AUG_HPFS_S\2024_AUG_HPFS_S_T3\GOPR5604\Coral12.JPG,12,0.2282,Harka Piloto S,T3,5
Harka Piloto\2024_HP_JUL_S\HP_S_T3\GOPR3809.JPG,Harka Piloto\2024_HP_JUL_S\HP_S_T3\GOPR3809\Coral23.JPG,23,0.2265,Harka Piloto S,T3,5
Harka Piloto\2024_HP_JUL_S\HP_S_T3\GOPR3805.JPG,Harka Piloto\2024_HP_JUL_S\HP_S_T3\GOPR3805\Coral30.JPG,30,0.228,Harka Piloto S,T3,5
Harka Piloto\2024_AUG_HPFS_S\2024_AUG_HPFS_S_T3\GOPR5623.JPG,Harka Piloto\2024_AUG_HPFS_S\2024_AUG_HPFS_S_T3\GOPR5623\Coral5.JPG,5,0.3798,Harka Piloto S,T3,5
Harka Piloto\2024_AUG_HPFS_S\2024_AUG_HPFS_S_T3\GOPR5635.JPG,Harka Piloto\2024_AUG_HPFS_S\2024_AUG_HPFS_S_T3\GOPR5635\Coral13.JPG,13,0.2686,Harka Piloto S,T3,5
Harka Piloto\2024_AUG_HPFS_S\2024_AUG_HPFS_S_T3\GOPR5603.JPG,Harka Piloto\2024_AUG_HPFS_S\2024_AUG_HPFS_S_T3\GOPR5603\Coral10.JPG,10,0.4246,Harka Piloto S,T3,5
Harka Piloto\2024_AUG_HPFS_S\2024_AUG_HPFS_S_T3\GOPR5627.JPG,Harka Piloto\2024_AUG_HPFS_S\2024_AUG_HPFS_S_T3\GOPR5627\Coral2.JPG,2,0.6817,Harka Piloto S,T3,5
Harka Piloto\2024_HP_JUL_S\HP_S_T3\GOPR3804.JPG,Harka Piloto\2024_HP_JUL_S\HP_S_T3\GOPR3804\Coral27.JPG,27,0.327,Harka Piloto S,T3,5
Harka Piloto\2024_HP_JUL_S\HP_S_T3\GOPR3803.JPG,Harka Piloto\2024_HP_JUL_S\HP_S_T3\GOPR3803\Coral38.JPG,38,0.1941,Harka Piloto S,T3,5
Harka Piloto\2024_HP_JUL_S\HP_S_T3\GOPR3799.JPG,Harka Piloto\2024_HP_JUL_S\HP_S_T3\GOPR3799\Coral36.JPG,36,0.1866,Harka Piloto S,T3,5
Harka Piloto\2024_HP_JUL_S\HP_S_T3\GOPR3818.JPG,Harka Piloto\2024_HP_JUL_S\HP_S_T3\GOPR3818\Coral36.JPG,36,0.1545,Harka Piloto S,T3,5
Harka Piloto\2024_HP_JUL_S\HP_S_T3\GOPR3836.JPG,Harka Piloto\2024_HP_JUL_S\HP_S_T3\GOPR3836\Coral23.JPG,23,0.2963,Harka Piloto S,T3,5
Harka Piloto\2024_AUG_HPFS_S\2024_AUG_HPFS_S_T3\GOPR5602.JPG,Harka Piloto\2024_AUG_HPFS_S\2024_AUG_HPFS_S_T3\GOPR5602\Coral15.JPG,15,0.4499,Harka Piloto S,T3,5
Harka Piloto\2024_AUG_HPFS_S\2024_AUG_HPFS_S_T3\GOPR5629.JPG,Harka Piloto\2024_AUG_HPFS_S\2024_AUG_HPFS_S_T3\GOPR5629\Coral19.JPG,19,0.2884,Harka Piloto S,T3,5
Harka Piloto\2024_HP_JUL_S\HP_S_T3\GOPR3834.JPG,Harka Piloto\2024_HP_JUL_S\HP_S_T3\GOPR3834\Coral15.JPG,15,0.2586,Harka Piloto S,T3,5
Harka Piloto\2024_AUG_HPFS_S\2024_AUG_HPFS_S_T3\GOPR5592.JPG,Harka Piloto\2024_AUG_HPFS_S\2024_AUG_HPFS_S_T3\GOPR5592\Coral1.JPG,1,0.6869,Harka Piloto S,T3,5
Harka Piloto\2024_AUG_HPFS_S\2024_AUG_HPFS_S_T3\GOPR5622.JPG,Harka Piloto\2024_AUG_HPFS_S\2024_AUG_HPFS_S_T3\GOPR5622\Coral1.JPG,1,0.7385,Harka Piloto S,T3,5
Harka Piloto\2024_AUG_HPFS_S\2024_AUG_HPFS_S_T3\GOPR5613.JPG,Harka Piloto\2024_AUG_HPFS_S\2024_AUG_HPFS_S_T3\GOPR5613\Coral11.JPG,11,0.2305,Harka Piloto S,T3,5
Harka Piloto\2024_AUG_HPFS_S\2024_AUG_HPFS_S_T3\GOPR5621.JPG,Harka Piloto\2024_AUG_HPFS_S\2024_AUG_HPFS_S_T3\GOPR5621\Coral10.JPG,10,0.2984,Harka Piloto S,T3,5
Harka Piloto\2024_AUG_HPFS_S\2024_AUG_HPFS_S_T3\GOPR5633.JPG,Harka Piloto\2024_AUG_HPFS_S\2024_AUG_HPFS_S_T3\GOPR5633\Coral28.JPG,28,0.1637,Harka Piloto S,T3,5
Harka Piloto\2024_AUG_HPFS_S\2024_AUG_HPFS_S_T3\GOPR5616.JPG,Harka Piloto\2024_AUG_HPFS_S\2024_AUG_HPFS_S_T3\GOPR5616\Coral30.JPG,30,0.1579,Harka Piloto S,T3,5
Harka Piloto\2024_HP_JUL_S\HP_S_T3\GOPR3822.JPG,Harka Piloto\2024_HP_JUL_S\HP_S_T3\GOPR3822\Coral24.JPG,24,0.2197,Harka Piloto S,T3,5
Harka Piloto\2024_HP_JUL_S\HP_S_T3\GOPR3809.JPG,Harka Piloto\2024_HP_JUL_S\HP_S_T3\GOPR3809\Coral22.JPG,22,0.2324,Harka Piloto S,T3,5
Harka Piloto\2024_HP_JUL_S\HP_S_T3\GOPR3841.JPG,Harka Piloto\2024_HP_JUL_S\HP_S_T3\GOPR3841\Coral12.JPG,12,0.5081,Harka Piloto S,T3,5
Harka Piloto\2024_HP_JUL_S\HP_S_T3\GOPR3827.JPG,Harka Piloto\2024_HP_JUL_S\HP_S_T3\GOPR3827\Coral43.JPG,43,0.1624,Harka Piloto S,T3,5
Harka Piloto\2024_AUG_HPFS_S\2024_AUG_HPFS_S_T3\GOPR5619.JPG,Harka Piloto\2024_AUG_HPFS_S\2024_AUG_HPFS_S_T3\GOPR5619\Coral7.JPG,7,0.4182,Harka Piloto S,T3,5
Harka Piloto\2024_HP_JUL_S\HP_S_T3\GOPR3833.JPG,Harka Piloto\2024_HP_JUL_S\HP_S_T3\GOPR3833\Coral31.JPG,31,0.1972,Harka Piloto S,T3,5
Harka Piloto\2024_AUG_HPFS_S\2024_AUG_HPFS_S_T3\GOPR5587.JPG,Harka Piloto\2024_AUG_HPFS_S\2024_AUG_HPFS_S_T3\GOPR5587\Coral12.JPG,12,0.2396,Harka Piloto S,T3,5
Harka Piloto\2024_HP_JUL_S\HP_S_T3\GOPR3829.JPG,Harka Piloto\2024_HP_JUL_S\HP_S_T3\GOPR3829\Coral24.JPG,24,0.2327,Harka Piloto S,T3,5
Harka Piloto\2024_HP_JUL_S\HP_S_T3\GOPR3818.JPG,Harka Piloto\2024_HP_JUL_S\HP_S_T3\GOPR3818\Coral2.JPG,2,0.7188,Harka Piloto S,T3,5
Harka Piloto\2024_AUG_HPFS_S\2024_AUG_HPFS_S_T3\GOPR5607.JPG,Harka Piloto\2024_AUG_HPFS_S\2024_AUG_HPFS_S_T3\GOPR5607\Coral6.JPG,6,0.5387,Harka Piloto S,T3,5
Harka Piloto\2024_AUG_HPFS_S\2024_AUG_HPFS_S_T3\GOPR5590.JPG,Harka Piloto\2024_AUG_HPFS_S\2024_AUG_HPFS_S_T3\GOPR5590\Coral11.JPG,11,0.4857,Harka Piloto S,T3,5
Harka Piloto\2024_HP_JUL_S\HP_S_T3\GOPR3807.JPG,Harka Piloto\2024_HP_JUL_S\HP_S_T3\GOPR3807\Coral21.JPG,21,0.2845,Harka Piloto S,T3,5
Harka Piloto\2024_AUG_HPFS_S\2024_AUG_HPFS_S_T3\GOPR5602.JPG,Harka Piloto\2024_AUG_HPFS_S\2024_AUG_HPFS_S_T3\GOPR5602\Coral21.JPG,21,0.2761,Harka Piloto S,T3,5
Harka Piloto\2024_HP_JUL_S\HP_S_T3\GOPR3798.JPG,Harka Piloto\2024_HP_JUL_S\HP_S_T3\GOPR3798\Coral14.JPG,14,0.4027,Harka Piloto S,T3,5
Harka Piloto\2024_HP_JUL_S\HP_S_T3\GOPR3825.JPG,Harka Piloto\2024_HP_JUL_S\HP_S_T3\GOPR3825\Coral7.JPG,7,0.6248,Harka Piloto S,T3,5
Harka Piloto\2024_AUG_HPFS_S\2024_AUG_HPFS_S_T3\GOPR5614.JPG,Harka Piloto\2024_AUG_HPFS_S\2024_AUG_HPFS_S_T3\GOPR5614\Coral10.JPG,10,0.3616,Harka Piloto S,T3,5
Harka Piloto\2024_AUG_HPFS_S\2024_AUG_HPFS_S_T3\GOPR5614.JPG,Harka Piloto\2024_AUG_HPFS_S\2024_AUG_HPFS_S_T3\GOPR5614\Coral15.JPG,15,0.2223,Harka Piloto S,T3,5
Harka Piloto\2024_AUG_HPFS_S\2024_AUG_HPFS_S_T3\GOPR5614.JPG,Harka Piloto\2024_AUG_HPFS_S\2024_AUG_HPFS_S_T3\GOPR5614\Coral21.JPG,21,0.1546,Harka Piloto S,T3,5
Harka Piloto\2024_AUG_HPFS_S\2024_AUG_HPFS_S_T3\GOPR5614.JPG,Harka Piloto\2024_AUG_HPFS_S\2024_AUG_HPFS_S_T3\GOPR5614\Coral4.JPG,4,0.5279,Harka Piloto S,T3,5
Harka Piloto\2024_AUG_HPFS_S\2024_AUG_HPFS_S_T3\GOPR5605.JPG,Harka Piloto\2024_AUG_HPFS_S\2024_AUG_HPFS_S_T3\GOPR5605\Coral2.JPG,2,0.7632,Harka Piloto S,T3,5
Harka Piloto\2024_AUG_HPFS_S\2024_AUG_HPFS_S_T3\GOPR5605.JPG,Harka Piloto\2024_AUG_HPFS_S\2024_AUG_HPFS_S_T3\GOPR5605\Coral5.JPG,5,0.4618,Harka Piloto S,T3,5
Harka Piloto\2024_AUG_HPFS_S\2024_AUG_HPFS_S_T3\GOPR5605.JPG,Harka Piloto\2024_AUG_HPFS_S\2024_AUG_HPFS_S_T3\GOPR5605\Coral20.JPG,20,0.1564,Harka Piloto S,T3,5
Harka Piloto\2024_AUG_HPFS_S\2024_AUG_HPFS_S_T3\GOPR5632.JPG,Harka Piloto\2024_AUG_HPFS_S\2024_AUG_HPFS_S_T3\GOPR5632\Coral8.JPG,8,0.2687,Harka Piloto S,T3,5
Harka Piloto\2024_AUG_HPFS_S\2024_AUG_HPFS_S_T3\GOPR5632.JPG,Harka Piloto\2024_AUG_HPFS_S\2024_AUG_HPFS_S_T3\GOPR5632\Coral1.JPG,1,0.7756,Harka Piloto S,T3,5
Harka Piloto\2024_AUG_HPFS_S\2024_AUG_HPFS_S_T3\GOPR5609.JPG,Harka Piloto\2024_AUG_HPFS_S\2024_AUG_HPFS_S_T3\GOPR5609\Coral30.JPG,30,0.156,Harka Piloto S,T3,5
Harka Piloto\2024_AUG_HPFS_S\2024_AUG_HPFS_S_T3\GOPR5609.JPG,Harka Piloto\2024_AUG_HPFS_S\2024_AUG_HPFS_S_T3\GOPR5609\Coral22.JPG,22,0.2762,Harka Piloto S,T3,5
Harka Piloto\2024_AUG_HPFS_S\2024_AUG_HPFS_S_T3\GOPR5609.JPG,Harka Piloto\2024_AUG_HPFS_S\2024_AUG_HPFS_S_T3\GOPR5609\Coral16.JPG,16,0.3401,Harka Piloto S,T3,5
Harka Piloto\2024_AUG_HPFS_S\2024_AUG_HPFS_S_T3\GOPR5609.JPG,Harka Piloto\2024_AUG_HPFS_S\2024_AUG_HPFS_S_T3\GOPR5609\Coral10.JPG,10,0.5403,Harka Piloto S,T3,5
Harka Piloto\2024_AUG_HPFS_S\2024_AUG_HPFS_S_T3\GOPR5609.JPG,Harka Piloto\2024_AUG_HPFS_S\2024_AUG_HPFS_S_T3\GOPR5609\Coral1.JPG,1,0.7033,Harka Piloto S,T3,5
Harka Piloto\2024_AUG_HPFS_S\2024_AUG_HPFS_S_T3\GOPR5609.JPG,Harka Piloto\2024_AUG_HPFS_S\2024_AUG_HPFS_S_T3\GOPR5609\Coral8.JPG,8,0.6453,Harka Piloto S,T3,5
Harka Piloto\2024_HP_JUL_S\HP_S_T3\GOPR3820.JPG,Harka Piloto\2024_HP_JUL_S\HP_S_T3\GOPR3820\Coral6.JPG,6,0.567,Harka Piloto S,T3,5
Harka Piloto\2024_HP_JUL_S\HP_S_T3\GOPR3820.JPG,Harka Piloto\2024_HP_JUL_S\HP_S_T3\GOPR3820\Coral1.JPG,1,0.8032,Harka Piloto S,T3,5
Harka Piloto\2024_HP_JUL_S\HP_S_T3\GOPR3820.JPG,Harka Piloto\2024_HP_JUL_S\HP_S_T3\GOPR3820\Coral5.JPG,5,0.5772,Harka Piloto S,T3,5
Harka Piloto\2024_HP_JUL_S\HP_S_T3\GOPR3820.JPG,Harka Piloto\2024_HP_JUL_S\HP_S_T3\GOPR3820\Coral2.JPG,2,0.6778,Harka Piloto S,T3,5
Harka Piloto\2024_HP_JUL_S\HP_S_T3\GOPR3820.JPG,Harka Piloto\2024_HP_JUL_S\HP_S_T3\GOPR3820\Coral19.JPG,19,0.2935,Harka Piloto S,T3,5
Harka Piloto\2024_HP_JUL_S\HP_S_T3\GOPR3820.JPG,Harka Piloto\2024_HP_JUL_S\HP_S_T3\GOPR3820\Coral33.JPG,33,0.1728,Harka Piloto S,T3,5
Harka Piloto\2024_HP_JUL_S\HP_S_T3\GOPR3820.JPG,Harka Piloto\2024_HP_JUL_S\HP_S_T3\GOPR3820\Coral17.JPG,17,0.3669,Harka Piloto S,T3,5
Harka Piloto\2024_HP_JUL_S\HP_S_T3\GOPR3820.JPG,Harka Piloto\2024_HP_JUL_S\HP_S_T3\GOPR3820\Coral34.JPG,34,0.1715,Harka Piloto S,T3,5
Harka Piloto\2024_HP_JUL_S\HP_S_T3\GOPR3845.JPG,Harka Piloto\2024_HP_JUL_S\HP_S_T3\GOPR3845\Coral29.JPG,29,0.1816,Harka Piloto S,T3,5
Harka Piloto\2024_HP_JUL_S\HP_S_T3\GOPR3845.JPG,Harka Piloto\2024_HP_JUL_S\HP_S_T3\GOPR3845\Coral6.JPG,6,0.4264,Harka Piloto S,T3,5
Harka Piloto\2024_HP_JUL_S\HP_S_T3\GOPR3845.JPG,Harka Piloto\2024_HP_JUL_S\HP_S_T3\GOPR3845\Coral8.JPG,8,0.3961,Harka Piloto S,T3,5
Harka Piloto\2024_HP_JUL_S\HP_S_T3\GOPR3845.JPG,Harka Piloto\2024_HP_JUL_S\HP_S_T3\GOPR3845\Coral20.JPG,20,0.2691,Harka Piloto S,T3,5
Harka Piloto\2024_HP_JUL_S\HP_S_T3\GOPR3845.JPG,Harka Piloto\2024_HP_JUL_S\HP_S_T3\GOPR3845\Coral23.JPG,23,0.2025,Harka Piloto S,T3,5
Harka Piloto\2024_HP_JUL_S\HP_S_T3\GOPR3845.JPG,Harka Piloto\2024_HP_JUL_S\HP_S_T3\GOPR3845\Coral24.JPG,24,0.2023,Harka Piloto S,T3,5
Harka Piloto\2024_HP_JUL_S\HP_S_T3\GOPR3845.JPG,Harka Piloto\2024_HP_JUL_S\HP_S_T3\GOPR3845\Coral28.JPG,28,0.1824,Harka Piloto S,T3,5
Harka Piloto\2024_HP_JUL_S\HP_S_T3\GOPR3800.JPG,Harka Piloto\2024_HP_JUL_S\HP_S_T3\GOPR3800\Coral48.JPG,48,0.2111,Harka Piloto S,T3,5
Harka Piloto\2024_HP_JUL_S\HP_S_T3\GOPR3800.JPG,Harka Piloto\2024_HP_JUL_S\HP_S_T3\GOPR3800\Coral37.JPG,37,0.2658,Harka Piloto S,T3,5
Harka Piloto\2024_HP_JUL_S\HP_S_T3\GOPR3800.JPG,Harka Piloto\2024_HP_JUL_S\HP_S_T3\GOPR3800\Coral38.JPG,38,0.262,Harka Piloto S,T3,5
Harka Piloto\2024_HP_JUL_S\HP_S_T3\GOPR3800.JPG,Harka Piloto\2024_HP_JUL_S\HP_S_T3\GOPR3800\Coral54.JPG,54,0.167,Harka Piloto S,T3,5
Harka Piloto\2024_HP_JUL_S\HP_S_T3\GOPR3800.JPG,Harka Piloto\2024_HP_JUL_S\HP_S_T3\GOPR3800\Coral52.JPG,52,0.1804,Harka Piloto S,T3,5
Harka Piloto\2024_HP_JUL_S\HP_S_T3\GOPR3800.JPG,Harka Piloto\2024_HP_JUL_S\HP_S_T3\GOPR3800\Coral9.JPG,9,0.5606,Harka Piloto S,T3,5
Harka Piloto\2024_HP_JUL_S\HP_S_T3\GOPR3800.JPG,Harka Piloto\2024_HP_JUL_S\HP_S_T3\GOPR3800\Coral28.JPG,28,0.3444,Harka Piloto S,T3,5
Harka Piloto\2024_HP_JUL_S\HP_S_T3\GOPR3800.JPG,Harka Piloto\2024_HP_JUL_S\HP_S_T3\GOPR3800\Coral33.JPG,33,0.3037,Harka Piloto S,T3,5
Harka Piloto\2024_HP_JUL_S\HP_S_T3\GOPR3800.JPG,Harka Piloto\2024_HP_JUL_S\HP_S_T3\GOPR3800\Coral57.JPG,57,0.1552,Harka Piloto S,T3,5
Harka Piloto\2024_HP_JUL_S\HP_S_T3\GOPR3800.JPG,Harka Piloto\2024_HP_JUL_S\HP_S_T3\GOPR3800\Coral5.JPG,5,0.6046,Harka Piloto S,T3,5
Harka Piloto\2024_HP_JUL_S\HP_S_T3\GOPR3800.JPG,Harka Piloto\2024_HP_JUL_S\HP_S_T3\GOPR3800\Coral18.JPG,18,0.4177,Harka Piloto S,T3,5
Harka Piloto\2024_HP_JUL_S\HP_S_T3\GOPR3800.JPG,Harka Piloto\2024_HP_JUL_S\HP_S_T3\GOPR3800\Coral29.JPG,29,0.3217,Harka Piloto S,T3,5
Harka Piloto\2024_HP_JUL_S\HP_S_T3\GOPR3800.JPG,Harka Piloto\2024_HP_JUL_S\HP_S_T3\GOPR3800\Coral3.JPG,3,0.6435,Harka Piloto S,T3,5
Harka Piloto\2024_HP_JUL_S\HP_S_T3\GOPR3800.JPG,Harka Piloto\2024_HP_JUL_S\HP_S_T3\GOPR3800\Coral36.JPG,36,0.2799,Harka Piloto S,T3,5
Harka Piloto\2024_HP_JUL_S\HP_S_T3\GOPR3800.JPG,Harka Piloto\2024_HP_JUL_S\HP_S_T3\GOPR3800\Coral42.JPG,42,0.2441,Harka Piloto S,T3,5
Harka Piloto\2024_HP_JUL_S\HP_S_T3\GOPR3800.JPG,Harka Piloto\2024_HP_JUL_S\HP_S_T3\GOPR3800\Coral11.JPG,11,0.5414,Harka Piloto S,T3,5
Harka Piloto\2024_AUG_HPFS_S\2024_AUG_HPFS_S_T3\GOPR5600.JPG,Harka Piloto\2024_AUG_HPFS_S\2024_AUG_HPFS_S_T3\GOPR5600\Coral1.JPG,1,0.5554,Harka Piloto S,T3,5
Harka Piloto\2024_HP_JUL_S\HP_S_T3\GOPR3816.JPG,Harka Piloto\2024_HP_JUL_S\HP_S_T3\GOPR3816\Coral38.JPG,38,0.2071,Harka Piloto S,T3,5
Harka Piloto\2024_HP_JUL_S\HP_S_T3\GOPR3816.JPG,Harka Piloto\2024_HP_JUL_S\HP_S_T3\GOPR3816\Coral29.JPG,29,0.311,Harka Piloto S,T3,5
Harka Piloto\2024_HP_JUL_S\HP_S_T3\GOPR3816.JPG,Harka Piloto\2024_HP_JUL_S\HP_S_T3\GOPR3816\Coral13.JPG,13,0.4688,Harka Piloto S,T3,5
Harka Piloto\2024_HP_JUL_S\HP_S_T3\GOPR3816.JPG,Harka Piloto\2024_HP_JUL_S\HP_S_T3\GOPR3816\Coral23.JPG,23,0.3833,Harka Piloto S,T3,5
Harka Piloto\2024_HP_JUL_S\HP_S_T3\GOPR3816.JPG,Harka Piloto\2024_HP_JUL_S\HP_S_T3\GOPR3816\Coral3.JPG,3,0.6585,Harka Piloto S,T3,5
Harka Piloto\2024_HP_JUL_S\HP_S_T3\GOPR3816.JPG,Harka Piloto\2024_HP_JUL_S\HP_S_T3\GOPR3816\Coral24.JPG,24,0.3775,Harka Piloto S,T3,5
Harka Piloto\2024_HP_JUL_S\HP_S_T3\GOPR3822.JPG,Harka Piloto\2024_HP_JUL_S\HP_S_T3\GOPR3822\Coral13.JPG,13,0.4406,Harka Piloto S,T3,5
Harka Piloto\2024_HPFS_JUL_D\HP_D_T1\GOPR3575.JPG,Harka Piloto\2024_HPFS_JUL_D\HP_D_T1\GOPR3575\Coral21.JPG,21,0.3683,Harka Piloto D,T1,5
Harka Piloto\2024_AUG_HPFS_D\2024_AUG_HPFS_D_T1\GOPR5310.JPG,Harka Piloto\2024_AUG_HPFS_D\2024_AUG_HPFS_D_T1\GOPR5310\Coral59.JPG,59,0.1543,Harka Piloto D,T1,5
Harka Piloto\2024_AUG_HPFS_D\2024_AUG_HPFS_D_T1\GOPR5322.JPG,Harka Piloto\2024_AUG_HPFS_D\2024_AUG_HPFS_D_T1\GOPR5322\Coral9.JPG,9,0.3597,Harka Piloto D,T1,5
Harka Piloto\2024_AUG_HPFS_D\2024_AUG_HPFS_D_T1\GOPR5328.JPG,Harka Piloto\2024_AUG_HPFS_D\2024_AUG_HPFS_D_T1\GOPR5328\Coral1.JPG,1,0.7264,Harka Piloto D,T1,5
Harka Piloto\2024_HPFS_JUL_D\HP_D_T1\GOPR3607.JPG,Harka Piloto\2024_HPFS_JUL_D\HP_D_T1\GOPR3607\Coral7.JPG,7,0.7285,Harka Piloto D,T1,5
Harka Piloto\2024_AUG_HPFS_D\2024_AUG_HPFS_D_T1\GOPR5339.JPG,Harka Piloto\2024_AUG_HPFS_D\2024_AUG_HPFS_D_T1\GOPR5339\Coral41.JPG,41,0.2131,Harka Piloto D,T1,5
Harka Piloto\2024_HPFS_JUL_D\HP_D_T1\GOPR3590.JPG,Harka Piloto\2024_HPFS_JUL_D\HP_D_T1\GOPR3590\Coral19.JPG,19,0.5829,Harka Piloto D,T1,5
Harka Piloto\2024_HPFS_JUL_D\HP_D_T1\GOPR3599.JPG,Harka Piloto\2024_HPFS_JUL_D\HP_D_T1\GOPR3599\Coral24.JPG,24,0.4152,Harka Piloto D,T1,5
Harka Piloto\2024_HPFS_JUL_D\HP_D_T1\GOPR3608.JPG,Harka Piloto\2024_HPFS_JUL_D\HP_D_T1\GOPR3608\Coral17.JPG,17,0.1755,Harka Piloto D,T1,5
Harka Piloto\2024_HPFS_JUL_D\HP_D_T1\GOPR3580.JPG,Harka Piloto\2024_HPFS_JUL_D\HP_D_T1\GOPR3580\Coral29.JPG,29,0.3224,Harka Piloto D,T1,5
Harka Piloto\2024_HPFS_JUL_D\HP_D_T1\GOPR3601.JPG,Harka Piloto\2024_HPFS_JUL_D\HP_D_T1\GOPR3601\Coral8.JPG,8,0.5874,Harka Piloto D,T1,5
Harka Piloto\2024_AUG_HPFS_D\2024_AUG_HPFS_D_T1\GOPR5338.JPG,Harka Piloto\2024_AUG_HPFS_D\2024_AUG_HPFS_D_T1\GOPR5338\Coral6.JPG,6,0.5253,Harka Piloto D,T1,5
Harka Piloto\2024_AUG_HPFS_D\2024_AUG_HPFS_D_T1\GOPR5302.JPG,Harka Piloto\2024_AUG_HPFS_D\2024_AUG_HPFS_D_T1\GOPR5302\Coral15.JPG,15,0.6038,Harka Piloto D,T1,5
Harka Piloto\2024_HPFS_JUL_D\HP_D_T1\GOPR3597.JPG,Harka Piloto\2024_HPFS_JUL_D\HP_D_T1\GOPR3597\Coral8.JPG,8,0.7323,Harka Piloto D,T1,5
Harka Piloto\2024_AUG_HPFS_D\2024_AUG_HPFS_D_T1\GOPR5329.JPG,Harka Piloto\2024_AUG_HPFS_D\2024_AUG_HPFS_D_T1\GOPR5329\Coral5.JPG,5,0.1644,Harka Piloto D,T1,5
Harka Piloto\2024_HPFS_JUL_D\HP_D_T1\GOPR3573.JPG,Harka Piloto\2024_HPFS_JUL_D\HP_D_T1\GOPR3573\Coral51.JPG,51,0.3794,Harka Piloto D,T1,5
Harka Piloto\2024_HPFS_JUL_D\HP_D_T1\GOPR3594.JPG,Harka Piloto\2024_HPFS_JUL_D\HP_D_T1\GOPR3594\Coral52.JPG,52,0.1859,Harka Piloto D,T1,5
Harka Piloto\2024_AUG_HPFS_D\2024_AUG_HPFS_D_T1\GOPR5319.JPG,Harka Piloto\2024_AUG_HPFS_D\2024_AUG_HPFS_D_T1\GOPR5319\Coral33.JPG,33,0.2476,Harka Piloto D,T1,5
Harka Piloto\2024_HPFS_JUL_D\HP_D_T1\GOPR3581.JPG,Harka Piloto\2024_HPFS_JUL_D\HP_D_T1\GOPR3581\Coral26.JPG,26,0.2705,Harka Piloto D,T1,5
Harka Piloto\2024_HPFS_JUL_D\HP_D_T1\GOPR3575.JPG,Harka Piloto\2024_HPFS_JUL_D\HP_D_T1\GOPR3575\Coral35.JPG,35,0.1932,Harka Piloto D,T1,5
Harka Piloto\2024_HPFS_JUL_D\HP_D_T1\GOPR3571.JPG,Harka Piloto\2024_HPFS_JUL_D\HP_D_T1\GOPR3571\Coral6.JPG,6,0.5983,Harka Piloto D,T1,5
Harka Piloto\2024_AUG_HPFS_D\2024_AUG_HPFS_D_T1\GOPR5310.JPG,Harka Piloto\2024_AUG_HPFS_D\2024_AUG_HPFS_D_T1\GOPR5310\Coral27.JPG,27,0.3586,Harka Piloto D,T1,5
Harka Piloto\2024_AUG_HPFS_D\2024_AUG_HPFS_D_T1\GOPR5322.JPG,Harka Piloto\2024_AUG_HPFS_D\2024_AUG_HPFS_D_T1\GOPR5322\Coral14.JPG,14,0.2373,Harka Piloto D,T1,5
Harka Piloto\2024_AUG_HPFS_D\2024_AUG_HPFS_D_T1\GOPR5315.JPG,Harka Piloto\2024_AUG_HPFS_D\2024_AUG_HPFS_D_T1\GOPR5315\Coral24.JPG,24,0.2554,Harka Piloto D,T1,5
Harka Piloto\2024_AUG_HPFS_D\2024_AUG_HPFS_D_T1\GOPR5318.JPG,Harka Piloto\2024_AUG_HPFS_D\2024_AUG_HPFS_D_T1\GOPR5318\Coral18.JPG,18,0.2887,Harka Piloto D,T1,5
Harka Piloto\2024_HPFS_JUL_D\HP_D_T1\GOPR3578.JPG,Harka Piloto\2024_HPFS_JUL_D\HP_D_T1\GOPR3578\Coral7.JPG,7,0.5388,Harka Piloto D,T1,5
Harka Piloto\2024_HPFS_JUL_D\HP_D_T1\GOPR3565.JPG,Harka Piloto\2024_HPFS_JUL_D\HP_D_T1\GOPR3565\Coral26.JPG,26,0.2701,Harka Piloto D,T1,5
Harka Piloto\2024_HPFS_JUL_D\HP_D_T1\GOPR3590.JPG,Harka Piloto\2024_HPFS_JUL_D\HP_D_T1\GOPR3590\Coral13.JPG,13,0.6581,Harka Piloto D,T1,5
Harka Piloto\2024_AUG_HPFS_D\2024_AUG_HPFS_D_T1\GOPR5307.JPG,Harka Piloto\2024_AUG_HPFS_D\2024_AUG_HPFS_D_T1\GOPR5307\Coral86.JPG,86,0.2284,Harka Piloto D,T1,5
Harka Piloto\2024_HPFS_JUL_D\HP_D_T1\GOPR3596.JPG,Harka Piloto\2024_HPFS_JUL_D\HP_D_T1\GOPR3596\Coral54.JPG,54,0.363,Harka Piloto D,T1,5
Harka Piloto\2024_HPFS_JUL_D\HP_D_T1\GOPR3589.JPG,Harka Piloto\2024_HPFS_JUL_D\HP_D_T1\GOPR3589\Coral57.JPG,57,0.2305,Harka Piloto D,T1,5
Harka Piloto\2024_HPFS_JUL_D\HP_D_T1\GOPR3606.JPG,Harka Piloto\2024_HPFS_JUL_D\HP_D_T1\GOPR3606\Coral17.JPG,17,0.5181,Harka Piloto D,T1,5
Harka Piloto\2024_AUG_HPFS_D\2024_AUG_HPFS_D_T1\GOPR5301.JPG,Harka Piloto\2024_AUG_HPFS_D\2024_AUG_HPFS_D_T1\GOPR5301\Coral4.JPG,4,0.7016,Harka Piloto D,T1,5
Harka Piloto\2024_AUG_HPFS_D\2024_AUG_HPFS_D_T1\GOPR5331.JPG,Harka Piloto\2024_AUG_HPFS_D\2024_AUG_HPFS_D_T1\GOPR5331\Coral27.JPG,27,0.1782,Harka Piloto D,T1,5
Harka Piloto\2024_HPFS_JUL_D\HP_D_T1\GOPR3608.JPG,Harka Piloto\2024_HPFS_JUL_D\HP_D_T1\GOPR3608\Coral11.JPG,11,0.3207,Harka Piloto D,T1,5
Harka Piloto\2024_HPFS_JUL_D\HP_D_T1\GOPR3576.JPG,Harka Piloto\2024_HPFS_JUL_D\HP_D_T1\GOPR3576\Coral32.JPG,32,0.2725,Harka Piloto D,T1,5
Harka Piloto\2024_HPFS_JUL_D\HP_D_T1\GOPR3587.JPG,Harka Piloto\2024_HPFS_JUL_D\HP_D_T1\GOPR3587\Coral53.JPG,53,0.2398,Harka Piloto D,T1,5
Harka Piloto\2024_AUG_HPFS_D\2024_AUG_HPFS_D_T1\GOPR5295.JPG,Harka Piloto\2024_AUG_HPFS_D\2024_AUG_HPFS_D_T1\GOPR5295\Coral2.JPG,2,0.7786,Harka Piloto D,T1,5
Harka Piloto\2024_AUG_HPFS_D\2024_AUG_HPFS_D_T1\GOPR5337.JPG,Harka Piloto\2024_AUG_HPFS_D\2024_AUG_HPFS_D_T1\GOPR5337\Coral3.JPG,3,0.331,Harka Piloto D,T1,5
Harka Piloto\2024_HPFS_JUL_D\HP_D_T1\GOPR3577.JPG,Harka Piloto\2024_HPFS_JUL_D\HP_D_T1\GOPR3577\Coral29.JPG,29,0.2046,Harka Piloto D,T1,5
Harka Piloto\2024_AUG_HPFS_D\2024_AUG_HPFS_D_T1\GOPR5309.JPG,Harka Piloto\2024_AUG_HPFS_D\2024_AUG_HPFS_D_T1\GOPR5309\Coral59.JPG,59,0.2061,Harka Piloto D,T1,5
Harka Piloto\2024_HPFS_JUL_D\HP_D_T1\GOPR3564.JPG,Harka Piloto\2024_HPFS_JUL_D\HP_D_T1\GOPR3564\Coral18.JPG,18,0.3846,Harka Piloto D,T1,5
Harka Piloto\2024_HPFS_JUL_D\HP_D_T1\GOPR3598.JPG,Harka Piloto\2024_HPFS_JUL_D\HP_D_T1\GOPR3598\Coral46.JPG,46,0.2599,Harka Piloto D,T1,5
Harka Piloto\2024_HPFS_JUL_D\HP_D_T1\GOPR3575.JPG,Harka Piloto\2024_HPFS_JUL_D\HP_D_T1\GOPR3575\Coral22.JPG,22,0.3575,Harka Piloto D,T1,5
Harka Piloto\2024_AUG_HPFS_D\2024_AUG_HPFS_D_T1\GOPR5312.JPG,Harka Piloto\2024_AUG_HPFS_D\2024_AUG_HPFS_D_T1\GOPR5312\Coral8.JPG,8,0.3972,Harka Piloto D,T1,5
Harka Piloto\2024_AUG_HPFS_D\2024_AUG_HPFS_D_T1\GOPR5322.JPG,Harka Piloto\2024_AUG_HPFS_D\2024_AUG_HPFS_D_T1\GOPR5322\Coral12.JPG,12,0.3378,Harka Piloto D,T1,5
Harka Piloto\2024_HPFS_JUL_D\HP_D_T1\GOPR3565.JPG,Harka Piloto\2024_HPFS_JUL_D\HP_D_T1\GOPR3565\Coral8.JPG,8,0.5289,Harka Piloto D,T1,5
Harka Piloto\2024_HPFS_JUL_D\HP_D_T1\GOPR3610.JPG,Harka Piloto\2024_HPFS_JUL_D\HP_D_T1\GOPR3610\Coral1.JPG,1,0.7541,Harka Piloto D,T1,5
Harka Piloto\2024_HPFS_JUL_D\HP_D_T1\GOPR3589.JPG,Harka Piloto\2024_HPFS_JUL_D\HP_D_T1\GOPR3589\Coral42.JPG,42,0.2998,Harka Piloto D,T1,5
Harka Piloto\2024_AUG_HPFS_D\2024_AUG_HPFS_D_T1\GOPR5301.JPG,Harka Piloto\2024_AUG_HPFS_D\2024_AUG_HPFS_D_T1\GOPR5301\Coral29.JPG,29,0.3046,Harka Piloto D,T1,5
Harka Piloto\2024_AUG_HPFS_D\2024_AUG_HPFS_D_T1\GOPR5321.JPG,Harka Piloto\2024_AUG_HPFS_D\2024_AUG_HPFS_D_T1\GOPR5321\Coral26.JPG,26,0.1896,Harka Piloto D,T1,5
Harka Piloto\2024_AUG_HPFS_D\2024_AUG_HPFS_D_T1\GOPR5320.JPG,Harka Piloto\2024_AUG_HPFS_D\2024_AUG_HPFS_D_T1\GOPR5320\Coral55.JPG,55,0.2215,Harka Piloto D,T1,5
Harka Piloto\2024_AUG_HPFS_D\2024_AUG_HPFS_D_T1\GOPR5302.JPG,Harka Piloto\2024_AUG_HPFS_D\2024_AUG_HPFS_D_T1\GOPR5302\Coral41.JPG,41,0.3565,Harka Piloto D,T1,5
Harka Piloto\2024_AUG_HPFS_D\2024_AUG_HPFS_D_T1\GOPR5317.JPG,Harka Piloto\2024_AUG_HPFS_D\2024_AUG_HPFS_D_T1\GOPR5317\Coral27.JPG,27,0.214,Harka Piloto D,T1,5
Harka Piloto\2024_HPFS_JUL_D\HP_D_T1\GOPR3586.JPG,Harka Piloto\2024_HPFS_JUL_D\HP_D_T1\GOPR3586\Coral29.JPG,29,0.4981,Harka Piloto D,T1,5
Harka Piloto\2024_AUG_HPFS_D\2024_AUG_HPFS_D_T1\GOPR5323.JPG,Harka Piloto\2024_AUG_HPFS_D\2024_AUG_HPFS_D_T1\GOPR5323\Coral23.JPG,23,0.19,Harka Piloto D,T1,5
Harka Piloto\2024_AUG_HPFS_D\2024_AUG_HPFS_D_T1\GOPR5309.JPG,Harka Piloto\2024_AUG_HPFS_D\2024_AUG_HPFS_D_T1\GOPR5309\Coral10.JPG,10,0.6666,Harka Piloto D,T1,5
Harka Piloto\2024_AUG_HPFS_D\2024_AUG_HPFS_D_T1\GOPR5298.JPG,Harka Piloto\2024_AUG_HPFS_D\2024_AUG_HPFS_D_T1\GOPR5298\Coral2.JPG,2,0.7745,Harka Piloto D,T1,5
Harka Piloto\2024_AUG_HPFS_D\2024_AUG_HPFS_D_T1\GOPR5296.JPG,Harka Piloto\2024_AUG_HPFS_D\2024_AUG_HPFS_D_T1\GOPR5296\Coral8.JPG,8,0.5368,Harka Piloto D,T1,5
Harka Piloto\2024_HPFS_JUL_D\HP_D_T1\GOPR3582.JPG,Harka Piloto\2024_HPFS_JUL_D\HP_D_T1\GOPR3582\Coral1.JPG,1,0.6826,Harka Piloto D,T1,5
Harka Piloto\2024_HPFS_JUL_D\HP_D_T1\GOPR3572.JPG,Harka Piloto\2024_HPFS_JUL_D\HP_D_T1\GOPR3572\Coral33.JPG,33,0.2435,Harka Piloto D,T1,5
Harka Piloto\2024_HPFS_JUL_D\HP_D_T1\GOPR3572.JPG,Harka Piloto\2024_HPFS_JUL_D\HP_D_T1\GOPR3572\Coral13.JPG,13,0.5576,Harka Piloto D,T1,5
Harka Piloto\2024_HPFS_JUL_D\HP_D_T1\GOPR3572.JPG,Harka Piloto\2024_HPFS_JUL_D\HP_D_T1\GOPR3572\Coral29.JPG,29,0.2731,Harka Piloto D,T1,5
Harka Piloto\2024_HPFS_JUL_D\HP_D_T1\GOPR3572.JPG,Harka Piloto\2024_HPFS_JUL_D\HP_D_T1\GOPR3572\Coral37.JPG,37,0.2323,Harka Piloto D,T1,5
Harka Piloto\2024_HPFS_JUL_D\HP_D_T1\GOPR3572.JPG,Harka Piloto\2024_HPFS_JUL_D\HP_D_T1\GOPR3572\Coral51.JPG,51,0.1676,Harka Piloto D,T1,5
Harka Piloto\2024_HPFS_JUL_D\HP_D_T1\GOPR3572.JPG,Harka Piloto\2024_HPFS_JUL_D\HP_D_T1\GOPR3572\Coral6.JPG,6,0.6859,Harka Piloto D,T1,5
Harka Piloto\2024_HPFS_JUL_D\HP_D_T1\GOPR3572.JPG,Harka Piloto\2024_HPFS_JUL_D\HP_D_T1\GOPR3572\Coral53.JPG,53,0.1603,Harka Piloto D,T1,5
Harka Piloto\2024_HPFS_JUL_D\HP_D_T1\GOPR3572.JPG,Harka Piloto\2024_HPFS_JUL_D\HP_D_T1\GOPR3572\Coral4.JPG,4,0.7099,Harka Piloto D,T1,5
Harka Piloto\2024_HPFS_JUL_D\HP_D_T1\GOPR3572.JPG,Harka Piloto\2024_HPFS_JUL_D\HP_D_T1\GOPR3572\Coral28.JPG,28,0.3204,Harka Piloto D,T1,5
Harka Piloto\2024_HPFS_JUL_D\HP_D_T1\GOPR3572.JPG,Harka Piloto\2024_HPFS_JUL_D\HP_D_T1\GOPR3572\Coral1.JPG,1,0.7552,Harka Piloto D,T1,5
Harka Piloto\2024_HPFS_JUL_D\HP_D_T1\GOPR3572.JPG,Harka Piloto\2024_HPFS_JUL_D\HP_D_T1\GOPR3572\Coral56.JPG,56,0.1519,Harka Piloto D,T1,5
Harka Piloto\2024_HPFS_JUL_D\HP_D_T1\GOPR3572.JPG,Harka Piloto\2024_HPFS_JUL_D\HP_D_T1\GOPR3572\Coral8.JPG,8,0.6563,Harka Piloto D,T1,5
Harka Piloto\2024_AUG_HPFS_D\2024_AUG_HPFS_D_T1\GOPR5335.JPG,Harka Piloto\2024_AUG_HPFS_D\2024_AUG_HPFS_D_T1\GOPR5335\Coral65.JPG,65,0.2302,Harka Piloto D,T1,5
Harka Piloto\2024_AUG_HPFS_D\2024_AUG_HPFS_D_T1\GOPR5335.JPG,Harka Piloto\2024_AUG_HPFS_D\2024_AUG_HPFS_D_T1\GOPR5335\Coral41.JPG,41,0.3539,Harka Piloto D,T1,5
Harka Piloto\2024_AUG_HPFS_D\2024_AUG_HPFS_D_T1\GOPR5335.JPG,Harka Piloto\2024_AUG_HPFS_D\2024_AUG_HPFS_D_T1\GOPR5335\Coral88.JPG,88,0.1523,Harka Piloto D,T1,5
Harka Piloto\2024_AUG_HPFS_D\2024_AUG_HPFS_D_T1\GOPR5335.JPG,Harka Piloto\2024_AUG_HPFS_D\2024_AUG_HPFS_D_T1\GOPR5335\Coral10.JPG,10,0.6162,Harka Piloto D,T1,5
Harka Piloto\2024_AUG_HPFS_D\2024_AUG_HPFS_D_T1\GOPR5335.JPG,Harka Piloto\2024_AUG_HPFS_D\2024_AUG_HPFS_D_T1\GOPR5335\Coral23.JPG,23,0.4712,Harka Piloto D,T1,5
Harka Piloto\2024_AUG_HPFS_D\2024_AUG_HPFS_D_T1\GOPR5335.JPG,Harka Piloto\2024_AUG_HPFS_D\2024_AUG_HPFS_D_T1\GOPR5335\Coral55.JPG,55,0.2829,Harka Piloto D,T1,5
Harka Piloto\2024_AUG_HPFS_D\2024_AUG_HPFS_D_T1\GOPR5335.JPG,Harka Piloto\2024_AUG_HPFS_D\2024_AUG_HPFS_D_T1\GOPR5335\Coral82.JPG,82,0.1744,Harka Piloto D,T1,5
Harka Piloto\2024_AUG_HPFS_D\2024_AUG_HPFS_D_T1\GOPR5335.JPG,Harka Piloto\2024_AUG_HPFS_D\2024_AUG_HPFS_D_T1\GOPR5335\Coral85.JPG,85,0.1674,Harka Piloto D,T1,5
Harka Piloto\2024_AUG_HPFS_D\2024_AUG_HPFS_D_T1\GOPR5335.JPG,Harka Piloto\2024_AUG_HPFS_D\2024_AUG_HPFS_D_T1\GOPR5335\Coral33.JPG,33,0.4046,Harka Piloto D,T1,5
Harka Piloto\2024_AUG_HPFS_D\2024_AUG_HPFS_D_T1\GOPR5335.JPG,Harka Piloto\2024_AUG_HPFS_D\2024_AUG_HPFS_D_T1\GOPR5335\Coral78.JPG,78,0.1929,Harka Piloto D,T1,5
Harka Piloto\2024_AUG_HPFS_D\2024_AUG_HPFS_D_T1\GOPR5335.JPG,Harka Piloto\2024_AUG_HPFS_D\2024_AUG_HPFS_D_T1\GOPR5335\Coral64.JPG,64,0.2383,Harka Piloto D,T1,5
Harka Piloto\2024_AUG_HPFS_D\2024_AUG_HPFS_D_T1\GOPR5335.JPG,Harka Piloto\2024_AUG_HPFS_D\2024_AUG_HPFS_D_T1\GOPR5335\Coral22.JPG,22,0.4849,Harka Piloto D,T1,5
Harka Piloto\2024_AUG_HPFS_D\2024_AUG_HPFS_D_T1\GOPR5335.JPG,Harka Piloto\2024_AUG_HPFS_D\2024_AUG_HPFS_D_T1\GOPR5335\Coral13.JPG,13,0.5924,Harka Piloto D,T1,5
Harka Piloto\2024_AUG_HPFS_D\2024_AUG_HPFS_D_T1\GOPR5335.JPG,Harka Piloto\2024_AUG_HPFS_D\2024_AUG_HPFS_D_T1\GOPR5335\Coral44.JPG,44,0.3371,Harka Piloto D,T1,5
Harka Piloto\2024_AUG_HPFS_D\2024_AUG_HPFS_D_T1\GOPR5335.JPG,Harka Piloto\2024_AUG_HPFS_D\2024_AUG_HPFS_D_T1\GOPR5335\Coral57.JPG,57,0.2674,Harka Piloto D,T1,5
Harka Piloto\2024_AUG_HPFS_D\2024_AUG_HPFS_D_T1\GOPR5335.JPG,Harka Piloto\2024_AUG_HPFS_D\2024_AUG_HPFS_D_T1\GOPR5335\Coral61.JPG,61,0.25,Harka Piloto D,T1,5
Harka Piloto\2024_AUG_HPFS_D\2024_AUG_HPFS_D_T1\GOPR5335.JPG,Harka Piloto\2024_AUG_HPFS_D\2024_AUG_HPFS_D_T1\GOPR5335\Coral9.JPG,9,0.6235,Harka Piloto D,T1,5
Harka Piloto\2024_HPFS_JUL_D\HP_D_T1\GOPR3570.JPG,Harka Piloto\2024_HPFS_JUL_D\HP_D_T1\GOPR3570\Coral23.JPG,23,0.38,Harka Piloto D,T1,5
Harka Piloto\2024_HPFS_JUL_D\HP_D_T1\GOPR3570.JPG,Harka Piloto\2024_HPFS_JUL_D\HP_D_T1\GOPR3570\Coral4.JPG,4,0.6597,Harka Piloto D,T1,5
Harka Piloto\2024_HPFS_JUL_D\HP_D_T1\GOPR3570.JPG,Harka Piloto\2024_HPFS_JUL_D\HP_D_T1\GOPR3570\Coral6.JPG,6,0.6002,Harka Piloto D,T1,5
Harka Piloto\2024_HPFS_JUL_D\HP_D_T1\GOPR3570.JPG,Harka Piloto\2024_HPFS_JUL_D\HP_D_T1\GOPR3570\Coral53.JPG,53,0.1825,Harka Piloto D,T1,5
Harka Piloto\2024_HPFS_JUL_D\HP_D_T1\GOPR3570.JPG,Harka Piloto\2024_HPFS_JUL_D\HP_D_T1\GOPR3570\Coral59.JPG,59,0.1689,Harka Piloto D,T1,5
Harka Piloto\2024_HPFS_JUL_D\HP_D_T1\GOPR3570.JPG,Harka Piloto\2024_HPFS_JUL_D\HP_D_T1\GOPR3570\Coral14.JPG,14,0.4735,Harka Piloto D,T1,5
Harka Piloto\2024_HPFS_JUL_D\HP_D_T1\GOPR3570.JPG,Harka Piloto\2024_HPFS_JUL_D\HP_D_T1\GOPR3570\Coral37.JPG,37,0.2865,Harka Piloto D,T1,5
Harka Piloto\2024_HPFS_JUL_D\HP_D_T1\GOPR3570.JPG,Harka Piloto\2024_HPFS_JUL_D\HP_D_T1\GOPR3570\Coral58.JPG,58,0.169,Harka Piloto D,T1,5
Harka Piloto\2024_HPFS_JUL_D\HP_D_T1\GOPR3570.JPG,Harka Piloto\2024_HPFS_JUL_D\HP_D_T1\GOPR3570\Coral7.JPG,7,0.5508,Harka Piloto D,T1,5
Harka Piloto\2024_HPFS_JUL_D\HP_D_T1\GOPR3570.JPG,Harka Piloto\2024_HPFS_JUL_D\HP_D_T1\GOPR3570\Coral26.JPG,26,0.3474,Harka Piloto D,T1,5
Harka Piloto\2024_HPFS_JUL_D\HP_D_T1\GOPR3563.JPG,Harka Piloto\2024_HPFS_JUL_D\HP_D_T1\GOPR3563\Coral37.JPG,37,0.2242,Harka Piloto D,T1,5
Harka Piloto\2024_HPFS_JUL_D\HP_D_T1\GOPR3563.JPG,Harka Piloto\2024_HPFS_JUL_D\HP_D_T1\GOPR3563\Coral7.JPG,7,0.632,Harka Piloto D,T1,5
Harka Piloto\2024_HPFS_JUL_D\HP_D_T1\GOPR3563.JPG,Harka Piloto\2024_HPFS_JUL_D\HP_D_T1\GOPR3563\Coral18.JPG,18,0.4325,Harka Piloto D,T1,5
Harka Piloto\2024_HPFS_JUL_D\HP_D_T1\GOPR3563.JPG,Harka Piloto\2024_HPFS_JUL_D\HP_D_T1\GOPR3563\Coral42.JPG,42,0.1849,Harka Piloto D,T1,5
Harka Piloto\2024_HPFS_JUL_D\HP_D_T1\GOPR3563.JPG,Harka Piloto\2024_HPFS_JUL_D\HP_D_T1\GOPR3563\Coral39.JPG,39,0.2151,Harka Piloto D,T1,5
Harka Piloto\2024_HPFS_JUL_D\HP_D_T1\GOPR3563.JPG,Harka Piloto\2024_HPFS_JUL_D\HP_D_T1\GOPR3563\Coral5.JPG,5,0.6413,Harka Piloto D,T1,5
Harka Piloto\2024_HPFS_JUL_D\HP_D_T1\GOPR3563.JPG,Harka Piloto\2024_HPFS_JUL_D\HP_D_T1\GOPR3563\Coral38.JPG,38,0.222,Harka Piloto D,T1,5
Harka Piloto\2024_HPFS_JUL_D\HP_D_T1\GOPR3563.JPG,Harka Piloto\2024_HPFS_JUL_D\HP_D_T1\GOPR3563\Coral30.JPG,30,0.2767,Harka Piloto D,T1,5
Harka Piloto\2024_HPFS_JUL_D\HP_D_T1\GOPR3563.JPG,Harka Piloto\2024_HPFS_JUL_D\HP_D_T1\GOPR3563\Coral1.JPG,1,0.7915,Harka Piloto D,T1,5
Harka Piloto\2024_AUG_HPFS_D\2024_AUG_HPFS_D_T1\GOPR5294.JPG,Harka Piloto\2024_AUG_HPFS_D\2024_AUG_HPFS_D_T1\GOPR5294\Coral19.JPG,19,0.4473,Harka Piloto D,T1,5
Harka Piloto\2024_AUG_HPFS_D\2024_AUG_HPFS_D_T1\GOPR5294.JPG,Harka Piloto\2024_AUG_HPFS_D\2024_AUG_HPFS_D_T1\GOPR5294\Coral8.JPG,8,0.6445,Harka Piloto D,T1,5
Harka Piloto\2024_AUG_HPFS_D\2024_AUG_HPFS_D_T1\GOPR5294.JPG,Harka Piloto\2024_AUG_HPFS_D\2024_AUG_HPFS_D_T1\GOPR5294\Coral32.JPG,32,0.2787,Harka Piloto D,T1,5
Harka Piloto\2024_AUG_HPFS_D\2024_AUG_HPFS_D_T2\GOPR5373.JPG,Harka Piloto\2024_AUG_HPFS_D\2024_AUG_HPFS_D_T2\GOPR5373\Coral22.JPG,22,0.28,Harka Piloto D,T2,5
Harka Piloto\2024_AUG_HPFS_D\2024_AUG_HPFS_D_T2\GOPR5389.JPG,Harka Piloto\2024_AUG_HPFS_D\2024_AUG_HPFS_D_T2\GOPR5389\Coral13.JPG,13,0.3519,Harka Piloto D,T2,5
Harka Piloto\2024_HPFS_JUL_D\HP_D_T2\GOPR3659.JPG,Harka Piloto\2024_HPFS_JUL_D\HP_D_T2\GOPR3659\Coral20.JPG,20,0.243,Harka Piloto D,T2,5
Harka Piloto\2024_HPFS_JUL_D\HP_D_T2\GOPR3663.JPG,Harka Piloto\2024_HPFS_JUL_D\HP_D_T2\GOPR3663\Coral8.JPG,8,0.3181,Harka Piloto D,T2,5
Harka Piloto\2024_HPFS_JUL_D\HP_D_T2\GOPR3625.JPG,Harka Piloto\2024_HPFS_JUL_D\HP_D_T2\GOPR3625\Coral33.JPG,33,0.3413,Harka Piloto D,T2,5
Harka Piloto\2024_AUG_HPFS_D\2024_AUG_HPFS_D_T2\GOPR5364.JPG,Harka Piloto\2024_AUG_HPFS_D\2024_AUG_HPFS_D_T2\GOPR5364\Coral38.JPG,38,0.2002,Harka Piloto D,T2,5
Harka Piloto\2024_HPFS_JUL_D\HP_D_T2\GOPR3618.JPG,Harka Piloto\2024_HPFS_JUL_D\HP_D_T2\GOPR3618\Coral76.JPG,76,0.165,Harka Piloto D,T2,5
Harka Piloto\2024_AUG_HPFS_D\2024_AUG_HPFS_D_T2\GOPR5366.JPG,Harka Piloto\2024_AUG_HPFS_D\2024_AUG_HPFS_D_T2\GOPR5366\Coral17.JPG,17,0.3236,Harka Piloto D,T2,5
Harka Piloto\2024_AUG_HPFS_D\2024_AUG_HPFS_D_T2\GOPR5377.JPG,Harka Piloto\2024_AUG_HPFS_D\2024_AUG_HPFS_D_T2\GOPR5377\Coral6.JPG,6,0.6478,Harka Piloto D,T2,5
Harka Piloto\2024_HPFS_JUL_D\HP_D_T2\GOPR3652.JPG,Harka Piloto\2024_HPFS_JUL_D\HP_D_T2\GOPR3652\Coral31.JPG,31,0.1619,Harka Piloto D,T2,5
Harka Piloto\2024_AUG_HPFS_D\2024_AUG_HPFS_D_T2\GOPR5355.JPG,Harka Piloto\2024_AUG_HPFS_D\2024_AUG_HPFS_D_T2\GOPR5355\Coral33.JPG,33,0.2039,Harka Piloto D,T2,5
Harka Piloto\2024_AUG_HPFS_D\2024_AUG_HPFS_D_T2\GOPR5396.JPG,Harka Piloto\2024_AUG_HPFS_D\2024_AUG_HPFS_D_T2\GOPR5396\Coral3.JPG,3,0.6836,Harka Piloto D,T2,5
Harka Piloto\2024_AUG_HPFS_D\2024_AUG_HPFS_D_T2\GOPR5382.JPG,Harka Piloto\2024_AUG_HPFS_D\2024_AUG_HPFS_D_T2\GOPR5382\Coral15.JPG,15,0.2192,Harka Piloto D,T2,5
Harka Piloto\2024_AUG_HPFS_D\2024_AUG_HPFS_D_T2\GOPR5397.JPG,Harka Piloto\2024_AUG_HPFS_D\2024_AUG_HPFS_D_T2\GOPR5397\Coral27.JPG,27,0.1882,Harka Piloto D,T2,5
Harka Piloto\2024_AUG_HPFS_D\2024_AUG_HPFS_D_T2\GOPR5350.JPG,Harka Piloto\2024_AUG_HPFS_D\2024_AUG_HPFS_D_T2\GOPR5350\Coral34.JPG,34,0.2423,Harka Piloto D,T2,5
Harka Piloto\2024_HPFS_JUL_D\HP_D_T2\GOPR3637.JPG,Harka Piloto\2024_HPFS_JUL_D\HP_D_T2\GOPR3637\Coral35.JPG,35,0.1683,Harka Piloto D,T2,5
Harka Piloto\2024_AUG_HPFS_D\2024_AUG_HPFS_D_T2\GOPR5372.JPG,Harka Piloto\2024_AUG_HPFS_D\2024_AUG_HPFS_D_T2\GOPR5372\Coral9.JPG,9,0.6544,Harka Piloto D,T2,5
Harka Piloto\2024_HPFS_JUL_D\HP_D_T2\GOPR3630.JPG,Harka Piloto\2024_HPFS_JUL_D\HP_D_T2\GOPR3630\Coral15.JPG,15,0.3931,Harka Piloto D,T2,5
Harka Piloto\2024_HPFS_JUL_D\HP_D_T2\GOPR3642.JPG,Harka Piloto\2024_HPFS_JUL_D\HP_D_T2\GOPR3642\Coral44.JPG,44,0.2437,Harka Piloto D,T2,5
Harka Piloto\2024_AUG_HPFS_D\2024_AUG_HPFS_D_T2\GOPR5357.JPG,Harka Piloto\2024_AUG_HPFS_D\2024_AUG_HPFS_D_T2\GOPR5357\Coral68.JPG,68,0.1972,Harka Piloto D,T2,5
Harka Piloto\2024_HPFS_JUL_D\HP_D_T2\GOPR3641.JPG,Harka Piloto\2024_HPFS_JUL_D\HP_D_T2\GOPR3641\Coral22.JPG,22,0.4687,Harka Piloto D,T2,5
Harka Piloto\2024_AUG_HPFS_D\2024_AUG_HPFS_D_T2\GOPR5379.JPG,Harka Piloto\2024_AUG_HPFS_D\2024_AUG_HPFS_D_T2\GOPR5379\Coral33.JPG,33,0.2026,Harka Piloto D,T2,5
Harka Piloto\2024_HPFS_JUL_D\HP_D_T2\GOPR3618.JPG,Harka Piloto\2024_HPFS_JUL_D\HP_D_T2\GOPR3618\Coral8.JPG,8,0.6798,Harka Piloto D,T2,5
Harka Piloto\2024_AUG_HPFS_D\2024_AUG_HPFS_D_T2\GOPR5366.JPG,Harka Piloto\2024_AUG_HPFS_D\2024_AUG_HPFS_D_T2\GOPR5366\Coral21.JPG,21,0.2928,Harka Piloto D,T2,5
Harka Piloto\2024_AUG_HPFS_D\2024_AUG_HPFS_D_T2\GOPR5381.JPG,Harka Piloto\2024_AUG_HPFS_D\2024_AUG_HPFS_D_T2\GOPR5381\Coral18.JPG,18,0.1876,Harka Piloto D,T2,5
Harka Piloto\2024_AUG_HPFS_D\2024_AUG_HPFS_D_T2\GOPR5368.JPG,Harka Piloto\2024_AUG_HPFS_D\2024_AUG_HPFS_D_T2\GOPR5368\Coral39.JPG,39,0.2146,Harka Piloto D,T2,5
Harka Piloto\2024_HPFS_JUL_D\HP_D_T2\GOPR3652.JPG,Harka Piloto\2024_HPFS_JUL_D\HP_D_T2\GOPR3652\Coral6.JPG,6,0.3553,Harka Piloto D,T2,5
Harka Piloto\2024_AUG_HPFS_D\2024_AUG_HPFS_D_T2\GOPR5396.JPG,Harka Piloto\2024_AUG_HPFS_D\2024_AUG_HPFS_D_T2\GOPR5396\Coral15.JPG,15,0.2463,Harka Piloto D,T2,5
Harka Piloto\2024_HPFS_JUL_D\HP_D_T2\GOPR3661.JPG,Harka Piloto\2024_HPFS_JUL_D\HP_D_T2\GOPR3661\Coral69.JPG,69,0.1553,Harka Piloto D,T2,5
Harka Piloto\2024_AUG_HPFS_D\2024_AUG_HPFS_D_T2\GOPR5350.JPG,Harka Piloto\2024_AUG_HPFS_D\2024_AUG_HPFS_D_T2\GOPR5350\Coral26.JPG,26,0.3524,Harka Piloto D,T2,5
Harka Piloto\2024_HPFS_JUL_D\HP_D_T2\GOPR3645.JPG,Harka Piloto\2024_HPFS_JUL_D\HP_D_T2\GOPR3645\Coral23.JPG,23,0.4685,Harka Piloto D,T2,5
Harka Piloto\2024_HPFS_JUL_D\HP_D_T2\GOPR3634.JPG,Harka Piloto\2024_HPFS_JUL_D\HP_D_T2\GOPR3634\Coral33.JPG,33,0.1703,Harka Piloto D,T2,5
Harka Piloto\2024_HPFS_JUL_D\HP_D_T2\GOPR3626.JPG,Harka Piloto\2024_HPFS_JUL_D\HP_D_T2\GOPR3626\Coral47.JPG,47,0.335,Harka Piloto D,T2,5
Harka Piloto\2024_HPFS_JUL_D\HP_D_T2\GOPR3664.JPG,Harka Piloto\2024_HPFS_JUL_D\HP_D_T2\GOPR3664\Coral23.JPG,23,0.2174,Harka Piloto D,T2,5
Harka Piloto\2024_HPFS_JUL_D\HP_D_T2\GOPR3621.JPG,Harka Piloto\2024_HPFS_JUL_D\HP_D_T2\GOPR3621\Coral24.JPG,24,0.2733,Harka Piloto D,T2,5
Harka Piloto\2024_AUG_HPFS_D\2024_AUG_HPFS_D_T2\GOPR5376.JPG,Harka Piloto\2024_AUG_HPFS_D\2024_AUG_HPFS_D_T2\GOPR5376\Coral18.JPG,18,0.2828,Harka Piloto D,T2,5
Harka Piloto\2024_AUG_HPFS_D\2024_AUG_HPFS_D_T2\GOPR5373.JPG,Harka Piloto\2024_AUG_HPFS_D\2024_AUG_HPFS_D_T2\GOPR5373\Coral17.JPG,17,0.3818,Harka Piloto D,T2,5
Harka Piloto\2024_AUG_HPFS_D\2024_AUG_HPFS_D_T2\GOPR5375.JPG,Harka Piloto\2024_AUG_HPFS_D\2024_AUG_HPFS_D_T2\GOPR5375\Coral23.JPG,23,0.2059,Harka Piloto D,T2,5
Harka Piloto\2024_HPFS_JUL_D\HP_D_T2\GOPR3641.JPG,Harka Piloto\2024_HPFS_JUL_D\HP_D_T2\GOPR3641\Coral11.JPG,11,0.5451,Harka Piloto D,T2,5
Harka Piloto\2024_HPFS_JUL_D\HP_D_T2\GOPR3657.JPG,Harka Piloto\2024_HPFS_JUL_D\HP_D_T2\GOPR3657\Coral15.JPG,15,0.1824,Harka Piloto D,T2,5
Harka Piloto\2024_HPFS_JUL_D\HP_D_T2\GOPR3650.JPG,Harka Piloto\2024_HPFS_JUL_D\HP_D_T2\GOPR3650\Coral29.JPG,29,0.2956,Harka Piloto D,T2,5
Harka Piloto\2024_HPFS_JUL_D\HP_D_T2\GOPR3633.JPG,Harka Piloto\2024_HPFS_JUL_D\HP_D_T2\GOPR3633\Coral18.JPG,18,0.3869,Harka Piloto D,T2,5
Harka Piloto\2024_AUG_HPFS_D\2024_AUG_HPFS_D_T2\GOPR5370.JPG,Harka Piloto\2024_AUG_HPFS_D\2024_AUG_HPFS_D_T2\GOPR5370\Coral37.JPG,37,0.2771,Harka Piloto D,T2,5
Harka Piloto\2024_AUG_HPFS_D\2024_AUG_HPFS_D_T2\GOPR5387.JPG,Harka Piloto\2024_AUG_HPFS_D\2024_AUG_HPFS_D_T2\GOPR5387\Coral3.JPG,3,0.5987,Harka Piloto D,T2,5
Harka Piloto\2024_HPFS_JUL_D\HP_D_T2\GOPR3647.JPG,Harka Piloto\2024_HPFS_JUL_D\HP_D_T2\GOPR3647\Coral2.JPG,2,0.7133,Harka Piloto D,T2,5
Harka Piloto\2024_AUG_HPFS_D\2024_AUG_HPFS_D_T2\GOPR5395.JPG,Harka Piloto\2024_AUG_HPFS_D\2024_AUG_HPFS_D_T2\GOPR5395\Coral5.JPG,5,0.5434,Harka Piloto D,T2,5
Harka Piloto\2024_AUG_HPFS_D\2024_AUG_HPFS_D_T2\GOPR5368.JPG,Harka Piloto\2024_AUG_HPFS_D\2024_AUG_HPFS_D_T2\GOPR5368\Coral22.JPG,22,0.425,Harka Piloto D,T2,5
Harka Piloto\2024_AUG_HPFS_D\2024_AUG_HPFS_D_T2\GOPR5374.JPG,Harka Piloto\2024_AUG_HPFS_D\2024_AUG_HPFS_D_T2\GOPR5374\Coral67.JPG,67,0.1518,Harka Piloto D,T2,5
Harka Piloto\2024_AUG_HPFS_D\2024_AUG_HPFS_D_T2\GOPR5377.JPG,Harka Piloto\2024_AUG_HPFS_D\2024_AUG_HPFS_D_T2\GOPR5377\Coral26.JPG,26,0.1511,Harka Piloto D,T2,5
Harka Piloto\2024_AUG_HPFS_D\2024_AUG_HPFS_D_T2\GOPR5355.JPG,Harka Piloto\2024_AUG_HPFS_D\2024_AUG_HPFS_D_T2\GOPR5355\Coral17.JPG,17,0.386,Harka Piloto D,T2,5
Harka Piloto\2024_AUG_HPFS_D\2024_AUG_HPFS_D_T2\GOPR5393.JPG,Harka Piloto\2024_AUG_HPFS_D\2024_AUG_HPFS_D_T2\GOPR5393\Coral18.JPG,18,0.3454,Harka Piloto D,T2,5
Harka Piloto\2024_HPFS_JUL_D\HP_D_T2\GOPR3643.JPG,Harka Piloto\2024_HPFS_JUL_D\HP_D_T2\GOPR3643\Coral47.JPG,47,0.2281,Harka Piloto D,T2,5
Harka Piloto\2024_HPFS_JUL_D\HP_D_T2\GOPR3653.JPG,Harka Piloto\2024_HPFS_JUL_D\HP_D_T2\GOPR3653\Coral38.JPG,38,0.1561,Harka Piloto D,T2,5
Harka Piloto\2024_HPFS_JUL_D\HP_D_T2\GOPR3630.JPG,Harka Piloto\2024_HPFS_JUL_D\HP_D_T2\GOPR3630\Coral28.JPG,28,0.1912,Harka Piloto D,T2,5
Harka Piloto\2024_HPFS_JUL_D\HP_D_T2\GOPR3636.JPG,Harka Piloto\2024_HPFS_JUL_D\HP_D_T2\GOPR3636\Coral30.JPG,30,0.3335,Harka Piloto D,T2,5
Harka Piloto\2024_HPFS_JUL_D\HP_D_T2\GOPR3640.JPG,Harka Piloto\2024_HPFS_JUL_D\HP_D_T2\GOPR3640\Coral22.JPG,22,0.2393,Harka Piloto D,T2,5
Harka Piloto\2024_HPFS_JUL_D\HP_D_T2\GOPR3619.JPG,Harka Piloto\2024_HPFS_JUL_D\HP_D_T2\GOPR3619\Coral24.JPG,24,0.4524,Harka Piloto D,T2,5
Harka Piloto\2024_AUG_HPFS_D\2024_AUG_HPFS_D_T2\GOPR5351.JPG,Harka Piloto\2024_AUG_HPFS_D\2024_AUG_HPFS_D_T2\GOPR5351\Coral21.JPG,21,0.3817,Harka Piloto D,T2,5
Harka Piloto\2024_HPFS_JUL_D\HP_D_T2\GOPR3644.JPG,Harka Piloto\2024_HPFS_JUL_D\HP_D_T2\GOPR3644\Coral7.JPG,7,0.6013,Harka Piloto D,T2,5
Harka Piloto\2024_HPFS_JUL_D\HP_D_T2\GOPR3626.JPG,Harka Piloto\2024_HPFS_JUL_D\HP_D_T2\GOPR3626\Coral25.JPG,25,0.4993,Harka Piloto D,T2,5
Harka Piloto\2024_AUG_HPFS_D\2024_AUG_HPFS_D_T2\GOPR5360.JPG,Harka Piloto\2024_AUG_HPFS_D\2024_AUG_HPFS_D_T2\GOPR5360\Coral25.JPG,25,0.3988,Harka Piloto D,T2,5
Harka Piloto\2024_AUG_HPFS_D\2024_AUG_HPFS_D_T2\GOPR5360.JPG,Harka Piloto\2024_AUG_HPFS_D\2024_AUG_HPFS_D_T2\GOPR5360\Coral1.JPG,1,0.7881,Harka Piloto D,T2,5
Harka Piloto\2024_AUG_HPFS_D\2024_AUG_HPFS_D_T2\GOPR5360.JPG,Harka Piloto\2024_AUG_HPFS_D\2024_AUG_HPFS_D_T2\GOPR5360\Coral31.JPG,31,0.2655,Harka Piloto D,T2,5
Harka Piloto\2024_AUG_HPFS_D\2024_AUG_HPFS_D_T2\GOPR5360.JPG,Harka Piloto\2024_AUG_HPFS_D\2024_AUG_HPFS_D_T2\GOPR5360\Coral39.JPG,39,0.1777,Harka Piloto D,T2,5
Harka Piloto\2024_AUG_HPFS_D\2024_AUG_HPFS_D_T2\GOPR5360.JPG,Harka Piloto\2024_AUG_HPFS_D\2024_AUG_HPFS_D_T2\GOPR5360\Coral4.JPG,4,0.7762,Harka Piloto D,T2,5
Harka Piloto\2024_AUG_HPFS_D\2024_AUG_HPFS_D_T2\GOPR5360.JPG,Harka Piloto\2024_AUG_HPFS_D\2024_AUG_HPFS_D_T2\GOPR5360\Coral38.JPG,38,0.1779,Harka Piloto D,T2,5
Harka Piloto\2024_AUG_HPFS_D\2024_AUG_HPFS_D_T2\GOPR5360.JPG,Harka Piloto\2024_AUG_HPFS_D\2024_AUG_HPFS_D_T2\GOPR5360\Coral19.JPG,19,0.433,Harka Piloto D,T2,5
Harka Piloto\2024_AUG_HPFS_D\2024_AUG_HPFS_D_T2\GOPR5360.JPG,Harka Piloto\2024_AUG_HPFS_D\2024_AUG_HPFS_D_T2\GOPR5360\Coral10.JPG,10,0.6352,Harka Piloto D,T2,5
Harka Piloto\2024_AUG_HPFS_D\2024_AUG_HPFS_D_T2\GOPR5360.JPG,Harka Piloto\2024_AUG_HPFS_D\2024_AUG_HPFS_D_T2\GOPR5360\Coral7.JPG,7,0.7466,Harka Piloto D,T2,5
Harka Piloto\2024_HPFS_JUL_D\HP_D_T2\GOPR3621.JPG,Harka Piloto\2024_HPFS_JUL_D\HP_D_T2\GOPR3621\Coral28.JPG,28,0.2412,Harka Piloto D,T2,5
Harka Piloto\2024_HPFS_JUL_D\HP_D_T2\GOPR3621.JPG,Harka Piloto\2024_HPFS_JUL_D\HP_D_T2\GOPR3621\Coral25.JPG,25,0.2721,Harka Piloto D,T2,5
Harka Piloto\2024_HPFS_JUL_D\HP_D_T2\GOPR3621.JPG,Harka Piloto\2024_HPFS_JUL_D\HP_D_T2\GOPR3621\Coral17.JPG,17,0.3153,Harka Piloto D,T2,5
Harka Piloto\2024_HPFS_JUL_D\HP_D_T2\GOPR3621.JPG,Harka Piloto\2024_HPFS_JUL_D\HP_D_T2\GOPR3621\Coral21.JPG,21,0.2932,Harka Piloto D,T2,5
Harka Piloto\2024_HPFS_JUL_D\HP_D_T2\GOPR3621.JPG,Harka Piloto\2024_HPFS_JUL_D\HP_D_T2\GOPR3621\Coral27.JPG,27,0.2414,Harka Piloto D,T2,5
Harka Piloto\2024_HPFS_JUL_D\HP_D_T2\GOPR3621.JPG,Harka Piloto\2024_HPFS_JUL_D\HP_D_T2\GOPR3621\Coral13.JPG,13,0.3833,Harka Piloto D,T2,5
Harka Piloto\2024_HPFS_JUL_D\HP_D_T2\GOPR3621.JPG,Harka Piloto\2024_HPFS_JUL_D\HP_D_T2\GOPR3621\Coral8.JPG,8,0.4477,Harka Piloto D,T2,5
Harka Piloto\2024_AUG_HPFS_D\2024_AUG_HPFS_D_T2\GOPR5376.JPG,Harka Piloto\2024_AUG_HPFS_D\2024_AUG_HPFS_D_T2\GOPR5376\Coral24.JPG,24,0.2351,Harka Piloto D,T2,5
Harka Piloto\2024_AUG_HPFS_D\2024_AUG_HPFS_D_T2\GOPR5376.JPG,Harka Piloto\2024_AUG_HPFS_D\2024_AUG_HPFS_D_T2\GOPR5376\Coral11.JPG,11,0.3925,Harka Piloto D,T2,5
Harka Piloto\2024_AUG_HPFS_D\2024_AUG_HPFS_D_T2\GOPR5376.JPG,Harka Piloto\2024_AUG_HPFS_D\2024_AUG_HPFS_D_T2\GOPR5376\Coral4.JPG,4,0.4786,Harka Piloto D,T2,5
Harka Piloto\2024_AUG_HPFS_D\2024_AUG_HPFS_D_T2\GOPR5376.JPG,Harka Piloto\2024_AUG_HPFS_D\2024_AUG_HPFS_D_T2\GOPR5376\Coral31.JPG,31,0.1596,Harka Piloto D,T2,5
Harka Piloto\2024_AUG_HPFS_D\2024_AUG_HPFS_D_T2\GOPR5376.JPG,Harka Piloto\2024_AUG_HPFS_D\2024_AUG_HPFS_D_T2\GOPR5376\Coral20.JPG,20,0.2746,Harka Piloto D,T2,5
Harka Piloto\2024_AUG_HPFS_D\2024_AUG_HPFS_D_T2\GOPR5376.JPG,Harka Piloto\2024_AUG_HPFS_D\2024_AUG_HPFS_D_T2\GOPR5376\Coral23.JPG,23,0.2527,Harka Piloto D,T2,5
Harka Piloto\2024_AUG_HPFS_D\2024_AUG_HPFS_D_T2\GOPR5376.JPG,Harka Piloto\2024_AUG_HPFS_D\2024_AUG_HPFS_D_T2\GOPR5376\Coral12.JPG,12,0.3924,Harka Piloto D,T2,5
Harka Piloto\2024_AUG_HPFS_D\2024_AUG_HPFS_D_T2\GOPR5376.JPG,Harka Piloto\2024_AUG_HPFS_D\2024_AUG_HPFS_D_T2\GOPR5376\Coral7.JPG,7,0.4386,Harka Piloto D,T2,5
Harka Piloto\2024_AUG_HPFS_D\2024_AUG_HPFS_D_T2\GOPR5373.JPG,Harka Piloto\2024_AUG_HPFS_D\2024_AUG_HPFS_D_T2\GOPR5373\Coral4.JPG,4,0.6771,Harka Piloto D,T2,5
Harka Piloto\2024_AUG_HPFS_D\2024_AUG_HPFS_D_T2\GOPR5373.JPG,Harka Piloto\2024_AUG_HPFS_D\2024_AUG_HPFS_D_T2\GOPR5373\Coral15.JPG,15,0.4118,Harka Piloto D,T2,5
Harka Piloto\2024_AUG_HPFS_D\2024_AUG_HPFS_D_T2\GOPR5365.JPG,Harka Piloto\2024_AUG_HPFS_D\2024_AUG_HPFS_D_T2\GOPR5365\Coral3.JPG,3,0.7038,Harka Piloto D,T2,5
Harka Piloto\2024_AUG_HPFS_D\2024_AUG_HPFS_D_T2\GOPR5365.JPG,Harka Piloto\2024_AUG_HPFS_D\2024_AUG_HPFS_D_T2\GOPR5365\Coral19.JPG,19,0.2864,Harka Piloto D,T2,5
Harka Piloto\2024_AUG_HPFS_D\2024_AUG_HPFS_D_T2\GOPR5365.JPG,Harka Piloto\2024_AUG_HPFS_D\2024_AUG_HPFS_D_T2\GOPR5365\Coral24.JPG,24,0.1783,Harka Piloto D,T2,5
Harka Piloto\2024_AUG_HPFS_D\2024_AUG_HPFS_D_T2\GOPR5365.JPG,Harka Piloto\2024_AUG_HPFS_D\2024_AUG_HPFS_D_T2\GOPR5365\Coral1.JPG,1,0.8505,Harka Piloto D,T2,5
Harka Piloto\2024_AUG_HPFS_D\2024_AUG_HPFS_D_T2\GOPR5365.JPG,Harka Piloto\2024_AUG_HPFS_D\2024_AUG_HPFS_D_T2\GOPR5365\Coral5.JPG,5,0.6308,Harka Piloto D,T2,5
Harka Piloto\2024_AUG_HPFS_D\2024_AUG_HPFS_D_T2\GOPR5389.JPG,Harka Piloto\2024_AUG_HPFS_D\2024_AUG_HPFS_D_T2\GOPR5389\Coral9.JPG,9,0.405,Harka Piloto D,T2,5
Harka Piloto\2024_AUG_HPFS_D\2024_AUG_HPFS_D_T2\GOPR5389.JPG,Harka Piloto\2024_AUG_HPFS_D\2024_AUG_HPFS_D_T2\GOPR5389\Coral5.JPG,5,0.5388,Harka Piloto D,T2,5
Harka Piloto\2024_AUG_HPFS_D\2024_AUG_HPFS_D_T2\GOPR5389.JPG,Harka Piloto\2024_AUG_HPFS_D\2024_AUG_HPFS_D_T2\GOPR5389\Coral4.JPG,4,0.5401,Harka Piloto D,T2,5
Harka Piloto\2024_AUG_HPFS_D\2024_AUG_HPFS_D_T2\GOPR5389.JPG,Harka Piloto\2024_AUG_HPFS_D\2024_AUG_HPFS_D_T2\GOPR5389\Coral11.JPG,11,0.3661,Harka Piloto D,T2,5
Harka Piloto\2024_AUG_HPFS_D\2024_AUG_HPFS_D_T2\GOPR5389.JPG,Harka Piloto\2024_AUG_HPFS_D\2024_AUG_HPFS_D_T2\GOPR5389\Coral14.JPG,14,0.3243,Harka Piloto D,T2,5
Harka Piloto\2024_AUG_HPFS_D\2024_AUG_HPFS_D_T2\GOPR5389.JPG,Harka Piloto\2024_AUG_HPFS_D\2024_AUG_HPFS_D_T2\GOPR5389\Coral2.JPG,2,0.6104,Harka Piloto D,T2,5
Harka Piloto\2024_AUG_HPFS_D\2024_AUG_HPFS_D_T2\GOPR5375.JPG,Harka Piloto\2024_AUG_HPFS_D\2024_AUG_HPFS_D_T2\GOPR5375\Coral29.JPG,29,0.1677,Harka Piloto D,T2,5
Harka Piloto\2024_AUG_HPFS_D\2024_AUG_HPFS_D_T2\GOPR5375.JPG,Harka Piloto\2024_AUG_HPFS_D\2024_AUG_HPFS_D_T2\GOPR5375\Coral20.JPG,20,0.2211,Harka Piloto D,T2,5
Harka Piloto\2024_AUG_HPFS_D\2024_AUG_HPFS_D_T2\GOPR5375.JPG,Harka Piloto\2024_AUG_HPFS_D\2024_AUG_HPFS_D_T2\GOPR5375\Coral4.JPG,4,0.654,Harka Piloto D,T2,5
Harka Piloto\2024_AUG_HPFS_D\2024_AUG_HPFS_D_T2\GOPR5357.JPG,Harka Piloto\2024_AUG_HPFS_D\2024_AUG_HPFS_D_T2\GOPR5357\Coral20.JPG,20,0.523,Harka Piloto D,T2,5
Harka Piloto\2024_AUG_HPFS_D\2024_AUG_HPFS_D_T2\GOPR5357.JPG,Harka Piloto\2024_AUG_HPFS_D\2024_AUG_HPFS_D_T2\GOPR5357\Coral31.JPG,31,0.391,Harka Piloto D,T2,5
Harka Piloto\2024_AUG_HPFS_D\2024_AUG_HPFS_D_T2\GOPR5357.JPG,Harka Piloto\2024_AUG_HPFS_D\2024_AUG_HPFS_D_T2\GOPR5357\Coral44.JPG,44,0.2965,Harka Piloto D,T2,5
Harka Piloto\2024_AUG_HPFS_D\2024_AUG_HPFS_D_T2\GOPR5357.JPG,Harka Piloto\2024_AUG_HPFS_D\2024_AUG_HPFS_D_T2\GOPR5357\Coral71.JPG,71,0.1904,Harka Piloto D,T2,5
Harka Piloto\2024_AUG_HPFS_D\2024_AUG_HPFS_D_T2\GOPR5357.JPG,Harka Piloto\2024_AUG_HPFS_D\2024_AUG_HPFS_D_T2\GOPR5357\Coral37.JPG,37,0.3555,Harka Piloto D,T2,5
Harka Piloto\2024_AUG_HPFS_D\2024_AUG_HPFS_D_T2\GOPR5357.JPG,Harka Piloto\2024_AUG_HPFS_D\2024_AUG_HPFS_D_T2\GOPR5357\Coral22.JPG,22,0.5029,Harka Piloto D,T2,5
Harka Piloto\2024_AUG_HPFS_D\2024_AUG_HPFS_D_T2\GOPR5357.JPG,Harka Piloto\2024_AUG_HPFS_D\2024_AUG_HPFS_D_T2\GOPR5357\Coral27.JPG,27,0.4461,Harka Piloto D,T2,5
Harka Piloto\2024_AUG_HPFS_D\2024_AUG_HPFS_D_T2\GOPR5357.JPG,Harka Piloto\2024_AUG_HPFS_D\2024_AUG_HPFS_D_T2\GOPR5357\Coral57.JPG,57,0.2209,Harka Piloto D,T2,5
Harka Piloto\2024_AUG_HPFS_D\2024_AUG_HPFS_D_T2\GOPR5357.JPG,Harka Piloto\2024_AUG_HPFS_D\2024_AUG_HPFS_D_T2\GOPR5357\Coral43.JPG,43,0.2973,Harka Piloto D,T2,5
Harka Piloto\2024_AUG_HPFS_D\2024_AUG_HPFS_D_T2\GOPR5357.JPG,Harka Piloto\2024_AUG_HPFS_D\2024_AUG_HPFS_D_T2\GOPR5357\Coral72.JPG,72,0.1882,Harka Piloto D,T2,5
Harka Piloto\2024_AUG_HPFS_D\2024_AUG_HPFS_D_T2\GOPR5357.JPG,Harka Piloto\2024_AUG_HPFS_D\2024_AUG_HPFS_D_T2\GOPR5357\Coral69.JPG,69,0.1933,Harka Piloto D,T2,5
Harka Piloto\2024_AUG_HPFS_D\2024_AUG_HPFS_D_T3\GOPR5431.JPG,Harka Piloto\2024_AUG_HPFS_D\2024_AUG_HPFS_D_T3\GOPR5431\Coral4.JPG,4,0.5659,Harka Piloto D,T3,5
Harka Piloto\2024_HPFS_JUL_D\HP_D_T3\GOPR3704.JPG,Harka Piloto\2024_HPFS_JUL_D\HP_D_T3\GOPR3704\Coral12.JPG,12,0.584,Harka Piloto D,T3,5
Harka Piloto\2024_AUG_HPFS_D\2024_AUG_HPFS_D_T3\GOPR5447.JPG,Harka Piloto\2024_AUG_HPFS_D\2024_AUG_HPFS_D_T3\GOPR5447\Coral28.JPG,28,0.2066,Harka Piloto D,T3,5
Harka Piloto\2024_AUG_HPFS_D\2024_AUG_HPFS_D_T3\GOPR5425.JPG,Harka Piloto\2024_AUG_HPFS_D\2024_AUG_HPFS_D_T3\GOPR5425\Coral21.JPG,21,0.3509,Harka Piloto D,T3,5
Harka Piloto\2024_HPFS_JUL_D\HP_D_T3\GOPR3677.JPG,Harka Piloto\2024_HPFS_JUL_D\HP_D_T3\GOPR3677\Coral12.JPG,12,0.4746,Harka Piloto D,T3,5
Harka Piloto\2024_HPFS_JUL_D\HP_D_T3\GOPR3711.JPG,Harka Piloto\2024_HPFS_JUL_D\HP_D_T3\GOPR3711\Coral3.JPG,3,0.6408,Harka Piloto D,T3,5
Harka Piloto\2024_HPFS_JUL_D\HP_D_T3\GOPR3717.JPG,Harka Piloto\2024_HPFS_JUL_D\HP_D_T3\GOPR3717\Coral39.JPG,39,0.469,Harka Piloto D,T3,5
Harka Piloto\2024_AUG_HPFS_D\2024_AUG_HPFS_D_T3\GOPR5437.JPG,Harka Piloto\2024_AUG_HPFS_D\2024_AUG_HPFS_D_T3\GOPR5437\Coral9.JPG,9,0.3611,Harka Piloto D,T3,5
Harka Piloto\2024_HPFS_JUL_D\HP_D_T3\GOPR3679.JPG,Harka Piloto\2024_HPFS_JUL_D\HP_D_T3\GOPR3679\Coral23.JPG,23,0.238,Harka Piloto D,T3,5
Harka Piloto\2024_HPFS_JUL_D\HP_D_T3\GOPR3691.JPG,Harka Piloto\2024_HPFS_JUL_D\HP_D_T3\GOPR3691\Coral26.JPG,26,0.3768,Harka Piloto D,T3,5
Harka Piloto\2024_HPFS_JUL_D\HP_D_T3\GOPR3706.JPG,Harka Piloto\2024_HPFS_JUL_D\HP_D_T3\GOPR3706\Coral14.JPG,14,0.353,Harka Piloto D,T3,5
Harka Piloto\2024_AUG_HPFS_D\2024_AUG_HPFS_D_T3\GOPR5438.JPG,Harka Piloto\2024_AUG_HPFS_D\2024_AUG_HPFS_D_T3\GOPR5438\Coral27.JPG,27,0.1576,Harka Piloto D,T3,5
Harka Piloto\2024_HPFS_JUL_D\HP_D_T3\GOPR3671.JPG,Harka Piloto\2024_HPFS_JUL_D\HP_D_T3\GOPR3671\Coral4.JPG,4,0.5792,Harka Piloto D,T3,5
Harka Piloto\2024_HPFS_JUL_D\HP_D_T3\GOPR3695.JPG,Harka Piloto\2024_HPFS_JUL_D\HP_D_T3\GOPR3695\Coral7.JPG,7,0.6082,Harka Piloto D,T3,5
Harka Piloto\2024_HPFS_JUL_D\HP_D_T3\GOPR3697.JPG,Harka Piloto\2024_HPFS_JUL_D\HP_D_T3\GOPR3697\Coral25.JPG,25,0.2347,Harka Piloto D,T3,5
Harka Piloto\2024_HPFS_JUL_D\HP_D_T3\GOPR3673.JPG,Harka Piloto\2024_HPFS_JUL_D\HP_D_T3\GOPR3673\Coral28.JPG,28,0.1688,Harka Piloto D,T3,5
Harka Piloto\2024_AUG_HPFS_D\2024_AUG_HPFS_D_T3\GOPR5448.JPG,Harka Piloto\2024_AUG_HPFS_D\2024_AUG_HPFS_D_T3\GOPR5448\Coral9.JPG,9,0.3547,Harka Piloto D,T3,5
Harka Piloto\2024_AUG_HPFS_D\2024_AUG_HPFS_D_T3\GOPR5444.JPG,Harka Piloto\2024_AUG_HPFS_D\2024_AUG_HPFS_D_T3\GOPR5444\Coral12.JPG,12,0.3138,Harka Piloto D,T3,5
Harka Piloto\2024_AUG_HPFS_D\2024_AUG_HPFS_D_T3\GOPR5427.JPG,Harka Piloto\2024_AUG_HPFS_D\2024_AUG_HPFS_D_T3\GOPR5427\Coral25.JPG,25,0.3912,Harka Piloto D,T3,5
Harka Piloto\2024_AUG_HPFS_D\2024_AUG_HPFS_D_T3\GOPR5446.JPG,Harka Piloto\2024_AUG_HPFS_D\2024_AUG_HPFS_D_T3\GOPR5446\Coral31.JPG,31,0.1952,Harka Piloto D,T3,5
Harka Piloto\2024_AUG_HPFS_D\2024_AUG_HPFS_D_T3\GOPR5453.JPG,Harka Piloto\2024_AUG_HPFS_D\2024_AUG_HPFS_D_T3\GOPR5453\Coral16.JPG,16,0.4958,Harka Piloto D,T3,5
Harka Piloto\2024_HPFS_JUL_D\HP_D_T3\GOPR3690.JPG,Harka Piloto\2024_HPFS_JUL_D\HP_D_T3\GOPR3690\Coral33.JPG,33,0.3472,Harka Piloto D,T3,5
Harka Piloto\2024_HPFS_JUL_D\HP_D_T3\GOPR3703.JPG,Harka Piloto\2024_HPFS_JUL_D\HP_D_T3\GOPR3703\Coral51.JPG,51,0.1578,Harka Piloto D,T3,5
Harka Piloto\2024_AUG_HPFS_D\2024_AUG_HPFS_D_T3\GOPR5450.JPG,Harka Piloto\2024_AUG_HPFS_D\2024_AUG_HPFS_D_T3\GOPR5450\Coral9.JPG,9,0.5174,Harka Piloto D,T3,5
Harka Piloto\2024_HPFS_JUL_D\HP_D_T3\GOPR3691.JPG,Harka Piloto\2024_HPFS_JUL_D\HP_D_T3\GOPR3691\Coral20.JPG,20,0.4349,Harka Piloto D,T3,5
Harka Piloto\2024_HPFS_JUL_D\HP_D_T3\GOPR3675.JPG,Harka Piloto\2024_HPFS_JUL_D\HP_D_T3\GOPR3675\Coral26.JPG,26,0.169,Harka Piloto D,T3,5
Harka Piloto\2024_HPFS_JUL_D\HP_D_T3\GOPR3706.JPG,Harka Piloto\2024_HPFS_JUL_D\HP_D_T3\GOPR3706\Coral10.JPG,10,0.3974,Harka Piloto D,T3,5
Harka Piloto\2024_HPFS_JUL_D\HP_D_T3\GOPR3714.JPG,Harka Piloto\2024_HPFS_JUL_D\HP_D_T3\GOPR3714\Coral14.JPG,14,0.4689,Harka Piloto D,T3,5
Harka Piloto\2024_HPFS_JUL_D\HP_D_T3\GOPR3707.JPG,Harka Piloto\2024_HPFS_JUL_D\HP_D_T3\GOPR3707\Coral27.JPG,27,0.1663,Harka Piloto D,T3,5
Harka Piloto\2024_HPFS_JUL_D\HP_D_T3\GOPR3671.JPG,Harka Piloto\2024_HPFS_JUL_D\HP_D_T3\GOPR3671\Coral12.JPG,12,0.4042,Harka Piloto D,T3,5
Harka Piloto\2024_AUG_HPFS_D\2024_AUG_HPFS_D_T3\GOPR5426.JPG,Harka Piloto\2024_AUG_HPFS_D\2024_AUG_HPFS_D_T3\GOPR5426\Coral35.JPG,35,0.1955,Harka Piloto D,T3,5
Harka Piloto\2024_AUG_HPFS_D\2024_AUG_HPFS_D_T3\GOPR5439.JPG,Harka Piloto\2024_AUG_HPFS_D\2024_AUG_HPFS_D_T3\GOPR5439\Coral6.JPG,6,0.2494,Harka Piloto D,T3,5
Harka Piloto\2024_HPFS_JUL_D\HP_D_T3\GOPR3699.JPG,Harka Piloto\2024_HPFS_JUL_D\HP_D_T3\GOPR3699\Coral36.JPG,36,0.2363,Harka Piloto D,T3,5
Harka Piloto\2024_HPFS_JUL_D\HP_D_T3\GOPR3670.JPG,Harka Piloto\2024_HPFS_JUL_D\HP_D_T3\GOPR3670\Coral18.JPG,18,0.48,Harka Piloto D,T3,5
Harka Piloto\2024_AUG_HPFS_D\2024_AUG_HPFS_D_T3\GOPR5447.JPG,Harka Piloto\2024_AUG_HPFS_D\2024_AUG_HPFS_D_T3\GOPR5447\Coral4.JPG,4,0.6061,Harka Piloto D,T3,5
Harka Piloto\2024_AUG_HPFS_D\2024_AUG_HPFS_D_T3\GOPR5459.JPG,Harka Piloto\2024_AUG_HPFS_D\2024_AUG_HPFS_D_T3\GOPR5459\Coral17.JPG,17,0.3935,Harka Piloto D,T3,5
Harka Piloto\2024_AUG_HPFS_D\2024_AUG_HPFS_D_T3\GOPR5427.JPG,Harka Piloto\2024_AUG_HPFS_D\2024_AUG_HPFS_D_T3\GOPR5427\Coral4.JPG,4,0.6882,Harka Piloto D,T3,5
Harka Piloto\2024_AUG_HPFS_D\2024_AUG_HPFS_D_T3\GOPR5440.JPG,Harka Piloto\2024_AUG_HPFS_D\2024_AUG_HPFS_D_T3\GOPR5440\Coral17.JPG,17,0.3464,Harka Piloto D,T3,5
Harka Piloto\2024_HPFS_JUL_D\HP_D_T3\GOPR3692.JPG,Harka Piloto\2024_HPFS_JUL_D\HP_D_T3\GOPR3692\Coral61.JPG,61,0.2281,Harka Piloto D,T3,5
Harka Piloto\2024_HPFS_JUL_D\HP_D_T3\GOPR3700.JPG,Harka Piloto\2024_HPFS_JUL_D\HP_D_T3\GOPR3700\Coral39.JPG,39,0.232,Harka Piloto D,T3,5
Harka Piloto\2024_AUG_HPFS_D\2024_AUG_HPFS_D_T3\GOPR5410.JPG,Harka Piloto\2024_AUG_HPFS_D\2024_AUG_HPFS_D_T3\GOPR5410\Coral3.JPG,3,0.4765,Harka Piloto D,T3,5
Harka Piloto\2024_AUG_HPFS_D\2024_AUG_HPFS_D_T3\GOPR5434.JPG,Harka Piloto\2024_AUG_HPFS_D\2024_AUG_HPFS_D_T3\GOPR5434\Coral4.JPG,4,0.3963,Harka Piloto D,T3,5
Harka Piloto\2024_HPFS_JUL_D\HP_D_T3\GOPR3703.JPG,Harka Piloto\2024_HPFS_JUL_D\HP_D_T3\GOPR3703\Coral10.JPG,10,0.4959,Harka Piloto D,T3,5
Harka Piloto\2024_AUG_HPFS_D\2024_AUG_HPFS_D_T3\GOPR5454.JPG,Harka Piloto\2024_AUG_HPFS_D\2024_AUG_HPFS_D_T3\GOPR5454\Coral24.JPG,24,0.2493,Harka Piloto D,T3,5
Harka Piloto\2024_HPFS_JUL_D\HP_D_T3\GOPR3679.JPG,Harka Piloto\2024_HPFS_JUL_D\HP_D_T3\GOPR3679\Coral12.JPG,12,0.356,Harka Piloto D,T3,5
Harka Piloto\2024_AUG_HPFS_D\2024_AUG_HPFS_D_T3\GOPR5450.JPG,Harka Piloto\2024_AUG_HPFS_D\2024_AUG_HPFS_D_T3\GOPR5450\Coral22.JPG,22,0.3475,Harka Piloto D,T3,5
Harka Piloto\2024_HPFS_JUL_D\HP_D_T3\GOPR3684.JPG,Harka Piloto\2024_HPFS_JUL_D\HP_D_T3\GOPR3684\Coral3.JPG,3,0.5385,Harka Piloto D,T3,5
Harka Piloto\2024_AUG_HPFS_D\2024_AUG_HPFS_D_T3\GOPR5422.JPG,Harka Piloto\2024_AUG_HPFS_D\2024_AUG_HPFS_D_T3\GOPR5422\Coral9.JPG,9,0.4376,Harka Piloto D,T3,5
Harka Piloto\2024_AUG_HPFS_D\2024_AUG_HPFS_D_T3\GOPR5423.JPG,Harka Piloto\2024_AUG_HPFS_D\2024_AUG_HPFS_D_T3\GOPR5423\Coral4.JPG,4,0.6547,Harka Piloto D,T3,5
Harka Piloto\2024_HPFS_JUL_D\HP_D_T3\GOPR3709.JPG,Harka Piloto\2024_HPFS_JUL_D\HP_D_T3\GOPR3709\Coral32.JPG,32,0.1548,Harka Piloto D,T3,5
Harka Piloto\2024_AUG_HPFS_D\2024_AUG_HPFS_D_T3\GOPR5443.JPG,Harka Piloto\2024_AUG_HPFS_D\2024_AUG_HPFS_D_T3\GOPR5443\Coral26.JPG,26,0.1954,Harka Piloto D,T3,5
Harka Piloto\2024_HPFS_JUL_D\HP_D_T3\GOPR3710.JPG,Harka Piloto\2024_HPFS_JUL_D\HP_D_T3\GOPR3710\Coral13.JPG,13,0.2784,Harka Piloto D,T3,5
Harka Piloto\2024_HPFS_JUL_D\HP_D_T3\GOPR3696.JPG,Harka Piloto\2024_HPFS_JUL_D\HP_D_T3\GOPR3696\Coral13.JPG,13,0.3312,Harka Piloto D,T3,5
Harka Piloto\2024_AUG_HPFS_D\2024_AUG_HPFS_D_T3\GOPR5441.JPG,Harka Piloto\2024_AUG_HPFS_D\2024_AUG_HPFS_D_T3\GOPR5441\Coral2.JPG,2,0.687,Harka Piloto D,T3,5
Harka Piloto\2024_HPFS_JUL_D\HP_D_T3\GOPR3678.JPG,Harka Piloto\2024_HPFS_JUL_D\HP_D_T3\GOPR3678\Coral21.JPG,21,0.2141,Harka Piloto D,T3,5
Harka Piloto\2024_HPFS_JUL_D\HP_D_T3\GOPR3671.JPG,Harka Piloto\2024_HPFS_JUL_D\HP_D_T3\GOPR3671\Coral18.JPG,18,0.3302,Harka Piloto D,T3,5
Harka Piloto\2024_HPFS_JUL_D\HP_D_T3\GOPR3695.JPG,Harka Piloto\2024_HPFS_JUL_D\HP_D_T3\GOPR3695\Coral19.JPG,19,0.3286,Harka Piloto D,T3,5
Harka Piloto\2024_AUG_HPFS_D\2024_AUG_HPFS_D_T3\GOPR5445.JPG,Harka Piloto\2024_AUG_HPFS_D\2024_AUG_HPFS_D_T3\GOPR5445\Coral15.JPG,15,0.4351,Harka Piloto D,T3,5
Harka Piloto\2024_HPFS_JUL_D\HP_D_T3\GOPR3670.JPG,Harka Piloto\2024_HPFS_JUL_D\HP_D_T3\GOPR3670\Coral15.JPG,15,0.542,Harka Piloto D,T3,5
Harka Piloto\2024_HPFS_JUL_D\HP_D_T3\GOPR3670.JPG,Harka Piloto\2024_HPFS_JUL_D\HP_D_T3\GOPR3670\Coral65.JPG,65,0.1791,Harka Piloto D,T3,5
Harka Piloto\2024_HPFS_JUL_D\HP_D_T3\GOPR3670.JPG,Harka Piloto\2024_HPFS_JUL_D\HP_D_T3\GOPR3670\Coral24.JPG,24,0.3604,Harka Piloto D,T3,5
Harka Piloto\2024_HPFS_JUL_D\HP_D_T3\GOPR3670.JPG,Harka Piloto\2024_HPFS_JUL_D\HP_D_T3\GOPR3670\Coral34.JPG,34,0.3061,Harka Piloto D,T3,5
Harka Piloto\2024_HPFS_JUL_D\HP_D_T3\GOPR3670.JPG,Harka Piloto\2024_HPFS_JUL_D\HP_D_T3\GOPR3670\Coral62.JPG,62,0.1885,Harka Piloto D,T3,5
Harka Piloto\2024_HPFS_JUL_D\HP_D_T3\GOPR3670.JPG,Harka Piloto\2024_HPFS_JUL_D\HP_D_T3\GOPR3670\Coral66.JPG,66,0.179,Harka Piloto D,T3,5
Harka Piloto\2024_HPFS_JUL_D\HP_D_T3\GOPR3670.JPG,Harka Piloto\2024_HPFS_JUL_D\HP_D_T3\GOPR3670\Coral52.JPG,52,0.2185,Harka Piloto D,T3,5
Harka Piloto\2024_HPFS_JUL_D\HP_D_T3\GOPR3670.JPG,Harka Piloto\2024_HPFS_JUL_D\HP_D_T3\GOPR3670\Coral1.JPG,1,0.7634,Harka Piloto D,T3,5
Harka Piloto\2024_HPFS_JUL_D\HP_D_T3\GOPR3670.JPG,Harka Piloto\2024_HPFS_JUL_D\HP_D_T3\GOPR3670\Coral67.JPG,67,0.1767,Harka Piloto D,T3,5
Harka Piloto\2024_HPFS_JUL_D\HP_D_T3\GOPR3673.JPG,Harka Piloto\2024_HPFS_JUL_D\HP_D_T3\GOPR3673\Coral24.JPG,24,0.1984,Harka Piloto D,T3,5
Harka Piloto\2024_HPFS_JUL_D\HP_D_T3\GOPR3673.JPG,Harka Piloto\2024_HPFS_JUL_D\HP_D_T3\GOPR3673\Coral12.JPG,12,0.3034,Harka Piloto D,T3,5
Harka Piloto\2024_HPFS_JUL_D\HP_D_T3\GOPR3673.JPG,Harka Piloto\2024_HPFS_JUL_D\HP_D_T3\GOPR3673\Coral26.JPG,26,0.1813,Harka Piloto D,T3,5
Harka Piloto\2024_HPFS_JUL_D\HP_D_T3\GOPR3673.JPG,Harka Piloto\2024_HPFS_JUL_D\HP_D_T3\GOPR3673\Coral23.JPG,23,0.2036,Harka Piloto D,T3,5
Harka Piloto\2024_AUG_HPFS_D\2024_AUG_HPFS_D_T3\GOPR5431.JPG,Harka Piloto\2024_AUG_HPFS_D\2024_AUG_HPFS_D_T3\GOPR5431\Coral2.JPG,2,0.6349,Harka Piloto D,T3,5
Harka Piloto\2024_AUG_HPFS_D\2024_AUG_HPFS_D_T3\GOPR5431.JPG,Harka Piloto\2024_AUG_HPFS_D\2024_AUG_HPFS_D_T3\GOPR5431\Coral8.JPG,8,0.4299,Harka Piloto D,T3,5
Harka Piloto\2024_AUG_HPFS_D\2024_AUG_HPFS_D_T3\GOPR5431.JPG,Harka Piloto\2024_AUG_HPFS_D\2024_AUG_HPFS_D_T3\GOPR5431\Coral12.JPG,12,0.3118,Harka Piloto D,T3,5
Harka Piloto\2024_AUG_HPFS_D\2024_AUG_HPFS_D_T3\GOPR5431.JPG,Harka Piloto\2024_AUG_HPFS_D\2024_AUG_HPFS_D_T3\GOPR5431\Coral3.JPG,3,0.628,Harka Piloto D,T3,5
Harka Piloto\2024_AUG_HPFS_D\2024_AUG_HPFS_D_T3\GOPR5431.JPG,Harka Piloto\2024_AUG_HPFS_D\2024_AUG_HPFS_D_T3\GOPR5431\Coral14.JPG,14,0.2705,Harka Piloto D,T3,5
Harka Piloto\2024_AUG_HPFS_D\2024_AUG_HPFS_D_T3\GOPR5431.JPG,Harka Piloto\2024_AUG_HPFS_D\2024_AUG_HPFS_D_T3\GOPR5431\Coral16.JPG,16,0.2228,Harka Piloto D,T3,5
Harka Piloto\2024_AUG_HPFS_D\2024_AUG_HPFS_D_T3\GOPR5431.JPG,Harka Piloto\2024_AUG_HPFS_D\2024_AUG_HPFS_D_T3\GOPR5431\Coral17.JPG,17,0.2036,Harka Piloto D,T3,5
Harka Piloto\2024_AUG_HPFS_D\2024_AUG_HPFS_D_T3\GOPR5436.JPG,Harka Piloto\2024_AUG_HPFS_D\2024_AUG_HPFS_D_T3\GOPR5436\Coral19.JPG,19,0.2234,Harka Piloto D,T3,5
Harka Piloto\2024_AUG_HPFS_D\2024_AUG_HPFS_D_T3\GOPR5436.JPG,Harka Piloto\2024_AUG_HPFS_D\2024_AUG_HPFS_D_T3\GOPR5436\Coral2.JPG,2,0.7618,Harka Piloto D,T3,5
Harka Piloto\2024_AUG_HPFS_D\2024_AUG_HPFS_D_T3\GOPR5436.JPG,Harka Piloto\2024_AUG_HPFS_D\2024_AUG_HPFS_D_T3\GOPR5436\Coral5.JPG,5,0.6442,Harka Piloto D,T3,5
Harka Piloto\2024_AUG_HPFS_D\2024_AUG_HPFS_D_T3\GOPR5436.JPG,Harka Piloto\2024_AUG_HPFS_D\2024_AUG_HPFS_D_T3\GOPR5436\Coral20.JPG,20,0.2215,Harka Piloto D,T3,5
Harka Piloto\2024_HPFS_JUL_D\HP_D_T3\GOPR3713.JPG,Harka Piloto\2024_HPFS_JUL_D\HP_D_T3\GOPR3713\Coral26.JPG,26,0.1899,Harka Piloto D,T3,5
Harka Piloto\2024_HPFS_JUL_D\HP_D_T3\GOPR3713.JPG,Harka Piloto\2024_HPFS_JUL_D\HP_D_T3\GOPR3713\Coral31.JPG,31,0.1603,Harka Piloto D,T3,5
Harka Piloto\2024_HPFS_JUL_D\HP_D_T3\GOPR3713.JPG,Harka Piloto\2024_HPFS_JUL_D\HP_D_T3\GOPR3713\Coral16.JPG,16,0.2841,Harka Piloto D,T3,5
Harka Piloto\2024_HPFS_JUL_D\HP_D_T3\GOPR3713.JPG,Harka Piloto\2024_HPFS_JUL_D\HP_D_T3\GOPR3713\Coral18.JPG,18,0.2515,Harka Piloto D,T3,5
Harka Piloto\2024_HPFS_JUL_D\HP_D_T3\GOPR3713.JPG,Harka Piloto\2024_HPFS_JUL_D\HP_D_T3\GOPR3713\Coral27.JPG,27,0.1805,Harka Piloto D,T3,5
Harka Piloto\2024_HPFS_JUL_D\HP_D_T3\GOPR3713.JPG,Harka Piloto\2024_HPFS_JUL_D\HP_D_T3\GOPR3713\Coral29.JPG,29,0.1718,Harka Piloto D,T3,5
Harka Piloto\2024_HPFS_JUL_D\HP_D_T3\GOPR3713.JPG,Harka Piloto\2024_HPFS_JUL_D\HP_D_T3\GOPR3713\Coral1.JPG,1,0.7744,Harka Piloto D,T3,5
Harka Piloto\2024_HPFS_JUL_D\HP_D_T3\GOPR3683.JPG,Harka Piloto\2024_HPFS_JUL_D\HP_D_T3\GOPR3683\Coral48.JPG,48,0.2128,Harka Piloto D,T3,5
Harka Piloto\2024_HPFS_JUL_D\HP_D_T3\GOPR3683.JPG,Harka Piloto\2024_HPFS_JUL_D\HP_D_T3\GOPR3683\Coral41.JPG,41,0.2462,Harka Piloto D,T3,5
Harka Piloto\2024_HPFS_JUL_D\HP_D_T3\GOPR3683.JPG,Harka Piloto\2024_HPFS_JUL_D\HP_D_T3\GOPR3683\Coral45.JPG,45,0.222,Harka Piloto D,T3,5
Harka Piloto\2024_HPFS_JUL_D\HP_D_T3\GOPR3683.JPG,Harka Piloto\2024_HPFS_JUL_D\HP_D_T3\GOPR3683\Coral5.JPG,5,0.6506,Harka Piloto D,T3,5
Harka Piloto\2024_HPFS_JUL_D\HP_D_T3\GOPR3683.JPG,Harka Piloto\2024_HPFS_JUL_D\HP_D_T3\GOPR3683\Coral39.JPG,39,0.2668,Harka Piloto D,T3,5
Harka Piloto\2024_HPFS_JUL_D\HP_D_T3\GOPR3683.JPG,Harka Piloto\2024_HPFS_JUL_D\HP_D_T3\GOPR3683\Coral55.JPG,55,0.1628,Harka Piloto D,T3,5
Harka Piloto\2024_HPFS_JUL_D\HP_D_T3\GOPR3683.JPG,Harka Piloto\2024_HPFS_JUL_D\HP_D_T3\GOPR3683\Coral24.JPG,24,0.3835,Harka Piloto D,T3,5
Harka Piloto\2024_HPFS_JUL_D\HP_D_T3\GOPR3683.JPG,Harka Piloto\2024_HPFS_JUL_D\HP_D_T3\GOPR3683\Coral43.JPG,43,0.2358,Harka Piloto D,T3,5
Harka Piloto\2024_HPFS_JUL_D\HP_D_T3\GOPR3683.JPG,Harka Piloto\2024_HPFS_JUL_D\HP_D_T3\GOPR3683\Coral36.JPG,36,0.2903,Harka Piloto D,T3,5
Harka Piloto\2024_HPFS_JUL_D\HP_D_T3\GOPR3683.JPG,Harka Piloto\2024_HPFS_JUL_D\HP_D_T3\GOPR3683\Coral54.JPG,54,0.1758,Harka Piloto D,T3,5
Harka Piloto\2024_AUG_HPFS_D\2024_AUG_HPFS_D_T3\GOPR5420.JPG,Harka Piloto\2024_AUG_HPFS_D\2024_AUG_HPFS_D_T3\GOPR5420\Coral8.JPG,8,0.3093,Harka Piloto D,T3,5
Harka Piloto\2024_AUG_HPFS_D\2024_AUG_HPFS_D_T3\GOPR5420.JPG,Harka Piloto\2024_AUG_HPFS_D\2024_AUG_HPFS_D_T3\GOPR5420\Coral6.JPG,6,0.3379,Harka Piloto D,T3,5
Harka Piloto\2024_AUG_HPFS_D\2024_AUG_HPFS_D_T3\GOPR5420.JPG,Harka Piloto\2024_AUG_HPFS_D\2024_AUG_HPFS_D_T3\GOPR5420\Coral4.JPG,4,0.4412,Harka Piloto D,T3,5
Harka Piloto\2024_HPFS_JUL_D\HP_D_T3\GOPR3674.JPG,Harka Piloto\2024_HPFS_JUL_D\HP_D_T3\GOPR3674\Coral8.JPG,8,0.3004,Harka Piloto D,T3,5
Harka Piloto\2024_HPFS_JUL_D\HP_D_T3\GOPR3674.JPG,Harka Piloto\2024_HPFS_JUL_D\HP_D_T3\GOPR3674\Coral2.JPG,2,0.6705,Harka Piloto D,T3,5
Harka Piloto\2024_HPFS_JUL_D\HP_D_T3\GOPR3674.JPG,Harka Piloto\2024_HPFS_JUL_D\HP_D_T3\GOPR3674\Coral18.JPG,18,0.1979,Harka Piloto D,T3,5
Harka Piloto\2024_HPFS_JUL_D\HP_D_T3\GOPR3674.JPG,Harka Piloto\2024_HPFS_JUL_D\HP_D_T3\GOPR3674\Coral12.JPG,12,0.2593,Harka Piloto D,T3,5
Harka Piloto\2024_HPFS_JUL_D\HP_D_T3\GOPR3674.JPG,Harka Piloto\2024_HPFS_JUL_D\HP_D_T3\GOPR3674\Coral22.JPG,22,0.1686,Harka Piloto D,T3,5
Harka Piloto\2024_HPFS_JUL_D\HP_D_T3\GOPR3674.JPG,Harka Piloto\2024_HPFS_JUL_D\HP_D_T3\GOPR3674\Coral14.JPG,14,0.2362,Harka Piloto D,T3,5
Harka Piloto\2024_HPFS_JUL_D\HP_D_T3\GOPR3704.JPG,Harka Piloto\2024_HPFS_JUL_D\HP_D_T3\GOPR3704\Coral14.JPG,14,0.5475,Harka Piloto D,T3,5
Harka Piloto\2024_HPFS_JUL_D\HP_D_T3\GOPR3704.JPG,Harka Piloto\2024_HPFS_JUL_D\HP_D_T3\GOPR3704\Coral42.JPG,42,0.1694,Harka Piloto D,T3,5
Harka Piloto\2024_HPFS_JUL_D\HP_D_T3\GOPR3704.JPG,Harka Piloto\2024_HPFS_JUL_D\HP_D_T3\GOPR3704\Coral7.JPG,7,0.6875,Harka Piloto D,T3,5
Sapangan (Deep Only)\2024_AUG_SAP_D\2024_AUG_S_T1\GOPR4744.JPG,Sapangan (Deep Only)\2024_AUG_SAP_D\2024_AUG_S_T1\GOPR4744\Coral3.JPG,3,0.5507,Sapangan,T1,5
Sapangan (Deep Only)\2024_AUG_SAP_D\2024_AUG_S_T1\GOPR4757.JPG,Sapangan (Deep Only)\2024_AUG_SAP_D\2024_AUG_S_T1\GOPR4757\Coral8.JPG,8,0.2077,Sapangan,T1,5
Sapangan (Deep Only)\2024_JUL_SAP_D\SAP-D_T1\P7031646.JPG,Sapangan (Deep Only)\2024_JUL_SAP_D\SAP-D_T1\P7031646\Coral29.JPG,29,0.1919,Sapangan,T1,5
Sapangan (Deep Only)\2024_JUL_SAP_D\SAP-D_T1\P7031674.JPG,Sapangan (Deep Only)\2024_JUL_SAP_D\SAP-D_T1\P7031674\Coral17.JPG,17,0.2925,Sapangan,T1,5
Sapangan (Deep Only)\2024_JUL_SAP_D\SAP-D_T1\P7031653.JPG,Sapangan (Deep Only)\2024_JUL_SAP_D\SAP-D_T1\P7031653\Coral24.JPG,24,0.2043,Sapangan,T1,5
Sapangan (Deep Only)\2024_AUG_SAP_D\2024_AUG_S_T1\GOPR4746.JPG,Sapangan (Deep Only)\2024_AUG_SAP_D\2024_AUG_S_T1\GOPR4746\Coral14.JPG,14,0.2709,Sapangan,T1,5
Sapangan (Deep Only)\2024_AUG_SAP_D\2024_AUG_S_T1\GOPR4758.JPG,Sapangan (Deep Only)\2024_AUG_SAP_D\2024_AUG_S_T1\GOPR4758\Coral28.JPG,28,0.2732,Sapangan,T1,5
Sapangan (Deep Only)\2024_JUL_SAP_D\SAP-D_T1\P7031654.JPG,Sapangan (Deep Only)\2024_JUL_SAP_D\SAP-D_T1\P7031654\Coral7.JPG,7,0.4398,Sapangan,T1,5
Sapangan (Deep Only)\2024_JUL_SAP_D\SAP-D_T1\P7031659.JPG,Sapangan (Deep Only)\2024_JUL_SAP_D\SAP-D_T1\P7031659\Coral3.JPG,3,0.269,Sapangan,T1,5
Sapangan (Deep Only)\2024_JUL_SAP_D\SAP-D_T1\P7031668.JPG,Sapangan (Deep Only)\2024_JUL_SAP_D\SAP-D_T1\P7031668\Coral12.JPG,12,0.2669,Sapangan,T1,5
Sapangan (Deep Only)\2024_JUL_SAP_D\SAP-D_T1\P7031644.JPG,Sapangan (Deep Only)\2024_JUL_SAP_D\SAP-D_T1\P7031644\Coral8.JPG,8,0.2798,Sapangan,T1,5
Sapangan (Deep Only)\2024_AUG_SAP_D\2024_AUG_S_T1\GOPR4735.JPG,Sapangan (Deep Only)\2024_AUG_SAP_D\2024_AUG_S_T1\GOPR4735\Coral20.JPG,20,0.1554,Sapangan,T1,5
Sapangan (Deep Only)\2024_AUG_SAP_D\2024_AUG_S_T1\GOPR4745.JPG,Sapangan (Deep Only)\2024_AUG_SAP_D\2024_AUG_S_T1\GOPR4745\Coral10.JPG,10,0.2961,Sapangan,T1,5
Sapangan (Deep Only)\2024_JUL_SAP_D\SAP-D_T1\P7031678.JPG,Sapangan (Deep Only)\2024_JUL_SAP_D\SAP-D_T1\P7031678\Coral2.JPG,2,0.5799,Sapangan,T1,5
Sapangan (Deep Only)\2024_JUL_SAP_D\SAP-D_T1\P7031670.JPG,Sapangan (Deep Only)\2024_JUL_SAP_D\SAP-D_T1\P7031670\Coral4.JPG,4,0.2567,Sapangan,T1,5
Sapangan (Deep Only)\2024_JUL_SAP_D\SAP-D_T1\P7031637.JPG,Sapangan (Deep Only)\2024_JUL_SAP_D\SAP-D_T1\P7031637\Coral12.JPG,12,0.1645,Sapangan,T1,5
Sapangan (Deep Only)\2024_AUG_SAP_D\2024_AUG_S_T1\GOPR4736.JPG,Sapangan (Deep Only)\2024_AUG_SAP_D\2024_AUG_S_T1\GOPR4736\Coral16.JPG,16,0.3513,Sapangan,T1,5
Sapangan (Deep Only)\2024_JUL_SAP_D\SAP-D_T1\P7031663.JPG,Sapangan (Deep Only)\2024_JUL_SAP_D\SAP-D_T1\P7031663\Coral18.JPG,18,0.1968,Sapangan,T1,5
Sapangan (Deep Only)\2024_JUL_SAP_D\SAP-D_T1\P7031662.JPG,Sapangan (Deep Only)\2024_JUL_SAP_D\SAP-D_T1\P7031662\Coral21.JPG,21,0.2905,Sapangan,T1,5
Sapangan (Deep Only)\2024_AUG_SAP_D\2024_AUG_S_T1\GOPR4747.JPG,Sapangan (Deep Only)\2024_AUG_SAP_D\2024_AUG_S_T1\GOPR4747\Coral19.JPG,19,0.168,Sapangan,T1,5
Sapangan (Deep Only)\2024_AUG_SAP_D\2024_AUG_S_T1\GOPR4716.JPG,Sapangan (Deep Only)\2024_AUG_SAP_D\2024_AUG_S_T1\GOPR4716\Coral8.JPG,8,0.4016,Sapangan,T1,5
Sapangan (Deep Only)\2024_JUL_SAP_D\SAP-D_T1\P7031666.JPG,Sapangan (Deep Only)\2024_JUL_SAP_D\SAP-D_T1\P7031666\Coral14.JPG,14,0.1853,Sapangan,T1,5
Sapangan (Deep Only)\2024_AUG_SAP_D\2024_AUG_S_T1\GOPR4706.JPG,Sapangan (Deep Only)\2024_AUG_SAP_D\2024_AUG_S_T1\GOPR4706\Coral11.JPG,11,0.2026,Sapangan,T1,5
Sapangan (Deep Only)\2024_AUG_SAP_D\2024_AUG_S_T1\GOPR4709.JPG,Sapangan (Deep Only)\2024_AUG_SAP_D\2024_AUG_S_T1\GOPR4709\Coral7.JPG,7,0.3788,Sapangan,T1,5
Sapangan (Deep Only)\2024_AUG_SAP_D\2024_AUG_S_T1\GOPR4717.JPG,Sapangan (Deep Only)\2024_AUG_SAP_D\2024_AUG_S_T1\GOPR4717\Coral11.JPG,11,0.292,Sapangan,T1,5
Sapangan (Deep Only)\2024_AUG_SAP_D\2024_AUG_S_T1\GOPR4715.JPG,Sapangan (Deep Only)\2024_AUG_SAP_D\2024_AUG_S_T1\GOPR4715\Coral18.JPG,18,0.278,Sapangan,T1,5
Sapangan (Deep Only)\2024_JUL_SAP_D\SAP-D_T1\P7031672.JPG,Sapangan (Deep Only)\2024_JUL_SAP_D\SAP-D_T1\P7031672\Coral21.JPG,21,0.1853,Sapangan,T1,5
Sapangan (Deep Only)\2024_JUL_SAP_D\SAP-D_T1\P7031641.JPG,Sapangan (Deep Only)\2024_JUL_SAP_D\SAP-D_T1\P7031641\Coral12.JPG,12,0.4081,Sapangan,T1,5
Sapangan (Deep Only)\2024_AUG_SAP_D\2024_AUG_S_T1\GOPR4746.JPG,Sapangan (Deep Only)\2024_AUG_SAP_D\2024_AUG_S_T1\GOPR4746\Coral19.JPG,19,0.1991,Sapangan,T1,5
Sapangan (Deep Only)\2024_JUL_SAP_D\SAP-D_T1\P7031652.JPG,Sapangan (Deep Only)\2024_JUL_SAP_D\SAP-D_T1\P7031652\Coral8.JPG,8,0.3469,Sapangan,T1,5
Sapangan (Deep Only)\2024_JUL_SAP_D\SAP-D_T1\P7031655.JPG,Sapangan (Deep Only)\2024_JUL_SAP_D\SAP-D_T1\P7031655\Coral4.JPG,4,0.2067,Sapangan,T1,5
Sapangan (Deep Only)\2024_AUG_SAP_D\2024_AUG_S_T1\GOPR4726.JPG,Sapangan (Deep Only)\2024_AUG_SAP_D\2024_AUG_S_T1\GOPR4726\Coral22.JPG,22,0.2264,Sapangan,T1,5
Sapangan (Deep Only)\2024_JUL_SAP_D\SAP-D_T1\GOPR3260.JPG,Sapangan (Deep Only)\2024_JUL_SAP_D\SAP-D_T1\GOPR3260\Coral6.JPG,6,0.322,Sapangan,T1,5
Sapangan (Deep Only)\2024_JUL_SAP_D\SAP-D_T1\P7031681.JPG,Sapangan (Deep Only)\2024_JUL_SAP_D\SAP-D_T1\P7031681\Coral4.JPG,4,0.5325,Sapangan,T1,5
Sapangan (Deep Only)\2024_AUG_SAP_D\2024_AUG_S_T1\GOPR4719.JPG,Sapangan (Deep Only)\2024_AUG_SAP_D\2024_AUG_S_T1\GOPR4719\Coral11.JPG,11,0.2151,Sapangan,T1,5
Sapangan (Deep Only)\2024_JUL_SAP_D\SAP-D_T1\P7031679.JPG,Sapangan (Deep Only)\2024_JUL_SAP_D\SAP-D_T1\P7031679\Coral9.JPG,9,0.3893,Sapangan,T1,5
Sapangan (Deep Only)\2024_AUG_SAP_D\2024_AUG_S_T1\GOPR4745.JPG,Sapangan (Deep Only)\2024_AUG_SAP_D\2024_AUG_S_T1\GOPR4745\Coral3.JPG,3,0.4176,Sapangan,T1,5
Sapangan (Deep Only)\2024_AUG_SAP_D\2024_AUG_S_T1\GOPR4710.JPG,Sapangan (Deep Only)\2024_AUG_SAP_D\2024_AUG_S_T1\GOPR4710\Coral35.JPG,35,0.2742,Sapangan,T1,5
Sapangan (Deep Only)\2024_JUL_SAP_D\SAP-D_T1\P7031678.JPG,Sapangan (Deep Only)\2024_JUL_SAP_D\SAP-D_T1\P7031678\Coral10.JPG,10,0.2353,Sapangan,T1,5
Sapangan (Deep Only)\2024_JUL_SAP_D\SAP-D_T1\P7031675.JPG,Sapangan (Deep Only)\2024_JUL_SAP_D\SAP-D_T1\P7031675\Coral11.JPG,11,0.2441,Sapangan,T1,5
Sapangan (Deep Only)\2024_JUL_SAP_D\SAP-D_T1\GOPR3257.JPG,Sapangan (Deep Only)\2024_JUL_SAP_D\SAP-D_T1\GOPR3257\Coral21.JPG,21,0.1547,Sapangan,T1,5
Sapangan (Deep Only)\2024_JUL_SAP_D\SAP-D_T1\P7031639.JPG,Sapangan (Deep Only)\2024_JUL_SAP_D\SAP-D_T1\P7031639\Coral11.JPG,11,0.2965,Sapangan,T1,5
Sapangan (Deep Only)\2024_AUG_SAP_D\2024_AUG_S_T1\GOPR4753.JPG,Sapangan (Deep Only)\2024_AUG_SAP_D\2024_AUG_S_T1\GOPR4753\Coral24.JPG,24,0.1903,Sapangan,T1,5
Sapangan (Deep Only)\2024_JUL_SAP_D\SAP-D_T1\P7031668.JPG,Sapangan (Deep Only)\2024_JUL_SAP_D\SAP-D_T1\P7031668\Coral13.JPG,13,0.2611,Sapangan,T1,5
Sapangan (Deep Only)\2024_AUG_SAP_D\2024_AUG_S_T1\GOPR4738.JPG,Sapangan (Deep Only)\2024_AUG_SAP_D\2024_AUG_S_T1\GOPR4738\Coral12.JPG,12,0.2105,Sapangan,T1,5
Sapangan (Deep Only)\2024_AUG_SAP_D\2024_AUG_S_T1\GOPR4755.JPG,Sapangan (Deep Only)\2024_AUG_SAP_D\2024_AUG_S_T1\GOPR4755\Coral37.JPG,37,0.2803,Sapangan,T1,5
Sapangan (Deep Only)\2024_AUG_SAP_D\2024_AUG_S_T1\GOPR4741.JPG,Sapangan (Deep Only)\2024_AUG_SAP_D\2024_AUG_S_T1\GOPR4741\Coral17.JPG,17,0.3595,Sapangan,T1,5
Sapangan (Deep Only)\2024_AUG_SAP_D\2024_AUG_S_T1\GOPR4719.JPG,Sapangan (Deep Only)\2024_AUG_SAP_D\2024_AUG_S_T1\GOPR4719\Coral6.JPG,6,0.2764,Sapangan,T1,5
Sapangan (Deep Only)\2024_AUG_SAP_D\2024_AUG_S_T1\GOPR4733.JPG,Sapangan (Deep Only)\2024_AUG_SAP_D\2024_AUG_S_T1\GOPR4733\Coral37.JPG,37,0.2088,Sapangan,T1,5
Sapangan (Deep Only)\2024_AUG_SAP_D\2024_AUG_S_T1\GOPR4710.JPG,Sapangan (Deep Only)\2024_AUG_SAP_D\2024_AUG_S_T1\GOPR4710\Coral32.JPG,32,0.2859,Sapangan,T1,5
Sapangan (Deep Only)\2024_JUL_SAP_D\SAP-D_T1\P7031670.JPG,Sapangan (Deep Only)\2024_JUL_SAP_D\SAP-D_T1\P7031670\Coral3.JPG,3,0.3532,Sapangan,T1,5
Sapangan (Deep Only)\2024_AUG_SAP_D\2024_AUG_S_T1\GOPR4742.JPG,Sapangan (Deep Only)\2024_AUG_SAP_D\2024_AUG_S_T1\GOPR4742\Coral1.JPG,1,0.7445,Sapangan,T1,5
Sapangan (Deep Only)\2024_JUL_SAP_D\SAP-D_T1\P7031651.JPG,Sapangan (Deep Only)\2024_JUL_SAP_D\SAP-D_T1\P7031651\Coral13.JPG,13,0.2925,Sapangan,T1,5
Sapangan (Deep Only)\2024_AUG_SAP_D\2024_AUG_S_T1\GOPR4743.JPG,Sapangan (Deep Only)\2024_AUG_SAP_D\2024_AUG_S_T1\GOPR4743\Coral28.JPG,28,0.2404,Sapangan,T1,5
Sapangan (Deep Only)\2024_JUL_SAP_D\SAP-D_T1\P7031677.JPG,Sapangan (Deep Only)\2024_JUL_SAP_D\SAP-D_T1\P7031677\Coral6.JPG,6,0.3613,Sapangan,T1,5
Sapangan (Deep Only)\2024_JUL_SAP_D\SAP-D_T1\P7031656.JPG,Sapangan (Deep Only)\2024_JUL_SAP_D\SAP-D_T1\P7031656\Coral21.JPG,21,0.1587,Sapangan,T1,5
Sapangan (Deep Only)\2024_AUG_SAP_D\2024_AUG_S_T1\GOPR4720.JPG,Sapangan (Deep Only)\2024_AUG_SAP_D\2024_AUG_S_T1\GOPR4720\Coral3.JPG,3,0.2323,Sapangan,T1,5
Sapangan (Deep Only)\2024_JUL_SAP_D\SAP-D_T1\P7031640.JPG,Sapangan (Deep Only)\2024_JUL_SAP_D\SAP-D_T1\P7031640\Coral4.JPG,4,0.3107,Sapangan,T1,5
Sapangan (Deep Only)\2024_AUG_SAP_D\2024_AUG_S_T1\GOPR4716.JPG,Sapangan (Deep Only)\2024_AUG_SAP_D\2024_AUG_S_T1\GOPR4716\Coral5.JPG,5,0.5484,Sapangan,T1,5
Sapangan (Deep Only)\2024_AUG_SAP_D\2024_AUG_S_T1\GOPR4716.JPG,Sapangan (Deep Only)\2024_AUG_SAP_D\2024_AUG_S_T1\GOPR4716\Coral24.JPG,24,0.1684,Sapangan,T1,5
Sapangan (Deep Only)\2024_AUG_SAP_D\2024_AUG_S_T1\GOPR4716.JPG,Sapangan (Deep Only)\2024_AUG_SAP_D\2024_AUG_S_T1\GOPR4716\Coral7.JPG,7,0.4877,Sapangan,T1,5
Sapangan (Deep Only)\2024_AUG_SAP_D\2024_AUG_S_T1\GOPR4716.JPG,Sapangan (Deep Only)\2024_AUG_SAP_D\2024_AUG_S_T1\GOPR4716\Coral25.JPG,25,0.1545,Sapangan,T1,5
Sapangan (Deep Only)\2024_JUL_SAP_D\SAP-D_T1\P7031666.JPG,Sapangan (Deep Only)\2024_JUL_SAP_D\SAP-D_T1\P7031666\Coral11.JPG,11,0.1951,Sapangan,T1,5
Sapangan (Deep Only)\2024_JUL_SAP_D\SAP-D_T1\P7031666.JPG,Sapangan (Deep Only)\2024_JUL_SAP_D\SAP-D_T1\P7031666\Coral13.JPG,13,0.1883,Sapangan,T1,5
Sapangan (Deep Only)\2024_JUL_SAP_D\SAP-D_T1\P7031666.JPG,Sapangan (Deep Only)\2024_JUL_SAP_D\SAP-D_T1\P7031666\Coral6.JPG,6,0.3531,Sapangan,T1,5
Sapangan (Deep Only)\2024_JUL_SAP_D\SAP-D_T1\P7031666.JPG,Sapangan (Deep Only)\2024_JUL_SAP_D\SAP-D_T1\P7031666\Coral1.JPG,1,0.8287,Sapangan,T1,5
Sapangan (Deep Only)\2024_JUL_SAP_D\SAP-D_T1\P7031675.JPG,Sapangan (Deep Only)\2024_JUL_SAP_D\SAP-D_T1\P7031675\Coral21.JPG,21,0.1547,Sapangan,T1,5
Sapangan (Deep Only)\2024_JUL_SAP_D\SAP-D_T1\P7031675.JPG,Sapangan (Deep Only)\2024_JUL_SAP_D\SAP-D_T1\P7031675\Coral15.JPG,15,0.1859,Sapangan,T1,5
Sapangan (Deep Only)\2024_JUL_SAP_D\SAP-D_T1\P7031675.JPG,Sapangan (Deep Only)\2024_JUL_SAP_D\SAP-D_T1\P7031675\Coral10.JPG,10,0.2493,Sapangan,T1,5
Sapangan (Deep Only)\2024_AUG_SAP_D\2024_AUG_S_T1\GOPR4706.JPG,Sapangan (Deep Only)\2024_AUG_SAP_D\2024_AUG_S_T1\GOPR4706\Coral10.JPG,10,0.2229,Sapangan,T1,5
Sapangan (Deep Only)\2024_AUG_SAP_D\2024_AUG_S_T1\GOPR4706.JPG,Sapangan (Deep Only)\2024_AUG_SAP_D\2024_AUG_S_T1\GOPR4706\Coral12.JPG,12,0.1921,Sapangan,T1,5
Sapangan (Deep Only)\2024_AUG_SAP_D\2024_AUG_S_T1\GOPR4744.JPG,Sapangan (Deep Only)\2024_AUG_SAP_D\2024_AUG_S_T1\GOPR4744\Coral16.JPG,16,0.2537,Sapangan,T1,5
Sapangan (Deep Only)\2024_AUG_SAP_D\2024_AUG_S_T1\GOPR4744.JPG,Sapangan (Deep Only)\2024_AUG_SAP_D\2024_AUG_S_T1\GOPR4744\Coral12.JPG,12,0.2902,Sapangan,T1,5
Sapangan (Deep Only)\2024_AUG_SAP_D\2024_AUG_S_T1\GOPR4744.JPG,Sapangan (Deep Only)\2024_AUG_SAP_D\2024_AUG_S_T1\GOPR4744\Coral29.JPG,29,0.1645,Sapangan,T1,5
Sapangan (Deep Only)\2024_AUG_SAP_D\2024_AUG_S_T1\GOPR4757.JPG,Sapangan (Deep Only)\2024_AUG_SAP_D\2024_AUG_S_T1\GOPR4757\Coral3.JPG,3,0.3529,Sapangan,T1,5
Sapangan (Deep Only)\2024_AUG_SAP_D\2024_AUG_S_T1\GOPR4757.JPG,Sapangan (Deep Only)\2024_AUG_SAP_D\2024_AUG_S_T1\GOPR4757\Coral9.JPG,9,0.2076,Sapangan,T1,5
Sapangan (Deep Only)\2024_AUG_SAP_D\2024_AUG_S_T1\GOPR4757.JPG,Sapangan (Deep Only)\2024_AUG_SAP_D\2024_AUG_S_T1\GOPR4757\Coral16.JPG,16,0.1501,Sapangan,T1,5
Sapangan (Deep Only)\2024_JUL_SAP_D\SAP-D_T1\P7031673.JPG,Sapangan (Deep Only)\2024_JUL_SAP_D\SAP-D_T1\P7031673\Coral38.JPG,38,0.1763,Sapangan,T1,5
Sapangan (Deep Only)\2024_JUL_SAP_D\SAP-D_T1\P7031673.JPG,Sapangan (Deep Only)\2024_JUL_SAP_D\SAP-D_T1\P7031673\Coral27.JPG,27,0.2664,Sapangan,T1,5
Sapangan (Deep Only)\2024_JUL_SAP_D\SAP-D_T1\P7031673.JPG,Sapangan (Deep Only)\2024_JUL_SAP_D\SAP-D_T1\P7031673\Coral1.JPG,1,0.7795,Sapangan,T1,5
Sapangan (Deep Only)\2024_JUL_SAP_D\SAP-D_T1\P7031673.JPG,Sapangan (Deep Only)\2024_JUL_SAP_D\SAP-D_T1\P7031673\Coral9.JPG,9,0.5794,Sapangan,T1,5
Sapangan (Deep Only)\2024_JUL_SAP_D\SAP-D_T1\P7031673.JPG,Sapangan (Deep Only)\2024_JUL_SAP_D\SAP-D_T1\P7031673\Coral24.JPG,24,0.3449,Sapangan,T1,5
Sapangan (Deep Only)\2024_JUL_SAP_D\SAP-D_T1\P7031673.JPG,Sapangan (Deep Only)\2024_JUL_SAP_D\SAP-D_T1\P7031673\Coral42.JPG,42,0.1711,Sapangan,T1,5
Sapangan (Deep Only)\2024_JUL_SAP_D\SAP-D_T1\P7031673.JPG,Sapangan (Deep Only)\2024_JUL_SAP_D\SAP-D_T1\P7031673\Coral36.JPG,36,0.1964,Sapangan,T1,5
Sapangan (Deep Only)\2024_JUL_SAP_D\SAP-D_T1\P7031673.JPG,Sapangan (Deep Only)\2024_JUL_SAP_D\SAP-D_T1\P7031673\Coral26.JPG,26,0.2795,Sapangan,T1,5
Sapangan (Deep Only)\2024_JUL_SAP_D\SAP-D_T1\P7031673.JPG,Sapangan (Deep Only)\2024_JUL_SAP_D\SAP-D_T1\P7031673\Coral10.JPG,10,0.5501,Sapangan,T1,5
Sapangan (Deep Only)\2024_AUG_SAP_D\2024_AUG_S_T1\GOPR4709.JPG,Sapangan (Deep Only)\2024_AUG_SAP_D\2024_AUG_S_T1\GOPR4709\Coral16.JPG,16,0.1943,Sapangan,T1,5
Sapangan (Deep Only)\2024_AUG_SAP_D\2024_AUG_S_T1\GOPR4709.JPG,Sapangan (Deep Only)\2024_AUG_SAP_D\2024_AUG_S_T1\GOPR4709\Coral6.JPG,6,0.3919,Sapangan,T1,5
Sapangan (Deep Only)\2024_AUG_SAP_D\2024_AUG_S_T1\GOPR4709.JPG,Sapangan (Deep Only)\2024_AUG_SAP_D\2024_AUG_S_T1\GOPR4709\Coral24.JPG,24,0.1576,Sapangan,T1,5
Sapangan (Deep Only)\2024_AUG_SAP_D\2024_AUG_S_T1\GOPR4709.JPG,Sapangan (Deep Only)\2024_AUG_SAP_D\2024_AUG_S_T1\GOPR4709\Coral1.JPG,1,0.6047,Sapangan,T1,5
Sapangan (Deep Only)\2024_AUG_SAP_D\2024_AUG_S_T1\GOPR4709.JPG,Sapangan (Deep Only)\2024_AUG_SAP_D\2024_AUG_S_T1\GOPR4709\Coral13.JPG,13,0.2239,Sapangan,T1,5
Sapangan (Deep Only)\2024_AUG_SAP_D\2024_AUG_S_T1\GOPR4709.JPG,Sapangan (Deep Only)\2024_AUG_SAP_D\2024_AUG_S_T1\GOPR4709\Coral20.JPG,20,0.1718,Sapangan,T1,5
Sapangan (Deep Only)\2024_AUG_SAP_D\2024_AUG_S_T1\GOPR4709.JPG,Sapangan (Deep Only)\2024_AUG_SAP_D\2024_AUG_S_T1\GOPR4709\Coral21.JPG,21,0.1713,Sapangan,T1,5
Sapangan (Deep Only)\2024_AUG_SAP_D\2024_AUG_S_T1\GOPR4709.JPG,Sapangan (Deep Only)\2024_AUG_SAP_D\2024_AUG_S_T1\GOPR4709\Coral12.JPG,12,0.2265,Sapangan,T1,5
Sapangan (Deep Only)\2024_AUG_SAP_D\2024_AUG_S_T1\GOPR4717.JPG,Sapangan (Deep Only)\2024_AUG_SAP_D\2024_AUG_S_T1\GOPR4717\Coral17.JPG,17,0.2341,Sapangan,T1,5
Sapangan (Deep Only)\2024_AUG_SAP_D\2024_AUG_S_T1\GOPR4717.JPG,Sapangan (Deep Only)\2024_AUG_SAP_D\2024_AUG_S_T1\GOPR4717\Coral10.JPG,10,0.2922,Sapangan,T1,5
Sapangan (Deep Only)\2024_AUG_SAP_D\2024_AUG_S_T1\GOPR4717.JPG,Sapangan (Deep Only)\2024_AUG_SAP_D\2024_AUG_S_T1\GOPR4717\Coral13.JPG,13,0.2663,Sapangan,T1,5
Sapangan (Deep Only)\2024_AUG_SAP_D\2024_AUG_S_T1\GOPR4717.JPG,Sapangan (Deep Only)\2024_AUG_SAP_D\2024_AUG_S_T1\GOPR4717\Coral5.JPG,5,0.4232,Sapangan,T1,5
Sapangan (Deep Only)\2024_AUG_SAP_D\2024_AUG_S_T1\GOPR4717.JPG,Sapangan (Deep Only)\2024_AUG_SAP_D\2024_AUG_S_T1\GOPR4717\Coral15.JPG,15,0.2594,Sapangan,T1,5
Sapangan (Deep Only)\2024_AUG_SAP_D\2024_AUG_S_T1\GOPR4717.JPG,Sapangan (Deep Only)\2024_AUG_SAP_D\2024_AUG_S_T1\GOPR4717\Coral9.JPG,9,0.2923,Sapangan,T1,5
Sapangan (Deep Only)\2024_AUG_SAP_D\2024_AUG_S_T1\GOPR4717.JPG,Sapangan (Deep Only)\2024_AUG_SAP_D\2024_AUG_S_T1\GOPR4717\Coral4.JPG,4,0.4608,Sapangan,T1,5
Sapangan (Deep Only)\2024_AUG_SAP_D\2024_AUG_S_T1\GOPR4717.JPG,Sapangan (Deep Only)\2024_AUG_SAP_D\2024_AUG_S_T1\GOPR4717\Coral21.JPG,21,0.1594,Sapangan,T1,5
Sapangan (Deep Only)\2024_JUL_SAP_D\SAP-D_T1\P7031661.JPG,Sapangan (Deep Only)\2024_JUL_SAP_D\SAP-D_T1\P7031661\Coral3.JPG,3,0.2264,Sapangan,T1,5
Sapangan (Deep Only)\2024_JUL_SAP_D\SAP-D_T1\P7031646.JPG,Sapangan (Deep Only)\2024_JUL_SAP_D\SAP-D_T1\P7031646\Coral6.JPG,6,0.5604,Sapangan,T1,5
Sapangan (Deep Only)\2024_JUL_SAP_D\SAP-D_T1\P7031646.JPG,Sapangan (Deep Only)\2024_JUL_SAP_D\SAP-D_T1\P7031646\Coral26.JPG,26,0.2313,Sapangan,T1,5
Sapangan (Deep Only)\2024_JUL_SAP_D\SAP-D_T1\P7031646.JPG,Sapangan (Deep Only)\2024_JUL_SAP_D\SAP-D_T1\P7031646\Coral21.JPG,21,0.27,Sapangan,T1,5
Sapangan (Deep Only)\2024_JUL_SAP_D\SAP-D_T1\P7031646.JPG,Sapangan (Deep Only)\2024_JUL_SAP_D\SAP-D_T1\P7031646\Coral22.JPG,22,0.2642,Sapangan,T1,5
Sapangan (Deep Only)\2024_JUL_SAP_D\SAP-D_T1\P7031646.JPG,Sapangan (Deep Only)\2024_JUL_SAP_D\SAP-D_T1\P7031646\Coral18.JPG,18,0.313,Sapangan,T1,5
Sapangan (Deep Only)\2024_JUL_SAP_D\SAP-D_T1\P7031646.JPG,Sapangan (Deep Only)\2024_JUL_SAP_D\SAP-D_T1\P7031646\Coral9.JPG,9,0.4966,Sapangan,T1,5
Sapangan (Deep Only)\2024_JUL_SAP_D\SAP-D_T1\P7031674.JPG,Sapangan (Deep Only)\2024_JUL_SAP_D\SAP-D_T1\P7031674\Coral18.JPG,18,0.2671,Sapangan,T1,5
Sapangan (Deep Only)\2024_JUL_SAP_D\SAP-D_T1\P7031674.JPG,Sapangan (Deep Only)\2024_JUL_SAP_D\SAP-D_T1\P7031674\Coral25.JPG,25,0.201,Sapangan,T1,5
Sapangan (Deep Only)\2024_AUG_SAP_D\2024_AUG_S_T2\GOPR4815.JPG,Sapangan (Deep Only)\2024_AUG_SAP_D\2024_AUG_S_T2\GOPR4815\Coral2.JPG,2,0.6462,Sapangan,T2,5
Sapangan (Deep Only)\2024_JUL_SAP_D\SAP-D_T2\GOPR3299.JPG,Sapangan (Deep Only)\2024_JUL_SAP_D\SAP-D_T2\GOPR3299\Coral21.JPG,21,0.221,Sapangan,T2,5
Sapangan (Deep Only)\2024_JUL_SAP_D\SAP-D_T2\GOPR3303.JPG,Sapangan (Deep Only)\2024_JUL_SAP_D\SAP-D_T2\GOPR3303\Coral11.JPG,11,0.2735,Sapangan,T2,5
Sapangan (Deep Only)\2024_JUL_SAP_D\SAP-D_T2\GOPR3271.JPG,Sapangan (Deep Only)\2024_JUL_SAP_D\SAP-D_T2\GOPR3271\Coral25.JPG,25,0.2098,Sapangan,T2,5
Sapangan (Deep Only)\2024_JUL_SAP_D\SAP-D_T2\GOPR3301.JPG,Sapangan (Deep Only)\2024_JUL_SAP_D\SAP-D_T2\GOPR3301\Coral3.JPG,3,0.2892,Sapangan,T2,5
Sapangan (Deep Only)\2024_JUL_SAP_D\SAP-D_T2\GOPR3294.JPG,Sapangan (Deep Only)\2024_JUL_SAP_D\SAP-D_T2\GOPR3294\Coral59.JPG,59,0.1996,Sapangan,T2,5
Sapangan (Deep Only)\2024_AUG_SAP_D\2024_AUG_S_T2\GOPR4810.JPG,Sapangan (Deep Only)\2024_AUG_SAP_D\2024_AUG_S_T2\GOPR4810\Coral4.JPG,4,0.3461,Sapangan,T2,5
Sapangan (Deep Only)\2024_AUG_SAP_D\2024_AUG_S_T2\GOPR4776.JPG,Sapangan (Deep Only)\2024_AUG_SAP_D\2024_AUG_S_T2\GOPR4776\Coral9.JPG,9,0.1902,Sapangan,T2,5
Sapangan (Deep Only)\2024_AUG_SAP_D\2024_AUG_S_T2\GOPR4778.JPG,Sapangan (Deep Only)\2024_AUG_SAP_D\2024_AUG_S_T2\GOPR4778\Coral23.JPG,23,0.293,Sapangan,T2,5
Sapangan (Deep Only)\2024_JUL_SAP_D\SAP-D_T2\GOPR3273.JPG,Sapangan (Deep Only)\2024_JUL_SAP_D\SAP-D_T2\GOPR3273\Coral20.JPG,20,0.2045,Sapangan,T2,5
Sapangan (Deep Only)\2024_JUL_SAP_D\SAP-D_T2\GOPR3270.JPG,Sapangan (Deep Only)\2024_JUL_SAP_D\SAP-D_T2\GOPR3270\Coral13.JPG,13,0.157,Sapangan,T2,5
Sapangan (Deep Only)\2024_JUL_SAP_D\SAP-D_T2\GOPR3272.JPG,Sapangan (Deep Only)\2024_JUL_SAP_D\SAP-D_T2\GOPR3272\Coral19.JPG,19,0.2798,Sapangan,T2,5
Sapangan (Deep Only)\2024_JUL_SAP_D\SAP-D_T2\GOPR3266.JPG,Sapangan (Deep Only)\2024_JUL_SAP_D\SAP-D_T2\GOPR3266\Coral1.JPG,1,0.7016,Sapangan,T2,5
Sapangan (Deep Only)\2024_JUL_SAP_D\SAP-D_T2\GOPR3282.JPG,Sapangan (Deep Only)\2024_JUL_SAP_D\SAP-D_T2\GOPR3282\Coral3.JPG,3,0.3182,Sapangan,T2,5
Sapangan (Deep Only)\2024_AUG_SAP_D\2024_AUG_S_T2\GOPR4781.JPG,Sapangan (Deep Only)\2024_AUG_SAP_D\2024_AUG_S_T2\GOPR4781\Coral6.JPG,6,0.331,Sapangan,T2,5
Sapangan (Deep Only)\2024_JUL_SAP_D\SAP-D_T2\GOPR3277.JPG,Sapangan (Deep Only)\2024_JUL_SAP_D\SAP-D_T2\GOPR3277\Coral11.JPG,11,0.4782,Sapangan,T2,5
Sapangan (Deep Only)\2024_JUL_SAP_D\SAP-D_T2\GOPR3305.JPG,Sapangan (Deep Only)\2024_JUL_SAP_D\SAP-D_T2\GOPR3305\Coral7.JPG,7,0.3924,Sapangan,T2,5
Sapangan (Deep Only)\2024_JUL_SAP_D\SAP-D_T2\GOPR3304.JPG,Sapangan (Deep Only)\2024_JUL_SAP_D\SAP-D_T2\GOPR3304\Coral4.JPG,4,0.5074,Sapangan,T2,5
Sapangan (Deep Only)\2024_AUG_SAP_D\2024_AUG_S_T2\GOPR4780.JPG,Sapangan (Deep Only)\2024_AUG_SAP_D\2024_AUG_S_T2\GOPR4780\Coral8.JPG,8,0.3784,Sapangan,T2,5
Sapangan (Deep Only)\2024_AUG_SAP_D\2024_AUG_S_T2\GOPR4770.JPG,Sapangan (Deep Only)\2024_AUG_SAP_D\2024_AUG_S_T2\GOPR4770\Coral9.JPG,9,0.1916,Sapangan,T2,5
Sapangan (Deep Only)\2024_JUL_SAP_D\SAP-D_T2\GOPR3308.JPG,Sapangan (Deep Only)\2024_JUL_SAP_D\SAP-D_T2\GOPR3308\Coral26.JPG,26,0.363,Sapangan,T2,5
Sapangan (Deep Only)\2024_JUL_SAP_D\SAP-D_T2\GOPR3306.JPG,Sapangan (Deep Only)\2024_JUL_SAP_D\SAP-D_T2\GOPR3306\Coral17.JPG,17,0.2127,Sapangan,T2,5
Sapangan (Deep Only)\2024_AUG_SAP_D\2024_AUG_S_T2\GOPR4771.JPG,Sapangan (Deep Only)\2024_AUG_SAP_D\2024_AUG_S_T2\GOPR4771\Coral34.JPG,34,0.1848,Sapangan,T2,5
Sapangan (Deep Only)\2024_AUG_SAP_D\2024_AUG_S_T2\GOPR4812.JPG,Sapangan (Deep Only)\2024_AUG_SAP_D\2024_AUG_S_T2\GOPR4812\Coral7.JPG,7,0.188,Sapangan,T2,5
Sapangan (Deep Only)\2024_AUG_SAP_D\2024_AUG_S_T2\GOPR4779.JPG,Sapangan (Deep Only)\2024_AUG_SAP_D\2024_AUG_S_T2\GOPR4779\Coral25.JPG,25,0.2697,Sapangan,T2,5
Sapangan (Deep Only)\2024_JUL_SAP_D\SAP-D_T2\GOPR3297.JPG,Sapangan (Deep Only)\2024_JUL_SAP_D\SAP-D_T2\GOPR3297\Coral6.JPG,6,0.4903,Sapangan,T2,5
Sapangan (Deep Only)\2024_AUG_SAP_D\2024_AUG_S_T2\GOPR4769.JPG,Sapangan (Deep Only)\2024_AUG_SAP_D\2024_AUG_S_T2\GOPR4769\Coral8.JPG,8,0.2256,Sapangan,T2,5
Sapangan (Deep Only)\2024_JUL_SAP_D\SAP-D_T2\GOPR3290.JPG,Sapangan (Deep Only)\2024_JUL_SAP_D\SAP-D_T2\GOPR3290\Coral15.JPG,15,0.1587,Sapangan,T2,5
Sapangan (Deep Only)\2024_JUL_SAP_D\SAP-D_T2\GOPR3278.JPG,Sapangan (Deep Only)\2024_JUL_SAP_D\SAP-D_T2\GOPR3278\Coral33.JPG,33,0.1849,Sapangan,T2,5
Sapangan (Deep Only)\2024_AUG_SAP_D\2024_AUG_S_T2\GOPR4815.JPG,Sapangan (Deep Only)\2024_AUG_SAP_D\2024_AUG_S_T2\GOPR4815\Coral9.JPG,9,0.2715,Sapangan,T2,5
Sapangan (Deep Only)\2024_AUG_SAP_D\2024_AUG_S_T2\GOPR4783.JPG,Sapangan (Deep Only)\2024_AUG_SAP_D\2024_AUG_S_T2\GOPR4783\Coral23.JPG,23,0.2348,Sapangan,T2,5
Sapangan (Deep Only)\2024_AUG_SAP_D\2024_AUG_S_T2\GOPR4796.JPG,Sapangan (Deep Only)\2024_AUG_SAP_D\2024_AUG_S_T2\GOPR4796\Coral7.JPG,7,0.1522,Sapangan,T2,5
Sapangan (Deep Only)\2024_AUG_SAP_D\2024_AUG_S_T2\GOPR4810.JPG,Sapangan (Deep Only)\2024_AUG_SAP_D\2024_AUG_S_T2\GOPR4810\Coral10.JPG,10,0.2333,Sapangan,T2,5
Sapangan (Deep Only)\2024_JUL_SAP_D\SAP-D_T2\GOPR3281.JPG,Sapangan (Deep Only)\2024_JUL_SAP_D\SAP-D_T2\GOPR3281\Coral1.JPG,1,0.3921,Sapangan,T2,5
Sapangan (Deep Only)\2024_JUL_SAP_D\SAP-D_T2\GOPR3311.JPG,Sapangan (Deep Only)\2024_JUL_SAP_D\SAP-D_T2\GOPR3311\Coral2.JPG,2,0.5169,Sapangan,T2,5
Sapangan (Deep Only)\2024_JUL_SAP_D\SAP-D_T2\GOPR3273.JPG,Sapangan (Deep Only)\2024_JUL_SAP_D\SAP-D_T2\GOPR3273\Coral28.JPG,28,0.1784,Sapangan,T2,5
Sapangan (Deep Only)\2024_JUL_SAP_D\SAP-D_T2\GOPR3272.JPG,Sapangan (Deep Only)\2024_JUL_SAP_D\SAP-D_T2\GOPR3272\Coral8.JPG,8,0.3755,Sapangan,T2,5
Sapangan (Deep Only)\2024_AUG_SAP_D\2024_AUG_S_T2\GOPR4808.JPG,Sapangan (Deep Only)\2024_AUG_SAP_D\2024_AUG_S_T2\GOPR4808\Coral6.JPG,6,0.175,Sapangan,T2,5
Sapangan (Deep Only)\2024_JUL_SAP_D\SAP-D_T2\GOPR3305.JPG,Sapangan (Deep Only)\2024_JUL_SAP_D\SAP-D_T2\GOPR3305\Coral14.JPG,14,0.2649,Sapangan,T2,5
Sapangan (Deep Only)\2024_JUL_SAP_D\SAP-D_T2\GOPR3304.JPG,Sapangan (Deep Only)\2024_JUL_SAP_D\SAP-D_T2\GOPR3304\Coral14.JPG,14,0.1996,Sapangan,T2,5
Sapangan (Deep Only)\2024_JUL_SAP_D\SAP-D_T2\GOPR3293.JPG,Sapangan (Deep Only)\2024_JUL_SAP_D\SAP-D_T2\GOPR3293\Coral5.JPG,5,0.4325,Sapangan,T2,5
Sapangan (Deep Only)\2024_AUG_SAP_D\2024_AUG_S_T2\GOPR4782.JPG,Sapangan (Deep Only)\2024_AUG_SAP_D\2024_AUG_S_T2\GOPR4782\Coral9.JPG,9,0.3016,Sapangan,T2,5
Sapangan (Deep Only)\2024_JUL_SAP_D\SAP-D_T2\GOPR3308.JPG,Sapangan (Deep Only)\2024_JUL_SAP_D\SAP-D_T2\GOPR3308\Coral15.JPG,15,0.5448,Sapangan,T2,5
Sapangan (Deep Only)\2024_AUG_SAP_D\2024_AUG_S_T2\GOPR4805.JPG,Sapangan (Deep Only)\2024_AUG_SAP_D\2024_AUG_S_T2\GOPR4805\Coral5.JPG,5,0.5504,Sapangan,T2,5
Sapangan (Deep Only)\2024_AUG_SAP_D\2024_AUG_S_T2\GOPR4771.JPG,Sapangan (Deep Only)\2024_AUG_SAP_D\2024_AUG_S_T2\GOPR4771\Coral35.JPG,35,0.181,Sapangan,T2,5
Sapangan (Deep Only)\2024_AUG_SAP_D\2024_AUG_S_T2\GOPR4765.JPG,Sapangan (Deep Only)\2024_AUG_SAP_D\2024_AUG_S_T2\GOPR4765\Coral33.JPG,33,0.1886,Sapangan,T2,5
Sapangan (Deep Only)\2024_AUG_SAP_D\2024_AUG_S_T2\GOPR4791.JPG,Sapangan (Deep Only)\2024_AUG_SAP_D\2024_AUG_S_T2\GOPR4791\Coral18.JPG,18,0.2738,Sapangan,T2,5
Sapangan (Deep Only)\2024_JUL_SAP_D\SAP-D_T2\GOPR3269.JPG,Sapangan (Deep Only)\2024_JUL_SAP_D\SAP-D_T2\GOPR3269\Coral9.JPG,9,0.2825,Sapangan,T2,5
Sapangan (Deep Only)\2024_AUG_SAP_D\2024_AUG_S_T2\GOPR4779.JPG,Sapangan (Deep Only)\2024_AUG_SAP_D\2024_AUG_S_T2\GOPR4779\Coral21.JPG,21,0.2999,Sapangan,T2,5
Sapangan (Deep Only)\2024_JUL_SAP_D\SAP-D_T2\GOPR3312.JPG,Sapangan (Deep Only)\2024_JUL_SAP_D\SAP-D_T2\GOPR3312\Coral18.JPG,18,0.3059,Sapangan,T2,5
Sapangan (Deep Only)\2024_AUG_SAP_D\2024_AUG_S_T2\GOPR4774.JPG,Sapangan (Deep Only)\2024_AUG_SAP_D\2024_AUG_S_T2\GOPR4774\Coral3.JPG,3,0.5657,Sapangan,T2,5
Sapangan (Deep Only)\2024_JUL_SAP_D\SAP-D_T2\GOPR3278.JPG,Sapangan (Deep Only)\2024_JUL_SAP_D\SAP-D_T2\GOPR3278\Coral2.JPG,2,0.6714,Sapangan,T2,5
Sapangan (Deep Only)\2024_AUG_SAP_D\2024_AUG_S_T2\GOPR4800.JPG,Sapangan (Deep Only)\2024_AUG_SAP_D\2024_AUG_S_T2\GOPR4800\Coral6.JPG,6,0.6258,Sapangan,T2,5
Sapangan (Deep Only)\2024_JUL_SAP_D\SAP-D_T2\GOPR3271.JPG,Sapangan (Deep Only)\2024_JUL_SAP_D\SAP-D_T2\GOPR3271\Coral22.JPG,22,0.2398,Sapangan,T2,5
Sapangan (Deep Only)\2024_JUL_SAP_D\SAP-D_T2\GOPR3294.JPG,Sapangan (Deep Only)\2024_JUL_SAP_D\SAP-D_T2\GOPR3294\Coral26.JPG,26,0.436,Sapangan,T2,5
Sapangan (Deep Only)\2024_JUL_SAP_D\SAP-D_T2\GOPR3311.JPG,Sapangan (Deep Only)\2024_JUL_SAP_D\SAP-D_T2\GOPR3311\Coral21.JPG,21,0.1911,Sapangan,T2,5
Sapangan (Deep Only)\2024_JUL_SAP_D\SAP-D_T2\GOPR3293.JPG,Sapangan (Deep Only)\2024_JUL_SAP_D\SAP-D_T2\GOPR3293\Coral14.JPG,14,0.2578,Sapangan,T2,5
Sapangan (Deep Only)\2024_JUL_SAP_D\SAP-D_T2\GOPR3296.JPG,Sapangan (Deep Only)\2024_JUL_SAP_D\SAP-D_T2\GOPR3296\Coral23.JPG,23,0.2194,Sapangan,T2,5
Sapangan (Deep Only)\2024_AUG_SAP_D\2024_AUG_S_T2\GOPR4771.JPG,Sapangan (Deep Only)\2024_AUG_SAP_D\2024_AUG_S_T2\GOPR4771\Coral33.JPG,33,0.1924,Sapangan,T2,5
Sapangan (Deep Only)\2024_AUG_SAP_D\2024_AUG_S_T2\GOPR4784.JPG,Sapangan (Deep Only)\2024_AUG_SAP_D\2024_AUG_S_T2\GOPR4784\Coral3.JPG,3,0.2652,Sapangan,T2,5
Sapangan (Deep Only)\2024_AUG_SAP_D\2024_AUG_S_T2\GOPR4799.JPG,Sapangan (Deep Only)\2024_AUG_SAP_D\2024_AUG_S_T2\GOPR4799\Coral6.JPG,6,0.5069,Sapangan,T2,5
Sapangan (Deep Only)\2024_AUG_SAP_D\2024_AUG_S_T2\GOPR4766.JPG,Sapangan (Deep Only)\2024_AUG_SAP_D\2024_AUG_S_T2\GOPR4766\Coral35.JPG,35,0.1607,Sapangan,T2,5
Sapangan (Deep Only)\2024_JUL_SAP_D\SAP-D_T2\GOPR3279.JPG,Sapangan (Deep Only)\2024_JUL_SAP_D\SAP-D_T2\GOPR3279\Coral15.JPG,15,0.3174,Sapangan,T2,5
Sapangan (Deep Only)\2024_JUL_SAP_D\SAP-D_T2\GOPR3287.JPG,Sapangan (Deep Only)\2024_JUL_SAP_D\SAP-D_T2\GOPR3287\Coral14.JPG,14,0.3053,Sapangan,T2,5
Sapangan (Deep Only)\2024_JUL_SAP_D\SAP-D_T2\GOPR3309.JPG,Sapangan (Deep Only)\2024_JUL_SAP_D\SAP-D_T2\GOPR3309\Coral2.JPG,2,0.2722,Sapangan,T2,5
Sapangan (Deep Only)\2024_AUG_SAP_D\2024_AUG_S_T2\GOPR4815.JPG,Sapangan (Deep Only)\2024_AUG_SAP_D\2024_AUG_S_T2\GOPR4815\Coral7.JPG,7,0.2801,Sapangan,T2,5
Sapangan (Deep Only)\2024_AUG_SAP_D\2024_AUG_S_T2\GOPR4815.JPG,Sapangan (Deep Only)\2024_AUG_SAP_D\2024_AUG_S_T2\GOPR4815\Coral1.JPG,1,0.6949,Sapangan,T2,5
Sapangan (Deep Only)\2024_AUG_SAP_D\2024_AUG_S_T2\GOPR4815.JPG,Sapangan (Deep Only)\2024_AUG_SAP_D\2024_AUG_S_T2\GOPR4815\Coral12.JPG,12,0.2296,Sapangan,T2,5
Sapangan (Deep Only)\2024_JUL_SAP_D\SAP-D_T2\GOPR3299.JPG,Sapangan (Deep Only)\2024_JUL_SAP_D\SAP-D_T2\GOPR3299\Coral4.JPG,4,0.5057,Sapangan,T2,5
Sapangan (Deep Only)\2024_JUL_SAP_D\SAP-D_T2\GOPR3299.JPG,Sapangan (Deep Only)\2024_JUL_SAP_D\SAP-D_T2\GOPR3299\Coral19.JPG,19,0.2776,Sapangan,T2,5
Sapangan (Deep Only)\2024_JUL_SAP_D\SAP-D_T2\GOPR3299.JPG,Sapangan (Deep Only)\2024_JUL_SAP_D\SAP-D_T2\GOPR3299\Coral12.JPG,12,0.3212,Sapangan,T2,5
Sapangan (Deep Only)\2024_JUL_SAP_D\SAP-D_T2\GOPR3299.JPG,Sapangan (Deep Only)\2024_JUL_SAP_D\SAP-D_T2\GOPR3299\Coral32.JPG,32,0.1712,Sapangan,T2,5
Sapangan (Deep Only)\2024_JUL_SAP_D\SAP-D_T2\GOPR3299.JPG,Sapangan (Deep Only)\2024_JUL_SAP_D\SAP-D_T2\GOPR3299\Coral1.JPG,1,0.5997,Sapangan,T2,5
Sapangan (Deep Only)\2024_JUL_SAP_D\SAP-D_T2\GOPR3299.JPG,Sapangan (Deep Only)\2024_JUL_SAP_D\SAP-D_T2\GOPR3299\Coral14.JPG,14,0.3135,Sapangan,T2,5
Sapangan (Deep Only)\2024_AUG_SAP_D\2024_AUG_S_T2\GOPR4800.JPG,Sapangan (Deep Only)\2024_AUG_SAP_D\2024_AUG_S_T2\GOPR4800\Coral31.JPG,31,0.2429,Sapangan,T2,5
Sapangan (Deep Only)\2024_AUG_SAP_D\2024_AUG_S_T2\GOPR4800.JPG,Sapangan (Deep Only)\2024_AUG_SAP_D\2024_AUG_S_T2\GOPR4800\Coral14.JPG,14,0.4571,Sapangan,T2,5
Sapangan (Deep Only)\2024_AUG_SAP_D\2024_AUG_S_T2\GOPR4800.JPG,Sapangan (Deep Only)\2024_AUG_SAP_D\2024_AUG_S_T2\GOPR4800\Coral19.JPG,19,0.3711,Sapangan,T2,5
Sapangan (Deep Only)\2024_AUG_SAP_D\2024_AUG_S_T2\GOPR4800.JPG,Sapangan (Deep Only)\2024_AUG_SAP_D\2024_AUG_S_T2\GOPR4800\Coral41.JPG,41,0.1947,Sapangan,T2,5
Sapangan (Deep Only)\2024_AUG_SAP_D\2024_AUG_S_T2\GOPR4800.JPG,Sapangan (Deep Only)\2024_AUG_SAP_D\2024_AUG_S_T2\GOPR4800\Coral2.JPG,2,0.7381,Sapangan,T2,5
Sapangan (Deep Only)\2024_AUG_SAP_D\2024_AUG_S_T2\GOPR4800.JPG,Sapangan (Deep Only)\2024_AUG_SAP_D\2024_AUG_S_T2\GOPR4800\Coral36.JPG,36,0.2247,Sapangan,T2,5
Sapangan (Deep Only)\2024_AUG_SAP_D\2024_AUG_S_T2\GOPR4800.JPG,Sapangan (Deep Only)\2024_AUG_SAP_D\2024_AUG_S_T2\GOPR4800\Coral35.JPG,35,0.2315,Sapangan,T2,5
Sapangan (Deep Only)\2024_AUG_SAP_D\2024_AUG_S_T2\GOPR4800.JPG,Sapangan (Deep Only)\2024_AUG_SAP_D\2024_AUG_S_T2\GOPR4800\Coral23.JPG,23,0.3306,Sapangan,T2,5
Sapangan (Deep Only)\2024_AUG_SAP_D\2024_AUG_S_T2\GOPR4800.JPG,Sapangan (Deep Only)\2024_AUG_SAP_D\2024_AUG_S_T2\GOPR4800\Coral49.JPG,49,0.1618,Sapangan,T2,5
Sapangan (Deep Only)\2024_AUG_SAP_D\2024_AUG_S_T2\GOPR4806.JPG,Sapangan (Deep Only)\2024_AUG_SAP_D\2024_AUG_S_T2\GOPR4806\Coral2.JPG,2,0.6721,Sapangan,T2,5
Sapangan (Deep Only)\2024_JUL_SAP_D\SAP-D_T2\GOPR3303.JPG,Sapangan (Deep Only)\2024_JUL_SAP_D\SAP-D_T2\GOPR3303\Coral4.JPG,4,0.4549,Sapangan,T2,5
Sapangan (Deep Only)\2024_JUL_SAP_D\SAP-D_T2\GOPR3271.JPG,Sapangan (Deep Only)\2024_JUL_SAP_D\SAP-D_T2\GOPR3271\Coral19.JPG,19,0.287,Sapangan,T2,5
Sapangan (Deep Only)\2024_JUL_SAP_D\SAP-D_T2\GOPR3271.JPG,Sapangan (Deep Only)\2024_JUL_SAP_D\SAP-D_T2\GOPR3271\Coral31.JPG,31,0.1681,Sapangan,T2,5
Sapangan (Deep Only)\2024_JUL_SAP_D\SAP-D_T2\GOPR3271.JPG,Sapangan (Deep Only)\2024_JUL_SAP_D\SAP-D_T2\GOPR3271\Coral14.JPG,14,0.3718,Sapangan,T2,5
Sapangan (Deep Only)\2024_JUL_SAP_D\SAP-D_T2\GOPR3271.JPG,Sapangan (Deep Only)\2024_JUL_SAP_D\SAP-D_T2\GOPR3271\Coral7.JPG,7,0.5184,Sapangan,T2,5
Sapangan (Deep Only)\2024_JUL_SAP_D\SAP-D_T2\GOPR3271.JPG,Sapangan (Deep Only)\2024_JUL_SAP_D\SAP-D_T2\GOPR3271\Coral15.JPG,15,0.3614,Sapangan,T2,5
Sapangan (Deep Only)\2024_JUL_SAP_D\SAP-D_T2\GOPR3271.JPG,Sapangan (Deep Only)\2024_JUL_SAP_D\SAP-D_T2\GOPR3271\Coral17.JPG,17,0.3139,Sapangan,T2,5
Sapangan (Deep Only)\2024_JUL_SAP_D\SAP-D_T2\GOPR3271.JPG,Sapangan (Deep Only)\2024_JUL_SAP_D\SAP-D_T2\GOPR3271\Coral3.JPG,3,0.6189,Sapangan,T2,5
Sapangan (Deep Only)\2024_JUL_SAP_D\SAP-D_T2\GOPR3271.JPG,Sapangan (Deep Only)\2024_JUL_SAP_D\SAP-D_T2\GOPR3271\Coral8.JPG,8,0.4916,Sapangan,T2,5
Sapangan (Deep Only)\2024_AUG_SAP_D\2024_AUG_S_T2\GOPR4783.JPG,Sapangan (Deep Only)\2024_AUG_SAP_D\2024_AUG_S_T2\GOPR4783\Coral20.JPG,20,0.2399,Sapangan,T2,5
Sapangan (Deep Only)\2024_AUG_SAP_D\2024_AUG_S_T2\GOPR4783.JPG,Sapangan (Deep Only)\2024_AUG_SAP_D\2024_AUG_S_T2\GOPR4783\Coral17.JPG,17,0.2951,Sapangan,T2,5
Sapangan (Deep Only)\2024_AUG_SAP_D\2024_AUG_S_T2\GOPR4783.JPG,Sapangan (Deep Only)\2024_AUG_SAP_D\2024_AUG_S_T2\GOPR4783\Coral19.JPG,19,0.2898,Sapangan,T2,5
Sapangan (Deep Only)\2024_AUG_SAP_D\2024_AUG_S_T2\GOPR4783.JPG,Sapangan (Deep Only)\2024_AUG_SAP_D\2024_AUG_S_T2\GOPR4783\Coral10.JPG,10,0.5464,Sapangan,T2,5
Sapangan (Deep Only)\2024_JUL_SAP_D\SAP-D_T2\GOPR3294.JPG,Sapangan (Deep Only)\2024_JUL_SAP_D\SAP-D_T2\GOPR3294\Coral31.JPG,31,0.361,Sapangan,T2,5
Sapangan (Deep Only)\2024_JUL_SAP_D\SAP-D_T2\GOPR3294.JPG,Sapangan (Deep Only)\2024_JUL_SAP_D\SAP-D_T2\GOPR3294\Coral12.JPG,12,0.5899,Sapangan,T2,5
Sapangan (Deep Only)\2024_JUL_SAP_D\SAP-D_T2\GOPR3294.JPG,Sapangan (Deep Only)\2024_JUL_SAP_D\SAP-D_T2\GOPR3294\Coral32.JPG,32,0.3453,Sapangan,T2,5
Sapangan (Deep Only)\2024_JUL_SAP_D\SAP-D_T2\GOPR3294.JPG,Sapangan (Deep Only)\2024_JUL_SAP_D\SAP-D_T2\GOPR3294\Coral37.JPG,37,0.3048,Sapangan,T2,5
Sapangan (Deep Only)\2024_JUL_SAP_D\SAP-D_T2\GOPR3294.JPG,Sapangan (Deep Only)\2024_JUL_SAP_D\SAP-D_T2\GOPR3294\Coral5.JPG,5,0.653,Sapangan,T2,5
Sapangan (Deep Only)\2024_JUL_SAP_D\SAP-D_T2\GOPR3294.JPG,Sapangan (Deep Only)\2024_JUL_SAP_D\SAP-D_T2\GOPR3294\Coral1.JPG,1,0.7563,Sapangan,T2,5
Sapangan (Deep Only)\2024_JUL_SAP_D\SAP-D_T2\GOPR3294.JPG,Sapangan (Deep Only)\2024_JUL_SAP_D\SAP-D_T2\GOPR3294\Coral18.JPG,18,0.5031,Sapangan,T2,5
Sapangan (Deep Only)\2024_JUL_SAP_D\SAP-D_T2\GOPR3294.JPG,Sapangan (Deep Only)\2024_JUL_SAP_D\SAP-D_T2\GOPR3294\Coral19.JPG,19,0.4866,Sapangan,T2,5
Sapangan (Deep Only)\2024_JUL_SAP_D\SAP-D_T2\GOPR3294.JPG,Sapangan (Deep Only)\2024_JUL_SAP_D\SAP-D_T2\GOPR3294\Coral34.JPG,34,0.3302,Sapangan,T2,5
Sapangan (Deep Only)\2024_JUL_SAP_D\SAP-D_T2\GOPR3294.JPG,Sapangan (Deep Only)\2024_JUL_SAP_D\SAP-D_T2\GOPR3294\Coral23.JPG,23,0.4541,Sapangan,T2,5
Sapangan (Deep Only)\2024_JUL_SAP_D\SAP-D_T2\GOPR3294.JPG,Sapangan (Deep Only)\2024_JUL_SAP_D\SAP-D_T2\GOPR3294\Coral67.JPG,67,0.1663,Sapangan,T2,5
Sapangan (Deep Only)\2024_JUL_SAP_D\SAP-D_T2\GOPR3294.JPG,Sapangan (Deep Only)\2024_JUL_SAP_D\SAP-D_T2\GOPR3294\Coral44.JPG,44,0.2468,Sapangan,T2,5
Sapangan (Deep Only)\2024_JUL_SAP_D\SAP-D_T2\GOPR3294.JPG,Sapangan (Deep Only)\2024_JUL_SAP_D\SAP-D_T2\GOPR3294\Coral30.JPG,30,0.3728,Sapangan,T2,5
Sapangan (Deep Only)\2024_AUG_SAP_D\2024_AUG_S_T2\GOPR4810.JPG,Sapangan (Deep Only)\2024_AUG_SAP_D\2024_AUG_S_T2\GOPR4810\Coral5.JPG,5,0.3238,Sapangan,T2,5
Sapangan (Deep Only)\2024_AUG_SAP_D\2024_AUG_S_T3\GOPR5033.JPG,Sapangan (Deep Only)\2024_AUG_SAP_D\2024_AUG_S_T3\GOPR5033\Coral9.JPG,9,0.2885,Sapangan,T3,5
Sapangan (Deep Only)\2024_JUL_SAP_D\SAP-D_T3\GOPR3359.JPG,Sapangan (Deep Only)\2024_JUL_SAP_D\SAP-D_T3\GOPR3359\Coral17.JPG,17,0.1566,Sapangan,T3,5
Sapangan (Deep Only)\2024_AUG_SAP_D\2024_AUG_S_T3\GOPR5038.JPG,Sapangan (Deep Only)\2024_AUG_SAP_D\2024_AUG_S_T3\GOPR5038\Coral29.JPG,29,0.1629,Sapangan,T3,5
Sapangan (Deep Only)\2024_JUL_SAP_D\SAP-D_T3\GOPR3349.JPG,Sapangan (Deep Only)\2024_JUL_SAP_D\SAP-D_T3\GOPR3349\Coral5.JPG,5,0.5828,Sapangan,T3,5
Sapangan (Deep Only)\2024_JUL_SAP_D\SAP-D_T3\GOPR3320.JPG,Sapangan (Deep Only)\2024_JUL_SAP_D\SAP-D_T3\GOPR3320\Coral2.JPG,2,0.4698,Sapangan,T3,5
Sapangan (Deep Only)\2024_JUL_SAP_D\SAP-D_T3\GOPR3326.JPG,Sapangan (Deep Only)\2024_JUL_SAP_D\SAP-D_T3\GOPR3326\Coral9.JPG,9,0.218,Sapangan,T3,5
Sapangan (Deep Only)\2024_JUL_SAP_D\SAP-D_T3\GOPR3337.JPG,Sapangan (Deep Only)\2024_JUL_SAP_D\SAP-D_T3\GOPR3337\Coral3.JPG,3,0.5319,Sapangan,T3,5
Sapangan (Deep Only)\2024_AUG_SAP_D\2024_AUG_S_T3\GOPR5035.JPG,Sapangan (Deep Only)\2024_AUG_SAP_D\2024_AUG_S_T3\GOPR5035\Coral23.JPG,23,0.1716,Sapangan,T3,5
Sapangan (Deep Only)\2024_JUL_SAP_D\SAP-D_T3\GOPR3343.JPG,Sapangan (Deep Only)\2024_JUL_SAP_D\SAP-D_T3\GOPR3343\Coral8.JPG,8,0.2176,Sapangan,T3,5
Sapangan (Deep Only)\2024_JUL_SAP_D\SAP-D_T3\GOPR3366.JPG,Sapangan (Deep Only)\2024_JUL_SAP_D\SAP-D_T3\GOPR3366\Coral5.JPG,5,0.4372,Sapangan,T3,5
Sapangan (Deep Only)\2024_AUG_SAP_D\2024_AUG_S_T3\GOPR5082.JPG,Sapangan (Deep Only)\2024_AUG_SAP_D\2024_AUG_S_T3\GOPR5082\Coral8.JPG,8,0.4231,Sapangan,T3,5
Sapangan (Deep Only)\2024_JUL_SAP_D\SAP-D_T3\GOPR3362.JPG,Sapangan (Deep Only)\2024_JUL_SAP_D\SAP-D_T3\GOPR3362\Coral17.JPG,17,0.1581,Sapangan,T3,5
Sapangan (Deep Only)\2024_AUG_SAP_D\2024_AUG_S_T3\GOPR5050.JPG,Sapangan (Deep Only)\2024_AUG_SAP_D\2024_AUG_S_T3\GOPR5050\Coral6.JPG,6,0.3494,Sapangan,T3,5
Sapangan (Deep Only)\2024_AUG_SAP_D\2024_AUG_S_T3\GOPR5039.JPG,Sapangan (Deep Only)\2024_AUG_SAP_D\2024_AUG_S_T3\GOPR5039\Coral7.JPG,7,0.3376,Sapangan,T3,5
Sapangan (Deep Only)\2024_JUL_SAP_D\SAP-D_T3\GOPR3331.JPG,Sapangan (Deep Only)\2024_JUL_SAP_D\SAP-D_T3\GOPR3331\Coral31.JPG,31,0.1727,Sapangan,T3,5
Sapangan (Deep Only)\2024_AUG_SAP_D\2024_AUG_S_T3\GOPR5059.JPG,Sapangan (Deep Only)\2024_AUG_SAP_D\2024_AUG_S_T3\GOPR5059\Coral2.JPG,2,0.7127,Sapangan,T3,5
Sapangan (Deep Only)\2024_AUG_SAP_D\2024_AUG_S_T3\GOPR5084.JPG,Sapangan (Deep Only)\2024_AUG_SAP_D\2024_AUG_S_T3\GOPR5084\Coral15.JPG,15,0.1877,Sapangan,T3,5
Sapangan (Deep Only)\2024_AUG_SAP_D\2024_AUG_S_T3\GOPR5029.JPG,Sapangan (Deep Only)\2024_AUG_SAP_D\2024_AUG_S_T3\GOPR5029\Coral5.JPG,5,0.2381,Sapangan,T3,5
Sapangan (Deep Only)\2024_AUG_SAP_D\2024_AUG_S_T3\GOPR5055.JPG,Sapangan (Deep Only)\2024_AUG_SAP_D\2024_AUG_S_T3\GOPR5055\Coral10.JPG,10,0.2399,Sapangan,T3,5
Sapangan (Deep Only)\2024_JUL_SAP_D\SAP-D_T3\GOPR3361.JPG,Sapangan (Deep Only)\2024_JUL_SAP_D\SAP-D_T3\GOPR3361\Coral10.JPG,10,0.2739,Sapangan,T3,5
Sapangan (Deep Only)\2024_AUG_SAP_D\2024_AUG_S_T3\GOPR5053.JPG,Sapangan (Deep Only)\2024_AUG_SAP_D\2024_AUG_S_T3\GOPR5053\Coral15.JPG,15,0.2928,Sapangan,T3,5
Sapangan (Deep Only)\2024_AUG_SAP_D\2024_AUG_S_T3\GOPR5070.JPG,Sapangan (Deep Only)\2024_AUG_SAP_D\2024_AUG_S_T3\GOPR5070\Coral21.JPG,21,0.2857,Sapangan,T3,5
Sapangan (Deep Only)\2024_JUL_SAP_D\SAP-D_T3\GOPR3344.JPG,Sapangan (Deep Only)\2024_JUL_SAP_D\SAP-D_T3\GOPR3344\Coral25.JPG,25,0.1992,Sapangan,T3,5
Sapangan (Deep Only)\2024_AUG_SAP_D\2024_AUG_S_T3\GOPR5027.JPG,Sapangan (Deep Only)\2024_AUG_SAP_D\2024_AUG_S_T3\GOPR5027\Coral15.JPG,15,0.1934,Sapangan,T3,5
Sapangan (Deep Only)\2024_AUG_SAP_D\2024_AUG_S_T3\GOPR5075.JPG,Sapangan (Deep Only)\2024_AUG_SAP_D\2024_AUG_S_T3\GOPR5075\Coral22.JPG,22,0.2416,Sapangan,T3,5
Sapangan (Deep Only)\2024_JUL_SAP_D\SAP-D_T3\GOPR3350.JPG,Sapangan (Deep Only)\2024_JUL_SAP_D\SAP-D_T3\GOPR3350\Coral8.JPG,8,0.2009,Sapangan,T3,5
Sapangan (Deep Only)\2024_AUG_SAP_D\2024_AUG_S_T3\GOPR5022.JPG,Sapangan (Deep Only)\2024_AUG_SAP_D\2024_AUG_S_T3\GOPR5022\Coral5.JPG,5,0.3447,Sapangan,T3,5
Sapangan (Deep Only)\2024_JUL_SAP_D\SAP-D_T3\GOPR3321.JPG,Sapangan (Deep Only)\2024_JUL_SAP_D\SAP-D_T3\GOPR3321\Coral5.JPG,5,0.4318,Sapangan,T3,5
Sapangan (Deep Only)\2024_AUG_SAP_D\2024_AUG_S_T3\GOPR5062.JPG,Sapangan (Deep Only)\2024_AUG_SAP_D\2024_AUG_S_T3\GOPR5062\Coral21.JPG,21,0.5534,Sapangan,T3,5
Sapangan (Deep Only)\2024_AUG_SAP_D\2024_AUG_S_T3\GOPR5051.JPG,Sapangan (Deep Only)\2024_AUG_SAP_D\2024_AUG_S_T3\GOPR5051\Coral46.JPG,46,0.1618,Sapangan,T3,5
Sapangan (Deep Only)\2024_JUL_SAP_D\SAP-D_T3\GOPR3341.JPG,Sapangan (Deep Only)\2024_JUL_SAP_D\SAP-D_T3\GOPR3341\Coral12.JPG,12,0.172,Sapangan,T3,5
Sapangan (Deep Only)\2024_AUG_SAP_D\2024_AUG_S_T3\GOPR5082.JPG,Sapangan (Deep Only)\2024_AUG_SAP_D\2024_AUG_S_T3\GOPR5082\Coral20.JPG,20,0.327,Sapangan,T3,5
Sapangan (Deep Only)\2024_JUL_SAP_D\SAP-D_T3\GOPR3362.JPG,Sapangan (Deep Only)\2024_JUL_SAP_D\SAP-D_T3\GOPR3362\Coral6.JPG,6,0.317,Sapangan,T3,5
Sapangan (Deep Only)\2024_JUL_SAP_D\SAP-D_T3\GOPR3322.JPG,Sapangan (Deep Only)\2024_JUL_SAP_D\SAP-D_T3\GOPR3322\Coral12.JPG,12,0.2315,Sapangan,T3,5
Sapangan (Deep Only)\2024_AUG_SAP_D\2024_AUG_S_T3\GOPR5050.JPG,Sapangan (Deep Only)\2024_AUG_SAP_D\2024_AUG_S_T3\GOPR5050\Coral1.JPG,1,0.5335,Sapangan,T3,5
Sapangan (Deep Only)\2024_JUL_SAP_D\SAP-D_T3\GOPR3330.JPG,Sapangan (Deep Only)\2024_JUL_SAP_D\SAP-D_T3\GOPR3330\Coral25.JPG,25,0.21,Sapangan,T3,5
Sapangan (Deep Only)\2024_JUL_SAP_D\SAP-D_T3\GOPR3360.JPG,Sapangan (Deep Only)\2024_JUL_SAP_D\SAP-D_T3\GOPR3360\Coral8.JPG,8,0.1718,Sapangan,T3,5
Sapangan (Deep Only)\2024_AUG_SAP_D\2024_AUG_S_T3\GOPR5068.JPG,Sapangan (Deep Only)\2024_AUG_SAP_D\2024_AUG_S_T3\GOPR5068\Coral30.JPG,30,0.1526,Sapangan,T3,5
Sapangan (Deep Only)\2024_AUG_SAP_D\2024_AUG_S_T3\GOPR5029.JPG,Sapangan (Deep Only)\2024_AUG_SAP_D\2024_AUG_S_T3\GOPR5029\Coral4.JPG,4,0.2814,Sapangan,T3,5
Sapangan (Deep Only)\2024_AUG_SAP_D\2024_AUG_S_T3\GOPR5056.JPG,Sapangan (Deep Only)\2024_AUG_SAP_D\2024_AUG_S_T3\GOPR5056\Coral16.JPG,16,0.2444,Sapangan,T3,5
Sapangan (Deep Only)\2024_JUL_SAP_D\SAP-D_T3\GOPR3327.JPG,Sapangan (Deep Only)\2024_JUL_SAP_D\SAP-D_T3\GOPR3327\Coral11.JPG,11,0.2271,Sapangan,T3,5
Sapangan (Deep Only)\2024_JUL_SAP_D\SAP-D_T3\GOPR3324.JPG,Sapangan (Deep Only)\2024_JUL_SAP_D\SAP-D_T3\GOPR3324\Coral8.JPG,8,0.3017,Sapangan,T3,5
Sapangan (Deep Only)\2024_JUL_SAP_D\SAP-D_T3\GOPR3344.JPG,Sapangan (Deep Only)\2024_JUL_SAP_D\SAP-D_T3\GOPR3344\Coral19.JPG,19,0.2345,Sapangan,T3,5
Sapangan (Deep Only)\2024_JUL_SAP_D\SAP-D_T3\GOPR3355.JPG,Sapangan (Deep Only)\2024_JUL_SAP_D\SAP-D_T3\GOPR3355\Coral10.JPG,10,0.2554,Sapangan,T3,5
Sapangan (Deep Only)\2024_JUL_SAP_D\SAP-D_T3\GOPR3350.JPG,Sapangan (Deep Only)\2024_JUL_SAP_D\SAP-D_T3\GOPR3350\Coral5.JPG,5,0.2997,Sapangan,T3,5
Sapangan (Deep Only)\2024_JUL_SAP_D\SAP-D_T3\GOPR3334.JPG,Sapangan (Deep Only)\2024_JUL_SAP_D\SAP-D_T3\GOPR3334\Coral3.JPG,3,0.3394,Sapangan,T3,5
Sapangan (Deep Only)\2024_JUL_SAP_D\SAP-D_T3\GOPR3320.JPG,Sapangan (Deep Only)\2024_JUL_SAP_D\SAP-D_T3\GOPR3320\Coral4.JPG,4,0.2279,Sapangan,T3,5
Sapangan (Deep Only)\2024_JUL_SAP_D\SAP-D_T3\GOPR3364.JPG,Sapangan (Deep Only)\2024_JUL_SAP_D\SAP-D_T3\GOPR3364\Coral3.JPG,3,0.3051,Sapangan,T3,5
Sapangan (Deep Only)\2024_JUL_SAP_D\SAP-D_T3\GOPR3325.JPG,Sapangan (Deep Only)\2024_JUL_SAP_D\SAP-D_T3\GOPR3325\Coral14.JPG,14,0.2833,Sapangan,T3,5
Sapangan (Deep Only)\2024_AUG_SAP_D\2024_AUG_S_T3\GOPR5052.JPG,Sapangan (Deep Only)\2024_AUG_SAP_D\2024_AUG_S_T3\GOPR5052\Coral61.JPG,61,0.1523,Sapangan,T3,5
Sapangan (Deep Only)\2024_JUL_SAP_D\SAP-D_T3\GOPR3366.JPG,Sapangan (Deep Only)\2024_JUL_SAP_D\SAP-D_T3\GOPR3366\Coral14.JPG,14,0.2426,Sapangan,T3,5
Sapangan (Deep Only)\2024_AUG_SAP_D\2024_AUG_S_T3\GOPR5083.JPG,Sapangan (Deep Only)\2024_AUG_SAP_D\2024_AUG_S_T3\GOPR5083\Coral3.JPG,3,0.5509,Sapangan,T3,5
Sapangan (Deep Only)\2024_JUL_SAP_D\SAP-D_T3\GOPR3341.JPG,Sapangan (Deep Only)\2024_JUL_SAP_D\SAP-D_T3\GOPR3341\Coral4.JPG,4,0.4292,Sapangan,T3,5
Sapangan (Deep Only)\2024_AUG_SAP_D\2024_AUG_S_T3\GOPR5028.JPG,Sapangan (Deep Only)\2024_AUG_SAP_D\2024_AUG_S_T3\GOPR5028\Coral12.JPG,12,0.1967,Sapangan,T3,5
Sapangan (Deep Only)\2024_JUL_SAP_D\SAP-D_T3\GOPR3368.JPG,Sapangan (Deep Only)\2024_JUL_SAP_D\SAP-D_T3\GOPR3368\Coral5.JPG,5,0.5441,Sapangan,T3,5
Sapangan (Deep Only)\2024_JUL_SAP_D\SAP-D_T3\GOPR3328.JPG,Sapangan (Deep Only)\2024_JUL_SAP_D\SAP-D_T3\GOPR3328\Coral14.JPG,14,0.3362,Sapangan,T3,5
Sapangan (Deep Only)\2024_AUG_SAP_D\2024_AUG_S_T3\GOPR5050.JPG,Sapangan (Deep Only)\2024_AUG_SAP_D\2024_AUG_S_T3\GOPR5050\Coral18.JPG,18,0.2058,Sapangan,T3,5
Sapangan (Deep Only)\2024_AUG_SAP_D\2024_AUG_S_T3\GOPR5058.JPG,Sapangan (Deep Only)\2024_AUG_SAP_D\2024_AUG_S_T3\GOPR5058\Coral14.JPG,14,0.6196,Sapangan,T3,5
Sapangan (Deep Only)\2024_AUG_SAP_D\2024_AUG_S_T3\GOPR5085.JPG,Sapangan (Deep Only)\2024_AUG_SAP_D\2024_AUG_S_T3\GOPR5085\Coral26.JPG,26,0.1845,Sapangan,T3,5
Sapangan (Deep Only)\2024_JUL_SAP_D\SAP-D_T3\GOPR3331.JPG,Sapangan (Deep Only)\2024_JUL_SAP_D\SAP-D_T3\GOPR3331\Coral8.JPG,8,0.5508,Sapangan,T3,5
Sapangan (Deep Only)\2024_AUG_SAP_D\2024_AUG_S_T3\GOPR5054.JPG,Sapangan (Deep Only)\2024_AUG_SAP_D\2024_AUG_S_T3\GOPR5054\Coral12.JPG,12,0.2278,Sapangan,T3,5
Sapangan (Deep Only)\2024_AUG_SAP_D\2024_AUG_S_T3\GOPR5026.JPG,Sapangan (Deep Only)\2024_AUG_SAP_D\2024_AUG_S_T3\GOPR5026\Coral6.JPG,6,0.3306,Sapangan,T3,5
Sapangan (Deep Only)\2024_AUG_SAP_D\2024_AUG_S_T3\GOPR5033.JPG,Sapangan (Deep Only)\2024_AUG_SAP_D\2024_AUG_S_T3\GOPR5033\Coral18.JPG,18,0.1694,Sapangan,T3,5
Sapangan (Deep Only)\2024_AUG_SAP_D\2024_AUG_S_T3\GOPR5033.JPG,Sapangan (Deep Only)\2024_AUG_SAP_D\2024_AUG_S_T3\GOPR5033\Coral6.JPG,6,0.3354,Sapangan,T3,5
Sapangan (Deep Only)\2024_AUG_SAP_D\2024_AUG_S_T3\GOPR5033.JPG,Sapangan (Deep Only)\2024_AUG_SAP_D\2024_AUG_S_T3\GOPR5033\Coral13.JPG,13,0.2526,Sapangan,T3,5
Sapangan (Deep Only)\2024_AUG_SAP_D\2024_AUG_S_T3\GOPR5033.JPG,Sapangan (Deep Only)\2024_AUG_SAP_D\2024_AUG_S_T3\GOPR5033\Coral12.JPG,12,0.2587,Sapangan,T3,5
Sapangan (Deep Only)\2024_AUG_SAP_D\2024_AUG_S_T3\GOPR5033.JPG,Sapangan (Deep Only)\2024_AUG_SAP_D\2024_AUG_S_T3\GOPR5033\Coral21.JPG,21,0.1517,Sapangan,T3,5
Sapangan (Deep Only)\2024_AUG_SAP_D\2024_AUG_S_T3\GOPR5033.JPG,Sapangan (Deep Only)\2024_AUG_SAP_D\2024_AUG_S_T3\GOPR5033\Coral10.JPG,10,0.2722,Sapangan,T3,5
Sapangan (Deep Only)\2024_AUG_SAP_D\2024_AUG_S_T3\GOPR5048.JPG,Sapangan (Deep Only)\2024_AUG_SAP_D\2024_AUG_S_T3\GOPR5048\Coral6.JPG,6,0.4628,Sapangan,T3,5
Sapangan (Deep Only)\2024_JUL_SAP_D\SAP-D_T3\GOPR3345.JPG,Sapangan (Deep Only)\2024_JUL_SAP_D\SAP-D_T3\GOPR3345\Coral4.JPG,4,0.2724,Sapangan,T3,5
Sapangan (Deep Only)\2024_JUL_SAP_D\SAP-D_T3\GOPR3345.JPG,Sapangan (Deep Only)\2024_JUL_SAP_D\SAP-D_T3\GOPR3345\Coral8.JPG,8,0.1834,Sapangan,T3,5
Sapangan (Deep Only)\2024_AUG_SAP_D\2024_AUG_S_T3\GOPR5060.JPG,Sapangan (Deep Only)\2024_AUG_SAP_D\2024_AUG_S_T3\GOPR5060\Coral9.JPG,9,0.4566,Sapangan,T3,5
Sapangan (Deep Only)\2024_AUG_SAP_D\2024_AUG_S_T3\GOPR5060.JPG,Sapangan (Deep Only)\2024_AUG_SAP_D\2024_AUG_S_T3\GOPR5060\Coral1.JPG,1,0.8043,Sapangan,T3,5
Sapangan (Deep Only)\2024_AUG_SAP_D\2024_AUG_S_T3\GOPR5060.JPG,Sapangan (Deep Only)\2024_AUG_SAP_D\2024_AUG_S_T3\GOPR5060\Coral6.JPG,6,0.591,Sapangan,T3,5
Sapangan (Deep Only)\2024_AUG_SAP_D\2024_AUG_S_T3\GOPR5060.JPG,Sapangan (Deep Only)\2024_AUG_SAP_D\2024_AUG_S_T3\GOPR5060\Coral8.JPG,8,0.5558,Sapangan,T3,5
Sapangan (Deep Only)\2024_AUG_SAP_D\2024_AUG_S_T3\GOPR5060.JPG,Sapangan (Deep Only)\2024_AUG_SAP_D\2024_AUG_S_T3\GOPR5060\Coral2.JPG,2,0.676,Sapangan,T3,5
Sapangan (Deep Only)\2024_JUL_SAP_D\SAP-D_T3\GOPR3327.JPG,Sapangan (Deep Only)\2024_JUL_SAP_D\SAP-D_T3\GOPR3327\Coral9.JPG,9,0.2661,Sapangan,T3,5
Sapangan (Deep Only)\2024_JUL_SAP_D\SAP-D_T3\GOPR3327.JPG,Sapangan (Deep Only)\2024_JUL_SAP_D\SAP-D_T3\GOPR3327\Coral6.JPG,6,0.3795,Sapangan,T3,5
Sapangan (Deep Only)\2024_JUL_SAP_D\SAP-D_T3\GOPR3327.JPG,Sapangan (Deep Only)\2024_JUL_SAP_D\SAP-D_T3\GOPR3327\Coral3.JPG,3,0.4582,Sapangan,T3,5
Sapangan (Deep Only)\2024_JUL_SAP_D\SAP-D_T3\GOPR3327.JPG,Sapangan (Deep Only)\2024_JUL_SAP_D\SAP-D_T3\GOPR3327\Coral4.JPG,4,0.4242,Sapangan,T3,5
Sapangan (Deep Only)\2024_AUG_SAP_D\2024_AUG_S_T3\GOPR5064.JPG,Sapangan (Deep Only)\2024_AUG_SAP_D\2024_AUG_S_T3\GOPR5064\Coral23.JPG,23,0.2434,Sapangan,T3,5
Sapangan (Deep Only)\2024_AUG_SAP_D\2024_AUG_S_T3\GOPR5064.JPG,Sapangan (Deep Only)\2024_AUG_SAP_D\2024_AUG_S_T3\GOPR5064\Coral19.JPG,19,0.3603,Sapangan,T3,5
Sapangan (Deep Only)\2024_AUG_SAP_D\2024_AUG_S_T3\GOPR5064.JPG,Sapangan (Deep Only)\2024_AUG_SAP_D\2024_AUG_S_T3\GOPR5064\Coral4.JPG,4,0.7284,Sapangan,T3,5
Sapangan (Deep Only)\2024_AUG_SAP_D\2024_AUG_S_T3\GOPR5064.JPG,Sapangan (Deep Only)\2024_AUG_SAP_D\2024_AUG_S_T3\GOPR5064\Coral9.JPG,9,0.619,Sapangan,T3,5
Sapangan (Deep Only)\2024_AUG_SAP_D\2024_AUG_S_T3\GOPR5064.JPG,Sapangan (Deep Only)\2024_AUG_SAP_D\2024_AUG_S_T3\GOPR5064\Coral3.JPG,3,0.7469,Sapangan,T3,5
Sapangan (Deep Only)\2024_AUG_SAP_D\2024_AUG_S_T3\GOPR5064.JPG,Sapangan (Deep Only)\2024_AUG_SAP_D\2024_AUG_S_T3\GOPR5064\Coral13.JPG,13,0.4885,Sapangan,T3,5
Sapangan (Deep Only)\2024_JUL_SAP_D\SAP-D_T3\GOPR3324.JPG,Sapangan (Deep Only)\2024_JUL_SAP_D\SAP-D_T3\GOPR3324\Coral12.JPG,12,0.1926,Sapangan,T3,5
Sapangan (Deep Only)\2024_JUL_SAP_D\SAP-D_T3\GOPR3324.JPG,Sapangan (Deep Only)\2024_JUL_SAP_D\SAP-D_T3\GOPR3324\Coral10.JPG,10,0.2708,Sapangan,T3,5
Sapangan (Deep Only)\2024_AUG_SAP_D\2024_AUG_S_T3\GOPR5036.JPG,Sapangan (Deep Only)\2024_AUG_SAP_D\2024_AUG_S_T3\GOPR5036\Coral11.JPG,11,0.2468,Sapangan,T3,5
Sapangan (Deep Only)\2024_AUG_SAP_D\2024_AUG_S_T3\GOPR5070.JPG,Sapangan (Deep Only)\2024_AUG_SAP_D\2024_AUG_S_T3\GOPR5070\Coral3.JPG,3,0.6299,Sapangan,T3,5
Sapangan (Deep Only)\2024_AUG_SAP_D\2024_AUG_S_T3\GOPR5070.JPG,Sapangan (Deep Only)\2024_AUG_SAP_D\2024_AUG_S_T3\GOPR5070\Coral41.JPG,41,0.1559,Sapangan,T3,5
Sapangan (Deep Only)\2024_AUG_SAP_D\2024_AUG_S_T3\GOPR5070.JPG,Sapangan (Deep Only)\2024_AUG_SAP_D\2024_AUG_S_T3\GOPR5070\Coral10.JPG,10,0.4126,Sapangan,T3,5
Sapangan (Deep Only)\2024_AUG_SAP_D\2024_AUG_S_T3\GOPR5070.JPG,Sapangan (Deep Only)\2024_AUG_SAP_D\2024_AUG_S_T3\GOPR5070\Coral24.JPG,24,0.2697,Sapangan,T3,5
Sapangan (Deep Only)\2024_AUG_SAP_D\2024_AUG_S_T3\GOPR5070.JPG,Sapangan (Deep Only)\2024_AUG_SAP_D\2024_AUG_S_T3\GOPR5070\Coral8.JPG,8,0.425,Sapangan,T3,5
Sapangan (Deep Only)\2024_AUG_SAP_D\2024_AUG_S_T3\GOPR5070.JPG,Sapangan (Deep Only)\2024_AUG_SAP_D\2024_AUG_S_T3\GOPR5070\Coral44.JPG,44,0.1533,Sapangan,T3,5
Sapangan (Deep Only)\2024_AUG_SAP_D\2024_AUG_S_T3\GOPR5070.JPG,Sapangan (Deep Only)\2024_AUG_SAP_D\2024_AUG_S_T3\GOPR5070\Coral33.JPG,33,0.1939,Sapangan,T3,5
Sapangan (Deep Only)\2024_AUG_SAP_D\2024_AUG_S_T3\GOPR5070.JPG,Sapangan (Deep Only)\2024_AUG_SAP_D\2024_AUG_S_T3\GOPR5070\Coral14.JPG,14,0.3596,Sapangan,T3,5
Sapangan (Deep Only)\2024_AUG_SAP_D\2024_AUG_S_T3\GOPR5070.JPG,Sapangan (Deep Only)\2024_AUG_SAP_D\2024_AUG_S_T3\GOPR5070\Coral29.JPG,29,0.2099,Sapangan,T3,5
Sapangan (Deep Only)\2024_AUG_SAP_D\2024_AUG_S_T3\GOPR5071.JPG,Sapangan (Deep Only)\2024_AUG_SAP_D\2024_AUG_S_T3\GOPR5071\Coral11.JPG,11,0.4921,Sapangan,T3,5
Sapangan (Deep Only)\2024_AUG_SAP_D\2024_AUG_S_T3\GOPR5071.JPG,Sapangan (Deep Only)\2024_AUG_SAP_D\2024_AUG_S_T3\GOPR5071\Coral41.JPG,41,0.1844,Sapangan,T3,5
Sapangan (Deep Only)\2024_AUG_SAP_D\2024_AUG_S_T3\GOPR5071.JPG,Sapangan (Deep Only)\2024_AUG_SAP_D\2024_AUG_S_T3\GOPR5071\Coral50.JPG,50,0.1736,Sapangan,T3,5
Sapangan (Deep Only)\2024_AUG_SAP_D\2024_AUG_S_T3\GOPR5071.JPG,Sapangan (Deep Only)\2024_AUG_SAP_D\2024_AUG_S_T3\GOPR5071\Coral8.JPG,8,0.5689,Sapangan,T3,5
Sapangan (Deep Only)\2024_AUG_SAP_D\2024_AUG_S_T3\GOPR5071.JPG,Sapangan (Deep Only)\2024_AUG_SAP_D\2024_AUG_S_T3\GOPR5071\Coral26.JPG,26,0.351,Sapangan,T3,5
Sapangan (Deep Only)\2024_AUG_SAP_D\2024_AUG_S_T3\GOPR5071.JPG,Sapangan (Deep Only)\2024_AUG_SAP_D\2024_AUG_S_T3\GOPR5071\Coral47.JPG,47,0.1751,Sapangan,T3,5
Sapangan (Deep Only)\2024_AUG_SAP_D\2024_AUG_S_T3\GOPR5071.JPG,Sapangan (Deep Only)\2024_AUG_SAP_D\2024_AUG_S_T3\GOPR5071\Coral20.JPG,20,0.4029,Sapangan,T3,5
Sapangan (Deep Only)\2024_AUG_SAP_D\2024_AUG_S_T3\GOPR5071.JPG,Sapangan (Deep Only)\2024_AUG_SAP_D\2024_AUG_S_T3\GOPR5071\Coral12.JPG,12,0.4872,Sapangan,T3,5
Sapangan (Deep Only)\2024_AUG_SAP_D\2024_AUG_S_T3\GOPR5071.JPG,Sapangan (Deep Only)\2024_AUG_SAP_D\2024_AUG_S_T3\GOPR5071\Coral27.JPG,27,0.3394,Sapangan,T3,5
Sapangan (Deep Only)\2024_AUG_SAP_D\2024_AUG_S_T3\GOPR5071.JPG,Sapangan (Deep Only)\2024_AUG_SAP_D\2024_AUG_S_T3\GOPR5071\Coral19.JPG,19,0.412,Sapangan,T3,5
Sapangan (Deep Only)\2024_JUL_SAP_D\SAP-D_T3\GOPR3359.JPG,Sapangan (Deep Only)\2024_JUL_SAP_D\SAP-D_T3\GOPR3359\Coral6.JPG,6,0.2923,Sapangan,T3,5
Sapangan (Deep Only)\2024_JUL_SAP_D\SAP-D_T3\GOPR3359.JPG,Sapangan (Deep Only)\2024_JUL_SAP_D\SAP-D_T3\GOPR3359\Coral2.JPG,2,0.5499,Sapangan,T3,5
Sapangan (Deep Only)\2024_JUL_SAP_D\SAP-D_T3\GOPR3359.JPG,Sapangan (Deep Only)\2024_JUL_SAP_D\SAP-D_T3\GOPR3359\Coral10.JPG,10,0.2225,Sapangan,T3,5
