image_relpath,num_detections
Coral Garden\2024_JUL_CG_S\CG-S_T1\GOPR3088.JPG,15
Coral Garden\2024_JUL_CG_S\CG-S_T1\GOPR3089.JPG,34
Coral Garden\2024_JUL_CG_S\CG-S_T1\GOPR3090.JPG,38
Coral Garden\2024_JUL_CG_S\CG-S_T1\GOPR3091.JPG,30
Coral Garden\2024_JUL_CG_S\CG-S_T1\GOPR3092.JPG,42
Coral Garden\2024_JUL_CG_S\CG-S_T1\GOPR3093.JPG,12
Coral Garden\2024_JUL_CG_S\CG-S_T1\GOPR3094.JPG,22
Coral Garden\2024_JUL_CG_S\CG-S_T1\GOPR3095.JPG,12
Coral Garden\2024_JUL_CG_S\CG-S_T1\GOPR3096.JPG,8
Coral Garden\2024_JUL_CG_S\CG-S_T1\GOPR3097.JPG,3
Coral Garden\2024_JUL_CG_S\CG-S_T1\GOPR3098.JPG,32
Coral Garden\2024_JUL_CG_S\CG-S_T1\GOPR3099.JPG,16
Coral Garden\2024_JUL_CG_S\CG-S_T1\GOPR3100.JPG,30
Coral Garden\2024_JUL_CG_S\CG-S_T1\GOPR3101.JPG,36
Coral Garden\2024_JUL_CG_S\CG-S_T1\GOPR3102.JPG,26
Coral Garden\2024_JUL_CG_S\CG-S_T1\GOPR3103.JPG,37
Coral Garden\2024_JUL_CG_S\CG-S_T1\GOPR3104.JPG,29
Coral Garden\2024_JUL_CG_S\CG-S_T1\GOPR3105.JPG,23
Coral Garden\2024_JUL_CG_S\CG-S_T1\GOPR3106.JPG,16
Coral Garden\2024_JUL_CG_S\CG-S_T1\GOPR3107.JPG,16
Coral Garden\2024_JUL_CG_S\CG-S_T1\GOPR3108.JPG,32
Coral Garden\2024_JUL_CG_S\CG-S_T1\GOPR3109.JPG,32
Coral Garden\2024_JUL_CG_S\CG-S_T1\GOPR3110.JPG,38
Coral Garden\2024_JUL_CG_S\CG-S_T1\GOPR3111.JPG,20
Coral Garden\2024_JUL_CG_S\CG-S_T1\GOPR3112.JPG,28
Coral Garden\2024_JUL_CG_S\CG-S_T1\GOPR3113.JPG,41
Coral Garden\2024_JUL_CG_S\CG-S_T1\GOPR3114.JPG,21
Coral Garden\2024_JUL_CG_S\CG-S_T1\GOPR3115.JPG,32
Coral Garden\2024_JUL_CG_S\CG-S_T1\GOPR3116.JPG,34
Coral Garden\2024_JUL_CG_S\CG-S_T1\GOPR3117.JPG,43
Coral Garden\2024_JUL_CG_S\CG-S_T1\GOPR3118.JPG,13
Coral Garden\2024_JUL_CG_S\CG-S_T1\GOPR3119.JPG,17
Coral Garden\2024_JUL_CG_S\CG-S_T1\GOPR3120.JPG,12
Coral Garden\2024_JUL_CG_S\CG-S_T1\GOPR3121.JPG,24
Coral Garden\2024_JUL_CG_S\CG-S_T1\GOPR3122.JPG,15
Coral Garden\2024_JUL_CG_S\CG-S_T1\GOPR3123.JPG,36
Coral Garden\2024_JUL_CG_S\CG-S_T1\GOPR3124.JPG,29
Coral Garden\2024_JUL_CG_S\CG-S_T1\GOPR3125.JPG,26
Coral Garden\2024_JUL_CG_S\CG-S_T1\GOPR3126.JPG,9
Coral Garden\2024_JUL_CG_S\CG-S_T1\GOPR3127.JPG,7
Coral Garden\2024_JUL_CG_S\CG-S_T1\GOPR3128.JPG,22
Coral Garden\2024_JUL_CG_S\CG-S_T1\GOPR3129.JPG,43
Coral Garden\2024_JUL_CG_S\CG-S_T1\GOPR3130.JPG,38
Coral Garden\2024_JUL_CG_S\CG-S_T1\GOPR3131.JPG,54
Coral Garden\2024_JUL_CG_S\CG-S_T1\GOPR3132.JPG,28
Coral Garden\2024_JUL_CG_S\CG-S_T1\GOPR3133.JPG,10
Coral Garden\2024_JUL_CG_S\CG-S_T1\GOPR3134.JPG,13
Coral Garden\2024_JUL_CG_S\CG-S_T1\GOPR3135.JPG,13
Coral Garden\2024_JUL_CG_S\CG-S_T1\GOPR3136.JPG,12
Coral Garden\2024_JUL_CG_S\CG-S_T1\GOPR3137.JPG,14
Coral Garden\2024_JUL_CG_S\CG-S_T2\GOPR3144.JPG,8
Coral Garden\2024_JUL_CG_S\CG-S_T2\GOPR3145.JPG,18
Coral Garden\2024_JUL_CG_S\CG-S_T2\GOPR3146.JPG,15
Coral Garden\2024_JUL_CG_S\CG-S_T2\GOPR3147.JPG,16
Coral Garden\2024_JUL_CG_S\CG-S_T2\GOPR3148.JPG,17
Coral Garden\2024_JUL_CG_S\CG-S_T2\GOPR3149.JPG,14
Coral Garden\2024_JUL_CG_S\CG-S_T2\GOPR3150.JPG,19
Coral Garden\2024_JUL_CG_S\CG-S_T2\GOPR3151.JPG,18
Coral Garden\2024_JUL_CG_S\CG-S_T2\GOPR3152.JPG,34
Coral Garden\2024_JUL_CG_S\CG-S_T2\GOPR3153.JPG,20
Coral Garden\2024_JUL_CG_S\CG-S_T2\GOPR3154.JPG,20
Coral Garden\2024_JUL_CG_S\CG-S_T2\GOPR3155.JPG,25
Coral Garden\2024_JUL_CG_S\CG-S_T2\GOPR3156.JPG,14
Coral Garden\2024_JUL_CG_S\CG-S_T2\GOPR3157.JPG,11
Coral Garden\2024_JUL_CG_S\CG-S_T2\GOPR3158.JPG,23
Coral Garden\2024_JUL_CG_S\CG-S_T2\GOPR3159.JPG,28
Coral Garden\2024_JUL_CG_S\CG-S_T2\GOPR3160.JPG,11
Coral Garden\2024_JUL_CG_S\CG-S_T2\GOPR3161.JPG,17
Coral Garden\2024_JUL_CG_S\CG-S_T2\GOPR3162.JPG,11
Coral Garden\2024_JUL_CG_S\CG-S_T2\GOPR3163.JPG,27
Coral Garden\2024_JUL_CG_S\CG-S_T2\GOPR3164.JPG,55
Coral Garden\2024_JUL_CG_S\CG-S_T2\GOPR3165.JPG,49
Coral Garden\2024_JUL_CG_S\CG-S_T2\GOPR3166.JPG,45
Coral Garden\2024_JUL_CG_S\CG-S_T2\GOPR3167.JPG,51
Coral Garden\2024_JUL_CG_S\CG-S_T2\GOPR3168.JPG,44
Coral Garden\2024_JUL_CG_S\CG-S_T2\GOPR3169.JPG,9
Coral Garden\2024_JUL_CG_S\CG-S_T2\GOPR3170.JPG,7
Coral Garden\2024_JUL_CG_S\CG-S_T2\GOPR3171.JPG,14
Coral Garden\2024_JUL_CG_S\CG-S_T2\GOPR3172.JPG,14
Coral Garden\2024_JUL_CG_S\CG-S_T2\GOPR3173.JPG,19
Coral Garden\2024_JUL_CG_S\CG-S_T2\GOPR3174.JPG,12
Coral Garden\2024_JUL_CG_S\CG-S_T2\GOPR3175.JPG,6
Coral Garden\2024_JUL_CG_S\CG-S_T2\GOPR3176.JPG,8
Coral Garden\2024_JUL_CG_S\CG-S_T2\GOPR3177.JPG,22
Coral Garden\2024_JUL_CG_S\CG-S_T2\GOPR3178.JPG,26
Coral Garden\2024_JUL_CG_S\CG-S_T2\GOPR3179.JPG,19
Coral Garden\2024_JUL_CG_S\CG-S_T2\GOPR3180.JPG,14
Coral Garden\2024_JUL_CG_S\CG-S_T2\GOPR3181.JPG,20
Coral Garden\2024_JUL_CG_S\CG-S_T2\GOPR3182.JPG,26
Coral Garden\2024_JUL_CG_S\CG-S_T2\GOPR3183.JPG,9
Coral Garden\2024_JUL_CG_S\CG-S_T2\GOPR3184.JPG,15
Coral Garden\2024_JUL_CG_S\CG-S_T2\GOPR3185.JPG,13
Coral Garden\2024_JUL_CG_S\CG-S_T2\GOPR3186.JPG,26
Coral Garden\2024_JUL_CG_S\CG-S_T2\GOPR3187.JPG,19
Coral Garden\2024_JUL_CG_S\CG-S_T2\GOPR3188.JPG,34
Coral Garden\2024_JUL_CG_S\CG-S_T2\GOPR3189.JPG,19
Coral Garden\2024_JUL_CG_S\CG-S_T2\GOPR3190.JPG,23
Coral Garden\2024_JUL_CG_S\CG-S_T2\GOPR3191.JPG,30
Coral Garden\2024_JUL_CG_S\CG-S_T2\GOPR3192.JPG,13
Coral Garden\2024_JUL_CG_S\CG-S_T2\GOPR3193.JPG,21
Coral Garden\2024_JUL_CG_S\CG-S_T3\GOPR3198.JPG,4
Coral Garden\2024_JUL_CG_S\CG-S_T3\GOPR3199.JPG,12
Coral Garden\2024_JUL_CG_S\CG-S_T3\GOPR3200.JPG,21
Coral Garden\2024_JUL_CG_S\CG-S_T3\GOPR3201.JPG,26
Coral Garden\2024_JUL_CG_S\CG-S_T3\GOPR3202.JPG,19
Coral Garden\2024_JUL_CG_S\CG-S_T3\GOPR3203.JPG,34
Coral Garden\2024_JUL_CG_S\CG-S_T3\GOPR3204.JPG,38
Coral Garden\2024_JUL_CG_S\CG-S_T3\GOPR3205.JPG,37
Coral Garden\2024_JUL_CG_S\CG-S_T3\GOPR3206.JPG,35
Coral Garden\2024_JUL_CG_S\CG-S_T3\GOPR3207.JPG,46
Coral Garden\2024_JUL_CG_S\CG-S_T3\GOPR3208.JPG,9
Coral Garden\2024_JUL_CG_S\CG-S_T3\GOPR3209.JPG,8
Coral Garden\2024_JUL_CG_S\CG-S_T3\GOPR3210.JPG,13
Coral Garden\2024_JUL_CG_S\CG-S_T3\GOPR3211.JPG,21
Coral Garden\2024_JUL_CG_S\CG-S_T3\GOPR3212.JPG,7
Coral Garden\2024_JUL_CG_S\CG-S_T3\GOPR3213.JPG,9
Coral Garden\2024_JUL_CG_S\CG-S_T3\GOPR3214.JPG,18
Coral Garden\2024_JUL_CG_S\CG-S_T3\GOPR3215.JPG,9
Coral Garden\2024_JUL_CG_S\CG-S_T3\GOPR3216.JPG,25
Coral Garden\2024_JUL_CG_S\CG-S_T3\GOPR3217.JPG,10
Coral Garden\2024_JUL_CG_S\CG-S_T3\GOPR3218.JPG,23
Coral Garden\2024_JUL_CG_S\CG-S_T3\GOPR3219.JPG,31
Coral Garden\2024_JUL_CG_S\CG-S_T3\GOPR3220.JPG,15
Coral Garden\2024_JUL_CG_S\CG-S_T3\GOPR3221.JPG,8
Coral Garden\2024_JUL_CG_S\CG-S_T3\GOPR3222.JPG,10
Coral Garden\2024_JUL_CG_S\CG-S_T3\GOPR3223.JPG,9
Coral Garden\2024_JUL_CG_S\CG-S_T3\GOPR3224.JPG,15
Coral Garden\2024_JUL_CG_S\CG-S_T3\GOPR3225.JPG,15
Coral Garden\2024_JUL_CG_S\CG-S_T3\GOPR3226.JPG,17
Coral Garden\2024_JUL_CG_S\CG-S_T3\GOPR3227.JPG,16
Coral Garden\2024_JUL_CG_S\CG-S_T3\GOPR3228.JPG,13
Coral Garden\2024_JUL_CG_S\CG-S_T3\GOPR3229.JPG,14
Coral Garden\2024_JUL_CG_S\CG-S_T3\GOPR3230.JPG,10
Coral Garden\2024_JUL_CG_S\CG-S_T3\GOPR3231.JPG,24
Coral Garden\2024_JUL_CG_S\CG-S_T3\GOPR3232.JPG,13
Coral Garden\2024_JUL_CG_S\CG-S_T3\GOPR3233.JPG,8
Coral Garden\2024_JUL_CG_S\CG-S_T3\GOPR3234.JPG,8
Coral Garden\2024_JUL_CG_S\CG-S_T3\GOPR3235.JPG,8
Coral Garden\2024_JUL_CG_S\CG-S_T3\GOPR3236.JPG,10
Coral Garden\2024_JUL_CG_S\CG-S_T3\GOPR3237.JPG,8
Coral Garden\2024_JUL_CG_S\CG-S_T3\GOPR3238.JPG,3
Coral Garden\2024_JUL_CG_S\CG-S_T3\GOPR3240.JPG,9
Coral Garden\2024_JUL_CG_S\CG-S_T3\GOPR3241.JPG,13
Coral Garden\2024_JUL_CG_S\CG-S_T3\GOPR3242.JPG,25
Coral Garden\2024_JUL_CG_S\CG-S_T3\GOPR3243.JPG,13
Coral Garden\2024_JUL_CG_S\CG-S_T3\GOPR3244.JPG,8
Coral Garden\2024_JUL_CG_S\CG-S_T3\GOPR3245.JPG,17
Coral Garden\2024_JUL_CG_S\CG-S_T3\GOPR3246.JPG,17
Coral Garden\2024_JUL_CG_S\CG-S_T3\GOPR3247.JPG,26
Coral Garden\2024_JUL_CG_S\CG-S_T3\GOPR3248.JPG,27
Coral Garden\JULY 2024_CG_D\CG-D_T1\GOPR2916.JPG,16
Coral Garden\JULY 2024_CG_D\CG-D_T1\GOPR2917.JPG,15
Coral Garden\JULY 2024_CG_D\CG-D_T1\GOPR2918.JPG,36
Coral Garden\JULY 2024_CG_D\CG-D_T1\GOPR2919.JPG,28
Coral Garden\JULY 2024_CG_D\CG-D_T1\GOPR2920.JPG,13
Coral Garden\JULY 2024_CG_D\CG-D_T1\GOPR2921.JPG,13
Coral Garden\JULY 2024_CG_D\CG-D_T1\GOPR2922.JPG,4
Coral Garden\JULY 2024_CG_D\CG-D_T1\GOPR2923.JPG,8
Coral Garden\JULY 2024_CG_D\CG-D_T1\GOPR2924.JPG,37
Coral Garden\JULY 2024_CG_D\CG-D_T1\GOPR2925.JPG,14
Coral Garden\JULY 2024_CG_D\CG-D_T1\GOPR2926.JPG,5
Coral Garden\JULY 2024_CG_D\CG-D_T1\GOPR2927.JPG,1
Coral Garden\JULY 2024_CG_D\CG-D_T1\GOPR2928.JPG,2
Coral Garden\JULY 2024_CG_D\CG-D_T1\GOPR2929.JPG,3
Coral Garden\JULY 2024_CG_D\CG-D_T1\GOPR2930.JPG,0
Coral Garden\JULY 2024_CG_D\CG-D_T1\GOPR2931.JPG,9
Coral Garden\JULY 2024_CG_D\CG-D_T1\GOPR2932.JPG,64
Coral Garden\JULY 2024_CG_D\CG-D_T1\GOPR2933.JPG,21
Coral Garden\JULY 2024_CG_D\CG-D_T1\GOPR2934.JPG,11
Coral Garden\JULY 2024_CG_D\CG-D_T1\GOPR2935.JPG,11
Coral Garden\JULY 2024_CG_D\CG-D_T1\GOPR2936.JPG,28
Coral Garden\JULY 2024_CG_D\CG-D_T1\GOPR2937.JPG,30
Coral Garden\JULY 2024_CG_D\CG-D_T1\GOPR2938.JPG,25
Coral Garden\JULY 2024_CG_D\CG-D_T1\GOPR2939.JPG,14
Coral Garden\JULY 2024_CG_D\CG-D_T1\GOPR2940.JPG,26
Coral Garden\JULY 2024_CG_D\CG-D_T1\GOPR2941.JPG,12
Coral Garden\JULY 2024_CG_D\CG-D_T1\GOPR2942.JPG,38
Coral Garden\JULY 2024_CG_D\CG-D_T1\GOPR2943.JPG,19
Coral Garden\JULY 2024_CG_D\CG-D_T1\GOPR2944.JPG,29
Coral Garden\JULY 2024_CG_D\CG-D_T1\GOPR2945.JPG,10
Coral Garden\JULY 2024_CG_D\CG-D_T1\GOPR2947.JPG,35
Coral Garden\JULY 2024_CG_D\CG-D_T1\GOPR2948.JPG,10
Coral Garden\JULY 2024_CG_D\CG-D_T1\GOPR2949.JPG,8
Coral Garden\JULY 2024_CG_D\CG-D_T1\GOPR2950.JPG,7
Coral Garden\JULY 2024_CG_D\CG-D_T1\GOPR2951.JPG,4
Coral Garden\JULY 2024_CG_D\CG-D_T1\GOPR2952.JPG,49
Coral Garden\JULY 2024_CG_D\CG-D_T1\GOPR2953.JPG,19
Coral Garden\JULY 2024_CG_D\CG-D_T1\GOPR2954.JPG,24
Coral Garden\JULY 2024_CG_D\CG-D_T1\GOPR2955.JPG,35
Coral Garden\JULY 2024_CG_D\CG-D_T1\GOPR2956.JPG,30
Coral Garden\JULY 2024_CG_D\CG-D_T1\GOPR2957.JPG,7
Coral Garden\JULY 2024_CG_D\CG-D_T1\GOPR2958.JPG,0
Coral Garden\JULY 2024_CG_D\CG-D_T1\GOPR2959.JPG,0
Coral Garden\JULY 2024_CG_D\CG-D_T1\GOPR2960.JPG,0
Coral Garden\JULY 2024_CG_D\CG-D_T1\GOPR2961.JPG,1
Coral Garden\JULY 2024_CG_D\CG-D_T1\GOPR2962.JPG,2
Coral Garden\JULY 2024_CG_D\CG-D_T1\GOPR2963.JPG,12
Coral Garden\JULY 2024_CG_D\CG-D_T1\GOPR2964.JPG,4
Coral Garden\JULY 2024_CG_D\CG-D_T1\GOPR2965.JPG,25
Coral Garden\JULY 2024_CG_D\CG-D_T1\GOPR2966.JPG,17
Coral Garden\JULY 2024_CG_D\CG-D_T2\GOPR2970.JPG,40
Coral Garden\JULY 2024_CG_D\CG-D_T2\GOPR2971.JPG,10
Coral Garden\JULY 2024_CG_D\CG-D_T2\GOPR2972.JPG,10
Coral Garden\JULY 2024_CG_D\CG-D_T2\GOPR2973.JPG,11
Coral Garden\JULY 2024_CG_D\CG-D_T2\GOPR2974.JPG,3
Coral Garden\JULY 2024_CG_D\CG-D_T2\GOPR2975.JPG,1
Coral Garden\JULY 2024_CG_D\CG-D_T2\GOPR2976.JPG,6
Coral Garden\JULY 2024_CG_D\CG-D_T2\GOPR2977.JPG,5
Coral Garden\JULY 2024_CG_D\CG-D_T2\GOPR2978.JPG,8
Coral Garden\JULY 2024_CG_D\CG-D_T2\GOPR2979.JPG,18
Coral Garden\JULY 2024_CG_D\CG-D_T2\GOPR2980.JPG,38
Coral Garden\JULY 2024_CG_D\CG-D_T2\GOPR2981.JPG,24
Coral Garden\JULY 2024_CG_D\CG-D_T2\GOPR2982.JPG,25
Coral Garden\JULY 2024_CG_D\CG-D_T2\GOPR2983.JPG,43
Coral Garden\JULY 2024_CG_D\CG-D_T2\GOPR2984.JPG,31
Coral Garden\JULY 2024_CG_D\CG-D_T2\GOPR2985.JPG,22
Coral Garden\JULY 2024_CG_D\CG-D_T2\GOPR2986.JPG,33
Coral Garden\JULY 2024_CG_D\CG-D_T2\GOPR2987.JPG,14
Coral Garden\JULY 2024_CG_D\CG-D_T2\GOPR2988.JPG,22
Coral Garden\JULY 2024_CG_D\CG-D_T2\GOPR2989.JPG,15
Coral Garden\JULY 2024_CG_D\CG-D_T2\GOPR2990.JPG,11
Coral Garden\JULY 2024_CG_D\CG-D_T2\GOPR2991.JPG,15
Coral Garden\JULY 2024_CG_D\CG-D_T2\GOPR2992.JPG,13
Coral Garden\JULY 2024_CG_D\CG-D_T2\GOPR2993.JPG,13
Coral Garden\JULY 2024_CG_D\CG-D_T2\GOPR2994.JPG,48
Coral Garden\JULY 2024_CG_D\CG-D_T2\GOPR2995.JPG,27
Coral Garden\JULY 2024_CG_D\CG-D_T2\GOPR2996.JPG,6
Coral Garden\JULY 2024_CG_D\CG-D_T2\GOPR2997.JPG,3
Coral Garden\JULY 2024_CG_D\CG-D_T2\GOPR2998.JPG,0
Coral Garden\JULY 2024_CG_D\CG-D_T2\GOPR2999.JPG,3
Coral Garden\JULY 2024_CG_D\CG-D_T2\GOPR3000.JPG,23
Coral Garden\JULY 2024_CG_D\CG-D_T2\GOPR3001.JPG,10
Coral Garden\JULY 2024_CG_D\CG-D_T2\GOPR3002.JPG,9
Coral Garden\JULY 2024_CG_D\CG-D_T2\GOPR3003.JPG,4
Coral Garden\JULY 2024_CG_D\CG-D_T2\GOPR3004.JPG,2
Coral Garden\JULY 2024_CG_D\CG-D_T2\GOPR3005.JPG,2
Coral Garden\JULY 2024_CG_D\CG-D_T2\GOPR3006.JPG,7
Coral Garden\JULY 2024_CG_D\CG-D_T2\GOPR3007.JPG,18
Coral Garden\JULY 2024_CG_D\CG-D_T2\GOPR3008.JPG,33
Coral Garden\JULY 2024_CG_D\CG-D_T2\GOPR3009.JPG,29
Coral Garden\JULY 2024_CG_D\CG-D_T2\GOPR3010.JPG,27
Coral Garden\JULY 2024_CG_D\CG-D_T2\GOPR3011.JPG,16
Coral Garden\JULY 2024_CG_D\CG-D_T2\GOPR3014.JPG,18
Coral Garden\JULY 2024_CG_D\CG-D_T2\GOPR3015.JPG,15
Coral Garden\JULY 2024_CG_D\CG-D_T2\GOPR3016.JPG,18
Coral Garden\JULY 2024_CG_D\CG-D_T2\GOPR3017.JPG,21
Coral Garden\JULY 2024_CG_D\CG-D_T2\GOPR3018.JPG,19
Coral Garden\JULY 2024_CG_D\CG-D_T2\GOPR3019.JPG,37
Coral Garden\JULY 2024_CG_D\CG-D_T2\GOPR3021.JPG,16
Coral Garden\JULY 2024_CG_D\CG-D_T2\GOPR3022.JPG,29
Coral Garden\JULY 2024_CG_D\CG-D_T3\GOPR3025.JPG,26
Coral Garden\JULY 2024_CG_D\CG-D_T3\GOPR3026.JPG,2
Coral Garden\JULY 2024_CG_D\CG-D_T3\GOPR3027.JPG,11
Coral Garden\JULY 2024_CG_D\CG-D_T3\GOPR3028.JPG,26
Coral Garden\JULY 2024_CG_D\CG-D_T3\GOPR3029.JPG,31
Coral Garden\JULY 2024_CG_D\CG-D_T3\GOPR3030.JPG,7
Coral Garden\JULY 2024_CG_D\CG-D_T3\GOPR3031.JPG,29
Coral Garden\JULY 2024_CG_D\CG-D_T3\GOPR3032.JPG,21
Coral Garden\JULY 2024_CG_D\CG-D_T3\GOPR3033.JPG,25
Coral Garden\JULY 2024_CG_D\CG-D_T3\GOPR3034.JPG,8
Coral Garden\JULY 2024_CG_D\CG-D_T3\GOPR3035.JPG,14
Coral Garden\JULY 2024_CG_D\CG-D_T3\GOPR3036.JPG,24
Coral Garden\JULY 2024_CG_D\CG-D_T3\GOPR3037.JPG,14
Coral Garden\JULY 2024_CG_D\CG-D_T3\GOPR3038.JPG,12
Coral Garden\JULY 2024_CG_D\CG-D_T3\GOPR3039.JPG,12
Coral Garden\JULY 2024_CG_D\CG-D_T3\GOPR3040.JPG,7
Coral Garden\JULY 2024_CG_D\CG-D_T3\GOPR3041.JPG,22
Coral Garden\JULY 2024_CG_D\CG-D_T3\GOPR3042.JPG,21
Coral Garden\JULY 2024_CG_D\CG-D_T3\GOPR3043.JPG,12
Coral Garden\JULY 2024_CG_D\CG-D_T3\GOPR3044.JPG,10
Coral Garden\JULY 2024_CG_D\CG-D_T3\GOPR3045.JPG,10
Coral Garden\JULY 2024_CG_D\CG-D_T3\GOPR3046.JPG,7
Coral Garden\JULY 2024_CG_D\CG-D_T3\GOPR3047.JPG,13
Coral Garden\JULY 2024_CG_D\CG-D_T3\GOPR3048.JPG,8
Coral Garden\JULY 2024_CG_D\CG-D_T3\GOPR3049.JPG,8
Coral Garden\JULY 2024_CG_D\CG-D_T3\GOPR3050.JPG,3
Coral Garden\JULY 2024_CG_D\CG-D_T3\GOPR3051.JPG,11
Coral Garden\JULY 2024_CG_D\CG-D_T3\GOPR3052.JPG,12
Coral Garden\JULY 2024_CG_D\CG-D_T3\GOPR3053.JPG,10
Coral Garden\JULY 2024_CG_D\CG-D_T3\GOPR3054.JPG,12
Coral Garden\JULY 2024_CG_D\CG-D_T3\GOPR3055.JPG,12
Coral Garden\JULY 2024_CG_D\CG-D_T3\GOPR3056.JPG,8
Coral Garden\JULY 2024_CG_D\CG-D_T3\GOPR3057.JPG,13
Coral Garden\JULY 2024_CG_D\CG-D_T3\GOPR3058.JPG,9
Coral Garden\JULY 2024_CG_D\CG-D_T3\GOPR3059.JPG,24
Coral Garden\JULY 2024_CG_D\CG-D_T3\GOPR3060.JPG,17
Coral Garden\JULY 2024_CG_D\CG-D_T3\GOPR3061.JPG,20
Coral Garden\JULY 2024_CG_D\CG-D_T3\GOPR3062.JPG,9
Coral Garden\JULY 2024_CG_D\CG-D_T3\GOPR3063.JPG,5
Coral Garden\JULY 2024_CG_D\CG-D_T3\GOPR3064.JPG,24
Coral Garden\JULY 2024_CG_D\CG-D_T3\GOPR3065.JPG,7
Coral Garden\JULY 2024_CG_D\CG-D_T3\GOPR3066.JPG,12
Coral Garden\JULY 2024_CG_D\CG-D_T3\GOPR3067.JPG,10
Coral Garden\JULY 2024_CG_D\CG-D_T3\GOPR3068.JPG,1
Coral Garden\JULY 2024_CG_D\CG-D_T3\GOPR3069.JPG,0
Coral Garden\JULY 2024_CG_D\CG-D_T3\GOPR3070.JPG,3
Coral Garden\JULY 2024_CG_D\CG-D_T3\GOPR3071.JPG,23
Coral Garden\JULY 2024_CG_D\CG-D_T3\GOPR3072.JPG,17
Coral Garden\JULY 2024_CG_D\CG-D_T3\GOPR3073.JPG,2
Coral Garden\JULY 2024_CG_D\CG-D_T3\GOPR3074.JPG,16
Giant Clam (Shallow Only)\2024_JUL_GC_D\2024_JUL_GC-D_T1\GOPR3377.JPG,23
Giant Clam (Shallow Only)\2024_JUL_GC_D\2024_JUL_GC-D_T1\GOPR3378.JPG,19
Giant Clam (Shallow Only)\2024_JUL_GC_D\2024_JUL_GC-D_T1\GOPR3379.JPG,31
Giant Clam (Shallow Only)\2024_JUL_GC_D\2024_JUL_GC-D_T1\GOPR3380.JPG,20
Giant Clam (Shallow Only)\2024_JUL_GC_D\2024_JUL_GC-D_T1\GOPR3381.JPG,31
Giant Clam (Shallow Only)\2024_JUL_GC_D\2024_JUL_GC-D_T1\GOPR3382.JPG,30
Giant Clam (Shallow Only)\2024_JUL_GC_D\2024_JUL_GC-D_T1\GOPR3383.JPG,36
Giant Clam (Shallow Only)\2024_JUL_GC_D\2024_JUL_GC-D_T1\GOPR3384.JPG,50
Giant Clam (Shallow Only)\2024_JUL_GC_D\2024_JUL_GC-D_T1\GOPR3385.JPG,42
Giant Clam (Shallow Only)\2024_JUL_GC_D\2024_JUL_GC-D_T1\GOPR3386.JPG,18
Giant Clam (Shallow Only)\2024_JUL_GC_D\2024_JUL_GC-D_T1\GOPR3387.JPG,18
Giant Clam (Shallow Only)\2024_JUL_GC_D\2024_JUL_GC-D_T1\GOPR3388.JPG,10
Giant Clam (Shallow Only)\2024_JUL_GC_D\2024_JUL_GC-D_T1\GOPR3389.JPG,20
Giant Clam (Shallow Only)\2024_JUL_GC_D\2024_JUL_GC-D_T1\GOPR3390.JPG,32
Giant Clam (Shallow Only)\2024_JUL_GC_D\2024_JUL_GC-D_T1\GOPR3391.JPG,28
Giant Clam (Shallow Only)\2024_JUL_GC_D\2024_JUL_GC-D_T1\GOPR3392.JPG,18
Giant Clam (Shallow Only)\2024_JUL_GC_D\2024_JUL_GC-D_T1\GOPR3393.JPG,24
Giant Clam (Shallow Only)\2024_JUL_GC_D\2024_JUL_GC-D_T1\GOPR3394.JPG,29
Giant Clam (Shallow Only)\2024_JUL_GC_D\2024_JUL_GC-D_T1\GOPR3395.JPG,22
Giant Clam (Shallow Only)\2024_JUL_GC_D\2024_JUL_GC-D_T1\GOPR3396.JPG,23
Giant Clam (Shallow Only)\2024_JUL_GC_D\2024_JUL_GC-D_T1\GOPR3397.JPG,15
Giant Clam (Shallow Only)\2024_JUL_GC_D\2024_JUL_GC-D_T1\GOPR3398.JPG,10
Giant Clam (Shallow Only)\2024_JUL_GC_D\2024_JUL_GC-D_T1\GOPR3399.JPG,23
Giant Clam (Shallow Only)\2024_JUL_GC_D\2024_JUL_GC-D_T1\GOPR3400.JPG,15
Giant Clam (Shallow Only)\2024_JUL_GC_D\2024_JUL_GC-D_T1\GOPR3401.JPG,8
Giant Clam (Shallow Only)\2024_JUL_GC_D\2024_JUL_GC-D_T1\GOPR3402.JPG,21
Giant Clam (Shallow Only)\2024_JUL_GC_D\2024_JUL_GC-D_T1\GOPR3403.JPG,24
Giant Clam (Shallow Only)\2024_JUL_GC_D\2024_JUL_GC-D_T1\GOPR3404.JPG,11
Giant Clam (Shallow Only)\2024_JUL_GC_D\2024_JUL_GC-D_T1\GOPR3405.JPG,54
Giant Clam (Shallow Only)\2024_JUL_GC_D\2024_JUL_GC-D_T1\GOPR3406.JPG,35
Giant Clam (Shallow Only)\2024_JUL_GC_D\2024_JUL_GC-D_T1\GOPR3407.JPG,36
Giant Clam (Shallow Only)\2024_JUL_GC_D\2024_JUL_GC-D_T1\GOPR3408.JPG,35
Giant Clam (Shallow Only)\2024_JUL_GC_D\2024_JUL_GC-D_T1\GOPR3409.JPG,43
Giant Clam (Shallow Only)\2024_JUL_GC_D\2024_JUL_GC-D_T1\GOPR3410.JPG,33
Giant Clam (Shallow Only)\2024_JUL_GC_D\2024_JUL_GC-D_T1\GOPR3411.JPG,39
Giant Clam (Shallow Only)\2024_JUL_GC_D\2024_JUL_GC-D_T1\GOPR3412.JPG,43
Giant Clam (Shallow Only)\2024_JUL_GC_D\2024_JUL_GC-D_T1\GOPR3413.JPG,47
Giant Clam (Shallow Only)\2024_JUL_GC_D\2024_JUL_GC-D_T1\GOPR3414.JPG,39
Giant Clam (Shallow Only)\2024_JUL_GC_D\2024_JUL_GC-D_T1\GOPR3415.JPG,31
Giant Clam (Shallow Only)\2024_JUL_GC_D\2024_JUL_GC-D_T1\GOPR3416.JPG,41
Giant Clam (Shallow Only)\2024_JUL_GC_D\2024_JUL_GC-D_T1\GOPR3417.JPG,52
Giant Clam (Shallow Only)\2024_JUL_GC_D\2024_JUL_GC-D_T1\GOPR3418.JPG,32
Giant Clam (Shallow Only)\2024_JUL_GC_D\2024_JUL_GC-D_T1\GOPR3419.JPG,39
Giant Clam (Shallow Only)\2024_JUL_GC_D\2024_JUL_GC-D_T1\GOPR3420.JPG,31
Giant Clam (Shallow Only)\2024_JUL_GC_D\2024_JUL_GC-D_T1\GOPR3421.JPG,54
Giant Clam (Shallow Only)\2024_JUL_GC_D\2024_JUL_GC-D_T1\GOPR3422.JPG,44
Giant Clam (Shallow Only)\2024_JUL_GC_D\2024_JUL_GC-D_T1\GOPR3423.JPG,30
Giant Clam (Shallow Only)\2024_JUL_GC_D\2024_JUL_GC-D_T1\GOPR3424.JPG,45
Giant Clam (Shallow Only)\2024_JUL_GC_D\2024_JUL_GC-D_T1\GOPR3425.JPG,37
Giant Clam (Shallow Only)\2024_JUL_GC_D\2024_JUL_GC-D_T1\GOPR3426.JPG,31
Giant Clam (Shallow Only)\2024_JUL_GC_D\2024_JUL_GC-D_T2\GOPR3431.JPG,32
Giant Clam (Shallow Only)\2024_JUL_GC_D\2024_JUL_GC-D_T2\GOPR3432.JPG,33
Giant Clam (Shallow Only)\2024_JUL_GC_D\2024_JUL_GC-D_T2\GOPR3433.JPG,71
Giant Clam (Shallow Only)\2024_JUL_GC_D\2024_JUL_GC-D_T2\GOPR3434.JPG,29
Giant Clam (Shallow Only)\2024_JUL_GC_D\2024_JUL_GC-D_T2\GOPR3435.JPG,20
Giant Clam (Shallow Only)\2024_JUL_GC_D\2024_JUL_GC-D_T2\GOPR3436.JPG,28
Giant Clam (Shallow Only)\2024_JUL_GC_D\2024_JUL_GC-D_T2\GOPR3437.JPG,49
Giant Clam (Shallow Only)\2024_JUL_GC_D\2024_JUL_GC-D_T2\GOPR3438.JPG,60
Giant Clam (Shallow Only)\2024_JUL_GC_D\2024_JUL_GC-D_T2\GOPR3439.JPG,38
Giant Clam (Shallow Only)\2024_JUL_GC_D\2024_JUL_GC-D_T2\GOPR3440.JPG,62
Giant Clam (Shallow Only)\2024_JUL_GC_D\2024_JUL_GC-D_T2\GOPR3441.JPG,53
Giant Clam (Shallow Only)\2024_JUL_GC_D\2024_JUL_GC-D_T2\GOPR3442.JPG,47
Giant Clam (Shallow Only)\2024_JUL_GC_D\2024_JUL_GC-D_T2\GOPR3443.JPG,33
Giant Clam (Shallow Only)\2024_JUL_GC_D\2024_JUL_GC-D_T2\GOPR3444.JPG,40
Giant Clam (Shallow Only)\2024_JUL_GC_D\2024_JUL_GC-D_T2\GOPR3445.JPG,65
Giant Clam (Shallow Only)\2024_JUL_GC_D\2024_JUL_GC-D_T2\GOPR3446.JPG,55
Giant Clam (Shallow Only)\2024_JUL_GC_D\2024_JUL_GC-D_T2\GOPR3447.JPG,51
Giant Clam (Shallow Only)\2024_JUL_GC_D\2024_JUL_GC-D_T2\GOPR3448.JPG,41
Giant Clam (Shallow Only)\2024_JUL_GC_D\2024_JUL_GC-D_T2\GOPR3449.JPG,45
Giant Clam (Shallow Only)\2024_JUL_GC_D\2024_JUL_GC-D_T2\GOPR3450.JPG,50
Giant Clam (Shallow Only)\2024_JUL_GC_D\2024_JUL_GC-D_T2\GOPR3451.JPG,24
Giant Clam (Shallow Only)\2024_JUL_GC_D\2024_JUL_GC-D_T2\GOPR3452.JPG,38
Giant Clam (Shallow Only)\2024_JUL_GC_D\2024_JUL_GC-D_T2\GOPR3453.JPG,29
Giant Clam (Shallow Only)\2024_JUL_GC_D\2024_JUL_GC-D_T2\GOPR3454.JPG,43
Giant Clam (Shallow Only)\2024_JUL_GC_D\2024_JUL_GC-D_T2\GOPR3455.JPG,55
Giant Clam (Shallow Only)\2024_JUL_GC_D\2024_JUL_GC-D_T2\GOPR3456.JPG,57
Giant Clam (Shallow Only)\2024_JUL_GC_D\2024_JUL_GC-D_T2\GOPR3457.JPG,19
Giant Clam (Shallow Only)\2024_JUL_GC_D\2024_JUL_GC-D_T2\GOPR3458.JPG,28
Giant Clam (Shallow Only)\2024_JUL_GC_D\2024_JUL_GC-D_T2\GOPR3459.JPG,34
Giant Clam (Shallow Only)\2024_JUL_GC_D\2024_JUL_GC-D_T2\GOPR3460.JPG,20
Giant Clam (Shallow Only)\2024_JUL_GC_D\2024_JUL_GC-D_T2\GOPR3461.JPG,29
Giant Clam (Shallow Only)\2024_JUL_GC_D\2024_JUL_GC-D_T2\GOPR3462.JPG,29
Giant Clam (Shallow Only)\2024_JUL_GC_D\2024_JUL_GC-D_T2\GOPR3463.JPG,37
Giant Clam (Shallow Only)\2024_JUL_GC_D\2024_JUL_GC-D_T2\GOPR3464.JPG,38
Giant Clam (Shallow Only)\2024_JUL_GC_D\2024_JUL_GC-D_T2\GOPR3465.JPG,42
Giant Clam (Shallow Only)\2024_JUL_GC_D\2024_JUL_GC-D_T2\GOPR3466.JPG,46
Giant Clam (Shallow Only)\2024_JUL_GC_D\2024_JUL_GC-D_T2\GOPR3467.JPG,31
Giant Clam (Shallow Only)\2024_JUL_GC_D\2024_JUL_GC-D_T2\GOPR3468.JPG,31
Giant Clam (Shallow Only)\2024_JUL_GC_D\2024_JUL_GC-D_T2\GOPR3469.JPG,43
Giant Clam (Shallow Only)\2024_JUL_GC_D\2024_JUL_GC-D_T2\GOPR3470.JPG,25
Giant Clam (Shallow Only)\2024_JUL_GC_D\2024_JUL_GC-D_T2\GOPR3471.JPG,43
Giant Clam (Shallow Only)\2024_JUL_GC_D\2024_JUL_GC-D_T2\GOPR3472.JPG,31
Giant Clam (Shallow Only)\2024_JUL_GC_D\2024_JUL_GC-D_T2\GOPR3473.JPG,33
Giant Clam (Shallow Only)\2024_JUL_GC_D\2024_JUL_GC-D_T2\GOPR3474.JPG,28
Giant Clam (Shallow Only)\2024_JUL_GC_D\2024_JUL_GC-D_T2\GOPR3475.JPG,17
Giant Clam (Shallow Only)\2024_JUL_GC_D\2024_JUL_GC-D_T2\GOPR3476.JPG,28
Giant Clam (Shallow Only)\2024_JUL_GC_D\2024_JUL_GC-D_T2\GOPR3477.JPG,26
Giant Clam (Shallow Only)\2024_JUL_GC_D\2024_JUL_GC-D_T2\GOPR3478.JPG,48
Giant Clam (Shallow Only)\2024_JUL_GC_D\2024_JUL_GC-D_T2\GOPR3479.JPG,39
Giant Clam (Shallow Only)\2024_JUL_GC_D\2024_JUL_GC-D_T2\GOPR3480.JPG,27
Giant Clam (Shallow Only)\2024_JUL_GC_D\2024_JUL_GC-D_T3\GOPR3486.JPG,42
Giant Clam (Shallow Only)\2024_JUL_GC_D\2024_JUL_GC-D_T3\GOPR3487.JPG,42
Giant Clam (Shallow Only)\2024_JUL_GC_D\2024_JUL_GC-D_T3\GOPR3488.JPG,25
Giant Clam (Shallow Only)\2024_JUL_GC_D\2024_JUL_GC-D_T3\GOPR3489.JPG,17
Giant Clam (Shallow Only)\2024_JUL_GC_D\2024_JUL_GC-D_T3\GOPR3490.JPG,30
Giant Clam (Shallow Only)\2024_JUL_GC_D\2024_JUL_GC-D_T3\GOPR3491.JPG,24
Giant Clam (Shallow Only)\2024_JUL_GC_D\2024_JUL_GC-D_T3\GOPR3492.JPG,24
Giant Clam (Shallow Only)\2024_JUL_GC_D\2024_JUL_GC-D_T3\GOPR3493.JPG,28
Giant Clam (Shallow Only)\2024_JUL_GC_D\2024_JUL_GC-D_T3\GOPR3495.JPG,28
Giant Clam (Shallow Only)\2024_JUL_GC_D\2024_JUL_GC-D_T3\GOPR3496.JPG,26
Giant Clam (Shallow Only)\2024_JUL_GC_D\2024_JUL_GC-D_T3\GOPR3497.JPG,26
Giant Clam (Shallow Only)\2024_JUL_GC_D\2024_JUL_GC-D_T3\GOPR3498.JPG,22
Giant Clam (Shallow Only)\2024_JUL_GC_D\2024_JUL_GC-D_T3\GOPR3499.JPG,22
Giant Clam (Shallow Only)\2024_JUL_GC_D\2024_JUL_GC-D_T3\GOPR3500.JPG,26
Giant Clam (Shallow Only)\2024_JUL_GC_D\2024_JUL_GC-D_T3\GOPR3501.JPG,31
Giant Clam (Shallow Only)\2024_JUL_GC_D\2024_JUL_GC-D_T3\GOPR3502.JPG,51
Giant Clam (Shallow Only)\2024_JUL_GC_D\2024_JUL_GC-D_T3\GOPR3503.JPG,31
Giant Clam (Shallow Only)\2024_JUL_GC_D\2024_JUL_GC-D_T3\GOPR3504.JPG,23
Giant Clam (Shallow Only)\2024_JUL_GC_D\2024_JUL_GC-D_T3\GOPR3505.JPG,21
Giant Clam (Shallow Only)\2024_JUL_GC_D\2024_JUL_GC-D_T3\GOPR3506.JPG,21
Giant Clam (Shallow Only)\2024_JUL_GC_D\2024_JUL_GC-D_T3\GOPR3507.JPG,25
Giant Clam (Shallow Only)\2024_JUL_GC_D\2024_JUL_GC-D_T3\GOPR3508.JPG,18
Giant Clam (Shallow Only)\2024_JUL_GC_D\2024_JUL_GC-D_T3\GOPR3509.JPG,13
Giant Clam (Shallow Only)\2024_JUL_GC_D\2024_JUL_GC-D_T3\GOPR3510.JPG,24
Giant Clam (Shallow Only)\2024_JUL_GC_D\2024_JUL_GC-D_T3\GOPR3511.JPG,51
Giant Clam (Shallow Only)\2024_JUL_GC_D\2024_JUL_GC-D_T3\GOPR3512.JPG,13
Giant Clam (Shallow Only)\2024_JUL_GC_D\2024_JUL_GC-D_T3\GOPR3513.JPG,55
Giant Clam (Shallow Only)\2024_JUL_GC_D\2024_JUL_GC-D_T3\GOPR3514.JPG,38
Giant Clam (Shallow Only)\2024_JUL_GC_D\2024_JUL_GC-D_T3\GOPR3515.JPG,35
Giant Clam (Shallow Only)\2024_JUL_GC_D\2024_JUL_GC-D_T3\GOPR3516.JPG,25
Giant Clam (Shallow Only)\2024_JUL_GC_D\2024_JUL_GC-D_T3\GOPR3517.JPG,23
Giant Clam (Shallow Only)\2024_JUL_GC_D\2024_JUL_GC-D_T3\GOPR3518.JPG,41
Giant Clam (Shallow Only)\2024_JUL_GC_D\2024_JUL_GC-D_T3\GOPR3519.JPG,11
Giant Clam (Shallow Only)\2024_JUL_GC_D\2024_JUL_GC-D_T3\GOPR3520.JPG,27
Giant Clam (Shallow Only)\2024_JUL_GC_D\2024_JUL_GC-D_T3\GOPR3521.JPG,11
Giant Clam (Shallow Only)\2024_JUL_GC_D\2024_JUL_GC-D_T3\GOPR3522.JPG,20
Giant Clam (Shallow Only)\2024_JUL_GC_D\2024_JUL_GC-D_T3\GOPR3523.JPG,22
Giant Clam (Shallow Only)\2024_JUL_GC_D\2024_JUL_GC-D_T3\GOPR3524.JPG,22
Giant Clam (Shallow Only)\2024_JUL_GC_D\2024_JUL_GC-D_T3\GOPR3525.JPG,33
Giant Clam (Shallow Only)\2024_JUL_GC_D\2024_JUL_GC-D_T3\GOPR3526.JPG,19
Giant Clam (Shallow Only)\2024_JUL_GC_D\2024_JUL_GC-D_T3\GOPR3527.JPG,19
Giant Clam (Shallow Only)\2024_JUL_GC_D\2024_JUL_GC-D_T3\GOPR3528.JPG,30
Giant Clam (Shallow Only)\2024_JUL_GC_D\2024_JUL_GC-D_T3\GOPR3529.JPG,35
Giant Clam (Shallow Only)\2024_JUL_GC_D\2024_JUL_GC-D_T3\GOPR3530.JPG,45
Giant Clam (Shallow Only)\2024_JUL_GC_D\2024_JUL_GC-D_T3\GOPR3531.JPG,40
Giant Clam (Shallow Only)\2024_JUL_GC_D\2024_JUL_GC-D_T3\GOPR3532.JPG,46
Giant Clam (Shallow Only)\2024_JUL_GC_D\2024_JUL_GC-D_T3\GOPR3533.JPG,40
Giant Clam (Shallow Only)\2024_JUL_GC_D\2024_JUL_GC-D_T3\GOPR3534.JPG,23
Giant Clam (Shallow Only)\2024_JUL_GC_D\2024_JUL_GC-D_T3\GOPR3535.JPG,21
Giant Clam (Shallow Only)\2024_JUL_GC_D\2024_JUL_GC-D_T3\GOPR3536.JPG,25
Harka Piloto\2024_HP_JUL_S\HP_S_T1\GOPR3849.JPG,59
Harka Piloto\2024_HP_JUL_S\HP_S_T1\GOPR3850.JPG,47
Harka Piloto\2024_HP_JUL_S\HP_S_T1\GOPR3851.JPG,26
Harka Piloto\2024_HP_JUL_S\HP_S_T1\GOPR3852.JPG,34
Harka Piloto\2024_HP_JUL_S\HP_S_T1\GOPR3853.JPG,31
Harka Piloto\2024_HP_JUL_S\HP_S_T1\GOPR3854.JPG,55
Harka Piloto\2024_HP_JUL_S\HP_S_T1\GOPR3855.JPG,53
Harka Piloto\2024_HP_JUL_S\HP_S_T1\GOPR3856.JPG,56
Harka Piloto\2024_HP_JUL_S\HP_S_T1\GOPR3857.JPG,38
Harka Piloto\2024_HP_JUL_S\HP_S_T1\GOPR3858.JPG,41
Harka Piloto\2024_HP_JUL_S\HP_S_T1\GOPR3859.JPG,37
Harka Piloto\2024_HP_JUL_S\HP_S_T1\GOPR3860.JPG,45
Harka Piloto\2024_HP_JUL_S\HP_S_T1\GOPR3861.JPG,42
Harka Piloto\2024_HP_JUL_S\HP_S_T1\GOPR3862.JPG,39
Harka Piloto\2024_HP_JUL_S\HP_S_T1\GOPR3863.JPG,27
Harka Piloto\2024_HP_JUL_S\HP_S_T1\GOPR3864.JPG,38
Harka Piloto\2024_HP_JUL_S\HP_S_T1\GOPR3865.JPG,17
Harka Piloto\2024_HP_JUL_S\HP_S_T1\GOPR3866.JPG,34
Harka Piloto\2024_HP_JUL_S\HP_S_T1\GOPR3867.JPG,37
Harka Piloto\2024_HP_JUL_S\HP_S_T1\GOPR3868.JPG,36
Harka Piloto\2024_HP_JUL_S\HP_S_T1\GOPR3869.JPG,28
Harka Piloto\2024_HP_JUL_S\HP_S_T1\GOPR3870.JPG,35
Harka Piloto\2024_HP_JUL_S\HP_S_T1\GOPR3871.JPG,40
Harka Piloto\2024_HP_JUL_S\HP_S_T1\GOPR3872.JPG,32
Harka Piloto\2024_HP_JUL_S\HP_S_T1\GOPR3873.JPG,33
Harka Piloto\2024_HP_JUL_S\HP_S_T1\GOPR3874.JPG,41
Harka Piloto\2024_HP_JUL_S\HP_S_T1\GOPR3875.JPG,32
Harka Piloto\2024_HP_JUL_S\HP_S_T1\GOPR3876.JPG,41
Harka Piloto\2024_HP_JUL_S\HP_S_T1\GOPR3877.JPG,22
Harka Piloto\2024_HP_JUL_S\HP_S_T1\GOPR3878.JPG,25
Harka Piloto\2024_HP_JUL_S\HP_S_T1\GOPR3879.JPG,29
Harka Piloto\2024_HP_JUL_S\HP_S_T1\GOPR3880.JPG,30
Harka Piloto\2024_HP_JUL_S\HP_S_T1\GOPR3881.JPG,32
Harka Piloto\2024_HP_JUL_S\HP_S_T1\GOPR3882.JPG,29
Harka Piloto\2024_HP_JUL_S\HP_S_T1\GOPR3883.JPG,38
Harka Piloto\2024_HP_JUL_S\HP_S_T1\GOPR3884.JPG,31
Harka Piloto\2024_HP_JUL_S\HP_S_T1\GOPR3885.JPG,14
Harka Piloto\2024_HP_JUL_S\HP_S_T1\GOPR3886.JPG,20
Harka Piloto\2024_HP_JUL_S\HP_S_T1\GOPR3887.JPG,30
Harka Piloto\2024_HP_JUL_S\HP_S_T1\GOPR3888.JPG,23
Harka Piloto\2024_HP_JUL_S\HP_S_T1\GOPR3889.JPG,5
Harka Piloto\2024_HP_JUL_S\HP_S_T1\GOPR3890.JPG,23
Harka Piloto\2024_HP_JUL_S\HP_S_T1\GOPR3891.JPG,23
Harka Piloto\2024_HP_JUL_S\HP_S_T1\GOPR3892.JPG,35
Harka Piloto\2024_HP_JUL_S\HP_S_T1\GOPR3893.JPG,43
Harka Piloto\2024_HP_JUL_S\HP_S_T1\GOPR3894.JPG,42
Harka Piloto\2024_HP_JUL_S\HP_S_T1\GOPR3895.JPG,37
Harka Piloto\2024_HP_JUL_S\HP_S_T1\GOPR3896.JPG,12
Harka Piloto\2024_HP_JUL_S\HP_S_T1\GOPR3897.JPG,35
Harka Piloto\2024_HP_JUL_S\HP_S_T1\GOPR3898.JPG,28
Harka Piloto\2024_HP_JUL_S\HP_S_T2\GOPR3739.JPG,35
Harka Piloto\2024_HP_JUL_S\HP_S_T2\GOPR3741.JPG,36
Harka Piloto\2024_HP_JUL_S\HP_S_T2\GOPR3742.JPG,44
Harka Piloto\2024_HP_JUL_S\HP_S_T2\GOPR3743.JPG,35
Harka Piloto\2024_HP_JUL_S\HP_S_T2\GOPR3744.JPG,46
Harka Piloto\2024_HP_JUL_S\HP_S_T2\GOPR3745.JPG,36
Harka Piloto\2024_HP_JUL_S\HP_S_T2\GOPR3746.JPG,35
Harka Piloto\2024_HP_JUL_S\HP_S_T2\GOPR3747.JPG,40
Harka Piloto\2024_HP_JUL_S\HP_S_T2\GOPR3748.JPG,40
Harka Piloto\2024_HP_JUL_S\HP_S_T2\GOPR3749.JPG,36
Harka Piloto\2024_HP_JUL_S\HP_S_T2\GOPR3750.JPG,34
Harka Piloto\2024_HP_JUL_S\HP_S_T2\GOPR3751.JPG,35
Harka Piloto\2024_HP_JUL_S\HP_S_T2\GOPR3752.JPG,31
Harka Piloto\2024_HP_JUL_S\HP_S_T2\GOPR3753.JPG,29
Harka Piloto\2024_HP_JUL_S\HP_S_T2\GOPR3754.JPG,36
Harka Piloto\2024_HP_JUL_S\HP_S_T2\GOPR3755.JPG,28
Harka Piloto\2024_HP_JUL_S\HP_S_T2\GOPR3756.JPG,28
Harka Piloto\2024_HP_JUL_S\HP_S_T2\GOPR3757.JPG,29
Harka Piloto\2024_HP_JUL_S\HP_S_T2\GOPR3759.JPG,58
Harka Piloto\2024_HP_JUL_S\HP_S_T2\GOPR3760.JPG,37
Harka Piloto\2024_HP_JUL_S\HP_S_T2\GOPR3761.JPG,18
Harka Piloto\2024_HP_JUL_S\HP_S_T2\GOPR3762.JPG,25
Harka Piloto\2024_HP_JUL_S\HP_S_T2\GOPR3763.JPG,40
Harka Piloto\2024_HP_JUL_S\HP_S_T2\GOPR3765.JPG,30
Harka Piloto\2024_HP_JUL_S\HP_S_T2\GOPR3766.JPG,32
Harka Piloto\2024_HP_JUL_S\HP_S_T2\GOPR3767.JPG,28
Harka Piloto\2024_HP_JUL_S\HP_S_T2\GOPR3768.JPG,30
Harka Piloto\2024_HP_JUL_S\HP_S_T2\GOPR3769.JPG,35
Harka Piloto\2024_HP_JUL_S\HP_S_T2\GOPR3770.JPG,26
Harka Piloto\2024_HP_JUL_S\HP_S_T2\GOPR3771.JPG,26
Harka Piloto\2024_HP_JUL_S\HP_S_T2\GOPR3772.JPG,39
Harka Piloto\2024_HP_JUL_S\HP_S_T2\GOPR3773.JPG,44
Harka Piloto\2024_HP_JUL_S\HP_S_T2\GOPR3774.JPG,34
Harka Piloto\2024_HP_JUL_S\HP_S_T2\GOPR3775.JPG,24
Harka Piloto\2024_HP_JUL_S\HP_S_T2\GOPR3776.JPG,39
Harka Piloto\2024_HP_JUL_S\HP_S_T2\GOPR3777.JPG,33
Harka Piloto\2024_HP_JUL_S\HP_S_T2\GOPR3778.JPG,34
Harka Piloto\2024_HP_JUL_S\HP_S_T2\GOPR3779.JPG,40
Harka Piloto\2024_HP_JUL_S\HP_S_T2\GOPR3780.JPG,41
Harka Piloto\2024_HP_JUL_S\HP_S_T2\GOPR3781.JPG,35
Harka Piloto\2024_HP_JUL_S\HP_S_T2\GOPR3782.JPG,33
Harka Piloto\2024_HP_JUL_S\HP_S_T2\GOPR3783.JPG,31
Harka Piloto\2024_HP_JUL_S\HP_S_T2\GOPR3784.JPG,36
Harka Piloto\2024_HP_JUL_S\HP_S_T2\GOPR3785.JPG,39
Harka Piloto\2024_HP_JUL_S\HP_S_T2\GOPR3786.JPG,39
Harka Piloto\2024_HP_JUL_S\HP_S_T2\GOPR3787.JPG,40
Harka Piloto\2024_HP_JUL_S\HP_S_T2\GOPR3788.JPG,33
Harka Piloto\2024_HP_JUL_S\HP_S_T2\GOPR3789.JPG,38
Harka Piloto\2024_HP_JUL_S\HP_S_T2\GOPR3790.JPG,35
Harka Piloto\2024_HP_JUL_S\HP_S_T2\GOPR3791.JPG,35
Harka Piloto\2024_HP_JUL_S\HP_S_T3\GOPR3796.JPG,35
Harka Piloto\2024_HP_JUL_S\HP_S_T3\GOPR3797.JPG,47
Harka Piloto\2024_HP_JUL_S\HP_S_T3\GOPR3798.JPG,41
Harka Piloto\2024_HP_JUL_S\HP_S_T3\GOPR3799.JPG,41
Harka Piloto\2024_HP_JUL_S\HP_S_T3\GOPR3800.JPG,57
Harka Piloto\2024_HP_JUL_S\HP_S_T3\GOPR3801.JPG,40
Harka Piloto\2024_HP_JUL_S\HP_S_T3\GOPR3802.JPG,54
Harka Piloto\2024_HP_JUL_S\HP_S_T3\GOPR3803.JPG,40
Harka Piloto\2024_HP_JUL_S\HP_S_T3\GOPR3804.JPG,51
Harka Piloto\2024_HP_JUL_S\HP_S_T3\GOPR3805.JPG,41
Harka Piloto\2024_HP_JUL_S\HP_S_T3\GOPR3806.JPG,29
Harka Piloto\2024_HP_JUL_S\HP_S_T3\GOPR3807.JPG,31
Harka Piloto\2024_HP_JUL_S\HP_S_T3\GOPR3808.JPG,37
Harka Piloto\2024_HP_JUL_S\HP_S_T3\GOPR3809.JPG,32
Harka Piloto\2024_HP_JUL_S\HP_S_T3\GOPR3810.JPG,16
Harka Piloto\2024_HP_JUL_S\HP_S_T3\GOPR3811.JPG,25
Harka Piloto\2024_HP_JUL_S\HP_S_T3\GOPR3812.JPG,33
Harka Piloto\2024_HP_JUL_S\HP_S_T3\GOPR3813.JPG,29
Harka Piloto\2024_HP_JUL_S\HP_S_T3\GOPR3814.JPG,32
Harka Piloto\2024_HP_JUL_S\HP_S_T3\GOPR3815.JPG,36
Harka Piloto\2024_HP_JUL_S\HP_S_T3\GOPR3816.JPG,46
Harka Piloto\2024_HP_JUL_S\HP_S_T3\GOPR3817.JPG,28
Harka Piloto\2024_HP_JUL_S\HP_S_T3\GOPR3818.JPG,37
Harka Piloto\2024_HP_JUL_S\HP_S_T3\GOPR3819.JPG,40
Harka Piloto\2024_HP_JUL_S\HP_S_T3\GOPR3820.JPG,34
Harka Piloto\2024_HP_JUL_S\HP_S_T3\GOPR3821.JPG,33
Harka Piloto\2024_HP_JUL_S\HP_S_T3\GOPR3822.JPG,30
Harka Piloto\2024_HP_JUL_S\HP_S_T3\GOPR3823.JPG,41
Harka Piloto\2024_HP_JUL_S\HP_S_T3\GOPR3824.JPG,43
Harka Piloto\2024_HP_JUL_S\HP_S_T3\GOPR3825.JPG,39
Harka Piloto\2024_HP_JUL_S\HP_S_T3\GOPR3826.JPG,30
Harka Piloto\2024_HP_JUL_S\HP_S_T3\GOPR3827.JPG,46
Harka Piloto\2024_HP_JUL_S\HP_S_T3\GOPR3828.JPG,24
Harka Piloto\2024_HP_JUL_S\HP_S_T3\GOPR3829.JPG,40
Harka Piloto\2024_HP_JUL_S\HP_S_T3\GOPR3830.JPG,33
Harka Piloto\2024_HP_JUL_S\HP_S_T3\GOPR3831.JPG,37
Harka Piloto\2024_HP_JUL_S\HP_S_T3\GOPR3832.JPG,36
Harka Piloto\2024_HP_JUL_S\HP_S_T3\GOPR3833.JPG,39
Harka Piloto\2024_HP_JUL_S\HP_S_T3\GOPR3834.JPG,28
Harka Piloto\2024_HP_JUL_S\HP_S_T3\GOPR3835.JPG,30
Harka Piloto\2024_HP_JUL_S\HP_S_T3\GOPR3836.JPG,46
Harka Piloto\2024_HP_JUL_S\HP_S_T3\GOPR3837.JPG,31
Harka Piloto\2024_HP_JUL_S\HP_S_T3\GOPR3838.JPG,21
Harka Piloto\2024_HP_JUL_S\HP_S_T3\GOPR3839.JPG,22
Harka Piloto\2024_HP_JUL_S\HP_S_T3\GOPR3840.JPG,29
Harka Piloto\2024_HP_JUL_S\HP_S_T3\GOPR3841.JPG,40
Harka Piloto\2024_HP_JUL_S\HP_S_T3\GOPR3842.JPG,21
Harka Piloto\2024_HP_JUL_S\HP_S_T3\GOPR3843.JPG,25
Harka Piloto\2024_HP_JUL_S\HP_S_T3\GOPR3844.JPG,42
Harka Piloto\2024_HP_JUL_S\HP_S_T3\GOPR3845.JPG,31
Harka Piloto\2024_HPFS_JUL_D\HP_D_T1\GOPR3562.JPG,62
Harka Piloto\2024_HPFS_JUL_D\HP_D_T1\GOPR3563.JPG,46
Harka Piloto\2024_HPFS_JUL_D\HP_D_T1\GOPR3564.JPG,42
Harka Piloto\2024_HPFS_JUL_D\HP_D_T1\GOPR3565.JPG,35
Harka Piloto\2024_HPFS_JUL_D\HP_D_T1\GOPR3566.JPG,48
Harka Piloto\2024_HPFS_JUL_D\HP_D_T1\GOPR3567.JPG,74
Harka Piloto\2024_HPFS_JUL_D\HP_D_T1\GOPR3568.JPG,64
Harka Piloto\2024_HPFS_JUL_D\HP_D_T1\GOPR3569.JPG,68
Harka Piloto\2024_HPFS_JUL_D\HP_D_T1\GOPR3570.JPG,61
Harka Piloto\2024_HPFS_JUL_D\HP_D_T1\GOPR3571.JPG,61
Harka Piloto\2024_HPFS_JUL_D\HP_D_T1\GOPR3572.JPG,56
Harka Piloto\2024_HPFS_JUL_D\HP_D_T1\GOPR3573.JPG,95
Harka Piloto\2024_HPFS_JUL_D\HP_D_T1\GOPR3574.JPG,141
Harka Piloto\2024_HPFS_JUL_D\HP_D_T1\GOPR3575.JPG,40
Harka Piloto\2024_HPFS_JUL_D\HP_D_T1\GOPR3576.JPG,49
Harka Piloto\2024_HPFS_JUL_D\HP_D_T1\GOPR3577.JPG,35
Harka Piloto\2024_HPFS_JUL_D\HP_D_T1\GOPR3578.JPG,41
Harka Piloto\2024_HPFS_JUL_D\HP_D_T1\GOPR3579.JPG,34
Harka Piloto\2024_HPFS_JUL_D\HP_D_T1\GOPR3580.JPG,54
Harka Piloto\2024_HPFS_JUL_D\HP_D_T1\GOPR3581.JPG,42
Harka Piloto\2024_HPFS_JUL_D\HP_D_T1\GOPR3582.JPG,50
Harka Piloto\2024_HPFS_JUL_D\HP_D_T1\GOPR3583.JPG,63
Harka Piloto\2024_HPFS_JUL_D\HP_D_T1\GOPR3584.JPG,79
Harka Piloto\2024_HPFS_JUL_D\HP_D_T1\GOPR3585.JPG,155
Harka Piloto\2024_HPFS_JUL_D\HP_D_T1\GOPR3586.JPG,111
Harka Piloto\2024_HPFS_JUL_D\HP_D_T1\GOPR3587.JPG,83
Harka Piloto\2024_HPFS_JUL_D\HP_D_T1\GOPR3588.JPG,70
Harka Piloto\2024_HPFS_JUL_D\HP_D_T1\GOPR3589.JPG,83
Harka Piloto\2024_HPFS_JUL_D\HP_D_T1\GOPR3590.JPG,68
Harka Piloto\2024_HPFS_JUL_D\HP_D_T1\GOPR3591.JPG,74
Harka Piloto\2024_HPFS_JUL_D\HP_D_T1\GOPR3592.JPG,95
Harka Piloto\2024_HPFS_JUL_D\HP_D_T1\GOPR3593.JPG,80
Harka Piloto\2024_HPFS_JUL_D\HP_D_T1\GOPR3594.JPG,59
Harka Piloto\2024_HPFS_JUL_D\HP_D_T1\GOPR3595.JPG,94
Harka Piloto\2024_HPFS_JUL_D\HP_D_T1\GOPR3596.JPG,128
Harka Piloto\2024_HPFS_JUL_D\HP_D_T1\GOPR3597.JPG,113
Harka Piloto\2024_HPFS_JUL_D\HP_D_T1\GOPR3598.JPG,76
Harka Piloto\2024_HPFS_JUL_D\HP_D_T1\GOPR3599.JPG,49
Harka Piloto\2024_HPFS_JUL_D\HP_D_T1\GOPR3600.JPG,8
Harka Piloto\2024_HPFS_JUL_D\HP_D_T1\GOPR3601.JPG,33
Harka Piloto\2024_HPFS_JUL_D\HP_D_T1\GOPR3602.JPG,42
Harka Piloto\2024_HPFS_JUL_D\HP_D_T1\GOPR3603.JPG,49
Harka Piloto\2024_HPFS_JUL_D\HP_D_T1\GOPR3604.JPG,35
Harka Piloto\2024_HPFS_JUL_D\HP_D_T1\GOPR3605.JPG,43
Harka Piloto\2024_HPFS_JUL_D\HP_D_T1\GOPR3606.JPG,84
Harka Piloto\2024_HPFS_JUL_D\HP_D_T1\GOPR3607.JPG,86
Harka Piloto\2024_HPFS_JUL_D\HP_D_T1\GOPR3608.JPG,20
Harka Piloto\2024_HPFS_JUL_D\HP_D_T1\GOPR3609.JPG,35
Harka Piloto\2024_HPFS_JUL_D\HP_D_T1\GOPR3610.JPG,38
Harka Piloto\2024_HPFS_JUL_D\HP_D_T1\GOPR3611.JPG,48
Harka Piloto\2024_HPFS_JUL_D\HP_D_T2\GOPR3616.JPG,32
Harka Piloto\2024_HPFS_JUL_D\HP_D_T2\GOPR3617.JPG,53
Harka Piloto\2024_HPFS_JUL_D\HP_D_T2\GOPR3618.JPG,80
Harka Piloto\2024_HPFS_JUL_D\HP_D_T2\GOPR3619.JPG,65
Harka Piloto\2024_HPFS_JUL_D\HP_D_T2\GOPR3620.JPG,76
Harka Piloto\2024_HPFS_JUL_D\HP_D_T2\GOPR3621.JPG,45
Harka Piloto\2024_HPFS_JUL_D\HP_D_T2\GOPR3622.JPG,37
Harka Piloto\2024_HPFS_JUL_D\HP_D_T2\GOPR3623.JPG,26
Harka Piloto\2024_HPFS_JUL_D\HP_D_T2\GOPR3624.JPG,49
Harka Piloto\2024_HPFS_JUL_D\HP_D_T2\GOPR3625.JPG,72
Harka Piloto\2024_HPFS_JUL_D\HP_D_T2\GOPR3626.JPG,94
Harka Piloto\2024_HPFS_JUL_D\HP_D_T2\GOPR3627.JPG,51
Harka Piloto\2024_HPFS_JUL_D\HP_D_T2\GOPR3628.JPG,82
Harka Piloto\2024_HPFS_JUL_D\HP_D_T2\GOPR3629.JPG,44
Harka Piloto\2024_HPFS_JUL_D\HP_D_T2\GOPR3630.JPG,34
Harka Piloto\2024_HPFS_JUL_D\HP_D_T2\GOPR3631.JPG,41
Harka Piloto\2024_HPFS_JUL_D\HP_D_T2\GOPR3632.JPG,25
Harka Piloto\2024_HPFS_JUL_D\HP_D_T2\GOPR3633.JPG,50
Harka Piloto\2024_HPFS_JUL_D\HP_D_T2\GOPR3634.JPG,36
Harka Piloto\2024_HPFS_JUL_D\HP_D_T2\GOPR3635.JPG,100
Harka Piloto\2024_HPFS_JUL_D\HP_D_T2\GOPR3636.JPG,53
Harka Piloto\2024_HPFS_JUL_D\HP_D_T2\GOPR3637.JPG,38
Harka Piloto\2024_HPFS_JUL_D\HP_D_T2\GOPR3638.JPG,35
Harka Piloto\2024_HPFS_JUL_D\HP_D_T2\GOPR3639.JPG,80
Harka Piloto\2024_HPFS_JUL_D\HP_D_T2\GOPR3640.JPG,32
Harka Piloto\2024_HPFS_JUL_D\HP_D_T2\GOPR3641.JPG,79
Harka Piloto\2024_HPFS_JUL_D\HP_D_T2\GOPR3642.JPG,59
Harka Piloto\2024_HPFS_JUL_D\HP_D_T2\GOPR3643.JPG,74
Harka Piloto\2024_HPFS_JUL_D\HP_D_T2\GOPR3644.JPG,50
Harka Piloto\2024_HPFS_JUL_D\HP_D_T2\GOPR3645.JPG,92
Harka Piloto\2024_HPFS_JUL_D\HP_D_T2\GOPR3646.JPG,60
Harka Piloto\2024_HPFS_JUL_D\HP_D_T2\GOPR3647.JPG,33
Harka Piloto\2024_HPFS_JUL_D\HP_D_T2\GOPR3648.JPG,59
Harka Piloto\2024_HPFS_JUL_D\HP_D_T2\GOPR3649.JPG,35
Harka Piloto\2024_HPFS_JUL_D\HP_D_T2\GOPR3650.JPG,56
Harka Piloto\2024_HPFS_JUL_D\HP_D_T2\GOPR3651.JPG,38
Harka Piloto\2024_HPFS_JUL_D\HP_D_T2\GOPR3652.JPG,35
Harka Piloto\2024_HPFS_JUL_D\HP_D_T2\GOPR3653.JPG,38
Harka Piloto\2024_HPFS_JUL_D\HP_D_T2\GOPR3654.JPG,47
Harka Piloto\2024_HPFS_JUL_D\HP_D_T2\GOPR3655.JPG,54
Harka Piloto\2024_HPFS_JUL_D\HP_D_T2\GOPR3656.JPG,32
Harka Piloto\2024_HPFS_JUL_D\HP_D_T2\GOPR3657.JPG,17
Harka Piloto\2024_HPFS_JUL_D\HP_D_T2\GOPR3658.JPG,6
Harka Piloto\2024_HPFS_JUL_D\HP_D_T2\GOPR3659.JPG,34
Harka Piloto\2024_HPFS_JUL_D\HP_D_T2\GOPR3660.JPG,76
Harka Piloto\2024_HPFS_JUL_D\HP_D_T2\GOPR3661.JPG,70
Harka Piloto\2024_HPFS_JUL_D\HP_D_T2\GOPR3662.JPG,58
Harka Piloto\2024_HPFS_JUL_D\HP_D_T2\GOPR3663.JPG,25
Harka Piloto\2024_HPFS_JUL_D\HP_D_T2\GOPR3664.JPG,35
Harka Piloto\2024_HPFS_JUL_D\HP_D_T2\GOPR3665.JPG,53
Harka Piloto\2024_HPFS_JUL_D\HP_D_T3\GOPR3670.JPG,68
Harka Piloto\2024_HPFS_JUL_D\HP_D_T3\GOPR3671.JPG,39
Harka Piloto\2024_HPFS_JUL_D\HP_D_T3\GOPR3672.JPG,35
Harka Piloto\2024_HPFS_JUL_D\HP_D_T3\GOPR3673.JPG,29
Harka Piloto\2024_HPFS_JUL_D\HP_D_T3\GOPR3674.JPG,24
Harka Piloto\2024_HPFS_JUL_D\HP_D_T3\GOPR3675.JPG,27
Harka Piloto\2024_HPFS_JUL_D\HP_D_T3\GOPR3676.JPG,33
Harka Piloto\2024_HPFS_JUL_D\HP_D_T3\GOPR3677.JPG,37
Harka Piloto\2024_HPFS_JUL_D\HP_D_T3\GOPR3678.JPG,28
Harka Piloto\2024_HPFS_JUL_D\HP_D_T3\GOPR3679.JPG,36
Harka Piloto\2024_HPFS_JUL_D\HP_D_T3\GOPR3680.JPG,26
Harka Piloto\2024_HPFS_JUL_D\HP_D_T3\GOPR3681.JPG,13
Harka Piloto\2024_HPFS_JUL_D\HP_D_T3\GOPR3682.JPG,33
Harka Piloto\2024_HPFS_JUL_D\HP_D_T3\GOPR3683.JPG,56
Harka Piloto\2024_HPFS_JUL_D\HP_D_T3\GOPR3684.JPG,32
Harka Piloto\2024_HPFS_JUL_D\HP_D_T3\GOPR3685.JPG,23
Harka Piloto\2024_HPFS_JUL_D\HP_D_T3\GOPR3686.JPG,62
Harka Piloto\2024_HPFS_JUL_D\HP_D_T3\GOPR3687.JPG,34
Harka Piloto\2024_HPFS_JUL_D\HP_D_T3\GOPR3688.JPG,55
Harka Piloto\2024_HPFS_JUL_D\HP_D_T3\GOPR3689.JPG,81
Harka Piloto\2024_HPFS_JUL_D\HP_D_T3\GOPR3690.JPG,67
Harka Piloto\2024_HPFS_JUL_D\HP_D_T3\GOPR3691.JPG,66
Harka Piloto\2024_HPFS_JUL_D\HP_D_T3\GOPR3692.JPG,85
Harka Piloto\2024_HPFS_JUL_D\HP_D_T3\GOPR3693.JPG,68
Harka Piloto\2024_HPFS_JUL_D\HP_D_T3\GOPR3694.JPG,49
Harka Piloto\2024_HPFS_JUL_D\HP_D_T3\GOPR3695.JPG,39
Harka Piloto\2024_HPFS_JUL_D\HP_D_T3\GOPR3696.JPG,41
Harka Piloto\2024_HPFS_JUL_D\HP_D_T3\GOPR3697.JPG,34
Harka Piloto\2024_HPFS_JUL_D\HP_D_T3\GOPR3698.JPG,51
Harka Piloto\2024_HPFS_JUL_D\HP_D_T3\GOPR3699.JPG,53
Harka Piloto\2024_HPFS_JUL_D\HP_D_T3\GOPR3700.JPG,54
Harka Piloto\2024_HPFS_JUL_D\HP_D_T3\GOPR3701.JPG,63
Harka Piloto\2024_HPFS_JUL_D\HP_D_T3\GOPR3702.JPG,63
Harka Piloto\2024_HPFS_JUL_D\HP_D_T3\GOPR3703.JPG,51
Harka Piloto\2024_HPFS_JUL_D\HP_D_T3\GOPR3704.JPG,47
Harka Piloto\2024_HPFS_JUL_D\HP_D_T3\GOPR3705.JPG,50
Harka Piloto\2024_HPFS_JUL_D\HP_D_T3\GOPR3706.JPG,31
Harka Piloto\2024_HPFS_JUL_D\HP_D_T3\GOPR3707.JPG,31
Harka Piloto\2024_HPFS_JUL_D\HP_D_T3\GOPR3708.JPG,28
Harka Piloto\2024_HPFS_JUL_D\HP_D_T3\GOPR3709.JPG,32
Harka Piloto\2024_HPFS_JUL_D\HP_D_T3\GOPR3710.JPG,23
Harka Piloto\2024_HPFS_JUL_D\HP_D_T3\GOPR3711.JPG,31
Harka Piloto\2024_HPFS_JUL_D\HP_D_T3\GOPR3712.JPG,20
Harka Piloto\2024_HPFS_JUL_D\HP_D_T3\GOPR3713.JPG,31
Harka Piloto\2024_HPFS_JUL_D\HP_D_T3\GOPR3714.JPG,40
Harka Piloto\2024_HPFS_JUL_D\HP_D_T3\GOPR3715.JPG,23
Harka Piloto\2024_HPFS_JUL_D\HP_D_T3\GOPR3716.JPG,33
Harka Piloto\2024_HPFS_JUL_D\HP_D_T3\GOPR3717.JPG,77
Harka Piloto\2024_HPFS_JUL_D\HP_D_T3\GOPR3718.JPG,77
Harka Piloto\2024_HPFS_JUL_D\HP_D_T3\GOPR3719.JPG,61
Sapangan (Deep Only)\2024_JUL_SAP_D\SAP-D_T1\GOPR3257.JPG,21
Sapangan (Deep Only)\2024_JUL_SAP_D\SAP-D_T1\GOPR3258.JPG,20
Sapangan (Deep Only)\2024_JUL_SAP_D\SAP-D_T1\GOPR3259.JPG,7
Sapangan (Deep Only)\2024_JUL_SAP_D\SAP-D_T1\GOPR3260.JPG,8
Sapangan (Deep Only)\2024_JUL_SAP_D\SAP-D_T1\P7031636.JPG,24
Sapangan (Deep Only)\2024_JUL_SAP_D\SAP-D_T1\P7031637.JPG,12
Sapangan (Deep Only)\2024_JUL_SAP_D\SAP-D_T1\P7031638.JPG,22
Sapangan (Deep Only)\2024_JUL_SAP_D\SAP-D_T1\P7031639.JPG,26
Sapangan (Deep Only)\2024_JUL_SAP_D\SAP-D_T1\P7031640.JPG,10
Sapangan (Deep Only)\2024_JUL_SAP_D\SAP-D_T1\P7031641.JPG,35
Sapangan (Deep Only)\2024_JUL_SAP_D\SAP-D_T1\P7031642.JPG,21
Sapangan (Deep Only)\2024_JUL_SAP_D\SAP-D_T1\P7031643.JPG,25
Sapangan (Deep Only)\2024_JUL_SAP_D\SAP-D_T1\P7031644.JPG,21
Sapangan (Deep Only)\2024_JUL_SAP_D\SAP-D_T1\P7031645.JPG,28
Sapangan (Deep Only)\2024_JUL_SAP_D\SAP-D_T1\P7031646.JPG,35
Sapangan (Deep Only)\2024_JUL_SAP_D\SAP-D_T1\P7031647.JPG,16
Sapangan (Deep Only)\2024_JUL_SAP_D\SAP-D_T1\P7031648.JPG,16
Sapangan (Deep Only)\2024_JUL_SAP_D\SAP-D_T1\P7031649.JPG,37
Sapangan (Deep Only)\2024_JUL_SAP_D\SAP-D_T1\P7031650.JPG,43
Sapangan (Deep Only)\2024_JUL_SAP_D\SAP-D_T1\P7031651.JPG,23
Sapangan (Deep Only)\2024_JUL_SAP_D\SAP-D_T1\P7031652.JPG,28
Sapangan (Deep Only)\2024_JUL_SAP_D\SAP-D_T1\P7031653.JPG,25
Sapangan (Deep Only)\2024_JUL_SAP_D\SAP-D_T1\P7031654.JPG,32
Sapangan (Deep Only)\2024_JUL_SAP_D\SAP-D_T1\P7031655.JPG,4
Sapangan (Deep Only)\2024_JUL_SAP_D\SAP-D_T1\P7031656.JPG,22
Sapangan (Deep Only)\2024_JUL_SAP_D\SAP-D_T1\P7031657.JPG,18
Sapangan (Deep Only)\2024_JUL_SAP_D\SAP-D_T1\P7031658.JPG,11
Sapangan (Deep Only)\2024_JUL_SAP_D\SAP-D_T1\P7031659.JPG,7
Sapangan (Deep Only)\2024_JUL_SAP_D\SAP-D_T1\P7031660.JPG,20
Sapangan (Deep Only)\2024_JUL_SAP_D\SAP-D_T1\P7031661.JPG,10
Sapangan (Deep Only)\2024_JUL_SAP_D\SAP-D_T1\P7031662.JPG,29
Sapangan (Deep Only)\2024_JUL_SAP_D\SAP-D_T1\P7031663.JPG,22
Sapangan (Deep Only)\2024_JUL_SAP_D\SAP-D_T1\P7031664.JPG,28
Sapangan (Deep Only)\2024_JUL_SAP_D\SAP-D_T1\P7031665.JPG,8
Sapangan (Deep Only)\2024_JUL_SAP_D\SAP-D_T1\P7031666.JPG,18
Sapangan (Deep Only)\2024_JUL_SAP_D\SAP-D_T1\P7031667.JPG,5
Sapangan (Deep Only)\2024_JUL_SAP_D\SAP-D_T1\P7031668.JPG,18
Sapangan (Deep Only)\2024_JUL_SAP_D\SAP-D_T1\P7031669.JPG,12
Sapangan (Deep Only)\2024_JUL_SAP_D\SAP-D_T1\P7031670.JPG,9
Sapangan (Deep Only)\2024_JUL_SAP_D\SAP-D_T1\P7031671.JPG,25
Sapangan (Deep Only)\2024_JUL_SAP_D\SAP-D_T1\P7031672.JPG,24
Sapangan (Deep Only)\2024_JUL_SAP_D\SAP-D_T1\P7031673.JPG,48
Sapangan (Deep Only)\2024_JUL_SAP_D\SAP-D_T1\P7031674.JPG,36
Sapangan (Deep Only)\2024_JUL_SAP_D\SAP-D_T1\P7031675.JPG,21
Sapangan (Deep Only)\2024_JUL_SAP_D\SAP-D_T1\P7031676.JPG,20
Sapangan (Deep Only)\2024_JUL_SAP_D\SAP-D_T1\P7031677.JPG,14
Sapangan (Deep Only)\2024_JUL_SAP_D\SAP-D_T1\P7031678.JPG,16
Sapangan (Deep Only)\2024_JUL_SAP_D\SAP-D_T1\P7031679.JPG,13
Sapangan (Deep Only)\2024_JUL_SAP_D\SAP-D_T1\P7031680.JPG,33
Sapangan (Deep Only)\2024_JUL_SAP_D\SAP-D_T1\P7031681.JPG,30
Sapangan (Deep Only)\2024_JUL_SAP_D\SAP-D_T2\GOPR3265.JPG,19
Sapangan (Deep Only)\2024_JUL_SAP_D\SAP-D_T2\GOPR3266.JPG,7
Sapangan (Deep Only)\2024_JUL_SAP_D\SAP-D_T2\GOPR3267.JPG,7
Sapangan (Deep Only)\2024_JUL_SAP_D\SAP-D_T2\GOPR3268.JPG,7
Sapangan (Deep Only)\2024_JUL_SAP_D\SAP-D_T2\GOPR3269.JPG,14
Sapangan (Deep Only)\2024_JUL_SAP_D\SAP-D_T2\GOPR3270.JPG,15
Sapangan (Deep Only)\2024_JUL_SAP_D\SAP-D_T2\GOPR3271.JPG,34
Sapangan (Deep Only)\2024_JUL_SAP_D\SAP-D_T2\GOPR3272.JPG,33
Sapangan (Deep Only)\2024_JUL_SAP_D\SAP-D_T2\GOPR3273.JPG,30
Sapangan (Deep Only)\2024_JUL_SAP_D\SAP-D_T2\GOPR3274.JPG,30
Sapangan (Deep Only)\2024_JUL_SAP_D\SAP-D_T2\GOPR3275.JPG,26
Sapangan (Deep Only)\2024_JUL_SAP_D\SAP-D_T2\GOPR3276.JPG,10
Sapangan (Deep Only)\2024_JUL_SAP_D\SAP-D_T2\GOPR3277.JPG,47
Sapangan (Deep Only)\2024_JUL_SAP_D\SAP-D_T2\GOPR3278.JPG,40
Sapangan (Deep Only)\2024_JUL_SAP_D\SAP-D_T2\GOPR3279.JPG,24
Sapangan (Deep Only)\2024_JUL_SAP_D\SAP-D_T2\GOPR3280.JPG,9
Sapangan (Deep Only)\2024_JUL_SAP_D\SAP-D_T2\GOPR3281.JPG,4
Sapangan (Deep Only)\2024_JUL_SAP_D\SAP-D_T2\GOPR3282.JPG,9
Sapangan (Deep Only)\2024_JUL_SAP_D\SAP-D_T2\GOPR3283.JPG,9
Sapangan (Deep Only)\2024_JUL_SAP_D\SAP-D_T2\GOPR3284.JPG,10
Sapangan (Deep Only)\2024_JUL_SAP_D\SAP-D_T2\GOPR3285.JPG,22
Sapangan (Deep Only)\2024_JUL_SAP_D\SAP-D_T2\GOPR3286.JPG,25
Sapangan (Deep Only)\2024_JUL_SAP_D\SAP-D_T2\GOPR3287.JPG,29
Sapangan (Deep Only)\2024_JUL_SAP_D\SAP-D_T2\GOPR3288.JPG,19
Sapangan (Deep Only)\2024_JUL_SAP_D\SAP-D_T2\GOPR3289.JPG,25
Sapangan (Deep Only)\2024_JUL_SAP_D\SAP-D_T2\GOPR3290.JPG,16
Sapangan (Deep Only)\2024_JUL_SAP_D\SAP-D_T2\GOPR3291.JPG,18
Sapangan (Deep Only)\2024_JUL_SAP_D\SAP-D_T2\GOPR3292.JPG,17
Sapangan (Deep Only)\2024_JUL_SAP_D\SAP-D_T2\GOPR3293.JPG,30
Sapangan (Deep Only)\2024_JUL_SAP_D\SAP-D_T2\GOPR3294.JPG,70
Sapangan (Deep Only)\2024_JUL_SAP_D\SAP-D_T2\GOPR3295.JPG,32
Sapangan (Deep Only)\2024_JUL_SAP_D\SAP-D_T2\GOPR3296.JPG,33
Sapangan (Deep Only)\2024_JUL_SAP_D\SAP-D_T2\GOPR3297.JPG,33
Sapangan (Deep Only)\2024_JUL_SAP_D\SAP-D_T2\GOPR3298.JPG,26
Sapangan (Deep Only)\2024_JUL_SAP_D\SAP-D_T2\GOPR3299.JPG,33
Sapangan (Deep Only)\2024_JUL_SAP_D\SAP-D_T2\GOPR3300.JPG,28
Sapangan (Deep Only)\2024_JUL_SAP_D\SAP-D_T2\GOPR3301.JPG,6
Sapangan (Deep Only)\2024_JUL_SAP_D\SAP-D_T2\GOPR3302.JPG,17
Sapangan (Deep Only)\2024_JUL_SAP_D\SAP-D_T2\GOPR3303.JPG,14
Sapangan (Deep Only)\2024_JUL_SAP_D\SAP-D_T2\GOPR3304.JPG,20
Sapangan (Deep Only)\2024_JUL_SAP_D\SAP-D_T2\GOPR3305.JPG,28
Sapangan (Deep Only)\2024_JUL_SAP_D\SAP-D_T2\GOPR3306.JPG,24
Sapangan (Deep Only)\2024_JUL_SAP_D\SAP-D_T2\GOPR3307.JPG,35
Sapangan (Deep Only)\2024_JUL_SAP_D\SAP-D_T2\GOPR3308.JPG,57
Sapangan (Deep Only)\2024_JUL_SAP_D\SAP-D_T2\GOPR3309.JPG,6
Sapangan (Deep Only)\2024_JUL_SAP_D\SAP-D_T2\GOPR3310.JPG,6
Sapangan (Deep Only)\2024_JUL_SAP_D\SAP-D_T2\GOPR3311.JPG,28
Sapangan (Deep Only)\2024_JUL_SAP_D\SAP-D_T2\GOPR3312.JPG,40
Sapangan (Deep Only)\2024_JUL_SAP_D\SAP-D_T2\GOPR3313.JPG,25
Sapangan (Deep Only)\2024_JUL_SAP_D\SAP-D_T2\GOPR3314.JPG,9
Sapangan (Deep Only)\2024_JUL_SAP_D\SAP-D_T3\GOPR3319.JPG,10
Sapangan (Deep Only)\2024_JUL_SAP_D\SAP-D_T3\GOPR3320.JPG,6
Sapangan (Deep Only)\2024_JUL_SAP_D\SAP-D_T3\GOPR3321.JPG,23
Sapangan (Deep Only)\2024_JUL_SAP_D\SAP-D_T3\GOPR3322.JPG,14
Sapangan (Deep Only)\2024_JUL_SAP_D\SAP-D_T3\GOPR3323.JPG,13
Sapangan (Deep Only)\2024_JUL_SAP_D\SAP-D_T3\GOPR3324.JPG,16
Sapangan (Deep Only)\2024_JUL_SAP_D\SAP-D_T3\GOPR3325.JPG,31
Sapangan (Deep Only)\2024_JUL_SAP_D\SAP-D_T3\GOPR3326.JPG,13
Sapangan (Deep Only)\2024_JUL_SAP_D\SAP-D_T3\GOPR3327.JPG,14
Sapangan (Deep Only)\2024_JUL_SAP_D\SAP-D_T3\GOPR3328.JPG,24
Sapangan (Deep Only)\2024_JUL_SAP_D\SAP-D_T3\GOPR3329.JPG,18
Sapangan (Deep Only)\2024_JUL_SAP_D\SAP-D_T3\GOPR3330.JPG,31
Sapangan (Deep Only)\2024_JUL_SAP_D\SAP-D_T3\GOPR3331.JPG,34
Sapangan (Deep Only)\2024_JUL_SAP_D\SAP-D_T3\GOPR3332.JPG,34
Sapangan (Deep Only)\2024_JUL_SAP_D\SAP-D_T3\GOPR3333.JPG,13
Sapangan (Deep Only)\2024_JUL_SAP_D\SAP-D_T3\GOPR3334.JPG,15
Sapangan (Deep Only)\2024_JUL_SAP_D\SAP-D_T3\GOPR3335.JPG,7
Sapangan (Deep Only)\2024_JUL_SAP_D\SAP-D_T3\GOPR3336.JPG,23
Sapangan (Deep Only)\2024_JUL_SAP_D\SAP-D_T3\GOPR3337.JPG,17
Sapangan (Deep Only)\2024_JUL_SAP_D\SAP-D_T3\GOPR3338.JPG,14
Sapangan (Deep Only)\2024_JUL_SAP_D\SAP-D_T3\GOPR3339.JPG,6
Sapangan (Deep Only)\2024_JUL_SAP_D\SAP-D_T3\GOPR3340.JPG,10
Sapangan (Deep Only)\2024_JUL_SAP_D\SAP-D_T3\GOPR3341.JPG,13
Sapangan (Deep Only)\2024_JUL_SAP_D\SAP-D_T3\GOPR3342.JPG,12
Sapangan (Deep Only)\2024_JUL_SAP_D\SAP-D_T3\GOPR3343.JPG,11
Sapangan (Deep Only)\2024_JUL_SAP_D\SAP-D_T3\GOPR3344.JPG,34
Sapangan (Deep Only)\2024_JUL_SAP_D\SAP-D_T3\GOPR3345.JPG,10
Sapangan (Deep Only)\2024_JUL_SAP_D\SAP-D_T3\GOPR3346.JPG,22
Sapangan (Deep Only)\2024_JUL_SAP_D\SAP-D_T3\GOPR3347.JPG,37
Sapangan (Deep Only)\2024_JUL_SAP_D\SAP-D_T3\GOPR3348.JPG,30
Sapangan (Deep Only)\2024_JUL_SAP_D\SAP-D_T3\GOPR3349.JPG,16
Sapangan (Deep Only)\2024_JUL_SAP_D\SAP-D_T3\GOPR3350.JPG,9
Sapangan (Deep Only)\2024_JUL_SAP_D\SAP-D_T3\GOPR3351.JPG,6
Sapangan (Deep Only)\2024_JUL_SAP_D\SAP-D_T3\GOPR3352.JPG,3
Sapangan (Deep Only)\2024_JUL_SAP_D\SAP-D_T3\GOPR3353.JPG,7
Sapangan (Deep Only)\2024_JUL_SAP_D\SAP-D_T3\GOPR3354.JPG,8
Sapangan (Deep Only)\2024_JUL_SAP_D\SAP-D_T3\GOPR3355.JPG,25
Sapangan (Deep Only)\2024_JUL_SAP_D\SAP-D_T3\GOPR3356.JPG,12
Sapangan (Deep Only)\2024_JUL_SAP_D\SAP-D_T3\GOPR3357.JPG,29
Sapangan (Deep Only)\2024_JUL_SAP_D\SAP-D_T3\GOPR3358.JPG,43
Sapangan (Deep Only)\2024_JUL_SAP_D\SAP-D_T3\GOPR3359.JPG,17
Sapangan (Deep Only)\2024_JUL_SAP_D\SAP-D_T3\GOPR3360.JPG,8
Sapangan (Deep Only)\2024_JUL_SAP_D\SAP-D_T3\GOPR3361.JPG,13
Sapangan (Deep Only)\2024_JUL_SAP_D\SAP-D_T3\GOPR3362.JPG,18
Sapangan (Deep Only)\2024_JUL_SAP_D\SAP-D_T3\GOPR3363.JPG,14
Sapangan (Deep Only)\2024_JUL_SAP_D\SAP-D_T3\GOPR3364.JPG,10
Sapangan (Deep Only)\2024_JUL_SAP_D\SAP-D_T3\GOPR3365.JPG,6
Sapangan (Deep Only)\2024_JUL_SAP_D\SAP-D_T3\GOPR3366.JPG,17
Sapangan (Deep Only)\2024_JUL_SAP_D\SAP-D_T3\GOPR3367.JPG,12
Sapangan (Deep Only)\2024_JUL_SAP_D\SAP-D_T3\GOPR3368.JPG,23
Coral Garden\2024_AUG_CG_S\2024_AUG_CG_S_T1\GOPR4824.JPG,23
Coral Garden\2024_AUG_CG_S\2024_AUG_CG_S_T1\GOPR4825.JPG,19
Coral Garden\2024_AUG_CG_S\2024_AUG_CG_S_T1\GOPR4826.JPG,33
Coral Garden\2024_AUG_CG_S\2024_AUG_CG_S_T1\GOPR4827.JPG,23
Coral Garden\2024_AUG_CG_S\2024_AUG_CG_S_T1\GOPR4828.JPG,14
Coral Garden\2024_AUG_CG_S\2024_AUG_CG_S_T1\GOPR4829.JPG,2
Coral Garden\2024_AUG_CG_S\2024_AUG_CG_S_T1\GOPR4830.JPG,5
Coral Garden\2024_AUG_CG_S\2024_AUG_CG_S_T1\GOPR4831.JPG,0
Coral Garden\2024_AUG_CG_S\2024_AUG_CG_S_T1\GOPR4832.JPG,2
Coral Garden\2024_AUG_CG_S\2024_AUG_CG_S_T1\GOPR4833.JPG,0
Coral Garden\2024_AUG_CG_S\2024_AUG_CG_S_T1\GOPR4834.JPG,0
Coral Garden\2024_AUG_CG_S\2024_AUG_CG_S_T1\GOPR4835.JPG,0
Coral Garden\2024_AUG_CG_S\2024_AUG_CG_S_T1\GOPR4836.JPG,11
Coral Garden\2024_AUG_CG_S\2024_AUG_CG_S_T1\GOPR4837.JPG,1
Coral Garden\2024_AUG_CG_S\2024_AUG_CG_S_T1\GOPR4838.JPG,1
Coral Garden\2024_AUG_CG_S\2024_AUG_CG_S_T1\GOPR4839.JPG,12
Coral Garden\2024_AUG_CG_S\2024_AUG_CG_S_T1\GOPR4840.JPG,16
Coral Garden\2024_AUG_CG_S\2024_AUG_CG_S_T1\GOPR4841.JPG,16
Coral Garden\2024_AUG_CG_S\2024_AUG_CG_S_T1\GOPR4842.JPG,24
Coral Garden\2024_AUG_CG_S\2024_AUG_CG_S_T1\GOPR4843.JPG,14
Coral Garden\2024_AUG_CG_S\2024_AUG_CG_S_T1\GOPR4844.JPG,6
Coral Garden\2024_AUG_CG_S\2024_AUG_CG_S_T1\GOPR4845.JPG,11
Coral Garden\2024_AUG_CG_S\2024_AUG_CG_S_T1\GOPR4846.JPG,13
Coral Garden\2024_AUG_CG_S\2024_AUG_CG_S_T1\GOPR4847.JPG,34
Coral Garden\2024_AUG_CG_S\2024_AUG_CG_S_T1\GOPR4848.JPG,56
Coral Garden\2024_AUG_CG_S\2024_AUG_CG_S_T1\GOPR4849.JPG,54
Coral Garden\2024_AUG_CG_S\2024_AUG_CG_S_T1\GOPR4851.JPG,34
Coral Garden\2024_AUG_CG_S\2024_AUG_CG_S_T1\GOPR4852.JPG,13
Coral Garden\2024_AUG_CG_S\2024_AUG_CG_S_T1\GOPR4853.JPG,13
Coral Garden\2024_AUG_CG_S\2024_AUG_CG_S_T1\GOPR4854.JPG,13
Coral Garden\2024_AUG_CG_S\2024_AUG_CG_S_T1\GOPR4855.JPG,5
Coral Garden\2024_AUG_CG_S\2024_AUG_CG_S_T1\GOPR4857.JPG,3
Coral Garden\2024_AUG_CG_S\2024_AUG_CG_S_T1\GOPR4858.JPG,9
Coral Garden\2024_AUG_CG_S\2024_AUG_CG_S_T1\GOPR4859.JPG,12
Coral Garden\2024_AUG_CG_S\2024_AUG_CG_S_T1\GOPR4861.JPG,23
Coral Garden\2024_AUG_CG_S\2024_AUG_CG_S_T1\GOPR4862.JPG,17
Coral Garden\2024_AUG_CG_S\2024_AUG_CG_S_T1\GOPR4863.JPG,26
Coral Garden\2024_AUG_CG_S\2024_AUG_CG_S_T1\GOPR4864.JPG,8
Coral Garden\2024_AUG_CG_S\2024_AUG_CG_S_T1\GOPR4865.JPG,0
Coral Garden\2024_AUG_CG_S\2024_AUG_CG_S_T1\GOPR4866.JPG,2
Coral Garden\2024_AUG_CG_S\2024_AUG_CG_S_T1\GOPR4867.JPG,1
Coral Garden\2024_AUG_CG_S\2024_AUG_CG_S_T1\GOPR4868.JPG,2
Coral Garden\2024_AUG_CG_S\2024_AUG_CG_S_T1\GOPR4869.JPG,1
Coral Garden\2024_AUG_CG_S\2024_AUG_CG_S_T1\GOPR4881.JPG,21
Coral Garden\2024_AUG_CG_S\2024_AUG_CG_S_T1\GOPR4882.JPG,2
Coral Garden\2024_AUG_CG_S\2024_AUG_CG_S_T1\GOPR4883.JPG,22
Coral Garden\2024_AUG_CG_S\2024_AUG_CG_S_T1\GOPR4884.JPG,17
Coral Garden\2024_AUG_CG_S\2024_AUG_CG_S_T1\GOPR4885.JPG,16
Coral Garden\2024_AUG_CG_S\2024_AUG_CG_S_T1\GOPR4886.JPG,25
Coral Garden\2024_AUG_CG_S\2024_AUG_CG_S_T2\GOPR4893.JPG,21
Coral Garden\2024_AUG_CG_S\2024_AUG_CG_S_T2\GOPR4894.JPG,17
Coral Garden\2024_AUG_CG_S\2024_AUG_CG_S_T2\GOPR4896.JPG,17
Coral Garden\2024_AUG_CG_S\2024_AUG_CG_S_T2\GOPR4897.JPG,11
Coral Garden\2024_AUG_CG_S\2024_AUG_CG_S_T2\GOPR4898.JPG,10
Coral Garden\2024_AUG_CG_S\2024_AUG_CG_S_T2\GOPR4900.JPG,19
Coral Garden\2024_AUG_CG_S\2024_AUG_CG_S_T2\GOPR4901.JPG,15
Coral Garden\2024_AUG_CG_S\2024_AUG_CG_S_T2\GOPR4902.JPG,7
Coral Garden\2024_AUG_CG_S\2024_AUG_CG_S_T2\GOPR4903.JPG,4
Coral Garden\2024_AUG_CG_S\2024_AUG_CG_S_T2\GOPR4904.JPG,22
Coral Garden\2024_AUG_CG_S\2024_AUG_CG_S_T2\GOPR4905.JPG,46
Coral Garden\2024_AUG_CG_S\2024_AUG_CG_S_T2\GOPR4906.JPG,27
Coral Garden\2024_AUG_CG_S\2024_AUG_CG_S_T2\GOPR4907.JPG,25
Coral Garden\2024_AUG_CG_S\2024_AUG_CG_S_T2\GOPR4908.JPG,19
Coral Garden\2024_AUG_CG_S\2024_AUG_CG_S_T2\GOPR4909.JPG,19
Coral Garden\2024_AUG_CG_S\2024_AUG_CG_S_T2\GOPR4910.JPG,29
Coral Garden\2024_AUG_CG_S\2024_AUG_CG_S_T2\GOPR4911.JPG,25
Coral Garden\2024_AUG_CG_S\2024_AUG_CG_S_T2\GOPR4912.JPG,38
Coral Garden\2024_AUG_CG_S\2024_AUG_CG_S_T2\GOPR4913.JPG,20
Coral Garden\2024_AUG_CG_S\2024_AUG_CG_S_T2\GOPR4914.JPG,24
Coral Garden\2024_AUG_CG_S\2024_AUG_CG_S_T2\GOPR4915.JPG,25
Coral Garden\2024_AUG_CG_S\2024_AUG_CG_S_T2\GOPR4916.JPG,48
Coral Garden\2024_AUG_CG_S\2024_AUG_CG_S_T2\GOPR4917.JPG,21
Coral Garden\2024_AUG_CG_S\2024_AUG_CG_S_T2\GOPR4918.JPG,25
Coral Garden\2024_AUG_CG_S\2024_AUG_CG_S_T2\GOPR4919.JPG,25
Coral Garden\2024_AUG_CG_S\2024_AUG_CG_S_T2\GOPR4920.JPG,7
Coral Garden\2024_AUG_CG_S\2024_AUG_CG_S_T2\GOPR4921.JPG,18
Coral Garden\2024_AUG_CG_S\2024_AUG_CG_S_T2\GOPR4922.JPG,30
Coral Garden\2024_AUG_CG_S\2024_AUG_CG_S_T2\GOPR4923.JPG,26
Coral Garden\2024_AUG_CG_S\2024_AUG_CG_S_T2\GOPR4924.JPG,8
Coral Garden\2024_AUG_CG_S\2024_AUG_CG_S_T2\GOPR4925.JPG,18
Coral Garden\2024_AUG_CG_S\2024_AUG_CG_S_T2\GOPR4926.JPG,14
Coral Garden\2024_AUG_CG_S\2024_AUG_CG_S_T2\GOPR4927.JPG,26
Coral Garden\2024_AUG_CG_S\2024_AUG_CG_S_T2\GOPR4928.JPG,11
Coral Garden\2024_AUG_CG_S\2024_AUG_CG_S_T2\GOPR4929.JPG,5
Coral Garden\2024_AUG_CG_S\2024_AUG_CG_S_T2\GOPR4930.JPG,7
Coral Garden\2024_AUG_CG_S\2024_AUG_CG_S_T2\GOPR4931.JPG,11
Coral Garden\2024_AUG_CG_S\2024_AUG_CG_S_T2\GOPR4932.JPG,10
Coral Garden\2024_AUG_CG_S\2024_AUG_CG_S_T2\GOPR4933.JPG,12
Coral Garden\2024_AUG_CG_S\2024_AUG_CG_S_T2\GOPR4934.JPG,15
Coral Garden\2024_AUG_CG_S\2024_AUG_CG_S_T2\GOPR4935.JPG,43
Coral Garden\2024_AUG_CG_S\2024_AUG_CG_S_T2\GOPR4936.JPG,33
Coral Garden\2024_AUG_CG_S\2024_AUG_CG_S_T2\GOPR4937.JPG,12
Coral Garden\2024_AUG_CG_S\2024_AUG_CG_S_T2\GOPR4939.JPG,17
Coral Garden\2024_AUG_CG_S\2024_AUG_CG_S_T2\GOPR4940.JPG,20
Coral Garden\2024_AUG_CG_S\2024_AUG_CG_S_T2\GOPR4941.JPG,30
Coral Garden\2024_AUG_CG_S\2024_AUG_CG_S_T2\GOPR4943.JPG,45
Coral Garden\2024_AUG_CG_S\2024_AUG_CG_S_T2\GOPR4944.JPG,32
Coral Garden\2024_AUG_CG_S\2024_AUG_CG_S_T2\GOPR4945.JPG,30
Coral Garden\2024_AUG_CG_S\2024_AUG_CG_S_T2\GOPR4946.JPG,29
Coral Garden\2024_AUG_CG_S\2024_AUG_CG_S_T3\GOPR4951.JPG,10
Coral Garden\2024_AUG_CG_S\2024_AUG_CG_S_T3\GOPR4952.JPG,12
Coral Garden\2024_AUG_CG_S\2024_AUG_CG_S_T3\GOPR4953.JPG,25
Coral Garden\2024_AUG_CG_S\2024_AUG_CG_S_T3\GOPR4954.JPG,39
Coral Garden\2024_AUG_CG_S\2024_AUG_CG_S_T3\GOPR4955.JPG,20
Coral Garden\2024_AUG_CG_S\2024_AUG_CG_S_T3\GOPR4956.JPG,25
Coral Garden\2024_AUG_CG_S\2024_AUG_CG_S_T3\GOPR4957.JPG,32
Coral Garden\2024_AUG_CG_S\2024_AUG_CG_S_T3\GOPR4958.JPG,26
Coral Garden\2024_AUG_CG_S\2024_AUG_CG_S_T3\GOPR4966.JPG,49
Coral Garden\2024_AUG_CG_S\2024_AUG_CG_S_T3\GOPR4967.JPG,31
Coral Garden\2024_AUG_CG_S\2024_AUG_CG_S_T3\GOPR4968.JPG,13
Coral Garden\2024_AUG_CG_S\2024_AUG_CG_S_T3\GOPR4969.JPG,2
Coral Garden\2024_AUG_CG_S\2024_AUG_CG_S_T3\GOPR4970.JPG,5
Coral Garden\2024_AUG_CG_S\2024_AUG_CG_S_T3\GOPR4971.JPG,15
Coral Garden\2024_AUG_CG_S\2024_AUG_CG_S_T3\GOPR4972.JPG,22
Coral Garden\2024_AUG_CG_S\2024_AUG_CG_S_T3\GOPR4973.JPG,25
Coral Garden\2024_AUG_CG_S\2024_AUG_CG_S_T3\GOPR4974.JPG,29
Coral Garden\2024_AUG_CG_S\2024_AUG_CG_S_T3\GOPR4975.JPG,17
Coral Garden\2024_AUG_CG_S\2024_AUG_CG_S_T3\GOPR4976.JPG,16
Coral Garden\2024_AUG_CG_S\2024_AUG_CG_S_T3\GOPR4977.JPG,13
Coral Garden\2024_AUG_CG_S\2024_AUG_CG_S_T3\GOPR4978.JPG,9
Coral Garden\2024_AUG_CG_S\2024_AUG_CG_S_T3\GOPR4979.JPG,19
Coral Garden\2024_AUG_CG_S\2024_AUG_CG_S_T3\GOPR4980.JPG,24
Coral Garden\2024_AUG_CG_S\2024_AUG_CG_S_T3\GOPR4981.JPG,30
Coral Garden\2024_AUG_CG_S\2024_AUG_CG_S_T3\GOPR4982.JPG,29
Coral Garden\2024_AUG_CG_S\2024_AUG_CG_S_T3\GOPR4983.JPG,26
Coral Garden\2024_AUG_CG_S\2024_AUG_CG_S_T3\GOPR4984.JPG,20
Coral Garden\2024_AUG_CG_S\2024_AUG_CG_S_T3\GOPR4985.JPG,19
Coral Garden\2024_AUG_CG_S\2024_AUG_CG_S_T3\GOPR4986.JPG,15
Coral Garden\2024_AUG_CG_S\2024_AUG_CG_S_T3\GOPR4987.JPG,13
Coral Garden\2024_AUG_CG_S\2024_AUG_CG_S_T3\GOPR4988.JPG,13
Coral Garden\2024_AUG_CG_S\2024_AUG_CG_S_T3\GOPR4989.JPG,13
Coral Garden\2024_AUG_CG_S\2024_AUG_CG_S_T3\GOPR4990.JPG,13
Coral Garden\2024_AUG_CG_S\2024_AUG_CG_S_T3\GOPR4991.JPG,24
Coral Garden\2024_AUG_CG_S\2024_AUG_CG_S_T3\GOPR4992.JPG,22
Coral Garden\2024_AUG_CG_S\2024_AUG_CG_S_T3\GOPR4993.JPG,7
Coral Garden\2024_AUG_CG_S\2024_AUG_CG_S_T3\GOPR4994.JPG,6
Coral Garden\2024_AUG_CG_S\2024_AUG_CG_S_T3\GOPR4995.JPG,9
Coral Garden\2024_AUG_CG_S\2024_AUG_CG_S_T3\GOPR4996.JPG,8
Coral Garden\2024_AUG_CG_S\2024_AUG_CG_S_T3\GOPR4997.JPG,10
Coral Garden\2024_AUG_CG_S\2024_AUG_CG_S_T3\GOPR4998.JPG,4
Coral Garden\2024_AUG_CG_S\2024_AUG_CG_S_T3\GOPR4999.JPG,13
Coral Garden\2024_AUG_CG_S\2024_AUG_CG_S_T3\GOPR5000.JPG,9
Coral Garden\2024_AUG_CG_S\2024_AUG_CG_S_T3\GOPR5001.JPG,16
Coral Garden\2024_AUG_CG_S\2024_AUG_CG_S_T3\GOPR5002.JPG,23
Coral Garden\2024_AUG_CG_S\2024_AUG_CG_S_T3\GOPR5003.JPG,20
Coral Garden\2024_AUG_CG_S\2024_AUG_CG_S_T3\GOPR5004.JPG,29
Coral Garden\2024_AUG_CG_S\2024_AUG_CG_S_T3\GOPR5005.JPG,15
Coral Garden\2024_AUG_CG_S\2024_AUG_CG_S_T3\GOPR5006.JPG,8
Coral Garden\2024_AUG_CG_S\2024_AUG_CG_S_T3\GOPR5007.JPG,11
Coral Garden\AUG 2024_CG_D\AUG_2024_CG_D_T1\GOPR4527.JPG,46
Coral Garden\AUG 2024_CG_D\AUG_2024_CG_D_T1\GOPR4528.JPG,31
Coral Garden\AUG 2024_CG_D\AUG_2024_CG_D_T1\GOPR4529.JPG,22
Coral Garden\AUG 2024_CG_D\AUG_2024_CG_D_T1\GOPR4530.JPG,18
Coral Garden\AUG 2024_CG_D\AUG_2024_CG_D_T1\GOPR4531.JPG,29
Coral Garden\AUG 2024_CG_D\AUG_2024_CG_D_T1\GOPR4532.JPG,11
Coral Garden\AUG 2024_CG_D\AUG_2024_CG_D_T1\GOPR4533.JPG,7
Coral Garden\AUG 2024_CG_D\AUG_2024_CG_D_T1\GOPR4534.JPG,1
Coral Garden\AUG 2024_CG_D\AUG_2024_CG_D_T1\GOPR4535.JPG,0
Coral Garden\AUG 2024_CG_D\AUG_2024_CG_D_T1\GOPR4536.JPG,0
Coral Garden\AUG 2024_CG_D\AUG_2024_CG_D_T1\GOPR4537.JPG,0
Coral Garden\AUG 2024_CG_D\AUG_2024_CG_D_T1\GOPR4538.JPG,0
Coral Garden\AUG 2024_CG_D\AUG_2024_CG_D_T1\GOPR4539.JPG,1
Coral Garden\AUG 2024_CG_D\AUG_2024_CG_D_T1\GOPR4549.JPG,1
Coral Garden\AUG 2024_CG_D\AUG_2024_CG_D_T1\GOPR4550.JPG,1
Coral Garden\AUG 2024_CG_D\AUG_2024_CG_D_T1\GOPR4551.JPG,26
Coral Garden\AUG 2024_CG_D\AUG_2024_CG_D_T1\GOPR4552.JPG,49
Coral Garden\AUG 2024_CG_D\AUG_2024_CG_D_T1\GOPR4553.JPG,47
Coral Garden\AUG 2024_CG_D\AUG_2024_CG_D_T1\GOPR4554.JPG,4
Coral Garden\AUG 2024_CG_D\AUG_2024_CG_D_T1\GOPR4555.JPG,20
Coral Garden\AUG 2024_CG_D\AUG_2024_CG_D_T1\GOPR4556.JPG,14
Coral Garden\AUG 2024_CG_D\AUG_2024_CG_D_T1\GOPR4557.JPG,7
Coral Garden\AUG 2024_CG_D\AUG_2024_CG_D_T1\GOPR4558.JPG,11
Coral Garden\AUG 2024_CG_D\AUG_2024_CG_D_T1\GOPR4559.JPG,11
Coral Garden\AUG 2024_CG_D\AUG_2024_CG_D_T1\GOPR4560.JPG,31
Coral Garden\AUG 2024_CG_D\AUG_2024_CG_D_T1\GOPR4561.JPG,29
Coral Garden\AUG 2024_CG_D\AUG_2024_CG_D_T1\GOPR4562.JPG,47
Coral Garden\AUG 2024_CG_D\AUG_2024_CG_D_T1\GOPR4563.JPG,12
Coral Garden\AUG 2024_CG_D\AUG_2024_CG_D_T1\GOPR4564.JPG,8
Coral Garden\AUG 2024_CG_D\AUG_2024_CG_D_T1\GOPR4565.JPG,2
Coral Garden\AUG 2024_CG_D\AUG_2024_CG_D_T1\GOPR4566.JPG,3
Coral Garden\AUG 2024_CG_D\AUG_2024_CG_D_T1\GOPR4567.JPG,0
Coral Garden\AUG 2024_CG_D\AUG_2024_CG_D_T1\GOPR4568.JPG,2
Coral Garden\AUG 2024_CG_D\AUG_2024_CG_D_T1\GOPR4569.JPG,12
Coral Garden\AUG 2024_CG_D\AUG_2024_CG_D_T1\GOPR4570.JPG,19
Coral Garden\AUG 2024_CG_D\AUG_2024_CG_D_T1\GOPR4571.JPG,12
Coral Garden\AUG 2024_CG_D\AUG_2024_CG_D_T1\GOPR4572.JPG,7
Coral Garden\AUG 2024_CG_D\AUG_2024_CG_D_T1\GOPR4573.JPG,12
Coral Garden\AUG 2024_CG_D\AUG_2024_CG_D_T1\GOPR4574.JPG,31
Coral Garden\AUG 2024_CG_D\AUG_2024_CG_D_T1\GOPR4575.JPG,4
Coral Garden\AUG 2024_CG_D\AUG_2024_CG_D_T1\GOPR4576.JPG,1
Coral Garden\AUG 2024_CG_D\AUG_2024_CG_D_T1\GOPR4577.JPG,0
Coral Garden\AUG 2024_CG_D\AUG_2024_CG_D_T1\GOPR4578.JPG,0
Coral Garden\AUG 2024_CG_D\AUG_2024_CG_D_T1\GOPR4579.JPG,2
Coral Garden\AUG 2024_CG_D\AUG_2024_CG_D_T1\GOPR4580.JPG,0
Coral Garden\AUG 2024_CG_D\AUG_2024_CG_D_T1\GOPR4581.JPG,9
Coral Garden\AUG 2024_CG_D\AUG_2024_CG_D_T1\GOPR4582.JPG,5
Coral Garden\AUG 2024_CG_D\AUG_2024_CG_D_T1\GOPR4583.JPG,26
Coral Garden\AUG 2024_CG_D\AUG_2024_CG_D_T1\GOPR4584.JPG,2
Coral Garden\AUG 2024_CG_D\AUG_2024_CG_D_T1\GOPR4585.JPG,6
Coral Garden\AUG 2024_CG_D\AUG_2024_CG_D_T2\GOPR4588.JPG,22
Coral Garden\AUG 2024_CG_D\AUG_2024_CG_D_T2\GOPR4589.JPG,7
Coral Garden\AUG 2024_CG_D\AUG_2024_CG_D_T2\GOPR4590.JPG,1
Coral Garden\AUG 2024_CG_D\AUG_2024_CG_D_T2\GOPR4591.JPG,6
Coral Garden\AUG 2024_CG_D\AUG_2024_CG_D_T2\GOPR4592.JPG,19
Coral Garden\AUG 2024_CG_D\AUG_2024_CG_D_T2\GOPR4593.JPG,2
Coral Garden\AUG 2024_CG_D\AUG_2024_CG_D_T2\GOPR4594.JPG,2
Coral Garden\AUG 2024_CG_D\AUG_2024_CG_D_T2\GOPR4595.JPG,2
Coral Garden\AUG 2024_CG_D\AUG_2024_CG_D_T2\GOPR4596.JPG,8
Coral Garden\AUG 2024_CG_D\AUG_2024_CG_D_T2\GOPR4597.JPG,20
Coral Garden\AUG 2024_CG_D\AUG_2024_CG_D_T2\GOPR4598.JPG,31
Coral Garden\AUG 2024_CG_D\AUG_2024_CG_D_T2\GOPR4599.JPG,39
Coral Garden\AUG 2024_CG_D\AUG_2024_CG_D_T2\GOPR4600.JPG,17
Coral Garden\AUG 2024_CG_D\AUG_2024_CG_D_T2\GOPR4601.JPG,18
Coral Garden\AUG 2024_CG_D\AUG_2024_CG_D_T2\GOPR4602.JPG,12
Coral Garden\AUG 2024_CG_D\AUG_2024_CG_D_T2\GOPR4603.JPG,7
Coral Garden\AUG 2024_CG_D\AUG_2024_CG_D_T2\GOPR4604.JPG,14
Coral Garden\AUG 2024_CG_D\AUG_2024_CG_D_T2\GOPR4605.JPG,11
Coral Garden\AUG 2024_CG_D\AUG_2024_CG_D_T2\GOPR4606.JPG,3
Coral Garden\AUG 2024_CG_D\AUG_2024_CG_D_T2\GOPR4607.JPG,2
Coral Garden\AUG 2024_CG_D\AUG_2024_CG_D_T2\GOPR4608.JPG,7
Coral Garden\AUG 2024_CG_D\AUG_2024_CG_D_T2\GOPR4609.JPG,1
Coral Garden\AUG 2024_CG_D\AUG_2024_CG_D_T2\GOPR4610.JPG,2
Coral Garden\AUG 2024_CG_D\AUG_2024_CG_D_T2\GOPR4611.JPG,0
Coral Garden\AUG 2024_CG_D\AUG_2024_CG_D_T2\GOPR4612.JPG,0
Coral Garden\AUG 2024_CG_D\AUG_2024_CG_D_T2\GOPR4613.JPG,1
Coral Garden\AUG 2024_CG_D\AUG_2024_CG_D_T2\GOPR4614.JPG,21
Coral Garden\AUG 2024_CG_D\AUG_2024_CG_D_T2\GOPR4615.JPG,9
Coral Garden\AUG 2024_CG_D\AUG_2024_CG_D_T2\GOPR4616.JPG,8
Coral Garden\AUG 2024_CG_D\AUG_2024_CG_D_T2\GOPR4617.JPG,48
Coral Garden\AUG 2024_CG_D\AUG_2024_CG_D_T2\GOPR4618.JPG,12
Coral Garden\AUG 2024_CG_D\AUG_2024_CG_D_T2\GOPR4619.JPG,7
Coral Garden\AUG 2024_CG_D\AUG_2024_CG_D_T2\GOPR4620.JPG,6
Coral Garden\AUG 2024_CG_D\AUG_2024_CG_D_T2\GOPR4621.JPG,9
Coral Garden\AUG 2024_CG_D\AUG_2024_CG_D_T2\GOPR4622.JPG,5
Coral Garden\AUG 2024_CG_D\AUG_2024_CG_D_T2\GOPR4623.JPG,3
Coral Garden\AUG 2024_CG_D\AUG_2024_CG_D_T2\GOPR4624.JPG,0
Coral Garden\AUG 2024_CG_D\AUG_2024_CG_D_T2\GOPR4625.JPG,6
Coral Garden\AUG 2024_CG_D\AUG_2024_CG_D_T2\GOPR4626.JPG,27
Coral Garden\AUG 2024_CG_D\AUG_2024_CG_D_T2\GOPR4627.JPG,37
Coral Garden\AUG 2024_CG_D\AUG_2024_CG_D_T2\GOPR4628.JPG,13
Coral Garden\AUG 2024_CG_D\AUG_2024_CG_D_T2\GOPR4629.JPG,34
Coral Garden\AUG 2024_CG_D\AUG_2024_CG_D_T2\GOPR4630.JPG,14
Coral Garden\AUG 2024_CG_D\AUG_2024_CG_D_T2\GOPR4631.JPG,41
Coral Garden\AUG 2024_CG_D\AUG_2024_CG_D_T2\GOPR4632.JPG,20
Coral Garden\AUG 2024_CG_D\AUG_2024_CG_D_T2\GOPR4633.JPG,40
Coral Garden\AUG 2024_CG_D\AUG_2024_CG_D_T2\GOPR4634.JPG,46
Coral Garden\AUG 2024_CG_D\AUG_2024_CG_D_T2\GOPR4635.JPG,14
Coral Garden\AUG 2024_CG_D\AUG_2024_CG_D_T3\GOPR4643.JPG,11
Coral Garden\AUG 2024_CG_D\AUG_2024_CG_D_T3\GOPR4647.JPG,1
Coral Garden\AUG 2024_CG_D\AUG_2024_CG_D_T3\GOPR4648.JPG,1
Coral Garden\AUG 2024_CG_D\AUG_2024_CG_D_T3\GOPR4649.JPG,0
Coral Garden\AUG 2024_CG_D\AUG_2024_CG_D_T3\GOPR4650.JPG,2
Coral Garden\AUG 2024_CG_D\AUG_2024_CG_D_T3\GOPR4651.JPG,1
Coral Garden\AUG 2024_CG_D\AUG_2024_CG_D_T3\GOPR4652.JPG,3
Coral Garden\AUG 2024_CG_D\AUG_2024_CG_D_T3\GOPR4653.JPG,1
Coral Garden\AUG 2024_CG_D\AUG_2024_CG_D_T3\GOPR4654.JPG,6
Coral Garden\AUG 2024_CG_D\AUG_2024_CG_D_T3\GOPR4655.JPG,7
Coral Garden\AUG 2024_CG_D\AUG_2024_CG_D_T3\GOPR4656.JPG,36
Coral Garden\AUG 2024_CG_D\AUG_2024_CG_D_T3\GOPR4657.JPG,33
Coral Garden\AUG 2024_CG_D\AUG_2024_CG_D_T3\GOPR4658.JPG,23
Coral Garden\AUG 2024_CG_D\AUG_2024_CG_D_T3\GOPR4659.JPG,5
Coral Garden\AUG 2024_CG_D\AUG_2024_CG_D_T3\GOPR4660.JPG,34
Coral Garden\AUG 2024_CG_D\AUG_2024_CG_D_T3\GOPR4661.JPG,26
Coral Garden\AUG 2024_CG_D\AUG_2024_CG_D_T3\GOPR4662.JPG,12
Coral Garden\AUG 2024_CG_D\AUG_2024_CG_D_T3\GOPR4663.JPG,5
Coral Garden\AUG 2024_CG_D\AUG_2024_CG_D_T3\GOPR4664.JPG,9
Coral Garden\AUG 2024_CG_D\AUG_2024_CG_D_T3\GOPR4665.JPG,9
Coral Garden\AUG 2024_CG_D\AUG_2024_CG_D_T3\GOPR4666.JPG,6
Coral Garden\AUG 2024_CG_D\AUG_2024_CG_D_T3\GOPR4667.JPG,7
Coral Garden\AUG 2024_CG_D\AUG_2024_CG_D_T3\GOPR4668.JPG,14
Coral Garden\AUG 2024_CG_D\AUG_2024_CG_D_T3\GOPR4669.JPG,24
Coral Garden\AUG 2024_CG_D\AUG_2024_CG_D_T3\GOPR4670.JPG,22
Coral Garden\AUG 2024_CG_D\AUG_2024_CG_D_T3\GOPR4671.JPG,31
Coral Garden\AUG 2024_CG_D\AUG_2024_CG_D_T3\GOPR4672.JPG,38
Coral Garden\AUG 2024_CG_D\AUG_2024_CG_D_T3\GOPR4673.JPG,22
Coral Garden\AUG 2024_CG_D\AUG_2024_CG_D_T3\GOPR4674.JPG,37
Coral Garden\AUG 2024_CG_D\AUG_2024_CG_D_T3\GOPR4675.JPG,32
Coral Garden\AUG 2024_CG_D\AUG_2024_CG_D_T3\GOPR4676.JPG,23
Coral Garden\AUG 2024_CG_D\AUG_2024_CG_D_T3\GOPR4677.JPG,40
Coral Garden\AUG 2024_CG_D\AUG_2024_CG_D_T3\GOPR4678.JPG,20
Coral Garden\AUG 2024_CG_D\AUG_2024_CG_D_T3\GOPR4679.JPG,2
Coral Garden\AUG 2024_CG_D\AUG_2024_CG_D_T3\GOPR4680.JPG,2
Coral Garden\AUG 2024_CG_D\AUG_2024_CG_D_T3\GOPR4681.JPG,18
Coral Garden\AUG 2024_CG_D\AUG_2024_CG_D_T3\GOPR4682.JPG,39
Coral Garden\AUG 2024_CG_D\AUG_2024_CG_D_T3\GOPR4683.JPG,14
Coral Garden\AUG 2024_CG_D\AUG_2024_CG_D_T3\GOPR4684.JPG,2
Coral Garden\AUG 2024_CG_D\AUG_2024_CG_D_T3\GOPR4685.JPG,0
Coral Garden\AUG 2024_CG_D\AUG_2024_CG_D_T3\GOPR4686.JPG,2
Coral Garden\AUG 2024_CG_D\AUG_2024_CG_D_T3\GOPR4689.JPG,11
Coral Garden\AUG 2024_CG_D\AUG_2024_CG_D_T3\GOPR4690.JPG,17
Coral Garden\AUG 2024_CG_D\AUG_2024_CG_D_T3\GOPR4691.JPG,27
Coral Garden\AUG 2024_CG_D\AUG_2024_CG_D_T3\GOPR4692.JPG,24
Coral Garden\AUG 2024_CG_D\AUG_2024_CG_D_T3\GOPR4693.JPG,17
Coral Garden\AUG 2024_CG_D\AUG_2024_CG_D_T3\GOPR4694.JPG,10
Coral Garden\AUG 2024_CG_D\AUG_2024_CG_D_T3\GOPR4695.JPG,17
Coral Garden\AUG 2024_CG_D\AUG_2024_CG_D_T3\GOPR4696.JPG,25
Coral Garden\AUG 2024_CG_D\AUG_2024_CG_D_T3\GOPR4697.JPG,21
Giant Clam (Shallow Only)\2024_AUG_GC_D\2024_AUG_GC_T1\GOPR4366.JPG,6
Giant Clam (Shallow Only)\2024_AUG_GC_D\2024_AUG_GC_T1\GOPR4367.JPG,8
Giant Clam (Shallow Only)\2024_AUG_GC_D\2024_AUG_GC_T1\GOPR4368.JPG,17
Giant Clam (Shallow Only)\2024_AUG_GC_D\2024_AUG_GC_T1\GOPR4369.JPG,8
Giant Clam (Shallow Only)\2024_AUG_GC_D\2024_AUG_GC_T1\GOPR4370.JPG,14
Giant Clam (Shallow Only)\2024_AUG_GC_D\2024_AUG_GC_T1\GOPR4371.JPG,10
Giant Clam (Shallow Only)\2024_AUG_GC_D\2024_AUG_GC_T1\GOPR4372.JPG,36
Giant Clam (Shallow Only)\2024_AUG_GC_D\2024_AUG_GC_T1\GOPR4373.JPG,23
Giant Clam (Shallow Only)\2024_AUG_GC_D\2024_AUG_GC_T1\GOPR4374.JPG,8
Giant Clam (Shallow Only)\2024_AUG_GC_D\2024_AUG_GC_T1\GOPR4375.JPG,6
Giant Clam (Shallow Only)\2024_AUG_GC_D\2024_AUG_GC_T1\GOPR4376.JPG,5
Giant Clam (Shallow Only)\2024_AUG_GC_D\2024_AUG_GC_T1\GOPR4377.JPG,21
Giant Clam (Shallow Only)\2024_AUG_GC_D\2024_AUG_GC_T1\GOPR4378.JPG,8
Giant Clam (Shallow Only)\2024_AUG_GC_D\2024_AUG_GC_T1\GOPR4379.JPG,14
Giant Clam (Shallow Only)\2024_AUG_GC_D\2024_AUG_GC_T1\GOPR4380.JPG,7
Giant Clam (Shallow Only)\2024_AUG_GC_D\2024_AUG_GC_T1\GOPR4381.JPG,25
Giant Clam (Shallow Only)\2024_AUG_GC_D\2024_AUG_GC_T1\GOPR4382.JPG,23
Giant Clam (Shallow Only)\2024_AUG_GC_D\2024_AUG_GC_T1\GOPR4383.JPG,25
Giant Clam (Shallow Only)\2024_AUG_GC_D\2024_AUG_GC_T1\GOPR4384.JPG,21
Giant Clam (Shallow Only)\2024_AUG_GC_D\2024_AUG_GC_T1\GOPR4385.JPG,16
Giant Clam (Shallow Only)\2024_AUG_GC_D\2024_AUG_GC_T1\GOPR4386.JPG,11
Giant Clam (Shallow Only)\2024_AUG_GC_D\2024_AUG_GC_T1\GOPR4387.JPG,16
Giant Clam (Shallow Only)\2024_AUG_GC_D\2024_AUG_GC_T1\GOPR4388.JPG,9
Giant Clam (Shallow Only)\2024_AUG_GC_D\2024_AUG_GC_T1\GOPR4389.JPG,29
Giant Clam (Shallow Only)\2024_AUG_GC_D\2024_AUG_GC_T1\GOPR4390.JPG,17
Giant Clam (Shallow Only)\2024_AUG_GC_D\2024_AUG_GC_T1\GOPR4391.JPG,13
Giant Clam (Shallow Only)\2024_AUG_GC_D\2024_AUG_GC_T1\GOPR4392.JPG,8
Giant Clam (Shallow Only)\2024_AUG_GC_D\2024_AUG_GC_T1\GOPR4393.JPG,16
Giant Clam (Shallow Only)\2024_AUG_GC_D\2024_AUG_GC_T1\GOPR4394.JPG,30
Giant Clam (Shallow Only)\2024_AUG_GC_D\2024_AUG_GC_T1\GOPR4395.JPG,50
Giant Clam (Shallow Only)\2024_AUG_GC_D\2024_AUG_GC_T1\GOPR4396.JPG,33
Giant Clam (Shallow Only)\2024_AUG_GC_D\2024_AUG_GC_T1\GOPR4397.JPG,19
Giant Clam (Shallow Only)\2024_AUG_GC_D\2024_AUG_GC_T1\GOPR4398.JPG,19
Giant Clam (Shallow Only)\2024_AUG_GC_D\2024_AUG_GC_T1\GOPR4399.JPG,24
Giant Clam (Shallow Only)\2024_AUG_GC_D\2024_AUG_GC_T1\GOPR4400.JPG,26
Giant Clam (Shallow Only)\2024_AUG_GC_D\2024_AUG_GC_T1\GOPR4401.JPG,30
Giant Clam (Shallow Only)\2024_AUG_GC_D\2024_AUG_GC_T1\GOPR4402.JPG,17
Giant Clam (Shallow Only)\2024_AUG_GC_D\2024_AUG_GC_T1\GOPR4403.JPG,20
Giant Clam (Shallow Only)\2024_AUG_GC_D\2024_AUG_GC_T1\GOPR4404.JPG,28
Giant Clam (Shallow Only)\2024_AUG_GC_D\2024_AUG_GC_T1\GOPR4405.JPG,12
Giant Clam (Shallow Only)\2024_AUG_GC_D\2024_AUG_GC_T1\GOPR4406.JPG,20
Giant Clam (Shallow Only)\2024_AUG_GC_D\2024_AUG_GC_T1\GOPR4407.JPG,17
Giant Clam (Shallow Only)\2024_AUG_GC_D\2024_AUG_GC_T1\GOPR4408.JPG,17
Giant Clam (Shallow Only)\2024_AUG_GC_D\2024_AUG_GC_T1\GOPR4409.JPG,3
Giant Clam (Shallow Only)\2024_AUG_GC_D\2024_AUG_GC_T1\GOPR4410.JPG,37
Giant Clam (Shallow Only)\2024_AUG_GC_D\2024_AUG_GC_T1\GOPR4411.JPG,28
Giant Clam (Shallow Only)\2024_AUG_GC_D\2024_AUG_GC_T1\GOPR4412.JPG,32
Giant Clam (Shallow Only)\2024_AUG_GC_D\2024_AUG_GC_T1\GOPR4413.JPG,25
Giant Clam (Shallow Only)\2024_AUG_GC_D\2024_AUG_GC_T1\GOPR4414.JPG,29
Giant Clam (Shallow Only)\2024_AUG_GC_D\2024_AUG_GC_T1\GOPR4415.JPG,32
Giant Clam (Shallow Only)\2024_AUG_GC_D\2024_AUG_GC_T2\GOPR4421.JPG,23
Giant Clam (Shallow Only)\2024_AUG_GC_D\2024_AUG_GC_T2\GOPR4422.JPG,27
Giant Clam (Shallow Only)\2024_AUG_GC_D\2024_AUG_GC_T2\GOPR4423.JPG,29
Giant Clam (Shallow Only)\2024_AUG_GC_D\2024_AUG_GC_T2\GOPR4424.JPG,27
Giant Clam (Shallow Only)\2024_AUG_GC_D\2024_AUG_GC_T2\GOPR4425.JPG,24
Giant Clam (Shallow Only)\2024_AUG_GC_D\2024_AUG_GC_T2\GOPR4426.JPG,35
Giant Clam (Shallow Only)\2024_AUG_GC_D\2024_AUG_GC_T2\GOPR4427.JPG,56
Giant Clam (Shallow Only)\2024_AUG_GC_D\2024_AUG_GC_T2\GOPR4428.JPG,32
Giant Clam (Shallow Only)\2024_AUG_GC_D\2024_AUG_GC_T2\GOPR4429.JPG,41
Giant Clam (Shallow Only)\2024_AUG_GC_D\2024_AUG_GC_T2\GOPR4430.JPG,30
Giant Clam (Shallow Only)\2024_AUG_GC_D\2024_AUG_GC_T2\GOPR4431.JPG,37
Giant Clam (Shallow Only)\2024_AUG_GC_D\2024_AUG_GC_T2\GOPR4432.JPG,23
Giant Clam (Shallow Only)\2024_AUG_GC_D\2024_AUG_GC_T2\GOPR4433.JPG,26
Giant Clam (Shallow Only)\2024_AUG_GC_D\2024_AUG_GC_T2\GOPR4434.JPG,26
Giant Clam (Shallow Only)\2024_AUG_GC_D\2024_AUG_GC_T2\GOPR4435.JPG,22
Giant Clam (Shallow Only)\2024_AUG_GC_D\2024_AUG_GC_T2\GOPR4436.JPG,32
Giant Clam (Shallow Only)\2024_AUG_GC_D\2024_AUG_GC_T2\GOPR4437.JPG,23
Giant Clam (Shallow Only)\2024_AUG_GC_D\2024_AUG_GC_T2\GOPR4438.JPG,32
Giant Clam (Shallow Only)\2024_AUG_GC_D\2024_AUG_GC_T2\GOPR4439.JPG,27
Giant Clam (Shallow Only)\2024_AUG_GC_D\2024_AUG_GC_T2\GOPR4440.JPG,21
Giant Clam (Shallow Only)\2024_AUG_GC_D\2024_AUG_GC_T2\GOPR4441.JPG,21
Giant Clam (Shallow Only)\2024_AUG_GC_D\2024_AUG_GC_T2\GOPR4442.JPG,33
Giant Clam (Shallow Only)\2024_AUG_GC_D\2024_AUG_GC_T2\GOPR4443.JPG,39
Giant Clam (Shallow Only)\2024_AUG_GC_D\2024_AUG_GC_T2\GOPR4444.JPG,48
Giant Clam (Shallow Only)\2024_AUG_GC_D\2024_AUG_GC_T2\GOPR4445.JPG,44
Giant Clam (Shallow Only)\2024_AUG_GC_D\2024_AUG_GC_T2\GOPR4446.JPG,32
Giant Clam (Shallow Only)\2024_AUG_GC_D\2024_AUG_GC_T2\GOPR4447.JPG,21
Giant Clam (Shallow Only)\2024_AUG_GC_D\2024_AUG_GC_T2\GOPR4448.JPG,25
Giant Clam (Shallow Only)\2024_AUG_GC_D\2024_AUG_GC_T2\GOPR4449.JPG,18
Giant Clam (Shallow Only)\2024_AUG_GC_D\2024_AUG_GC_T2\GOPR4450.JPG,16
Giant Clam (Shallow Only)\2024_AUG_GC_D\2024_AUG_GC_T2\GOPR4451.JPG,26
Giant Clam (Shallow Only)\2024_AUG_GC_D\2024_AUG_GC_T2\GOPR4452.JPG,18
Giant Clam (Shallow Only)\2024_AUG_GC_D\2024_AUG_GC_T2\GOPR4453.JPG,16
Giant Clam (Shallow Only)\2024_AUG_GC_D\2024_AUG_GC_T2\GOPR4454.JPG,21
Giant Clam (Shallow Only)\2024_AUG_GC_D\2024_AUG_GC_T2\GOPR4455.JPG,19
Giant Clam (Shallow Only)\2024_AUG_GC_D\2024_AUG_GC_T2\GOPR4456.JPG,18
Giant Clam (Shallow Only)\2024_AUG_GC_D\2024_AUG_GC_T2\GOPR4457.JPG,9
Giant Clam (Shallow Only)\2024_AUG_GC_D\2024_AUG_GC_T2\GOPR4458.JPG,13
Giant Clam (Shallow Only)\2024_AUG_GC_D\2024_AUG_GC_T2\GOPR4459.JPG,15
Giant Clam (Shallow Only)\2024_AUG_GC_D\2024_AUG_GC_T2\GOPR4460.JPG,11
Giant Clam (Shallow Only)\2024_AUG_GC_D\2024_AUG_GC_T2\GOPR4461.JPG,18
Giant Clam (Shallow Only)\2024_AUG_GC_D\2024_AUG_GC_T2\GOPR4462.JPG,10
Giant Clam (Shallow Only)\2024_AUG_GC_D\2024_AUG_GC_T2\GOPR4463.JPG,13
Giant Clam (Shallow Only)\2024_AUG_GC_D\2024_AUG_GC_T2\GOPR4464.JPG,18
Giant Clam (Shallow Only)\2024_AUG_GC_D\2024_AUG_GC_T2\GOPR4465.JPG,24
Giant Clam (Shallow Only)\2024_AUG_GC_D\2024_AUG_GC_T2\GOPR4466.JPG,25
Giant Clam (Shallow Only)\2024_AUG_GC_D\2024_AUG_GC_T2\GOPR4467.JPG,18
Giant Clam (Shallow Only)\2024_AUG_GC_D\2024_AUG_GC_T2\GOPR4468.JPG,19
Giant Clam (Shallow Only)\2024_AUG_GC_D\2024_AUG_GC_T2\GOPR4469.JPG,30
Giant Clam (Shallow Only)\2024_AUG_GC_D\2024_AUG_GC_T2\GOPR4470.JPG,26
Giant Clam (Shallow Only)\2024_AUG_GC_D\2024_AUG_GC_T3\GOPR4473.JPG,24
Giant Clam (Shallow Only)\2024_AUG_GC_D\2024_AUG_GC_T3\GOPR4474.JPG,17
Giant Clam (Shallow Only)\2024_AUG_GC_D\2024_AUG_GC_T3\GOPR4475.JPG,12
Giant Clam (Shallow Only)\2024_AUG_GC_D\2024_AUG_GC_T3\GOPR4476.JPG,14
Giant Clam (Shallow Only)\2024_AUG_GC_D\2024_AUG_GC_T3\GOPR4477.JPG,21
Giant Clam (Shallow Only)\2024_AUG_GC_D\2024_AUG_GC_T3\GOPR4478.JPG,16
Giant Clam (Shallow Only)\2024_AUG_GC_D\2024_AUG_GC_T3\GOPR4479.JPG,54
Giant Clam (Shallow Only)\2024_AUG_GC_D\2024_AUG_GC_T3\GOPR4480.JPG,8
Giant Clam (Shallow Only)\2024_AUG_GC_D\2024_AUG_GC_T3\GOPR4481.JPG,4
Giant Clam (Shallow Only)\2024_AUG_GC_D\2024_AUG_GC_T3\GOPR4482.JPG,7
Giant Clam (Shallow Only)\2024_AUG_GC_D\2024_AUG_GC_T3\GOPR4483.JPG,13
Giant Clam (Shallow Only)\2024_AUG_GC_D\2024_AUG_GC_T3\GOPR4484.JPG,6
Giant Clam (Shallow Only)\2024_AUG_GC_D\2024_AUG_GC_T3\GOPR4485.JPG,38
Giant Clam (Shallow Only)\2024_AUG_GC_D\2024_AUG_GC_T3\GOPR4486.JPG,28
Giant Clam (Shallow Only)\2024_AUG_GC_D\2024_AUG_GC_T3\GOPR4487.JPG,21
Giant Clam (Shallow Only)\2024_AUG_GC_D\2024_AUG_GC_T3\GOPR4488.JPG,25
Giant Clam (Shallow Only)\2024_AUG_GC_D\2024_AUG_GC_T3\GOPR4489.JPG,31
Giant Clam (Shallow Only)\2024_AUG_GC_D\2024_AUG_GC_T3\GOPR4490.JPG,24
Giant Clam (Shallow Only)\2024_AUG_GC_D\2024_AUG_GC_T3\GOPR4491.JPG,33
Giant Clam (Shallow Only)\2024_AUG_GC_D\2024_AUG_GC_T3\GOPR4492.JPG,28
Giant Clam (Shallow Only)\2024_AUG_GC_D\2024_AUG_GC_T3\GOPR4493.JPG,16
Giant Clam (Shallow Only)\2024_AUG_GC_D\2024_AUG_GC_T3\GOPR4494.JPG,14
Giant Clam (Shallow Only)\2024_AUG_GC_D\2024_AUG_GC_T3\GOPR4495.JPG,26
Giant Clam (Shallow Only)\2024_AUG_GC_D\2024_AUG_GC_T3\GOPR4496.JPG,14
Giant Clam (Shallow Only)\2024_AUG_GC_D\2024_AUG_GC_T3\GOPR4497.JPG,7
Giant Clam (Shallow Only)\2024_AUG_GC_D\2024_AUG_GC_T3\GOPR4498.JPG,15
Giant Clam (Shallow Only)\2024_AUG_GC_D\2024_AUG_GC_T3\GOPR4499.JPG,16
Giant Clam (Shallow Only)\2024_AUG_GC_D\2024_AUG_GC_T3\GOPR4500.JPG,26
Giant Clam (Shallow Only)\2024_AUG_GC_D\2024_AUG_GC_T3\GOPR4501.JPG,23
Giant Clam (Shallow Only)\2024_AUG_GC_D\2024_AUG_GC_T3\GOPR4502.JPG,21
Giant Clam (Shallow Only)\2024_AUG_GC_D\2024_AUG_GC_T3\GOPR4503.JPG,28
Giant Clam (Shallow Only)\2024_AUG_GC_D\2024_AUG_GC_T3\GOPR4504.JPG,22
Giant Clam (Shallow Only)\2024_AUG_GC_D\2024_AUG_GC_T3\GOPR4505.JPG,16
Giant Clam (Shallow Only)\2024_AUG_GC_D\2024_AUG_GC_T3\GOPR4506.JPG,13
Giant Clam (Shallow Only)\2024_AUG_GC_D\2024_AUG_GC_T3\GOPR4507.JPG,17
Giant Clam (Shallow Only)\2024_AUG_GC_D\2024_AUG_GC_T3\GOPR4508.JPG,26
Giant Clam (Shallow Only)\2024_AUG_GC_D\2024_AUG_GC_T3\GOPR4509.JPG,26
Giant Clam (Shallow Only)\2024_AUG_GC_D\2024_AUG_GC_T3\GOPR4510.JPG,25
Giant Clam (Shallow Only)\2024_AUG_GC_D\2024_AUG_GC_T3\GOPR4511.JPG,10
Giant Clam (Shallow Only)\2024_AUG_GC_D\2024_AUG_GC_T3\GOPR4512.JPG,10
Giant Clam (Shallow Only)\2024_AUG_GC_D\2024_AUG_GC_T3\GOPR4513.JPG,9
Giant Clam (Shallow Only)\2024_AUG_GC_D\2024_AUG_GC_T3\GOPR4514.JPG,26
Giant Clam (Shallow Only)\2024_AUG_GC_D\2024_AUG_GC_T3\GOPR4515.JPG,26
Giant Clam (Shallow Only)\2024_AUG_GC_D\2024_AUG_GC_T3\GOPR4516.JPG,24
Giant Clam (Shallow Only)\2024_AUG_GC_D\2024_AUG_GC_T3\GOPR4517.JPG,24
Giant Clam (Shallow Only)\2024_AUG_GC_D\2024_AUG_GC_T3\GOPR4518.JPG,22
Giant Clam (Shallow Only)\2024_AUG_GC_D\2024_AUG_GC_T3\GOPR4519.JPG,29
Giant Clam (Shallow Only)\2024_AUG_GC_D\2024_AUG_GC_T3\GOPR4520.JPG,24
Giant Clam (Shallow Only)\2024_AUG_GC_D\2024_AUG_GC_T3\GOPR4521.JPG,33
Giant Clam (Shallow Only)\2024_AUG_GC_D\2024_AUG_GC_T3\GOPR4522.JPG,32
Harka Piloto\2024_AUG_HPFS_D\2024_AUG_HPFS_D_T1\GOPR5291.JPG,37
Harka Piloto\2024_AUG_HPFS_D\2024_AUG_HPFS_D_T1\GOPR5292.JPG,41
Harka Piloto\2024_AUG_HPFS_D\2024_AUG_HPFS_D_T1\GOPR5293.JPG,59
Harka Piloto\2024_AUG_HPFS_D\2024_AUG_HPFS_D_T1\GOPR5294.JPG,52
Harka Piloto\2024_AUG_HPFS_D\2024_AUG_HPFS_D_T1\GOPR5295.JPG,37
Harka Piloto\2024_AUG_HPFS_D\2024_AUG_HPFS_D_T1\GOPR5296.JPG,49
Harka Piloto\2024_AUG_HPFS_D\2024_AUG_HPFS_D_T1\GOPR5297.JPG,42
Harka Piloto\2024_AUG_HPFS_D\2024_AUG_HPFS_D_T1\GOPR5298.JPG,40
Harka Piloto\2024_AUG_HPFS_D\2024_AUG_HPFS_D_T1\GOPR5299.JPG,93
Harka Piloto\2024_AUG_HPFS_D\2024_AUG_HPFS_D_T1\GOPR5300.JPG,90
Harka Piloto\2024_AUG_HPFS_D\2024_AUG_HPFS_D_T1\GOPR5301.JPG,54
Harka Piloto\2024_AUG_HPFS_D\2024_AUG_HPFS_D_T1\GOPR5302.JPG,74
Harka Piloto\2024_AUG_HPFS_D\2024_AUG_HPFS_D_T1\GOPR5303.JPG,83
Harka Piloto\2024_AUG_HPFS_D\2024_AUG_HPFS_D_T1\GOPR5304.JPG,64
Harka Piloto\2024_AUG_HPFS_D\2024_AUG_HPFS_D_T1\GOPR5305.JPG,81
Harka Piloto\2024_AUG_HPFS_D\2024_AUG_HPFS_D_T1\GOPR5306.JPG,51
Harka Piloto\2024_AUG_HPFS_D\2024_AUG_HPFS_D_T1\GOPR5307.JPG,115
Harka Piloto\2024_AUG_HPFS_D\2024_AUG_HPFS_D_T1\GOPR5308.JPG,25
Harka Piloto\2024_AUG_HPFS_D\2024_AUG_HPFS_D_T1\GOPR5309.JPG,68
Harka Piloto\2024_AUG_HPFS_D\2024_AUG_HPFS_D_T1\GOPR5310.JPG,59
Harka Piloto\2024_AUG_HPFS_D\2024_AUG_HPFS_D_T1\GOPR5311.JPG,34
Harka Piloto\2024_AUG_HPFS_D\2024_AUG_HPFS_D_T1\GOPR5312.JPG,46
Harka Piloto\2024_AUG_HPFS_D\2024_AUG_HPFS_D_T1\GOPR5313.JPG,32
Harka Piloto\2024_AUG_HPFS_D\2024_AUG_HPFS_D_T1\GOPR5314.JPG,39
Harka Piloto\2024_AUG_HPFS_D\2024_AUG_HPFS_D_T1\GOPR5315.JPG,43
Harka Piloto\2024_AUG_HPFS_D\2024_AUG_HPFS_D_T1\GOPR5316.JPG,37
Harka Piloto\2024_AUG_HPFS_D\2024_AUG_HPFS_D_T1\GOPR5317.JPG,47
Harka Piloto\2024_AUG_HPFS_D\2024_AUG_HPFS_D_T1\GOPR5318.JPG,31
Harka Piloto\2024_AUG_HPFS_D\2024_AUG_HPFS_D_T1\GOPR5319.JPG,59
Harka Piloto\2024_AUG_HPFS_D\2024_AUG_HPFS_D_T1\GOPR5320.JPG,80
Harka Piloto\2024_AUG_HPFS_D\2024_AUG_HPFS_D_T1\GOPR5321.JPG,34
Harka Piloto\2024_AUG_HPFS_D\2024_AUG_HPFS_D_T1\GOPR5322.JPG,21
Harka Piloto\2024_AUG_HPFS_D\2024_AUG_HPFS_D_T1\GOPR5323.JPG,32
Harka Piloto\2024_AUG_HPFS_D\2024_AUG_HPFS_D_T1\GOPR5324.JPG,59
Harka Piloto\2024_AUG_HPFS_D\2024_AUG_HPFS_D_T1\GOPR5325.JPG,56
Harka Piloto\2024_AUG_HPFS_D\2024_AUG_HPFS_D_T1\GOPR5326.JPG,49
Harka Piloto\2024_AUG_HPFS_D\2024_AUG_HPFS_D_T1\GOPR5327.JPG,46
Harka Piloto\2024_AUG_HPFS_D\2024_AUG_HPFS_D_T1\GOPR5328.JPG,8
Harka Piloto\2024_AUG_HPFS_D\2024_AUG_HPFS_D_T1\GOPR5329.JPG,5
Harka Piloto\2024_AUG_HPFS_D\2024_AUG_HPFS_D_T1\GOPR5330.JPG,37
Harka Piloto\2024_AUG_HPFS_D\2024_AUG_HPFS_D_T1\GOPR5331.JPG,31
Harka Piloto\2024_AUG_HPFS_D\2024_AUG_HPFS_D_T1\GOPR5332.JPG,38
Harka Piloto\2024_AUG_HPFS_D\2024_AUG_HPFS_D_T1\GOPR5333.JPG,40
Harka Piloto\2024_AUG_HPFS_D\2024_AUG_HPFS_D_T1\GOPR5334.JPG,44
Harka Piloto\2024_AUG_HPFS_D\2024_AUG_HPFS_D_T1\GOPR5335.JPG,88
Harka Piloto\2024_AUG_HPFS_D\2024_AUG_HPFS_D_T1\GOPR5336.JPG,47
Harka Piloto\2024_AUG_HPFS_D\2024_AUG_HPFS_D_T1\GOPR5337.JPG,6
Harka Piloto\2024_AUG_HPFS_D\2024_AUG_HPFS_D_T1\GOPR5338.JPG,14
Harka Piloto\2024_AUG_HPFS_D\2024_AUG_HPFS_D_T1\GOPR5339.JPG,53
Harka Piloto\2024_AUG_HPFS_D\2024_AUG_HPFS_D_T1\GOPR5340.JPG,42
Harka Piloto\2024_AUG_HPFS_D\2024_AUG_HPFS_D_T2\GOPR5350.JPG,47
Harka Piloto\2024_AUG_HPFS_D\2024_AUG_HPFS_D_T2\GOPR5351.JPG,49
Harka Piloto\2024_AUG_HPFS_D\2024_AUG_HPFS_D_T2\GOPR5352.JPG,62
Harka Piloto\2024_AUG_HPFS_D\2024_AUG_HPFS_D_T2\GOPR5353.JPG,40
Harka Piloto\2024_AUG_HPFS_D\2024_AUG_HPFS_D_T2\GOPR5354.JPG,53
Harka Piloto\2024_AUG_HPFS_D\2024_AUG_HPFS_D_T2\GOPR5355.JPG,42
Harka Piloto\2024_AUG_HPFS_D\2024_AUG_HPFS_D_T2\GOPR5356.JPG,26
Harka Piloto\2024_AUG_HPFS_D\2024_AUG_HPFS_D_T2\GOPR5357.JPG,85
Harka Piloto\2024_AUG_HPFS_D\2024_AUG_HPFS_D_T2\GOPR5358.JPG,38
Harka Piloto\2024_AUG_HPFS_D\2024_AUG_HPFS_D_T2\GOPR5359.JPG,40
Harka Piloto\2024_AUG_HPFS_D\2024_AUG_HPFS_D_T2\GOPR5360.JPG,42
Harka Piloto\2024_AUG_HPFS_D\2024_AUG_HPFS_D_T2\GOPR5361.JPG,57
Harka Piloto\2024_AUG_HPFS_D\2024_AUG_HPFS_D_T2\GOPR5362.JPG,32
Harka Piloto\2024_AUG_HPFS_D\2024_AUG_HPFS_D_T2\GOPR5363.JPG,38
Harka Piloto\2024_AUG_HPFS_D\2024_AUG_HPFS_D_T2\GOPR5364.JPG,44
Harka Piloto\2024_AUG_HPFS_D\2024_AUG_HPFS_D_T2\GOPR5365.JPG,26
Harka Piloto\2024_AUG_HPFS_D\2024_AUG_HPFS_D_T2\GOPR5366.JPG,39
Harka Piloto\2024_AUG_HPFS_D\2024_AUG_HPFS_D_T2\GOPR5367.JPG,40
Harka Piloto\2024_AUG_HPFS_D\2024_AUG_HPFS_D_T2\GOPR5368.JPG,56
Harka Piloto\2024_AUG_HPFS_D\2024_AUG_HPFS_D_T2\GOPR5369.JPG,45
Harka Piloto\2024_AUG_HPFS_D\2024_AUG_HPFS_D_T2\GOPR5370.JPG,53
Harka Piloto\2024_AUG_HPFS_D\2024_AUG_HPFS_D_T2\GOPR5371.JPG,53
Harka Piloto\2024_AUG_HPFS_D\2024_AUG_HPFS_D_T2\GOPR5372.JPG,45
Harka Piloto\2024_AUG_HPFS_D\2024_AUG_HPFS_D_T2\GOPR5373.JPG,31
Harka Piloto\2024_AUG_HPFS_D\2024_AUG_HPFS_D_T2\GOPR5374.JPG,68
Harka Piloto\2024_AUG_HPFS_D\2024_AUG_HPFS_D_T2\GOPR5375.JPG,31
Harka Piloto\2024_AUG_HPFS_D\2024_AUG_HPFS_D_T2\GOPR5376.JPG,32
Harka Piloto\2024_AUG_HPFS_D\2024_AUG_HPFS_D_T2\GOPR5377.JPG,26
Harka Piloto\2024_AUG_HPFS_D\2024_AUG_HPFS_D_T2\GOPR5378.JPG,26
Harka Piloto\2024_AUG_HPFS_D\2024_AUG_HPFS_D_T2\GOPR5379.JPG,41
Harka Piloto\2024_AUG_HPFS_D\2024_AUG_HPFS_D_T2\GOPR5380.JPG,22
Harka Piloto\2024_AUG_HPFS_D\2024_AUG_HPFS_D_T2\GOPR5381.JPG,23
Harka Piloto\2024_AUG_HPFS_D\2024_AUG_HPFS_D_T2\GOPR5382.JPG,22
Harka Piloto\2024_AUG_HPFS_D\2024_AUG_HPFS_D_T2\GOPR5383.JPG,35
Harka Piloto\2024_AUG_HPFS_D\2024_AUG_HPFS_D_T2\GOPR5384.JPG,27
Harka Piloto\2024_AUG_HPFS_D\2024_AUG_HPFS_D_T2\GOPR5385.JPG,13
Harka Piloto\2024_AUG_HPFS_D\2024_AUG_HPFS_D_T2\GOPR5386.JPG,34
Harka Piloto\2024_AUG_HPFS_D\2024_AUG_HPFS_D_T2\GOPR5387.JPG,23
Harka Piloto\2024_AUG_HPFS_D\2024_AUG_HPFS_D_T2\GOPR5388.JPG,24
Harka Piloto\2024_AUG_HPFS_D\2024_AUG_HPFS_D_T2\GOPR5389.JPG,22
Harka Piloto\2024_AUG_HPFS_D\2024_AUG_HPFS_D_T2\GOPR5390.JPG,27
Harka Piloto\2024_AUG_HPFS_D\2024_AUG_HPFS_D_T2\GOPR5392.JPG,27
Harka Piloto\2024_AUG_HPFS_D\2024_AUG_HPFS_D_T2\GOPR5393.JPG,39
Harka Piloto\2024_AUG_HPFS_D\2024_AUG_HPFS_D_T2\GOPR5394.JPG,39
Harka Piloto\2024_AUG_HPFS_D\2024_AUG_HPFS_D_T2\GOPR5395.JPG,31
Harka Piloto\2024_AUG_HPFS_D\2024_AUG_HPFS_D_T2\GOPR5396.JPG,20
Harka Piloto\2024_AUG_HPFS_D\2024_AUG_HPFS_D_T2\GOPR5397.JPG,30
Harka Piloto\2024_AUG_HPFS_D\2024_AUG_HPFS_D_T2\GOPR5398.JPG,43
Harka Piloto\2024_AUG_HPFS_D\2024_AUG_HPFS_D_T2\GOPR5399.JPG,32
Harka Piloto\2024_AUG_HPFS_D\2024_AUG_HPFS_D_T2\GOPR5400.JPG,27
Harka Piloto\2024_AUG_HPFS_D\2024_AUG_HPFS_D_T3\GOPR5407.JPG,39
Harka Piloto\2024_AUG_HPFS_D\2024_AUG_HPFS_D_T3\GOPR5408.JPG,39
Harka Piloto\2024_AUG_HPFS_D\2024_AUG_HPFS_D_T3\GOPR5409.JPG,14
Harka Piloto\2024_AUG_HPFS_D\2024_AUG_HPFS_D_T3\GOPR5410.JPG,18
Harka Piloto\2024_AUG_HPFS_D\2024_AUG_HPFS_D_T3\GOPR5411.JPG,20
Harka Piloto\2024_AUG_HPFS_D\2024_AUG_HPFS_D_T3\GOPR5412.JPG,70
Harka Piloto\2024_AUG_HPFS_D\2024_AUG_HPFS_D_T3\GOPR5413.JPG,37
Harka Piloto\2024_AUG_HPFS_D\2024_AUG_HPFS_D_T3\GOPR5418.JPG,44
Harka Piloto\2024_AUG_HPFS_D\2024_AUG_HPFS_D_T3\GOPR5419.JPG,41
Harka Piloto\2024_AUG_HPFS_D\2024_AUG_HPFS_D_T3\GOPR5420.JPG,13
Harka Piloto\2024_AUG_HPFS_D\2024_AUG_HPFS_D_T3\GOPR5421.JPG,30
Harka Piloto\2024_AUG_HPFS_D\2024_AUG_HPFS_D_T3\GOPR5422.JPG,34
Harka Piloto\2024_AUG_HPFS_D\2024_AUG_HPFS_D_T3\GOPR5423.JPG,50
Harka Piloto\2024_AUG_HPFS_D\2024_AUG_HPFS_D_T3\GOPR5424.JPG,40
Harka Piloto\2024_AUG_HPFS_D\2024_AUG_HPFS_D_T3\GOPR5425.JPG,50
Harka Piloto\2024_AUG_HPFS_D\2024_AUG_HPFS_D_T3\GOPR5426.JPG,43
Harka Piloto\2024_AUG_HPFS_D\2024_AUG_HPFS_D_T3\GOPR5427.JPG,72
Harka Piloto\2024_AUG_HPFS_D\2024_AUG_HPFS_D_T3\GOPR5428.JPG,45
Harka Piloto\2024_AUG_HPFS_D\2024_AUG_HPFS_D_T3\GOPR5429.JPG,40
Harka Piloto\2024_AUG_HPFS_D\2024_AUG_HPFS_D_T3\GOPR5430.JPG,29
Harka Piloto\2024_AUG_HPFS_D\2024_AUG_HPFS_D_T3\GOPR5431.JPG,19
Harka Piloto\2024_AUG_HPFS_D\2024_AUG_HPFS_D_T3\GOPR5432.JPG,21
Harka Piloto\2024_AUG_HPFS_D\2024_AUG_HPFS_D_T3\GOPR5433.JPG,18
Harka Piloto\2024_AUG_HPFS_D\2024_AUG_HPFS_D_T3\GOPR5434.JPG,15
Harka Piloto\2024_AUG_HPFS_D\2024_AUG_HPFS_D_T3\GOPR5435.JPG,19
Harka Piloto\2024_AUG_HPFS_D\2024_AUG_HPFS_D_T3\GOPR5436.JPG,29
Harka Piloto\2024_AUG_HPFS_D\2024_AUG_HPFS_D_T3\GOPR5437.JPG,14
Harka Piloto\2024_AUG_HPFS_D\2024_AUG_HPFS_D_T3\GOPR5438.JPG,28
Harka Piloto\2024_AUG_HPFS_D\2024_AUG_HPFS_D_T3\GOPR5439.JPG,11
Harka Piloto\2024_AUG_HPFS_D\2024_AUG_HPFS_D_T3\GOPR5440.JPG,46
Harka Piloto\2024_AUG_HPFS_D\2024_AUG_HPFS_D_T3\GOPR5441.JPG,56
Harka Piloto\2024_AUG_HPFS_D\2024_AUG_HPFS_D_T3\GOPR5442.JPG,37
Harka Piloto\2024_AUG_HPFS_D\2024_AUG_HPFS_D_T3\GOPR5443.JPG,30
Harka Piloto\2024_AUG_HPFS_D\2024_AUG_HPFS_D_T3\GOPR5444.JPG,28
Harka Piloto\2024_AUG_HPFS_D\2024_AUG_HPFS_D_T3\GOPR5445.JPG,39
Harka Piloto\2024_AUG_HPFS_D\2024_AUG_HPFS_D_T3\GOPR5446.JPG,39
Harka Piloto\2024_AUG_HPFS_D\2024_AUG_HPFS_D_T3\GOPR5447.JPG,30
Harka Piloto\2024_AUG_HPFS_D\2024_AUG_HPFS_D_T3\GOPR5448.JPG,22
Harka Piloto\2024_AUG_HPFS_D\2024_AUG_HPFS_D_T3\GOPR5449.JPG,32
Harka Piloto\2024_AUG_HPFS_D\2024_AUG_HPFS_D_T3\GOPR5450.JPG,46
Harka Piloto\2024_AUG_HPFS_D\2024_AUG_HPFS_D_T3\GOPR5451.JPG,38
Harka Piloto\2024_AUG_HPFS_D\2024_AUG_HPFS_D_T3\GOPR5452.JPG,54
Harka Piloto\2024_AUG_HPFS_D\2024_AUG_HPFS_D_T3\GOPR5453.JPG,56
Harka Piloto\2024_AUG_HPFS_D\2024_AUG_HPFS_D_T3\GOPR5454.JPG,35
Harka Piloto\2024_AUG_HPFS_D\2024_AUG_HPFS_D_T3\GOPR5455.JPG,18
Harka Piloto\2024_AUG_HPFS_D\2024_AUG_HPFS_D_T3\GOPR5456.JPG,27
Harka Piloto\2024_AUG_HPFS_D\2024_AUG_HPFS_D_T3\GOPR5457.JPG,36
Harka Piloto\2024_AUG_HPFS_D\2024_AUG_HPFS_D_T3\GOPR5458.JPG,25
Harka Piloto\2024_AUG_HPFS_D\2024_AUG_HPFS_D_T3\GOPR5459.JPG,40
Harka Piloto\2024_AUG_HPFS_D\2024_AUG_HPFS_D_T3\GOPR5460.JPG,58
Harka Piloto\2024_AUG_HPFS_S\2024_AUG_HPFS_S_T1\GOPR5472.JPG,14
Harka Piloto\2024_AUG_HPFS_S\2024_AUG_HPFS_S_T1\GOPR5473.JPG,28
Harka Piloto\2024_AUG_HPFS_S\2024_AUG_HPFS_S_T1\GOPR5474.JPG,29
Harka Piloto\2024_AUG_HPFS_S\2024_AUG_HPFS_S_T1\GOPR5475.JPG,12
Harka Piloto\2024_AUG_HPFS_S\2024_AUG_HPFS_S_T1\GOPR5476.JPG,18
Harka Piloto\2024_AUG_HPFS_S\2024_AUG_HPFS_S_T1\GOPR5477.JPG,26
Harka Piloto\2024_AUG_HPFS_S\2024_AUG_HPFS_S_T1\GOPR5478.JPG,19
Harka Piloto\2024_AUG_HPFS_S\2024_AUG_HPFS_S_T1\GOPR5479.JPG,24
Harka Piloto\2024_AUG_HPFS_S\2024_AUG_HPFS_S_T1\GOPR5480.JPG,17
Harka Piloto\2024_AUG_HPFS_S\2024_AUG_HPFS_S_T1\GOPR5481.JPG,11
Harka Piloto\2024_AUG_HPFS_S\2024_AUG_HPFS_S_T1\GOPR5482.JPG,13
Harka Piloto\2024_AUG_HPFS_S\2024_AUG_HPFS_S_T1\GOPR5483.JPG,22
Harka Piloto\2024_AUG_HPFS_S\2024_AUG_HPFS_S_T1\GOPR5484.JPG,20
Harka Piloto\2024_AUG_HPFS_S\2024_AUG_HPFS_S_T1\GOPR5485.JPG,22
Harka Piloto\2024_AUG_HPFS_S\2024_AUG_HPFS_S_T1\GOPR5486.JPG,22
Harka Piloto\2024_AUG_HPFS_S\2024_AUG_HPFS_S_T1\GOPR5487.JPG,38
Harka Piloto\2024_AUG_HPFS_S\2024_AUG_HPFS_S_T1\GOPR5488.JPG,15
Harka Piloto\2024_AUG_HPFS_S\2024_AUG_HPFS_S_T1\GOPR5489.JPG,30
Harka Piloto\2024_AUG_HPFS_S\2024_AUG_HPFS_S_T1\GOPR5490.JPG,23
Harka Piloto\2024_AUG_HPFS_S\2024_AUG_HPFS_S_T1\GOPR5491.JPG,14
Harka Piloto\2024_AUG_HPFS_S\2024_AUG_HPFS_S_T1\GOPR5492.JPG,17
Harka Piloto\2024_AUG_HPFS_S\2024_AUG_HPFS_S_T1\GOPR5495.JPG,24
Harka Piloto\2024_AUG_HPFS_S\2024_AUG_HPFS_S_T1\GOPR5496.JPG,24
Harka Piloto\2024_AUG_HPFS_S\2024_AUG_HPFS_S_T1\GOPR5497.JPG,15
Harka Piloto\2024_AUG_HPFS_S\2024_AUG_HPFS_S_T1\GOPR5498.JPG,16
Harka Piloto\2024_AUG_HPFS_S\2024_AUG_HPFS_S_T1\GOPR5499.JPG,23
Harka Piloto\2024_AUG_HPFS_S\2024_AUG_HPFS_S_T1\GOPR5500 - Copy.JPG,31
Harka Piloto\2024_AUG_HPFS_S\2024_AUG_HPFS_S_T1\GOPR5501.JPG,21
Harka Piloto\2024_AUG_HPFS_S\2024_AUG_HPFS_S_T1\GOPR5502.JPG,24
Harka Piloto\2024_AUG_HPFS_S\2024_AUG_HPFS_S_T1\GOPR5503.JPG,20
Harka Piloto\2024_AUG_HPFS_S\2024_AUG_HPFS_S_T1\GOPR5504.JPG,23
Harka Piloto\2024_AUG_HPFS_S\2024_AUG_HPFS_S_T1\GOPR5505.JPG,21
Harka Piloto\2024_AUG_HPFS_S\2024_AUG_HPFS_S_T1\GOPR5506.JPG,20
Harka Piloto\2024_AUG_HPFS_S\2024_AUG_HPFS_S_T1\GOPR5507.JPG,11
Harka Piloto\2024_AUG_HPFS_S\2024_AUG_HPFS_S_T1\GOPR5508.JPG,9
Harka Piloto\2024_AUG_HPFS_S\2024_AUG_HPFS_S_T1\GOPR5509.JPG,30
Harka Piloto\2024_AUG_HPFS_S\2024_AUG_HPFS_S_T1\GOPR5510.JPG,25
Harka Piloto\2024_AUG_HPFS_S\2024_AUG_HPFS_S_T1\GOPR5511.JPG,31
Harka Piloto\2024_AUG_HPFS_S\2024_AUG_HPFS_S_T1\GOPR5512.JPG,33
Harka Piloto\2024_AUG_HPFS_S\2024_AUG_HPFS_S_T1\GOPR5513.JPG,23
Harka Piloto\2024_AUG_HPFS_S\2024_AUG_HPFS_S_T1\GOPR5514.JPG,32
Harka Piloto\2024_AUG_HPFS_S\2024_AUG_HPFS_S_T1\GOPR5515.JPG,41
Harka Piloto\2024_AUG_HPFS_S\2024_AUG_HPFS_S_T1\GOPR5516.JPG,29
Harka Piloto\2024_AUG_HPFS_S\2024_AUG_HPFS_S_T1\GOPR5517.JPG,23
Harka Piloto\2024_AUG_HPFS_S\2024_AUG_HPFS_S_T1\GOPR5518.JPG,38
Harka Piloto\2024_AUG_HPFS_S\2024_AUG_HPFS_S_T1\GOPR5519.JPG,25
Harka Piloto\2024_AUG_HPFS_S\2024_AUG_HPFS_S_T1\GOPR5520.JPG,20
Harka Piloto\2024_AUG_HPFS_S\2024_AUG_HPFS_S_T1\GOPR5521.JPG,27
Harka Piloto\2024_AUG_HPFS_S\2024_AUG_HPFS_S_T1\GOPR5522.JPG,22
Harka Piloto\2024_AUG_HPFS_S\2024_AUG_HPFS_S_T1\GOPR5523.JPG,35
Harka Piloto\2024_AUG_HPFS_S\2024_AUG_HPFS_S_T2\GOPR5527.JPG,31
Harka Piloto\2024_AUG_HPFS_S\2024_AUG_HPFS_S_T2\GOPR5528.JPG,23
Harka Piloto\2024_AUG_HPFS_S\2024_AUG_HPFS_S_T2\GOPR5529.JPG,33
Harka Piloto\2024_AUG_HPFS_S\2024_AUG_HPFS_S_T2\GOPR5530.JPG,28
Harka Piloto\2024_AUG_HPFS_S\2024_AUG_HPFS_S_T2\GOPR5531.JPG,35
Harka Piloto\2024_AUG_HPFS_S\2024_AUG_HPFS_S_T2\GOPR5532.JPG,29
Harka Piloto\2024_AUG_HPFS_S\2024_AUG_HPFS_S_T2\GOPR5533.JPG,25
Harka Piloto\2024_AUG_HPFS_S\2024_AUG_HPFS_S_T2\GOPR5534.JPG,37
Harka Piloto\2024_AUG_HPFS_S\2024_AUG_HPFS_S_T2\GOPR5535.JPG,31
Harka Piloto\2024_AUG_HPFS_S\2024_AUG_HPFS_S_T2\GOPR5536.JPG,33
Harka Piloto\2024_AUG_HPFS_S\2024_AUG_HPFS_S_T2\GOPR5537.JPG,27
Harka Piloto\2024_AUG_HPFS_S\2024_AUG_HPFS_S_T2\GOPR5538.JPG,33
Harka Piloto\2024_AUG_HPFS_S\2024_AUG_HPFS_S_T2\GOPR5539.JPG,23
Harka Piloto\2024_AUG_HPFS_S\2024_AUG_HPFS_S_T2\GOPR5540.JPG,24
Harka Piloto\2024_AUG_HPFS_S\2024_AUG_HPFS_S_T2\GOPR5541.JPG,22
Harka Piloto\2024_AUG_HPFS_S\2024_AUG_HPFS_S_T2\GOPR5546.JPG,33
Harka Piloto\2024_AUG_HPFS_S\2024_AUG_HPFS_S_T2\GOPR5547.JPG,15
Harka Piloto\2024_AUG_HPFS_S\2024_AUG_HPFS_S_T2\GOPR5548.JPG,94
Harka Piloto\2024_AUG_HPFS_S\2024_AUG_HPFS_S_T2\GOPR5549.JPG,21
Harka Piloto\2024_AUG_HPFS_S\2024_AUG_HPFS_S_T2\GOPR5550.JPG,25
Harka Piloto\2024_AUG_HPFS_S\2024_AUG_HPFS_S_T2\GOPR5551.JPG,19
Harka Piloto\2024_AUG_HPFS_S\2024_AUG_HPFS_S_T2\GOPR5552.JPG,33
Harka Piloto\2024_AUG_HPFS_S\2024_AUG_HPFS_S_T2\GOPR5553.JPG,44
Harka Piloto\2024_AUG_HPFS_S\2024_AUG_HPFS_S_T2\GOPR5554.JPG,29
Harka Piloto\2024_AUG_HPFS_S\2024_AUG_HPFS_S_T2\GOPR5555.JPG,36
Harka Piloto\2024_AUG_HPFS_S\2024_AUG_HPFS_S_T2\GOPR5556.JPG,13
Harka Piloto\2024_AUG_HPFS_S\2024_AUG_HPFS_S_T2\GOPR5557.JPG,30
Harka Piloto\2024_AUG_HPFS_S\2024_AUG_HPFS_S_T2\GOPR5558.JPG,33
Harka Piloto\2024_AUG_HPFS_S\2024_AUG_HPFS_S_T2\GOPR5559.JPG,46
Harka Piloto\2024_AUG_HPFS_S\2024_AUG_HPFS_S_T2\GOPR5560.JPG,49
Harka Piloto\2024_AUG_HPFS_S\2024_AUG_HPFS_S_T2\GOPR5561.JPG,45
Harka Piloto\2024_AUG_HPFS_S\2024_AUG_HPFS_S_T2\GOPR5562.JPG,52
Harka Piloto\2024_AUG_HPFS_S\2024_AUG_HPFS_S_T2\GOPR5563.JPG,21
Harka Piloto\2024_AUG_HPFS_S\2024_AUG_HPFS_S_T2\GOPR5564.JPG,50
Harka Piloto\2024_AUG_HPFS_S\2024_AUG_HPFS_S_T2\GOPR5565.JPG,41
Harka Piloto\2024_AUG_HPFS_S\2024_AUG_HPFS_S_T2\GOPR5566.JPG,57
Harka Piloto\2024_AUG_HPFS_S\2024_AUG_HPFS_S_T2\GOPR5567.JPG,54
Harka Piloto\2024_AUG_HPFS_S\2024_AUG_HPFS_S_T2\GOPR5568.JPG,63
Harka Piloto\2024_AUG_HPFS_S\2024_AUG_HPFS_S_T2\GOPR5569.JPG,45
Harka Piloto\2024_AUG_HPFS_S\2024_AUG_HPFS_S_T2\GOPR5570.JPG,37
Harka Piloto\2024_AUG_HPFS_S\2024_AUG_HPFS_S_T2\GOPR5571.JPG,52
Harka Piloto\2024_AUG_HPFS_S\2024_AUG_HPFS_S_T2\GOPR5572.JPG,26
Harka Piloto\2024_AUG_HPFS_S\2024_AUG_HPFS_S_T2\GOPR5573.JPG,42
Harka Piloto\2024_AUG_HPFS_S\2024_AUG_HPFS_S_T2\GOPR5574.JPG,32
Harka Piloto\2024_AUG_HPFS_S\2024_AUG_HPFS_S_T2\GOPR5575.JPG,31
Harka Piloto\2024_AUG_HPFS_S\2024_AUG_HPFS_S_T2\GOPR5576.JPG,30
Harka Piloto\2024_AUG_HPFS_S\2024_AUG_HPFS_S_T2\GOPR5577.JPG,20
Harka Piloto\2024_AUG_HPFS_S\2024_AUG_HPFS_S_T2\GOPR5578.JPG,39
Harka Piloto\2024_AUG_HPFS_S\2024_AUG_HPFS_S_T2\GOPR5579.JPG,33
Harka Piloto\2024_AUG_HPFS_S\2024_AUG_HPFS_S_T2\GOPR5580.JPG,26
Harka Piloto\2024_AUG_HPFS_S\2024_AUG_HPFS_S_T3\GOPR5587.JPG,21
Harka Piloto\2024_AUG_HPFS_S\2024_AUG_HPFS_S_T3\GOPR5588.JPG,29
Harka Piloto\2024_AUG_HPFS_S\2024_AUG_HPFS_S_T3\GOPR5589.JPG,22
Harka Piloto\2024_AUG_HPFS_S\2024_AUG_HPFS_S_T3\GOPR5590.JPG,36
Harka Piloto\2024_AUG_HPFS_S\2024_AUG_HPFS_S_T3\GOPR5591.JPG,28
Harka Piloto\2024_AUG_HPFS_S\2024_AUG_HPFS_S_T3\GOPR5592.JPG,26
Harka Piloto\2024_AUG_HPFS_S\2024_AUG_HPFS_S_T3\GOPR5593.JPG,27
Harka Piloto\2024_AUG_HPFS_S\2024_AUG_HPFS_S_T3\GOPR5594.JPG,37
Harka Piloto\2024_AUG_HPFS_S\2024_AUG_HPFS_S_T3\GOPR5595.JPG,34
Harka Piloto\2024_AUG_HPFS_S\2024_AUG_HPFS_S_T3\GOPR5596.JPG,30
Harka Piloto\2024_AUG_HPFS_S\2024_AUG_HPFS_S_T3\GOPR5597.JPG,15
Harka Piloto\2024_AUG_HPFS_S\2024_AUG_HPFS_S_T3\GOPR5598.JPG,16
Harka Piloto\2024_AUG_HPFS_S\2024_AUG_HPFS_S_T3\GOPR5599.JPG,23
Harka Piloto\2024_AUG_HPFS_S\2024_AUG_HPFS_S_T3\GOPR5600.JPG,22
Harka Piloto\2024_AUG_HPFS_S\2024_AUG_HPFS_S_T3\GOPR5601.JPG,18
Harka Piloto\2024_AUG_HPFS_S\2024_AUG_HPFS_S_T3\GOPR5602.JPG,36
Harka Piloto\2024_AUG_HPFS_S\2024_AUG_HPFS_S_T3\GOPR5603.JPG,25
Harka Piloto\2024_AUG_HPFS_S\2024_AUG_HPFS_S_T3\GOPR5604.JPG,14
Harka Piloto\2024_AUG_HPFS_S\2024_AUG_HPFS_S_T3\GOPR5605.JPG,20
Harka Piloto\2024_AUG_HPFS_S\2024_AUG_HPFS_S_T3\GOPR5606.JPG,37
Harka Piloto\2024_AUG_HPFS_S\2024_AUG_HPFS_S_T3\GOPR5607.JPG,24
Harka Piloto\2024_AUG_HPFS_S\2024_AUG_HPFS_S_T3\GOPR5608.JPG,21
Harka Piloto\2024_AUG_HPFS_S\2024_AUG_HPFS_S_T3\GOPR5609.JPG,30
Harka Piloto\2024_AUG_HPFS_S\2024_AUG_HPFS_S_T3\GOPR5610.JPG,31
Harka Piloto\2024_AUG_HPFS_S\2024_AUG_HPFS_S_T3\GOPR5611.JPG,34
Harka Piloto\2024_AUG_HPFS_S\2024_AUG_HPFS_S_T3\GOPR5612.JPG,33
Harka Piloto\2024_AUG_HPFS_S\2024_AUG_HPFS_S_T3\GOPR5613.JPG,21
Harka Piloto\2024_AUG_HPFS_S\2024_AUG_HPFS_S_T3\GOPR5614.JPG,21
Harka Piloto\2024_AUG_HPFS_S\2024_AUG_HPFS_S_T3\GOPR5615.JPG,29
Harka Piloto\2024_AUG_HPFS_S\2024_AUG_HPFS_S_T3\GOPR5616.JPG,31
Harka Piloto\2024_AUG_HPFS_S\2024_AUG_HPFS_S_T3\GOPR5617.JPG,22
Harka Piloto\2024_AUG_HPFS_S\2024_AUG_HPFS_S_T3\GOPR5618.JPG,22
Harka Piloto\2024_AUG_HPFS_S\2024_AUG_HPFS_S_T3\GOPR5619.JPG,27
Harka Piloto\2024_AUG_HPFS_S\2024_AUG_HPFS_S_T3\GOPR5620.JPG,17
Harka Piloto\2024_AUG_HPFS_S\2024_AUG_HPFS_S_T3\GOPR5621.JPG,18
Harka Piloto\2024_AUG_HPFS_S\2024_AUG_HPFS_S_T3\GOPR5622.JPG,30
Harka Piloto\2024_AUG_HPFS_S\2024_AUG_HPFS_S_T3\GOPR5623.JPG,21
Harka Piloto\2024_AUG_HPFS_S\2024_AUG_HPFS_S_T3\GOPR5624.JPG,12
Harka Piloto\2024_AUG_HPFS_S\2024_AUG_HPFS_S_T3\GOPR5625.JPG,22
Harka Piloto\2024_AUG_HPFS_S\2024_AUG_HPFS_S_T3\GOPR5626.JPG,27
Harka Piloto\2024_AUG_HPFS_S\2024_AUG_HPFS_S_T3\GOPR5627.JPG,20
Harka Piloto\2024_AUG_HPFS_S\2024_AUG_HPFS_S_T3\GOPR5628.JPG,34
Harka Piloto\2024_AUG_HPFS_S\2024_AUG_HPFS_S_T3\GOPR5629.JPG,33
Harka Piloto\2024_AUG_HPFS_S\2024_AUG_HPFS_S_T3\GOPR5630.JPG,18
Harka Piloto\2024_AUG_HPFS_S\2024_AUG_HPFS_S_T3\GOPR5631.JPG,20
Harka Piloto\2024_AUG_HPFS_S\2024_AUG_HPFS_S_T3\GOPR5632.JPG,16
Harka Piloto\2024_AUG_HPFS_S\2024_AUG_HPFS_S_T3\GOPR5633.JPG,32
Harka Piloto\2024_AUG_HPFS_S\2024_AUG_HPFS_S_T3\GOPR5634.JPG,12
Harka Piloto\2024_AUG_HPFS_S\2024_AUG_HPFS_S_T3\GOPR5635.JPG,20
Harka Piloto\2024_AUG_HPFS_S\2024_AUG_HPFS_S_T3\GOPR5636.JPG,27
Sapangan (Deep Only)\2024_AUG_SAP_D\2024_AUG_S_T1\GOPR4706.JPG,15
Sapangan (Deep Only)\2024_AUG_SAP_D\2024_AUG_S_T1\GOPR4707.JPG,11
Sapangan (Deep Only)\2024_AUG_SAP_D\2024_AUG_S_T1\GOPR4708.JPG,8
Sapangan (Deep Only)\2024_AUG_SAP_D\2024_AUG_S_T1\GOPR4709.JPG,24
Sapangan (Deep Only)\2024_AUG_SAP_D\2024_AUG_S_T1\GOPR4710.JPG,62
Sapangan (Deep Only)\2024_AUG_SAP_D\2024_AUG_S_T1\GOPR4712.JPG,36
Sapangan (Deep Only)\2024_AUG_SAP_D\2024_AUG_S_T1\GOPR4713.JPG,43
Sapangan (Deep Only)\2024_AUG_SAP_D\2024_AUG_S_T1\GOPR4714.JPG,34
Sapangan (Deep Only)\2024_AUG_SAP_D\2024_AUG_S_T1\GOPR4715.JPG,38
Sapangan (Deep Only)\2024_AUG_SAP_D\2024_AUG_S_T1\GOPR4716.JPG,25
Sapangan (Deep Only)\2024_AUG_SAP_D\2024_AUG_S_T1\GOPR4717.JPG,23
Sapangan (Deep Only)\2024_AUG_SAP_D\2024_AUG_S_T1\GOPR4718.JPG,49
Sapangan (Deep Only)\2024_AUG_SAP_D\2024_AUG_S_T1\GOPR4719.JPG,16
Sapangan (Deep Only)\2024_AUG_SAP_D\2024_AUG_S_T1\GOPR4720.JPG,14
Sapangan (Deep Only)\2024_AUG_SAP_D\2024_AUG_S_T1\GOPR4721.JPG,24
Sapangan (Deep Only)\2024_AUG_SAP_D\2024_AUG_S_T1\GOPR4722.JPG,25
Sapangan (Deep Only)\2024_AUG_SAP_D\2024_AUG_S_T1\GOPR4723.JPG,33
Sapangan (Deep Only)\2024_AUG_SAP_D\2024_AUG_S_T1\GOPR4724.JPG,39
Sapangan (Deep Only)\2024_AUG_SAP_D\2024_AUG_S_T1\GOPR4725.JPG,60
Sapangan (Deep Only)\2024_AUG_SAP_D\2024_AUG_S_T1\GOPR4726.JPG,35
Sapangan (Deep Only)\2024_AUG_SAP_D\2024_AUG_S_T1\GOPR4727.JPG,42
Sapangan (Deep Only)\2024_AUG_SAP_D\2024_AUG_S_T1\GOPR4728.JPG,20
Sapangan (Deep Only)\2024_AUG_SAP_D\2024_AUG_S_T1\GOPR4729.JPG,20
Sapangan (Deep Only)\2024_AUG_SAP_D\2024_AUG_S_T1\GOPR4730.JPG,44
Sapangan (Deep Only)\2024_AUG_SAP_D\2024_AUG_S_T1\GOPR4731.JPG,42
Sapangan (Deep Only)\2024_AUG_SAP_D\2024_AUG_S_T1\GOPR4732.JPG,27
Sapangan (Deep Only)\2024_AUG_SAP_D\2024_AUG_S_T1\GOPR4733.JPG,47
Sapangan (Deep Only)\2024_AUG_SAP_D\2024_AUG_S_T1\GOPR4734.JPG,49
Sapangan (Deep Only)\2024_AUG_SAP_D\2024_AUG_S_T1\GOPR4735.JPG,20
Sapangan (Deep Only)\2024_AUG_SAP_D\2024_AUG_S_T1\GOPR4736.JPG,55
Sapangan (Deep Only)\2024_AUG_SAP_D\2024_AUG_S_T1\GOPR4737.JPG,44
Sapangan (Deep Only)\2024_AUG_SAP_D\2024_AUG_S_T1\GOPR4738.JPG,14
Sapangan (Deep Only)\2024_AUG_SAP_D\2024_AUG_S_T1\GOPR4739.JPG,34
Sapangan (Deep Only)\2024_AUG_SAP_D\2024_AUG_S_T1\GOPR4740.JPG,49
Sapangan (Deep Only)\2024_AUG_SAP_D\2024_AUG_S_T1\GOPR4741.JPG,38
Sapangan (Deep Only)\2024_AUG_SAP_D\2024_AUG_S_T1\GOPR4742.JPG,26
Sapangan (Deep Only)\2024_AUG_SAP_D\2024_AUG_S_T1\GOPR4743.JPG,39
Sapangan (Deep Only)\2024_AUG_SAP_D\2024_AUG_S_T1\GOPR4744.JPG,30
Sapangan (Deep Only)\2024_AUG_SAP_D\2024_AUG_S_T1\GOPR4745.JPG,19
Sapangan (Deep Only)\2024_AUG_SAP_D\2024_AUG_S_T1\GOPR4746.JPG,22
Sapangan (Deep Only)\2024_AUG_SAP_D\2024_AUG_S_T1\GOPR4747.JPG,19
Sapangan (Deep Only)\2024_AUG_SAP_D\2024_AUG_S_T1\GOPR4750.JPG,24
Sapangan (Deep Only)\2024_AUG_SAP_D\2024_AUG_S_T1\GOPR4751.JPG,48
Sapangan (Deep Only)\2024_AUG_SAP_D\2024_AUG_S_T1\GOPR4752.JPG,50
Sapangan (Deep Only)\2024_AUG_SAP_D\2024_AUG_S_T1\GOPR4753.JPG,30
Sapangan (Deep Only)\2024_AUG_SAP_D\2024_AUG_S_T1\GOPR4754.JPG,33
Sapangan (Deep Only)\2024_AUG_SAP_D\2024_AUG_S_T1\GOPR4755.JPG,49
Sapangan (Deep Only)\2024_AUG_SAP_D\2024_AUG_S_T1\GOPR4756.JPG,67
Sapangan (Deep Only)\2024_AUG_SAP_D\2024_AUG_S_T1\GOPR4757.JPG,16
Sapangan (Deep Only)\2024_AUG_SAP_D\2024_AUG_S_T1\GOPR4758.JPG,47
Sapangan (Deep Only)\2024_AUG_SAP_D\2024_AUG_S_T2\GOPR4765.JPG,43
Sapangan (Deep Only)\2024_AUG_SAP_D\2024_AUG_S_T2\GOPR4766.JPG,39
Sapangan (Deep Only)\2024_AUG_SAP_D\2024_AUG_S_T2\GOPR4767.JPG,24
Sapangan (Deep Only)\2024_AUG_SAP_D\2024_AUG_S_T2\GOPR4768.JPG,10
Sapangan (Deep Only)\2024_AUG_SAP_D\2024_AUG_S_T2\GOPR4769.JPG,10
Sapangan (Deep Only)\2024_AUG_SAP_D\2024_AUG_S_T2\GOPR4770.JPG,12
Sapangan (Deep Only)\2024_AUG_SAP_D\2024_AUG_S_T2\GOPR4771.JPG,38
Sapangan (Deep Only)\2024_AUG_SAP_D\2024_AUG_S_T2\GOPR4772.JPG,53
Sapangan (Deep Only)\2024_AUG_SAP_D\2024_AUG_S_T2\GOPR4773.JPG,42
Sapangan (Deep Only)\2024_AUG_SAP_D\2024_AUG_S_T2\GOPR4774.JPG,42
Sapangan (Deep Only)\2024_AUG_SAP_D\2024_AUG_S_T2\GOPR4775.JPG,38
Sapangan (Deep Only)\2024_AUG_SAP_D\2024_AUG_S_T2\GOPR4776.JPG,12
Sapangan (Deep Only)\2024_AUG_SAP_D\2024_AUG_S_T2\GOPR4777.JPG,10
Sapangan (Deep Only)\2024_AUG_SAP_D\2024_AUG_S_T2\GOPR4778.JPG,43
Sapangan (Deep Only)\2024_AUG_SAP_D\2024_AUG_S_T2\GOPR4779.JPG,44
Sapangan (Deep Only)\2024_AUG_SAP_D\2024_AUG_S_T2\GOPR4780.JPG,38
Sapangan (Deep Only)\2024_AUG_SAP_D\2024_AUG_S_T2\GOPR4781.JPG,17
Sapangan (Deep Only)\2024_AUG_SAP_D\2024_AUG_S_T2\GOPR4782.JPG,15
Sapangan (Deep Only)\2024_AUG_SAP_D\2024_AUG_S_T2\GOPR4783.JPG,32
Sapangan (Deep Only)\2024_AUG_SAP_D\2024_AUG_S_T2\GOPR4784.JPG,4
Sapangan (Deep Only)\2024_AUG_SAP_D\2024_AUG_S_T2\GOPR4785.JPG,4
Sapangan (Deep Only)\2024_AUG_SAP_D\2024_AUG_S_T2\GOPR4786.JPG,1
Sapangan (Deep Only)\2024_AUG_SAP_D\2024_AUG_S_T2\GOPR4787.JPG,12
Sapangan (Deep Only)\2024_AUG_SAP_D\2024_AUG_S_T2\GOPR4788.JPG,6
Sapangan (Deep Only)\2024_AUG_SAP_D\2024_AUG_S_T2\GOPR4789.JPG,6
Sapangan (Deep Only)\2024_AUG_SAP_D\2024_AUG_S_T2\GOPR4790.JPG,23
Sapangan (Deep Only)\2024_AUG_SAP_D\2024_AUG_S_T2\GOPR4791.JPG,36
Sapangan (Deep Only)\2024_AUG_SAP_D\2024_AUG_S_T2\GOPR4792.JPG,36
Sapangan (Deep Only)\2024_AUG_SAP_D\2024_AUG_S_T2\GOPR4793.JPG,18
Sapangan (Deep Only)\2024_AUG_SAP_D\2024_AUG_S_T2\GOPR4794.JPG,11
Sapangan (Deep Only)\2024_AUG_SAP_D\2024_AUG_S_T2\GOPR4795.JPG,9
Sapangan (Deep Only)\2024_AUG_SAP_D\2024_AUG_S_T2\GOPR4796.JPG,7
Sapangan (Deep Only)\2024_AUG_SAP_D\2024_AUG_S_T2\GOPR4797.JPG,17
Sapangan (Deep Only)\2024_AUG_SAP_D\2024_AUG_S_T2\GOPR4798.JPG,6
Sapangan (Deep Only)\2024_AUG_SAP_D\2024_AUG_S_T2\GOPR4799.JPG,42
Sapangan (Deep Only)\2024_AUG_SAP_D\2024_AUG_S_T2\GOPR4800.JPG,49
Sapangan (Deep Only)\2024_AUG_SAP_D\2024_AUG_S_T2\GOPR4801.JPG,25
Sapangan (Deep Only)\2024_AUG_SAP_D\2024_AUG_S_T2\GOPR4802.JPG,61
Sapangan (Deep Only)\2024_AUG_SAP_D\2024_AUG_S_T2\GOPR4804.JPG,2
Sapangan (Deep Only)\2024_AUG_SAP_D\2024_AUG_S_T2\GOPR4805.JPG,41
Sapangan (Deep Only)\2024_AUG_SAP_D\2024_AUG_S_T2\GOPR4806.JPG,10
Sapangan (Deep Only)\2024_AUG_SAP_D\2024_AUG_S_T2\GOPR4807.JPG,8
Sapangan (Deep Only)\2024_AUG_SAP_D\2024_AUG_S_T2\GOPR4808.JPG,8
Sapangan (Deep Only)\2024_AUG_SAP_D\2024_AUG_S_T2\GOPR4809.JPG,16
Sapangan (Deep Only)\2024_AUG_SAP_D\2024_AUG_S_T2\GOPR4810.JPG,13
Sapangan (Deep Only)\2024_AUG_SAP_D\2024_AUG_S_T2\GOPR4811.JPG,11
Sapangan (Deep Only)\2024_AUG_SAP_D\2024_AUG_S_T2\GOPR4812.JPG,10
Sapangan (Deep Only)\2024_AUG_SAP_D\2024_AUG_S_T2\GOPR4813.JPG,26
Sapangan (Deep Only)\2024_AUG_SAP_D\2024_AUG_S_T2\GOPR4814.JPG,21
Sapangan (Deep Only)\2024_AUG_SAP_D\2024_AUG_S_T2\GOPR4815.JPG,21
Sapangan (Deep Only)\2024_AUG_SAP_D\2024_AUG_S_T3\GOPR5022.JPG,15
Sapangan (Deep Only)\2024_AUG_SAP_D\2024_AUG_S_T3\GOPR5023.JPG,20
Sapangan (Deep Only)\2024_AUG_SAP_D\2024_AUG_S_T3\GOPR5024.JPG,12
Sapangan (Deep Only)\2024_AUG_SAP_D\2024_AUG_S_T3\GOPR5025.JPG,7
Sapangan (Deep Only)\2024_AUG_SAP_D\2024_AUG_S_T3\GOPR5026.JPG,23
Sapangan (Deep Only)\2024_AUG_SAP_D\2024_AUG_S_T3\GOPR5027.JPG,16
Sapangan (Deep Only)\2024_AUG_SAP_D\2024_AUG_S_T3\GOPR5028.JPG,19
Sapangan (Deep Only)\2024_AUG_SAP_D\2024_AUG_S_T3\GOPR5029.JPG,8
Sapangan (Deep Only)\2024_AUG_SAP_D\2024_AUG_S_T3\GOPR5030.JPG,25
Sapangan (Deep Only)\2024_AUG_SAP_D\2024_AUG_S_T3\GOPR5031.JPG,11
Sapangan (Deep Only)\2024_AUG_SAP_D\2024_AUG_S_T3\GOPR5032.JPG,8
Sapangan (Deep Only)\2024_AUG_SAP_D\2024_AUG_S_T3\GOPR5033.JPG,21
Sapangan (Deep Only)\2024_AUG_SAP_D\2024_AUG_S_T3\GOPR5034.JPG,17
Sapangan (Deep Only)\2024_AUG_SAP_D\2024_AUG_S_T3\GOPR5035.JPG,24
Sapangan (Deep Only)\2024_AUG_SAP_D\2024_AUG_S_T3\GOPR5036.JPG,20
Sapangan (Deep Only)\2024_AUG_SAP_D\2024_AUG_S_T3\GOPR5037.JPG,18
Sapangan (Deep Only)\2024_AUG_SAP_D\2024_AUG_S_T3\GOPR5038.JPG,30
Sapangan (Deep Only)\2024_AUG_SAP_D\2024_AUG_S_T3\GOPR5039.JPG,16
Sapangan (Deep Only)\2024_AUG_SAP_D\2024_AUG_S_T3\GOPR5048.JPG,19
Sapangan (Deep Only)\2024_AUG_SAP_D\2024_AUG_S_T3\GOPR5049.JPG,21
Sapangan (Deep Only)\2024_AUG_SAP_D\2024_AUG_S_T3\GOPR5050.JPG,25
Sapangan (Deep Only)\2024_AUG_SAP_D\2024_AUG_S_T3\GOPR5051.JPG,52
Sapangan (Deep Only)\2024_AUG_SAP_D\2024_AUG_S_T3\GOPR5052.JPG,63
Sapangan (Deep Only)\2024_AUG_SAP_D\2024_AUG_S_T3\GOPR5053.JPG,31
Sapangan (Deep Only)\2024_AUG_SAP_D\2024_AUG_S_T3\GOPR5054.JPG,26
Sapangan (Deep Only)\2024_AUG_SAP_D\2024_AUG_S_T3\GOPR5055.JPG,22
Sapangan (Deep Only)\2024_AUG_SAP_D\2024_AUG_S_T3\GOPR5056.JPG,22
Sapangan (Deep Only)\2024_AUG_SAP_D\2024_AUG_S_T3\GOPR5057.JPG,30
Sapangan (Deep Only)\2024_AUG_SAP_D\2024_AUG_S_T3\GOPR5058.JPG,35
Sapangan (Deep Only)\2024_AUG_SAP_D\2024_AUG_S_T3\GOPR5059.JPG,21
Sapangan (Deep Only)\2024_AUG_SAP_D\2024_AUG_S_T3\GOPR5060.JPG,24
Sapangan (Deep Only)\2024_AUG_SAP_D\2024_AUG_S_T3\GOPR5061.JPG,17
Sapangan (Deep Only)\2024_AUG_SAP_D\2024_AUG_S_T3\GOPR5062.JPG,45
Sapangan (Deep Only)\2024_AUG_SAP_D\2024_AUG_S_T3\GOPR5063.JPG,41
Sapangan (Deep Only)\2024_AUG_SAP_D\2024_AUG_S_T3\GOPR5064.JPG,30
Sapangan (Deep Only)\2024_AUG_SAP_D\2024_AUG_S_T3\GOPR5065.JPG,21
Sapangan (Deep Only)\2024_AUG_SAP_D\2024_AUG_S_T3\GOPR5066.JPG,10
Sapangan (Deep Only)\2024_AUG_SAP_D\2024_AUG_S_T3\GOPR5067.JPG,14
Sapangan (Deep Only)\2024_AUG_SAP_D\2024_AUG_S_T3\GOPR5068.JPG,30
Sapangan (Deep Only)\2024_AUG_SAP_D\2024_AUG_S_T3\GOPR5069.JPG,18
Sapangan (Deep Only)\2024_AUG_SAP_D\2024_AUG_S_T3\GOPR5070.JPG,46
Sapangan (Deep Only)\2024_AUG_SAP_D\2024_AUG_S_T3\GOPR5071.JPG,55
Sapangan (Deep Only)\2024_AUG_SAP_D\2024_AUG_S_T3\GOPR5072.JPG,12
Sapangan (Deep Only)\2024_AUG_SAP_D\2024_AUG_S_T3\GOPR5073.JPG,16
Sapangan (Deep Only)\2024_AUG_SAP_D\2024_AUG_S_T3\GOPR5074.JPG,26
Sapangan (Deep Only)\2024_AUG_SAP_D\2024_AUG_S_T3\GOPR5075.JPG,39
Sapangan (Deep Only)\2024_AUG_SAP_D\2024_AUG_S_T3\GOPR5082.JPG,39
Sapangan (Deep Only)\2024_AUG_SAP_D\2024_AUG_S_T3\GOPR5083.JPG,12
Sapangan (Deep Only)\2024_AUG_SAP_D\2024_AUG_S_T3\GOPR5084.JPG,15
Sapangan (Deep Only)\2024_AUG_SAP_D\2024_AUG_S_T3\GOPR5085.JPG,35
