source_image_relpath,patch_relpath,patch_index,confidence,monitoring_station,transect,assigned_annotator
Coral Garden\2024_JUL_CG_S\CG-S_T1\GOPR3106.JPG,Coral Garden\2024_JUL_CG_S\CG-S_T1\GOPR3106\Coral12.JPG,12,0.2082,Coral Garden S,T1,1
Coral Garden\2024_JUL_CG_S\CG-S_T1\GOPR3104.JPG,Coral Garden\2024_JUL_CG_S\CG-S_T1\GOPR3104\Coral10.JPG,10,0.467,Coral Garden S,T1,1
Coral Garden\2024_JUL_CG_S\CG-S_T1\GOPR3110.JPG,Coral Garden\2024_JUL_CG_S\CG-S_T1\GOPR3110\Coral5.JPG,5,0.6542,Coral Garden S,T1,1
Coral Garden\2024_AUG_CG_S\2024_AUG_CG_S_T1\GOPR4867.JPG,Coral Garden\2024_AUG_CG_S\2024_AUG_CG_S_T1\GOPR4867\Coral1.JPG,1,0.2607,Coral Garden S,T1,1
Coral Garden\2024_JUL_CG_S\CG-S_T1\GOPR3113.JPG,Coral Garden\2024_JUL_CG_S\CG-S_T1\GOPR3113\Coral11.JPG,11,0.5218,Coral Garden S,T1,1
Coral Garden\2024_AUG_CG_S\2024_AUG_CG_S_T1\GOPR4886.JPG,Coral Garden\2024_AUG_CG_S\2024_AUG_CG_S_T1\GOPR4886\Coral22.JPG,22,0.196,Coral Garden S,T1,1
Coral Garden\2024_JUL_CG_S\CG-S_T1\GOPR3088.JPG,Coral Garden\2024_JUL_CG_S\CG-S_T1\GOPR3088\Coral15.JPG,15,0.1774,Coral Garden S,T1,1
Coral Garden\2024_AUG_CG_S\2024_AUG_CG_S_T1\GOPR4849.JPG,Coral Garden\2024_AUG_CG_S\2024_AUG_CG_S_T1\GOPR4849\Coral47.JPG,47,0.1785,Coral Garden S,T1,1
Coral Garden\2024_JUL_CG_S\CG-S_T1\GOPR3135.JPG,Coral Garden\2024_JUL_CG_S\CG-S_T1\GOPR3135\Coral2.JPG,2,0.4548,Coral Garden S,T1,1
Coral Garden\2024_AUG_CG_S\2024_AUG_CG_S_T1\GOPR4828.JPG,Coral Garden\2024_AUG_CG_S\2024_AUG_CG_S_T1\GOPR4828\Coral5.JPG,5,0.4237,Coral Garden S,T1,1
Coral Garden\2024_JUL_CG_S\CG-S_T1\GOPR3103.JPG,Coral Garden\2024_JUL_CG_S\CG-S_T1\GOPR3103\Coral2.JPG,2,0.8332,Coral Garden S,T1,1
Coral Garden\2024_JUL_CG_S\CG-S_T1\GOPR3116.JPG,Coral Garden\2024_JUL_CG_S\CG-S_T1\GOPR3116\Coral15.JPG,15,0.2889,Coral Garden S,T1,1
Coral Garden\2024_JUL_CG_S\CG-S_T1\GOPR3129.JPG,Coral Garden\2024_JUL_CG_S\CG-S_T1\GOPR3129\Coral16.JPG,16,0.5095,Coral Garden S,T1,1
Coral Garden\2024_JUL_CG_S\CG-S_T1\GOPR3112.JPG,Coral Garden\2024_JUL_CG_S\CG-S_T1\GOPR3112\Coral14.JPG,14,0.3525,Coral Garden S,T1,1
Coral Garden\2024_AUG_CG_S\2024_AUG_CG_S_T1\GOPR4829.JPG,Coral Garden\2024_AUG_CG_S\2024_AUG_CG_S_T1\GOPR4829\Coral2.JPG,2,0.6475,Coral Garden S,T1,1
Coral Garden\2024_AUG_CG_S\2024_AUG_CG_S_T1\GOPR4843.JPG,Coral Garden\2024_AUG_CG_S\2024_AUG_CG_S_T1\GOPR4843\Coral3.JPG,3,0.5046,Coral Garden S,T1,1
Coral Garden\2024_JUL_CG_S\CG-S_T1\GOPR3093.JPG,Coral Garden\2024_JUL_CG_S\CG-S_T1\GOPR3093\Coral2.JPG,2,0.666,Coral Garden S,T1,1
Coral Garden\2024_AUG_CG_S\2024_AUG_CG_S_T1\GOPR4840.JPG,Coral Garden\2024_AUG_CG_S\2024_AUG_CG_S_T1\GOPR4840\Coral8.JPG,8,0.2959,Coral Garden S,T1,1
Coral Garden\2024_JUL_CG_S\CG-S_T1\GOPR3096.JPG,Coral Garden\2024_JUL_CG_S\CG-S_T1\GOPR3096\Coral5.JPG,5,0.2552,Coral Garden S,T1,1
Coral Garden\2024_AUG_CG_S\2024_AUG_CG_S_T1\GOPR4830.JPG,Coral Garden\2024_AUG_CG_S\2024_AUG_CG_S_T1\GOPR4830\Coral1.JPG,1,0.8266,Coral Garden S,T1,1
Coral Garden\2024_AUG_CG_S\2024_AUG_CG_S_T1\GOPR4848.JPG,Coral Garden\2024_AUG_CG_S\2024_AUG_CG_S_T1\GOPR4848\Coral23.JPG,23,0.3576,Coral Garden S,T1,1
Coral Garden\2024_AUG_CG_S\2024_AUG_CG_S_T1\GOPR4884.JPG,Coral Garden\2024_AUG_CG_S\2024_AUG_CG_S_T1\GOPR4884\Coral11.JPG,11,0.2538,Coral Garden S,T1,1
Coral Garden\2024_JUL_CG_S\CG-S_T1\GOPR3110.JPG,Coral Garden\2024_JUL_CG_S\CG-S_T1\GOPR3110\Coral26.JPG,26,0.2956,Coral Garden S,T1,1
Coral Garden\2024_JUL_CG_S\CG-S_T1\GOPR3097.JPG,Coral Garden\2024_JUL_CG_S\CG-S_T1\GOPR3097\Coral1.JPG,1,0.7474,Coral Garden S,T1,1
Coral Garden\2024_AUG_CG_S\2024_AUG_CG_S_T1\GOPR4841.JPG,Coral Garden\2024_AUG_CG_S\2024_AUG_CG_S_T1\GOPR4841\Coral12.JPG,12,0.1952,Coral Garden S,T1,1
Coral Garden\2024_JUL_CG_S\CG-S_T1\GOPR3088.JPG,Coral Garden\2024_JUL_CG_S\CG-S_T1\GOPR3088\Coral1.JPG,1,0.6837,Coral Garden S,T1,1
Coral Garden\2024_JUL_CG_S\CG-S_T1\GOPR3123.JPG,Coral Garden\2024_JUL_CG_S\CG-S_T1\GOPR3123\Coral21.JPG,21,0.29,Coral Garden S,T1,1
Coral Garden\2024_AUG_CG_S\2024_AUG_CG_S_T1\GOPR4832.JPG,Coral Garden\2024_AUG_CG_S\2024_AUG_CG_S_T1\GOPR4832\Coral1.JPG,1,0.2328,Coral Garden S,T1,1
Coral Garden\2024_AUG_CG_S\2024_AUG_CG_S_T1\GOPR4828.JPG,Coral Garden\2024_AUG_CG_S\2024_AUG_CG_S_T1\GOPR4828\Coral4.JPG,4,0.4285,Coral Garden S,T1,1
Coral Garden\2024_JUL_CG_S\CG-S_T1\GOPR3094.JPG,Coral Garden\2024_JUL_CG_S\CG-S_T1\GOPR3094\Coral10.JPG,10,0.439,Coral Garden S,T1,1
Coral Garden\2024_JUL_CG_S\CG-S_T1\GOPR3136.JPG,Coral Garden\2024_JUL_CG_S\CG-S_T1\GOPR3136\Coral3.JPG,3,0.291,Coral Garden S,T1,1
Coral Garden\2024_AUG_CG_S\2024_AUG_CG_S_T1\GOPR4883.JPG,Coral Garden\2024_AUG_CG_S\2024_AUG_CG_S_T1\GOPR4883\Coral6.JPG,6,0.3142,Coral Garden S,T1,1
Coral Garden\2024_JUL_CG_S\CG-S_T1\GOPR3129.JPG,Coral Garden\2024_JUL_CG_S\CG-S_T1\GOPR3129\Coral28.JPG,28,0.3487,Coral Garden S,T1,1
Coral Garden\2024_JUL_CG_S\CG-S_T1\GOPR3118.JPG,Coral Garden\2024_JUL_CG_S\CG-S_T1\GOPR3118\Coral8.JPG,8,0.2475,Coral Garden S,T1,1
Coral Garden\2024_AUG_CG_S\2024_AUG_CG_S_T1\GOPR4824.JPG,Coral Garden\2024_AUG_CG_S\2024_AUG_CG_S_T1\GOPR4824\Coral1.JPG,1,0.8285,Coral Garden S,T1,1
Coral Garden\2024_JUL_CG_S\CG-S_T1\GOPR3114.JPG,Coral Garden\2024_JUL_CG_S\CG-S_T1\GOPR3114\Coral11.JPG,11,0.2587,Coral Garden S,T1,1
Coral Garden\2024_JUL_CG_S\CG-S_T1\GOPR3131.JPG,Coral Garden\2024_JUL_CG_S\CG-S_T1\GOPR3131\Coral42.JPG,42,0.2262,Coral Garden S,T1,1
Coral Garden\2024_AUG_CG_S\2024_AUG_CG_S_T1\GOPR4866.JPG,Coral Garden\2024_AUG_CG_S\2024_AUG_CG_S_T1\GOPR4866\Coral2.JPG,2,0.3511,Coral Garden S,T1,1
Coral Garden\2024_AUG_CG_S\2024_AUG_CG_S_T1\GOPR4827.JPG,Coral Garden\2024_AUG_CG_S\2024_AUG_CG_S_T1\GOPR4827\Coral5.JPG,5,0.5924,Coral Garden S,T1,1
Coral Garden\2024_JUL_CG_S\CG-S_T1\GOPR3096.JPG,Coral Garden\2024_JUL_CG_S\CG-S_T1\GOPR3096\Coral1.JPG,1,0.4435,Coral Garden S,T1,1
Coral Garden\2024_JUL_CG_S\CG-S_T1\GOPR3091.JPG,Coral Garden\2024_JUL_CG_S\CG-S_T1\GOPR3091\Coral5.JPG,5,0.5701,Coral Garden S,T1,1
Coral Garden\2024_JUL_CG_S\CG-S_T1\GOPR3099.JPG,Coral Garden\2024_JUL_CG_S\CG-S_T1\GOPR3099\Coral3.JPG,3,0.4761,Coral Garden S,T1,1
Coral Garden\2024_JUL_CG_S\CG-S_T1\GOPR3103.JPG,Coral Garden\2024_JUL_CG_S\CG-S_T1\GOPR3103\Coral12.JPG,12,0.4253,Coral Garden S,T1,1
Coral Garden\2024_JUL_CG_S\CG-S_T1\GOPR3127.JPG,Coral Garden\2024_JUL_CG_S\CG-S_T1\GOPR3127\Coral1.JPG,1,0.4051,Coral Garden S,T1,1
Coral Garden\2024_AUG_CG_S\2024_AUG_CG_S_T1\GOPR4863.JPG,Coral Garden\2024_AUG_CG_S\2024_AUG_CG_S_T1\GOPR4863\Coral18.JPG,18,0.2817,Coral Garden S,T1,1
Coral Garden\2024_JUL_CG_S\CG-S_T1\GOPR3137.JPG,Coral Garden\2024_JUL_CG_S\CG-S_T1\GOPR3137\Coral2.JPG,2,0.3751,Coral Garden S,T1,1
Coral Garden\2024_AUG_CG_S\2024_AUG_CG_S_T1\GOPR4842.JPG,Coral Garden\2024_AUG_CG_S\2024_AUG_CG_S_T1\GOPR4842\Coral24.JPG,24,0.1565,Coral Garden S,T1,1
Coral Garden\2024_JUL_CG_S\CG-S_T1\GOPR3117.JPG,Coral Garden\2024_JUL_CG_S\CG-S_T1\GOPR3117\Coral7.JPG,7,0.5408,Coral Garden S,T1,1
Coral Garden\2024_JUL_CG_S\CG-S_T1\GOPR3122.JPG,Coral Garden\2024_JUL_CG_S\CG-S_T1\GOPR3122\Coral12.JPG,12,0.2042,Coral Garden S,T1,1
Coral Garden\2024_AUG_CG_S\2024_AUG_CG_S_T1\GOPR4885.JPG,Coral Garden\2024_AUG_CG_S\2024_AUG_CG_S_T1\GOPR4885\Coral6.JPG,6,0.3341,Coral Garden S,T1,1
Coral Garden\2024_AUG_CG_S\2024_AUG_CG_S_T1\GOPR4827.JPG,Coral Garden\2024_AUG_CG_S\2024_AUG_CG_S_T1\GOPR4827\Coral15.JPG,15,0.3164,Coral Garden S,T1,1
Coral Garden\2024_JUL_CG_S\CG-S_T1\GOPR3096.JPG,Coral Garden\2024_JUL_CG_S\CG-S_T1\GOPR3096\Coral2.JPG,2,0.3941,Coral Garden S,T1,1
Coral Garden\2024_AUG_CG_S\2024_AUG_CG_S_T1\GOPR4884.JPG,Coral Garden\2024_AUG_CG_S\2024_AUG_CG_S_T1\GOPR4884\Coral4.JPG,4,0.3491,Coral Garden S,T1,1
Coral Garden\2024_JUL_CG_S\CG-S_T1\GOPR3091.JPG,Coral Garden\2024_JUL_CG_S\CG-S_T1\GOPR3091\Coral24.JPG,24,0.232,Coral Garden S,T1,1
Coral Garden\2024_JUL_CG_S\CG-S_T1\GOPR3099.JPG,Coral Garden\2024_JUL_CG_S\CG-S_T1\GOPR3099\Coral15.JPG,15,0.1545,Coral Garden S,T1,1
Coral Garden\2024_JUL_CG_S\CG-S_T1\GOPR3106.JPG,Coral Garden\2024_JUL_CG_S\CG-S_T1\GOPR3106\Coral15.JPG,15,0.1842,Coral Garden S,T1,1
Coral Garden\2024_JUL_CG_S\CG-S_T1\GOPR3106.JPG,Coral Garden\2024_JUL_CG_S\CG-S_T1\GOPR3106\Coral10.JPG,10,0.2419,Coral Garden S,T1,1
Coral Garden\2024_AUG_CG_S\2024_AUG_CG_S_T1\GOPR4851.JPG,Coral Garden\2024_AUG_CG_S\2024_AUG_CG_S_T1\GOPR4851\Coral24.JPG,24,0.25,Coral Garden S,T1,1
Coral Garden\2024_AUG_CG_S\2024_AUG_CG_S_T1\GOPR4851.JPG,Coral Garden\2024_AUG_CG_S\2024_AUG_CG_S_T1\GOPR4851\Coral33.JPG,33,0.1587,Coral Garden S,T1,1
Coral Garden\2024_AUG_CG_S\2024_AUG_CG_S_T1\GOPR4851.JPG,Coral Garden\2024_AUG_CG_S\2024_AUG_CG_S_T1\GOPR4851\Coral5.JPG,5,0.627,Coral Garden S,T1,1
Coral Garden\2024_AUG_CG_S\2024_AUG_CG_S_T1\GOPR4851.JPG,Coral Garden\2024_AUG_CG_S\2024_AUG_CG_S_T1\GOPR4851\Coral21.JPG,21,0.2725,Coral Garden S,T1,1
Coral Garden\2024_AUG_CG_S\2024_AUG_CG_S_T1\GOPR4851.JPG,Coral Garden\2024_AUG_CG_S\2024_AUG_CG_S_T1\GOPR4851\Coral25.JPG,25,0.2268,Coral Garden S,T1,1
Coral Garden\2024_AUG_CG_S\2024_AUG_CG_S_T1\GOPR4851.JPG,Coral Garden\2024_AUG_CG_S\2024_AUG_CG_S_T1\GOPR4851\Coral16.JPG,16,0.3364,Coral Garden S,T1,1
Coral Garden\2024_AUG_CG_S\2024_AUG_CG_S_T1\GOPR4851.JPG,Coral Garden\2024_AUG_CG_S\2024_AUG_CG_S_T1\GOPR4851\Coral8.JPG,8,0.549,Coral Garden S,T1,1
Coral Garden\2024_AUG_CG_S\2024_AUG_CG_S_T1\GOPR4851.JPG,Coral Garden\2024_AUG_CG_S\2024_AUG_CG_S_T1\GOPR4851\Coral18.JPG,18,0.2922,Coral Garden S,T1,1
Coral Garden\2024_JUL_CG_S\CG-S_T1\GOPR3111.JPG,Coral Garden\2024_JUL_CG_S\CG-S_T1\GOPR3111\Coral10.JPG,10,0.4234,Coral Garden S,T1,1
Coral Garden\2024_AUG_CG_S\2024_AUG_CG_S_T1\GOPR4861.JPG,Coral Garden\2024_AUG_CG_S\2024_AUG_CG_S_T1\GOPR4861\Coral16.JPG,16,0.1972,Coral Garden S,T1,1
Coral Garden\2024_AUG_CG_S\2024_AUG_CG_S_T1\GOPR4861.JPG,Coral Garden\2024_AUG_CG_S\2024_AUG_CG_S_T1\GOPR4861\Coral3.JPG,3,0.5675,Coral Garden S,T1,1
Coral Garden\2024_AUG_CG_S\2024_AUG_CG_S_T1\GOPR4861.JPG,Coral Garden\2024_AUG_CG_S\2024_AUG_CG_S_T1\GOPR4861\Coral9.JPG,9,0.3023,Coral Garden S,T1,1
Coral Garden\2024_AUG_CG_S\2024_AUG_CG_S_T1\GOPR4861.JPG,Coral Garden\2024_AUG_CG_S\2024_AUG_CG_S_T1\GOPR4861\Coral10.JPG,10,0.2525,Coral Garden S,T1,1
Coral Garden\2024_JUL_CG_S\CG-S_T1\GOPR3102.JPG,Coral Garden\2024_JUL_CG_S\CG-S_T1\GOPR3102\Coral10.JPG,10,0.2998,Coral Garden S,T1,1
Coral Garden\2024_JUL_CG_S\CG-S_T1\GOPR3102.JPG,Coral Garden\2024_JUL_CG_S\CG-S_T1\GOPR3102\Coral18.JPG,18,0.2261,Coral Garden S,T1,1
Coral Garden\2024_JUL_CG_S\CG-S_T1\GOPR3104.JPG,Coral Garden\2024_JUL_CG_S\CG-S_T1\GOPR3104\Coral5.JPG,5,0.5765,Coral Garden S,T1,1
Coral Garden\2024_JUL_CG_S\CG-S_T1\GOPR3104.JPG,Coral Garden\2024_JUL_CG_S\CG-S_T1\GOPR3104\Coral3.JPG,3,0.7023,Coral Garden S,T1,1
Coral Garden\2024_AUG_CG_S\2024_AUG_CG_S_T1\GOPR4852.JPG,Coral Garden\2024_AUG_CG_S\2024_AUG_CG_S_T1\GOPR4852\Coral11.JPG,11,0.1759,Coral Garden S,T1,1
Coral Garden\2024_AUG_CG_S\2024_AUG_CG_S_T1\GOPR4852.JPG,Coral Garden\2024_AUG_CG_S\2024_AUG_CG_S_T1\GOPR4852\Coral9.JPG,9,0.21,Coral Garden S,T1,1
Coral Garden\2024_AUG_CG_S\2024_AUG_CG_S_T1\GOPR4852.JPG,Coral Garden\2024_AUG_CG_S\2024_AUG_CG_S_T1\GOPR4852\Coral6.JPG,6,0.2742,Coral Garden S,T1,1
Coral Garden\2024_AUG_CG_S\2024_AUG_CG_S_T1\GOPR4852.JPG,Coral Garden\2024_AUG_CG_S\2024_AUG_CG_S_T1\GOPR4852\Coral8.JPG,8,0.2275,Coral Garden S,T1,1
Coral Garden\2024_JUL_CG_S\CG-S_T1\GOPR3110.JPG,Coral Garden\2024_JUL_CG_S\CG-S_T1\GOPR3110\Coral21.JPG,21,0.3916,Coral Garden S,T1,1
Coral Garden\2024_JUL_CG_S\CG-S_T1\GOPR3110.JPG,Coral Garden\2024_JUL_CG_S\CG-S_T1\GOPR3110\Coral7.JPG,7,0.6295,Coral Garden S,T1,1
Coral Garden\2024_JUL_CG_S\CG-S_T1\GOPR3110.JPG,Coral Garden\2024_JUL_CG_S\CG-S_T1\GOPR3110\Coral29.JPG,29,0.2603,Coral Garden S,T1,1
Coral Garden\2024_JUL_CG_S\CG-S_T1\GOPR3110.JPG,Coral Garden\2024_JUL_CG_S\CG-S_T1\GOPR3110\Coral6.JPG,6,0.6333,Coral Garden S,T1,1
Coral Garden\2024_JUL_CG_S\CG-S_T1\GOPR3110.JPG,Coral Garden\2024_JUL_CG_S\CG-S_T1\GOPR3110\Coral17.JPG,17,0.4319,Coral Garden S,T1,1
Coral Garden\2024_JUL_CG_S\CG-S_T1\GOPR3119.JPG,Coral Garden\2024_JUL_CG_S\CG-S_T1\GOPR3119\Coral5.JPG,5,0.3353,Coral Garden S,T1,1
Coral Garden\2024_JUL_CG_S\CG-S_T1\GOPR3119.JPG,Coral Garden\2024_JUL_CG_S\CG-S_T1\GOPR3119\Coral11.JPG,11,0.2589,Coral Garden S,T1,1
Coral Garden\2024_JUL_CG_S\CG-S_T1\GOPR3113.JPG,Coral Garden\2024_JUL_CG_S\CG-S_T1\GOPR3113\Coral34.JPG,34,0.184,Coral Garden S,T1,1
Coral Garden\2024_JUL_CG_S\CG-S_T1\GOPR3113.JPG,Coral Garden\2024_JUL_CG_S\CG-S_T1\GOPR3113\Coral9.JPG,9,0.5428,Coral Garden S,T1,1
Coral Garden\2024_JUL_CG_S\CG-S_T1\GOPR3113.JPG,Coral Garden\2024_JUL_CG_S\CG-S_T1\GOPR3113\Coral23.JPG,23,0.3606,Coral Garden S,T1,1
Coral Garden\2024_JUL_CG_S\CG-S_T1\GOPR3113.JPG,Coral Garden\2024_JUL_CG_S\CG-S_T1\GOPR3113\Coral26.JPG,26,0.3379,Coral Garden S,T1,1
Coral Garden\2024_JUL_CG_S\CG-S_T1\GOPR3113.JPG,Coral Garden\2024_JUL_CG_S\CG-S_T1\GOPR3113\Coral37.JPG,37,0.1778,Coral Garden S,T1,1
Coral Garden\2024_JUL_CG_S\CG-S_T1\GOPR3113.JPG,Coral Garden\2024_JUL_CG_S\CG-S_T1\GOPR3113\Coral18.JPG,18,0.438,Coral Garden S,T1,1
Coral Garden\2024_JUL_CG_S\CG-S_T1\GOPR3113.JPG,Coral Garden\2024_JUL_CG_S\CG-S_T1\GOPR3113\Coral35.JPG,35,0.183,Coral Garden S,T1,1
Coral Garden\2024_JUL_CG_S\CG-S_T1\GOPR3113.JPG,Coral Garden\2024_JUL_CG_S\CG-S_T1\GOPR3113\Coral19.JPG,19,0.4271,Coral Garden S,T1,1
Coral Garden\2024_JUL_CG_S\CG-S_T1\GOPR3113.JPG,Coral Garden\2024_JUL_CG_S\CG-S_T1\GOPR3113\Coral31.JPG,31,0.2593,Coral Garden S,T1,1
Coral Garden\2024_AUG_CG_S\2024_AUG_CG_S_T1\GOPR4886.JPG,Coral Garden\2024_AUG_CG_S\2024_AUG_CG_S_T1\GOPR4886\Coral9.JPG,9,0.434,Coral Garden S,T1,1
Coral Garden\2024_AUG_CG_S\2024_AUG_CG_S_T1\GOPR4886.JPG,Coral Garden\2024_AUG_CG_S\2024_AUG_CG_S_T1\GOPR4886\Coral5.JPG,5,0.6919,Coral Garden S,T1,1
Coral Garden\2024_AUG_CG_S\2024_AUG_CG_S_T1\GOPR4886.JPG,Coral Garden\2024_AUG_CG_S\2024_AUG_CG_S_T1\GOPR4886\Coral8.JPG,8,0.5431,Coral Garden S,T1,1
Coral Garden\2024_AUG_CG_S\2024_AUG_CG_S_T1\GOPR4886.JPG,Coral Garden\2024_AUG_CG_S\2024_AUG_CG_S_T1\GOPR4886\Coral1.JPG,1,0.777,Coral Garden S,T1,1
Coral Garden\2024_JUL_CG_S\CG-S_T1\GOPR3092.JPG,Coral Garden\2024_JUL_CG_S\CG-S_T1\GOPR3092\Coral42.JPG,42,0.1517,Coral Garden S,T1,1
Coral Garden\2024_JUL_CG_S\CG-S_T1\GOPR3092.JPG,Coral Garden\2024_JUL_CG_S\CG-S_T1\GOPR3092\Coral5.JPG,5,0.6718,Coral Garden S,T1,1
Coral Garden\2024_JUL_CG_S\CG-S_T1\GOPR3092.JPG,Coral Garden\2024_JUL_CG_S\CG-S_T1\GOPR3092\Coral29.JPG,29,0.2225,Coral Garden S,T1,1
Coral Garden\2024_JUL_CG_S\CG-S_T1\GOPR3092.JPG,Coral Garden\2024_JUL_CG_S\CG-S_T1\GOPR3092\Coral4.JPG,4,0.6832,Coral Garden S,T1,1
Coral Garden\2024_JUL_CG_S\CG-S_T1\GOPR3092.JPG,Coral Garden\2024_JUL_CG_S\CG-S_T1\GOPR3092\Coral13.JPG,13,0.5225,Coral Garden S,T1,1
Coral Garden\2024_JUL_CG_S\CG-S_T1\GOPR3092.JPG,Coral Garden\2024_JUL_CG_S\CG-S_T1\GOPR3092\Coral41.JPG,41,0.1536,Coral Garden S,T1,1
Coral Garden\2024_JUL_CG_S\CG-S_T1\GOPR3092.JPG,Coral Garden\2024_JUL_CG_S\CG-S_T1\GOPR3092\Coral19.JPG,19,0.3655,Coral Garden S,T1,1
Coral Garden\2024_AUG_CG_S\2024_AUG_CG_S_T1\GOPR4845.JPG,Coral Garden\2024_AUG_CG_S\2024_AUG_CG_S_T1\GOPR4845\Coral5.JPG,5,0.4033,Coral Garden S,T1,1
Coral Garden\2024_JUL_CG_S\CG-S_T1\GOPR3109.JPG,Coral Garden\2024_JUL_CG_S\CG-S_T1\GOPR3109\Coral24.JPG,24,0.2169,Coral Garden S,T1,1
Coral Garden\2024_JUL_CG_S\CG-S_T1\GOPR3109.JPG,Coral Garden\2024_JUL_CG_S\CG-S_T1\GOPR3109\Coral15.JPG,15,0.3241,Coral Garden S,T1,1
Coral Garden\2024_JUL_CG_S\CG-S_T1\GOPR3109.JPG,Coral Garden\2024_JUL_CG_S\CG-S_T1\GOPR3109\Coral1.JPG,1,0.753,Coral Garden S,T1,1
Coral Garden\2024_JUL_CG_S\CG-S_T1\GOPR3109.JPG,Coral Garden\2024_JUL_CG_S\CG-S_T1\GOPR3109\Coral29.JPG,29,0.187,Coral Garden S,T1,1
Coral Garden\2024_JUL_CG_S\CG-S_T1\GOPR3109.JPG,Coral Garden\2024_JUL_CG_S\CG-S_T1\GOPR3109\Coral27.JPG,27,0.2,Coral Garden S,T1,1
Coral Garden\2024_JUL_CG_S\CG-S_T2\GOPR3159.JPG,Coral Garden\2024_JUL_CG_S\CG-S_T2\GOPR3159\Coral25.JPG,25,0.1707,Coral Garden S,T2,1
Coral Garden\2024_JUL_CG_S\CG-S_T2\GOPR3160.JPG,Coral Garden\2024_JUL_CG_S\CG-S_T2\GOPR3160\Coral8.JPG,8,0.2101,Coral Garden S,T2,1
Coral Garden\2024_JUL_CG_S\CG-S_T2\GOPR3180.JPG,Coral Garden\2024_JUL_CG_S\CG-S_T2\GOPR3180\Coral6.JPG,6,0.3503,Coral Garden S,T2,1
Coral Garden\2024_AUG_CG_S\2024_AUG_CG_S_T2\GOPR4936.JPG,Coral Garden\2024_AUG_CG_S\2024_AUG_CG_S_T2\GOPR4936\Coral10.JPG,10,0.349,Coral Garden S,T2,1
Coral Garden\2024_AUG_CG_S\2024_AUG_CG_S_T2\GOPR4893.JPG,Coral Garden\2024_AUG_CG_S\2024_AUG_CG_S_T2\GOPR4893\Coral12.JPG,12,0.2493,Coral Garden S,T2,1
Coral Garden\2024_AUG_CG_S\2024_AUG_CG_S_T2\GOPR4909.JPG,Coral Garden\2024_AUG_CG_S\2024_AUG_CG_S_T2\GOPR4909\Coral1.JPG,1,0.8026,Coral Garden S,T2,1
Coral Garden\2024_AUG_CG_S\2024_AUG_CG_S_T2\GOPR4946.JPG,Coral Garden\2024_AUG_CG_S\2024_AUG_CG_S_T2\GOPR4946\Coral28.JPG,28,0.2314,Coral Garden S,T2,1
Coral Garden\2024_AUG_CG_S\2024_AUG_CG_S_T2\GOPR4929.JPG,Coral Garden\2024_AUG_CG_S\2024_AUG_CG_S_T2\GOPR4929\Coral5.JPG,5,0.1609,Coral Garden S,T2,1
Coral Garden\2024_JUL_CG_S\CG-S_T2\GOPR3177.JPG,Coral Garden\2024_JUL_CG_S\CG-S_T2\GOPR3177\Coral1.JPG,1,0.7433,Coral Garden S,T2,1
Coral Garden\2024_AUG_CG_S\2024_AUG_CG_S_T2\GOPR4904.JPG,Coral Garden\2024_AUG_CG_S\2024_AUG_CG_S_T2\GOPR4904\Coral14.JPG,14,0.2776,Coral Garden S,T2,1
Coral Garden\2024_JUL_CG_S\CG-S_T2\GOPR3178.JPG,Coral Garden\2024_JUL_CG_S\CG-S_T2\GOPR3178\Coral4.JPG,4,0.564,Coral Garden S,T2,1
Coral Garden\2024_AUG_CG_S\2024_AUG_CG_S_T2\GOPR4923.JPG,Coral Garden\2024_AUG_CG_S\2024_AUG_CG_S_T2\GOPR4923\Coral3.JPG,3,0.6558,Coral Garden S,T2,1
Coral Garden\2024_AUG_CG_S\2024_AUG_CG_S_T2\GOPR4932.JPG,Coral Garden\2024_AUG_CG_S\2024_AUG_CG_S_T2\GOPR4932\Coral7.JPG,7,0.1953,Coral Garden S,T2,1
Coral Garden\2024_JUL_CG_S\CG-S_T2\GOPR3162.JPG,Coral Garden\2024_JUL_CG_S\CG-S_T2\GOPR3162\Coral1.JPG,1,0.4496,Coral Garden S,T2,1
Coral Garden\2024_AUG_CG_S\2024_AUG_CG_S_T2\GOPR4918.JPG,Coral Garden\2024_AUG_CG_S\2024_AUG_CG_S_T2\GOPR4918\Coral23.JPG,23,0.1573,Coral Garden S,T2,1
Coral Garden\2024_JUL_CG_S\CG-S_T2\GOPR3183.JPG,Coral Garden\2024_JUL_CG_S\CG-S_T2\GOPR3183\Coral2.JPG,2,0.4236,Coral Garden S,T2,1
Coral Garden\2024_AUG_CG_S\2024_AUG_CG_S_T2\GOPR4906.JPG,Coral Garden\2024_AUG_CG_S\2024_AUG_CG_S_T2\GOPR4906\Coral27.JPG,27,0.16,Coral Garden S,T2,1
Coral Garden\2024_AUG_CG_S\2024_AUG_CG_S_T2\GOPR4896.JPG,Coral Garden\2024_AUG_CG_S\2024_AUG_CG_S_T2\GOPR4896\Coral7.JPG,7,0.3367,Coral Garden S,T2,1
Coral Garden\2024_AUG_CG_S\2024_AUG_CG_S_T2\GOPR4902.JPG,Coral Garden\2024_AUG_CG_S\2024_AUG_CG_S_T2\GOPR4902\Coral5.JPG,5,0.2237,Coral Garden S,T2,1
Coral Garden\2024_JUL_CG_S\CG-S_T2\GOPR3193.JPG,Coral Garden\2024_JUL_CG_S\CG-S_T2\GOPR3193\Coral13.JPG,13,0.2694,Coral Garden S,T2,1
Coral Garden\2024_JUL_CG_S\CG-S_T2\GOPR3186.JPG,Coral Garden\2024_JUL_CG_S\CG-S_T2\GOPR3186\Coral12.JPG,12,0.2612,Coral Garden S,T2,1
Coral Garden\2024_AUG_CG_S\2024_AUG_CG_S_T2\GOPR4921.JPG,Coral Garden\2024_AUG_CG_S\2024_AUG_CG_S_T2\GOPR4921\Coral6.JPG,6,0.3948,Coral Garden S,T2,1
Coral Garden\2024_AUG_CG_S\2024_AUG_CG_S_T2\GOPR4905.JPG,Coral Garden\2024_AUG_CG_S\2024_AUG_CG_S_T2\GOPR4905\Coral4.JPG,4,0.656,Coral Garden S,T2,1
Coral Garden\2024_AUG_CG_S\2024_AUG_CG_S_T2\GOPR4916.JPG,Coral Garden\2024_AUG_CG_S\2024_AUG_CG_S_T2\GOPR4916\Coral1.JPG,1,0.7698,Coral Garden S,T2,1
Coral Garden\2024_JUL_CG_S\CG-S_T2\GOPR3145.JPG,Coral Garden\2024_JUL_CG_S\CG-S_T2\GOPR3145\Coral9.JPG,9,0.1924,Coral Garden S,T2,1
Coral Garden\2024_JUL_CG_S\CG-S_T2\GOPR3166.JPG,Coral Garden\2024_JUL_CG_S\CG-S_T2\GOPR3166\Coral22.JPG,22,0.3912,Coral Garden S,T2,1
Coral Garden\2024_AUG_CG_S\2024_AUG_CG_S_T2\GOPR4929.JPG,Coral Garden\2024_AUG_CG_S\2024_AUG_CG_S_T2\GOPR4929\Coral3.JPG,3,0.1767,Coral Garden S,T2,1
Coral Garden\2024_AUG_CG_S\2024_AUG_CG_S_T2\GOPR4903.JPG,Coral Garden\2024_AUG_CG_S\2024_AUG_CG_S_T2\GOPR4903\Coral4.JPG,4,0.1528,Coral Garden S,T2,1
Coral Garden\2024_JUL_CG_S\CG-S_T2\GOPR3153.JPG,Coral Garden\2024_JUL_CG_S\CG-S_T2\GOPR3153\Coral20.JPG,20,0.1556,Coral Garden S,T2,1
Coral Garden\2024_JUL_CG_S\CG-S_T2\GOPR3150.JPG,Coral Garden\2024_JUL_CG_S\CG-S_T2\GOPR3150\Coral6.JPG,6,0.3961,Coral Garden S,T2,1
Coral Garden\2024_AUG_CG_S\2024_AUG_CG_S_T2\GOPR4904.JPG,Coral Garden\2024_AUG_CG_S\2024_AUG_CG_S_T2\GOPR4904\Coral18.JPG,18,0.174,Coral Garden S,T2,1
Coral Garden\2024_AUG_CG_S\2024_AUG_CG_S_T2\GOPR4943.JPG,Coral Garden\2024_AUG_CG_S\2024_AUG_CG_S_T2\GOPR4943\Coral43.JPG,43,0.1581,Coral Garden S,T2,1
Coral Garden\2024_JUL_CG_S\CG-S_T2\GOPR3169.JPG,Coral Garden\2024_JUL_CG_S\CG-S_T2\GOPR3169\Coral6.JPG,6,0.2154,Coral Garden S,T2,1
Coral Garden\2024_AUG_CG_S\2024_AUG_CG_S_T2\GOPR4934.JPG,Coral Garden\2024_AUG_CG_S\2024_AUG_CG_S_T2\GOPR4934\Coral13.JPG,13,0.157,Coral Garden S,T2,1
Coral Garden\2024_AUG_CG_S\2024_AUG_CG_S_T2\GOPR4901.JPG,Coral Garden\2024_AUG_CG_S\2024_AUG_CG_S_T2\GOPR4901\Coral5.JPG,5,0.3986,Coral Garden S,T2,1
Coral Garden\2024_JUL_CG_S\CG-S_T2\GOPR3147.JPG,Coral Garden\2024_JUL_CG_S\CG-S_T2\GOPR3147\Coral7.JPG,7,0.3119,Coral Garden S,T2,1
Coral Garden\2024_AUG_CG_S\2024_AUG_CG_S_T2\GOPR4902.JPG,Coral Garden\2024_AUG_CG_S\2024_AUG_CG_S_T2\GOPR4902\Coral4.JPG,4,0.3139,Coral Garden S,T2,1
Coral Garden\2024_AUG_CG_S\2024_AUG_CG_S_T2\GOPR4915.JPG,Coral Garden\2024_AUG_CG_S\2024_AUG_CG_S_T2\GOPR4915\Coral23.JPG,23,0.1781,Coral Garden S,T2,1
Coral Garden\2024_AUG_CG_S\2024_AUG_CG_S_T2\GOPR4928.JPG,Coral Garden\2024_AUG_CG_S\2024_AUG_CG_S_T2\GOPR4928\Coral9.JPG,9,0.1706,Coral Garden S,T2,1
Coral Garden\2024_JUL_CG_S\CG-S_T2\GOPR3193.JPG,Coral Garden\2024_JUL_CG_S\CG-S_T2\GOPR3193\Coral20.JPG,20,0.1634,Coral Garden S,T2,1
Coral Garden\2024_JUL_CG_S\CG-S_T2\GOPR3167.JPG,Coral Garden\2024_JUL_CG_S\CG-S_T2\GOPR3167\Coral2.JPG,2,0.7689,Coral Garden S,T2,1
Coral Garden\2024_AUG_CG_S\2024_AUG_CG_S_T2\GOPR4921.JPG,Coral Garden\2024_AUG_CG_S\2024_AUG_CG_S_T2\GOPR4921\Coral4.JPG,4,0.5419,Coral Garden S,T2,1
Coral Garden\2024_JUL_CG_S\CG-S_T2\GOPR3171.JPG,Coral Garden\2024_JUL_CG_S\CG-S_T2\GOPR3171\Coral10.JPG,10,0.1789,Coral Garden S,T2,1
Coral Garden\2024_AUG_CG_S\2024_AUG_CG_S_T2\GOPR4905.JPG,Coral Garden\2024_AUG_CG_S\2024_AUG_CG_S_T2\GOPR4905\Coral21.JPG,21,0.3673,Coral Garden S,T2,1
Coral Garden\2024_AUG_CG_S\2024_AUG_CG_S_T2\GOPR4945.JPG,Coral Garden\2024_AUG_CG_S\2024_AUG_CG_S_T2\GOPR4945\Coral15.JPG,15,0.366,Coral Garden S,T2,1
Coral Garden\2024_JUL_CG_S\CG-S_T2\GOPR3161.JPG,Coral Garden\2024_JUL_CG_S\CG-S_T2\GOPR3161\Coral17.JPG,17,0.1592,Coral Garden S,T2,1
Coral Garden\2024_JUL_CG_S\CG-S_T2\GOPR3170.JPG,Coral Garden\2024_JUL_CG_S\CG-S_T2\GOPR3170\Coral1.JPG,1,0.7034,Coral Garden S,T2,1
Coral Garden\2024_JUL_CG_S\CG-S_T2\GOPR3163.JPG,Coral Garden\2024_JUL_CG_S\CG-S_T2\GOPR3163\Coral21.JPG,21,0.2196,Coral Garden S,T2,1
Coral Garden\2024_AUG_CG_S\2024_AUG_CG_S_T2\GOPR4904.JPG,Coral Garden\2024_AUG_CG_S\2024_AUG_CG_S_T2\GOPR4904\Coral19.JPG,19,0.1715,Coral Garden S,T2,1
Coral Garden\2024_JUL_CG_S\CG-S_T2\GOPR3191.JPG,Coral Garden\2024_JUL_CG_S\CG-S_T2\GOPR3191\Coral2.JPG,2,0.707,Coral Garden S,T2,1
Coral Garden\2024_AUG_CG_S\2024_AUG_CG_S_T2\GOPR4939.JPG,Coral Garden\2024_AUG_CG_S\2024_AUG_CG_S_T2\GOPR4939\Coral1.JPG,1,0.6352,Coral Garden S,T2,1
Coral Garden\2024_AUG_CG_S\2024_AUG_CG_S_T2\GOPR4932.JPG,Coral Garden\2024_AUG_CG_S\2024_AUG_CG_S_T2\GOPR4932\Coral2.JPG,2,0.3351,Coral Garden S,T2,1
Coral Garden\2024_AUG_CG_S\2024_AUG_CG_S_T2\GOPR4910.JPG,Coral Garden\2024_AUG_CG_S\2024_AUG_CG_S_T2\GOPR4910\Coral9.JPG,9,0.3757,Coral Garden S,T2,1
Coral Garden\2024_JUL_CG_S\CG-S_T2\GOPR3147.JPG,Coral Garden\2024_JUL_CG_S\CG-S_T2\GOPR3147\Coral6.JPG,6,0.3383,Coral Garden S,T2,1
Coral Garden\2024_JUL_CG_S\CG-S_T2\GOPR3172.JPG,Coral Garden\2024_JUL_CG_S\CG-S_T2\GOPR3172\Coral13.JPG,13,0.1696,Coral Garden S,T2,1
Coral Garden\2024_AUG_CG_S\2024_AUG_CG_S_T2\GOPR4935.JPG,Coral Garden\2024_AUG_CG_S\2024_AUG_CG_S_T2\GOPR4935\Coral40.JPG,40,0.1648,Coral Garden S,T2,1
Coral Garden\2024_JUL_CG_S\CG-S_T2\GOPR3193.JPG,Coral Garden\2024_JUL_CG_S\CG-S_T2\GOPR3193\Coral11.JPG,11,0.3283,Coral Garden S,T2,1
Coral Garden\2024_JUL_CG_S\CG-S_T2\GOPR3186.JPG,Coral Garden\2024_JUL_CG_S\CG-S_T2\GOPR3186\Coral1.JPG,1,0.7142,Coral Garden S,T2,1
Coral Garden\2024_JUL_CG_S\CG-S_T2\GOPR3186.JPG,Coral Garden\2024_JUL_CG_S\CG-S_T2\GOPR3186\Coral7.JPG,7,0.5186,Coral Garden S,T2,1
Coral Garden\2024_AUG_CG_S\2024_AUG_CG_S_T2\GOPR4913.JPG,Coral Garden\2024_AUG_CG_S\2024_AUG_CG_S_T2\GOPR4913\Coral3.JPG,3,0.4081,Coral Garden S,T2,1
Coral Garden\2024_AUG_CG_S\2024_AUG_CG_S_T2\GOPR4913.JPG,Coral Garden\2024_AUG_CG_S\2024_AUG_CG_S_T2\GOPR4913\Coral15.JPG,15,0.2034,Coral Garden S,T2,1
Coral Garden\2024_AUG_CG_S\2024_AUG_CG_S_T2\GOPR4913.JPG,Coral Garden\2024_AUG_CG_S\2024_AUG_CG_S_T2\GOPR4913\Coral9.JPG,9,0.303,Coral Garden S,T2,1
Coral Garden\2024_AUG_CG_S\2024_AUG_CG_S_T2\GOPR4913.JPG,Coral Garden\2024_AUG_CG_S\2024_AUG_CG_S_T2\GOPR4913\Coral17.JPG,17,0.1791,Coral Garden S,T2,1
Coral Garden\2024_AUG_CG_S\2024_AUG_CG_S_T2\GOPR4913.JPG,Coral Garden\2024_AUG_CG_S\2024_AUG_CG_S_T2\GOPR4913\Coral10.JPG,10,0.2747,Coral Garden S,T2,1
Coral Garden\2024_AUG_CG_S\2024_AUG_CG_S_T2\GOPR4913.JPG,Coral Garden\2024_AUG_CG_S\2024_AUG_CG_S_T2\GOPR4913\Coral12.JPG,12,0.2288,Coral Garden S,T2,1
Coral Garden\2024_AUG_CG_S\2024_AUG_CG_S_T2\GOPR4913.JPG,Coral Garden\2024_AUG_CG_S\2024_AUG_CG_S_T2\GOPR4913\Coral16.JPG,16,0.1947,Coral Garden S,T2,1
Coral Garden\2024_JUL_CG_S\CG-S_T2\GOPR3146.JPG,Coral Garden\2024_JUL_CG_S\CG-S_T2\GOPR3146\Coral1.JPG,1,0.3194,Coral Garden S,T2,1
Coral Garden\2024_JUL_CG_S\CG-S_T2\GOPR3146.JPG,Coral Garden\2024_JUL_CG_S\CG-S_T2\GOPR3146\Coral6.JPG,6,0.219,Coral Garden S,T2,1
Coral Garden\2024_JUL_CG_S\CG-S_T2\GOPR3159.JPG,Coral Garden\2024_JUL_CG_S\CG-S_T2\GOPR3159\Coral21.JPG,21,0.2336,Coral Garden S,T2,1
Coral Garden\2024_AUG_CG_S\2024_AUG_CG_S_T2\GOPR4926.JPG,Coral Garden\2024_AUG_CG_S\2024_AUG_CG_S_T2\GOPR4926\Coral7.JPG,7,0.1943,Coral Garden S,T2,1
Coral Garden\2024_AUG_CG_S\2024_AUG_CG_S_T2\GOPR4926.JPG,Coral Garden\2024_AUG_CG_S\2024_AUG_CG_S_T2\GOPR4926\Coral1.JPG,1,0.6564,Coral Garden S,T2,1
Coral Garden\2024_AUG_CG_S\2024_AUG_CG_S_T2\GOPR4926.JPG,Coral Garden\2024_AUG_CG_S\2024_AUG_CG_S_T2\GOPR4926\Coral12.JPG,12,0.1654,Coral Garden S,T2,1
Coral Garden\2024_JUL_CG_S\CG-S_T2\GOPR3174.JPG,Coral Garden\2024_JUL_CG_S\CG-S_T2\GOPR3174\Coral11.JPG,11,0.1656,Coral Garden S,T2,1
Coral Garden\2024_JUL_CG_S\CG-S_T2\GOPR3174.JPG,Coral Garden\2024_JUL_CG_S\CG-S_T2\GOPR3174\Coral3.JPG,3,0.313,Coral Garden S,T2,1
Coral Garden\2024_JUL_CG_S\CG-S_T2\GOPR3174.JPG,Coral Garden\2024_JUL_CG_S\CG-S_T2\GOPR3174\Coral5.JPG,5,0.2773,Coral Garden S,T2,1
Coral Garden\2024_JUL_CG_S\CG-S_T2\GOPR3167.JPG,Coral Garden\2024_JUL_CG_S\CG-S_T2\GOPR3167\Coral49.JPG,49,0.1548,Coral Garden S,T2,1
Coral Garden\2024_JUL_CG_S\CG-S_T2\GOPR3167.JPG,Coral Garden\2024_JUL_CG_S\CG-S_T2\GOPR3167\Coral3.JPG,3,0.7666,Coral Garden S,T2,1
Coral Garden\2024_JUL_CG_S\CG-S_T2\GOPR3167.JPG,Coral Garden\2024_JUL_CG_S\CG-S_T2\GOPR3167\Coral27.JPG,27,0.4187,Coral Garden S,T2,1
Coral Garden\2024_JUL_CG_S\CG-S_T2\GOPR3167.JPG,Coral Garden\2024_JUL_CG_S\CG-S_T2\GOPR3167\Coral7.JPG,7,0.7205,Coral Garden S,T2,1
Coral Garden\2024_JUL_CG_S\CG-S_T2\GOPR3167.JPG,Coral Garden\2024_JUL_CG_S\CG-S_T2\GOPR3167\Coral36.JPG,36,0.3174,Coral Garden S,T2,1
Coral Garden\2024_JUL_CG_S\CG-S_T2\GOPR3167.JPG,Coral Garden\2024_JUL_CG_S\CG-S_T2\GOPR3167\Coral28.JPG,28,0.4091,Coral Garden S,T2,1
Coral Garden\2024_JUL_CG_S\CG-S_T2\GOPR3184.JPG,Coral Garden\2024_JUL_CG_S\CG-S_T2\GOPR3184\Coral4.JPG,4,0.3545,Coral Garden S,T2,1
Coral Garden\2024_JUL_CG_S\CG-S_T2\GOPR3184.JPG,Coral Garden\2024_JUL_CG_S\CG-S_T2\GOPR3184\Coral6.JPG,6,0.2683,Coral Garden S,T2,1
Coral Garden\2024_AUG_CG_S\2024_AUG_CG_S_T2\GOPR4907.JPG,Coral Garden\2024_AUG_CG_S\2024_AUG_CG_S_T2\GOPR4907\Coral12.JPG,12,0.2515,Coral Garden S,T2,1
Coral Garden\2024_AUG_CG_S\2024_AUG_CG_S_T2\GOPR4907.JPG,Coral Garden\2024_AUG_CG_S\2024_AUG_CG_S_T2\GOPR4907\Coral14.JPG,14,0.2421,Coral Garden S,T2,1
Coral Garden\2024_AUG_CG_S\2024_AUG_CG_S_T2\GOPR4907.JPG,Coral Garden\2024_AUG_CG_S\2024_AUG_CG_S_T2\GOPR4907\Coral10.JPG,10,0.2951,Coral Garden S,T2,1
Coral Garden\2024_AUG_CG_S\2024_AUG_CG_S_T2\GOPR4907.JPG,Coral Garden\2024_AUG_CG_S\2024_AUG_CG_S_T2\GOPR4907\Coral11.JPG,11,0.27,Coral Garden S,T2,1
Coral Garden\2024_AUG_CG_S\2024_AUG_CG_S_T2\GOPR4907.JPG,Coral Garden\2024_AUG_CG_S\2024_AUG_CG_S_T2\GOPR4907\Coral2.JPG,2,0.6022,Coral Garden S,T2,1
Coral Garden\2024_JUL_CG_S\CG-S_T2\GOPR3160.JPG,Coral Garden\2024_JUL_CG_S\CG-S_T2\GOPR3160\Coral1.JPG,1,0.6205,Coral Garden S,T2,1
Coral Garden\2024_AUG_CG_S\2024_AUG_CG_S_T2\GOPR4921.JPG,Coral Garden\2024_AUG_CG_S\2024_AUG_CG_S_T2\GOPR4921\Coral11.JPG,11,0.2359,Coral Garden S,T2,1
Coral Garden\2024_AUG_CG_S\2024_AUG_CG_S_T2\GOPR4921.JPG,Coral Garden\2024_AUG_CG_S\2024_AUG_CG_S_T2\GOPR4921\Coral1.JPG,1,0.6368,Coral Garden S,T2,1
Coral Garden\2024_AUG_CG_S\2024_AUG_CG_S_T2\GOPR4921.JPG,Coral Garden\2024_AUG_CG_S\2024_AUG_CG_S_T2\GOPR4921\Coral9.JPG,9,0.2397,Coral Garden S,T2,1
Coral Garden\2024_AUG_CG_S\2024_AUG_CG_S_T2\GOPR4912.JPG,Coral Garden\2024_AUG_CG_S\2024_AUG_CG_S_T2\GOPR4912\Coral12.JPG,12,0.4774,Coral Garden S,T2,1
Coral Garden\2024_AUG_CG_S\2024_AUG_CG_S_T2\GOPR4912.JPG,Coral Garden\2024_AUG_CG_S\2024_AUG_CG_S_T2\GOPR4912\Coral27.JPG,27,0.246,Coral Garden S,T2,1
Coral Garden\2024_AUG_CG_S\2024_AUG_CG_S_T2\GOPR4912.JPG,Coral Garden\2024_AUG_CG_S\2024_AUG_CG_S_T2\GOPR4912\Coral19.JPG,19,0.3514,Coral Garden S,T2,1
Coral Garden\2024_AUG_CG_S\2024_AUG_CG_S_T2\GOPR4912.JPG,Coral Garden\2024_AUG_CG_S\2024_AUG_CG_S_T2\GOPR4912\Coral38.JPG,38,0.1676,Coral Garden S,T2,1
Coral Garden\2024_AUG_CG_S\2024_AUG_CG_S_T2\GOPR4912.JPG,Coral Garden\2024_AUG_CG_S\2024_AUG_CG_S_T2\GOPR4912\Coral7.JPG,7,0.544,Coral Garden S,T2,1
Coral Garden\2024_AUG_CG_S\2024_AUG_CG_S_T2\GOPR4912.JPG,Coral Garden\2024_AUG_CG_S\2024_AUG_CG_S_T2\GOPR4912\Coral9.JPG,9,0.5029,Coral Garden S,T2,1
Coral Garden\2024_JUL_CG_S\CG-S_T2\GOPR3152.JPG,Coral Garden\2024_JUL_CG_S\CG-S_T2\GOPR3152\Coral20.JPG,20,0.2873,Coral Garden S,T2,1
Coral Garden\2024_JUL_CG_S\CG-S_T2\GOPR3152.JPG,Coral Garden\2024_JUL_CG_S\CG-S_T2\GOPR3152\Coral6.JPG,6,0.575,Coral Garden S,T2,1
Coral Garden\2024_JUL_CG_S\CG-S_T2\GOPR3152.JPG,Coral Garden\2024_JUL_CG_S\CG-S_T2\GOPR3152\Coral2.JPG,2,0.6769,Coral Garden S,T2,1
Coral Garden\2024_JUL_CG_S\CG-S_T2\GOPR3152.JPG,Coral Garden\2024_JUL_CG_S\CG-S_T2\GOPR3152\Coral18.JPG,18,0.352,Coral Garden S,T2,1
Coral Garden\2024_JUL_CG_S\CG-S_T2\GOPR3152.JPG,Coral Garden\2024_JUL_CG_S\CG-S_T2\GOPR3152\Coral10.JPG,10,0.5168,Coral Garden S,T2,1
Coral Garden\2024_JUL_CG_S\CG-S_T2\GOPR3152.JPG,Coral Garden\2024_JUL_CG_S\CG-S_T2\GOPR3152\Coral14.JPG,14,0.3798,Coral Garden S,T2,1
Coral Garden\2024_JUL_CG_S\CG-S_T2\GOPR3152.JPG,Coral Garden\2024_JUL_CG_S\CG-S_T2\GOPR3152\Coral15.JPG,15,0.3735,Coral Garden S,T2,1
Coral Garden\2024_JUL_CG_S\CG-S_T2\GOPR3152.JPG,Coral Garden\2024_JUL_CG_S\CG-S_T2\GOPR3152\Coral24.JPG,24,0.2607,Coral Garden S,T2,1
Coral Garden\2024_AUG_CG_S\2024_AUG_CG_S_T2\GOPR4937.JPG,Coral Garden\2024_AUG_CG_S\2024_AUG_CG_S_T2\GOPR4937\Coral1.JPG,1,0.5999,Coral Garden S,T2,1
Coral Garden\2024_AUG_CG_S\2024_AUG_CG_S_T2\GOPR4937.JPG,Coral Garden\2024_AUG_CG_S\2024_AUG_CG_S_T2\GOPR4937\Coral8.JPG,8,0.3288,Coral Garden S,T2,1
Coral Garden\2024_JUL_CG_S\CG-S_T2\GOPR3149.JPG,Coral Garden\2024_JUL_CG_S\CG-S_T2\GOPR3149\Coral2.JPG,2,0.6996,Coral Garden S,T2,1
Coral Garden\2024_JUL_CG_S\CG-S_T2\GOPR3149.JPG,Coral Garden\2024_JUL_CG_S\CG-S_T2\GOPR3149\Coral3.JPG,3,0.6607,Coral Garden S,T2,1
Coral Garden\2024_JUL_CG_S\CG-S_T2\GOPR3180.JPG,Coral Garden\2024_JUL_CG_S\CG-S_T2\GOPR3180\Coral2.JPG,2,0.529,Coral Garden S,T2,1
Coral Garden\2024_JUL_CG_S\CG-S_T3\GOPR3204.JPG,Coral Garden\2024_JUL_CG_S\CG-S_T3\GOPR3204\Coral14.JPG,14,0.3675,Coral Garden S,T3,1
Coral Garden\2024_AUG_CG_S\2024_AUG_CG_S_T3\GOPR5000.JPG,Coral Garden\2024_AUG_CG_S\2024_AUG_CG_S_T3\GOPR5000\Coral5.JPG,5,0.213,Coral Garden S,T3,1
Coral Garden\2024_AUG_CG_S\2024_AUG_CG_S_T3\GOPR4980.JPG,Coral Garden\2024_AUG_CG_S\2024_AUG_CG_S_T3\GOPR4980\Coral19.JPG,19,0.2096,Coral Garden S,T3,1
Coral Garden\2024_JUL_CG_S\CG-S_T3\GOPR3198.JPG,Coral Garden\2024_JUL_CG_S\CG-S_T3\GOPR3198\Coral3.JPG,3,0.2815,Coral Garden S,T3,1
Coral Garden\2024_JUL_CG_S\CG-S_T3\GOPR3211.JPG,Coral Garden\2024_JUL_CG_S\CG-S_T3\GOPR3211\Coral1.JPG,1,0.7064,Coral Garden S,T3,1
Coral Garden\2024_JUL_CG_S\CG-S_T3\GOPR3245.JPG,Coral Garden\2024_JUL_CG_S\CG-S_T3\GOPR3245\Coral7.JPG,7,0.2337,Coral Garden S,T3,1
Coral Garden\2024_AUG_CG_S\2024_AUG_CG_S_T3\GOPR4969.JPG,Coral Garden\2024_AUG_CG_S\2024_AUG_CG_S_T3\GOPR4969\Coral1.JPG,1,0.3599,Coral Garden S,T3,1
Coral Garden\2024_JUL_CG_S\CG-S_T3\GOPR3242.JPG,Coral Garden\2024_JUL_CG_S\CG-S_T3\GOPR3242\Coral17.JPG,17,0.1937,Coral Garden S,T3,1
Coral Garden\2024_JUL_CG_S\CG-S_T3\GOPR3214.JPG,Coral Garden\2024_JUL_CG_S\CG-S_T3\GOPR3214\Coral1.JPG,1,0.8282,Coral Garden S,T3,1
Coral Garden\2024_JUL_CG_S\CG-S_T3\GOPR3225.JPG,Coral Garden\2024_JUL_CG_S\CG-S_T3\GOPR3225\Coral3.JPG,3,0.3967,Coral Garden S,T3,1
Coral Garden\2024_JUL_CG_S\CG-S_T3\GOPR3219.JPG,Coral Garden\2024_JUL_CG_S\CG-S_T3\GOPR3219\Coral13.JPG,13,0.4856,Coral Garden S,T3,1
Coral Garden\2024_JUL_CG_S\CG-S_T3\GOPR3232.JPG,Coral Garden\2024_JUL_CG_S\CG-S_T3\GOPR3232\Coral8.JPG,8,0.2503,Coral Garden S,T3,1
Coral Garden\2024_JUL_CG_S\CG-S_T3\GOPR3202.JPG,Coral Garden\2024_JUL_CG_S\CG-S_T3\GOPR3202\Coral3.JPG,3,0.6661,Coral Garden S,T3,1
Coral Garden\2024_AUG_CG_S\2024_AUG_CG_S_T3\GOPR4977.JPG,Coral Garden\2024_AUG_CG_S\2024_AUG_CG_S_T3\GOPR4977\Coral13.JPG,13,0.1518,Coral Garden S,T3,1
Coral Garden\2024_AUG_CG_S\2024_AUG_CG_S_T3\GOPR5003.JPG,Coral Garden\2024_AUG_CG_S\2024_AUG_CG_S_T3\GOPR5003\Coral3.JPG,3,0.4572,Coral Garden S,T3,1
Coral Garden\2024_JUL_CG_S\CG-S_T3\GOPR3234.JPG,Coral Garden\2024_JUL_CG_S\CG-S_T3\GOPR3234\Coral8.JPG,8,0.1567,Coral Garden S,T3,1
Coral Garden\2024_JUL_CG_S\CG-S_T3\GOPR3237.JPG,Coral Garden\2024_JUL_CG_S\CG-S_T3\GOPR3237\Coral1.JPG,1,0.3368,Coral Garden S,T3,1
Coral Garden\2024_AUG_CG_S\2024_AUG_CG_S_T3\GOPR4953.JPG,Coral Garden\2024_AUG_CG_S\2024_AUG_CG_S_T3\GOPR4953\Coral15.JPG,15,0.2625,Coral Garden S,T3,1
Coral Garden\2024_JUL_CG_S\CG-S_T3\GOPR3198.JPG,Coral Garden\2024_JUL_CG_S\CG-S_T3\GOPR3198\Coral2.JPG,2,0.4282,Coral Garden S,T3,1
Coral Garden\2024_AUG_CG_S\2024_AUG_CG_S_T3\GOPR4967.JPG,Coral Garden\2024_AUG_CG_S\2024_AUG_CG_S_T3\GOPR4967\Coral4.JPG,4,0.7169,Coral Garden S,T3,1
Coral Garden\2024_JUL_CG_S\CG-S_T3\GOPR3247.JPG,Coral Garden\2024_JUL_CG_S\CG-S_T3\GOPR3247\Coral26.JPG,26,0.1572,Coral Garden S,T3,1
Coral Garden\2024_AUG_CG_S\2024_AUG_CG_S_T3\GOPR4988.JPG,Coral Garden\2024_AUG_CG_S\2024_AUG_CG_S_T3\GOPR4988\Coral11.JPG,11,0.2289,Coral Garden S,T3,1
Coral Garden\2024_AUG_CG_S\2024_AUG_CG_S_T3\GOPR5005.JPG,Coral Garden\2024_AUG_CG_S\2024_AUG_CG_S_T3\GOPR5005\Coral11.JPG,11,0.2039,Coral Garden S,T3,1
Coral Garden\2024_JUL_CG_S\CG-S_T3\GOPR3214.JPG,Coral Garden\2024_JUL_CG_S\CG-S_T3\GOPR3214\Coral13.JPG,13,0.2852,Coral Garden S,T3,1
Coral Garden\2024_AUG_CG_S\2024_AUG_CG_S_T3\GOPR4974.JPG,Coral Garden\2024_AUG_CG_S\2024_AUG_CG_S_T3\GOPR4974\Coral24.JPG,24,0.1835,Coral Garden S,T3,1
Coral Garden\2024_JUL_CG_S\CG-S_T3\GOPR3202.JPG,Coral Garden\2024_JUL_CG_S\CG-S_T3\GOPR3202\Coral1.JPG,1,0.8511,Coral Garden S,T3,1
Coral Garden\2024_JUL_CG_S\CG-S_T3\GOPR3230.JPG,Coral Garden\2024_JUL_CG_S\CG-S_T3\GOPR3230\Coral4.JPG,4,0.2806,Coral Garden S,T3,1
Coral Garden\2024_AUG_CG_S\2024_AUG_CG_S_T3\GOPR4999.JPG,Coral Garden\2024_AUG_CG_S\2024_AUG_CG_S_T3\GOPR4999\Coral6.JPG,6,0.2666,Coral Garden S,T3,1
Coral Garden\2024_JUL_CG_S\CG-S_T3\GOPR3243.JPG,Coral Garden\2024_JUL_CG_S\CG-S_T3\GOPR3243\Coral9.JPG,9,0.2143,Coral Garden S,T3,1
Coral Garden\2024_AUG_CG_S\2024_AUG_CG_S_T3\GOPR5003.JPG,Coral Garden\2024_AUG_CG_S\2024_AUG_CG_S_T3\GOPR5003\Coral19.JPG,19,0.171,Coral Garden S,T3,1
Coral Garden\2024_AUG_CG_S\2024_AUG_CG_S_T3\GOPR4978.JPG,Coral Garden\2024_AUG_CG_S\2024_AUG_CG_S_T3\GOPR4978\Coral6.JPG,6,0.2009,Coral Garden S,T3,1
Coral Garden\2024_JUL_CG_S\CG-S_T3\GOPR3208.JPG,Coral Garden\2024_JUL_CG_S\CG-S_T3\GOPR3208\Coral7.JPG,7,0.1866,Coral Garden S,T3,1
Coral Garden\2024_JUL_CG_S\CG-S_T3\GOPR3204.JPG,Coral Garden\2024_JUL_CG_S\CG-S_T3\GOPR3204\Coral18.JPG,18,0.3062,Coral Garden S,T3,1
Coral Garden\2024_AUG_CG_S\2024_AUG_CG_S_T3\GOPR4984.JPG,Coral Garden\2024_AUG_CG_S\2024_AUG_CG_S_T3\GOPR4984\Coral15.JPG,15,0.2399,Coral Garden S,T3,1
Coral Garden\2024_AUG_CG_S\2024_AUG_CG_S_T3\GOPR4987.JPG,Coral Garden\2024_AUG_CG_S\2024_AUG_CG_S_T3\GOPR4987\Coral12.JPG,12,0.153,Coral Garden S,T3,1
Coral Garden\2024_AUG_CG_S\2024_AUG_CG_S_T3\GOPR4957.JPG,Coral Garden\2024_AUG_CG_S\2024_AUG_CG_S_T3\GOPR4957\Coral15.JPG,15,0.3215,Coral Garden S,T3,1
Coral Garden\2024_JUL_CG_S\CG-S_T3\GOPR3213.JPG,Coral Garden\2024_JUL_CG_S\CG-S_T3\GOPR3213\Coral5.JPG,5,0.4234,Coral Garden S,T3,1
Coral Garden\2024_AUG_CG_S\2024_AUG_CG_S_T3\GOPR4982.JPG,Coral Garden\2024_AUG_CG_S\2024_AUG_CG_S_T3\GOPR4982\Coral3.JPG,3,0.7033,Coral Garden S,T3,1
Coral Garden\2024_AUG_CG_S\2024_AUG_CG_S_T3\GOPR4967.JPG,Coral Garden\2024_AUG_CG_S\2024_AUG_CG_S_T3\GOPR4967\Coral16.JPG,16,0.3479,Coral Garden S,T3,1
Coral Garden\2024_JUL_CG_S\CG-S_T3\GOPR3247.JPG,Coral Garden\2024_JUL_CG_S\CG-S_T3\GOPR3247\Coral22.JPG,22,0.1803,Coral Garden S,T3,1
Coral Garden\2024_AUG_CG_S\2024_AUG_CG_S_T3\GOPR4952.JPG,Coral Garden\2024_AUG_CG_S\2024_AUG_CG_S_T3\GOPR4952\Coral4.JPG,4,0.5558,Coral Garden S,T3,1
Coral Garden\2024_AUG_CG_S\2024_AUG_CG_S_T3\GOPR4971.JPG,Coral Garden\2024_AUG_CG_S\2024_AUG_CG_S_T3\GOPR4971\Coral4.JPG,4,0.3471,Coral Garden S,T3,1
Coral Garden\2024_AUG_CG_S\2024_AUG_CG_S_T3\GOPR5001.JPG,Coral Garden\2024_AUG_CG_S\2024_AUG_CG_S_T3\GOPR5001\Coral10.JPG,10,0.3023,Coral Garden S,T3,1
Coral Garden\2024_AUG_CG_S\2024_AUG_CG_S_T3\GOPR4996.JPG,Coral Garden\2024_AUG_CG_S\2024_AUG_CG_S_T3\GOPR4996\Coral4.JPG,4,0.2828,Coral Garden S,T3,1
Coral Garden\2024_AUG_CG_S\2024_AUG_CG_S_T3\GOPR4985.JPG,Coral Garden\2024_AUG_CG_S\2024_AUG_CG_S_T3\GOPR4985\Coral17.JPG,17,0.1697,Coral Garden S,T3,1
Coral Garden\2024_AUG_CG_S\2024_AUG_CG_S_T3\GOPR4951.JPG,Coral Garden\2024_AUG_CG_S\2024_AUG_CG_S_T3\GOPR4951\Coral9.JPG,9,0.1668,Coral Garden S,T3,1
Coral Garden\2024_AUG_CG_S\2024_AUG_CG_S_T3\GOPR4968.JPG,Coral Garden\2024_AUG_CG_S\2024_AUG_CG_S_T3\GOPR4968\Coral3.JPG,3,0.4173,Coral Garden S,T3,1
Coral Garden\2024_AUG_CG_S\2024_AUG_CG_S_T3\GOPR4995.JPG,Coral Garden\2024_AUG_CG_S\2024_AUG_CG_S_T3\GOPR4995\Coral7.JPG,7,0.1919,Coral Garden S,T3,1
Coral Garden\2024_JUL_CG_S\CG-S_T3\GOPR3235.JPG,Coral Garden\2024_JUL_CG_S\CG-S_T3\GOPR3235\Coral1.JPG,1,0.5636,Coral Garden S,T3,1
Coral Garden\2024_JUL_CG_S\CG-S_T3\GOPR3225.JPG,Coral Garden\2024_JUL_CG_S\CG-S_T3\GOPR3225\Coral14.JPG,14,0.1636,Coral Garden S,T3,1
Coral Garden\2024_JUL_CG_S\CG-S_T3\GOPR3202.JPG,Coral Garden\2024_JUL_CG_S\CG-S_T3\GOPR3202\Coral4.JPG,4,0.5509,Coral Garden S,T3,1
Coral Garden\2024_JUL_CG_S\CG-S_T3\GOPR3207.JPG,Coral Garden\2024_JUL_CG_S\CG-S_T3\GOPR3207\Coral30.JPG,30,0.2258,Coral Garden S,T3,1
Coral Garden\2024_AUG_CG_S\2024_AUG_CG_S_T3\GOPR4970.JPG,Coral Garden\2024_AUG_CG_S\2024_AUG_CG_S_T3\GOPR4970\Coral3.JPG,3,0.2967,Coral Garden S,T3,1
Coral Garden\2024_AUG_CG_S\2024_AUG_CG_S_T3\GOPR4975.JPG,Coral Garden\2024_AUG_CG_S\2024_AUG_CG_S_T3\GOPR4975\Coral12.JPG,12,0.2664,Coral Garden S,T3,1
Coral Garden\2024_JUL_CG_S\CG-S_T3\GOPR3243.JPG,Coral Garden\2024_JUL_CG_S\CG-S_T3\GOPR3243\Coral2.JPG,2,0.3259,Coral Garden S,T3,1
Coral Garden\2024_AUG_CG_S\2024_AUG_CG_S_T3\GOPR4983.JPG,Coral Garden\2024_AUG_CG_S\2024_AUG_CG_S_T3\GOPR4983\Coral12.JPG,12,0.3131,Coral Garden S,T3,1
Coral Garden\2024_AUG_CG_S\2024_AUG_CG_S_T3\GOPR5007.JPG,Coral Garden\2024_AUG_CG_S\2024_AUG_CG_S_T3\GOPR5007\Coral10.JPG,10,0.1602,Coral Garden S,T3,1
Coral Garden\2024_AUG_CG_S\2024_AUG_CG_S_T3\GOPR5007.JPG,Coral Garden\2024_AUG_CG_S\2024_AUG_CG_S_T3\GOPR5007\Coral11.JPG,11,0.1554,Coral Garden S,T3,1
Coral Garden\2024_AUG_CG_S\2024_AUG_CG_S_T3\GOPR5007.JPG,Coral Garden\2024_AUG_CG_S\2024_AUG_CG_S_T3\GOPR5007\Coral5.JPG,5,0.2817,Coral Garden S,T3,1
Coral Garden\2024_JUL_CG_S\CG-S_T3\GOPR3204.JPG,Coral Garden\2024_JUL_CG_S\CG-S_T3\GOPR3204\Coral9.JPG,9,0.4738,Coral Garden S,T3,1
Coral Garden\2024_JUL_CG_S\CG-S_T3\GOPR3204.JPG,Coral Garden\2024_JUL_CG_S\CG-S_T3\GOPR3204\Coral12.JPG,12,0.381,Coral Garden S,T3,1
Coral Garden\2024_JUL_CG_S\CG-S_T3\GOPR3204.JPG,Coral Garden\2024_JUL_CG_S\CG-S_T3\GOPR3204\Coral22.JPG,22,0.2789,Coral Garden S,T3,1
Coral Garden\2024_JUL_CG_S\CG-S_T3\GOPR3204.JPG,Coral Garden\2024_JUL_CG_S\CG-S_T3\GOPR3204\Coral38.JPG,38,0.1561,Coral Garden S,T3,1
Coral Garden\2024_JUL_CG_S\CG-S_T3\GOPR3204.JPG,Coral Garden\2024_JUL_CG_S\CG-S_T3\GOPR3204\Coral20.JPG,20,0.2925,Coral Garden S,T3,1
Coral Garden\2024_JUL_CG_S\CG-S_T3\GOPR3204.JPG,Coral Garden\2024_JUL_CG_S\CG-S_T3\GOPR3204\Coral23.JPG,23,0.2771,Coral Garden S,T3,1
Coral Garden\2024_JUL_CG_S\CG-S_T3\GOPR3204.JPG,Coral Garden\2024_JUL_CG_S\CG-S_T3\GOPR3204\Coral3.JPG,3,0.6708,Coral Garden S,T3,1
Coral Garden\2024_JUL_CG_S\CG-S_T3\GOPR3204.JPG,Coral Garden\2024_JUL_CG_S\CG-S_T3\GOPR3204\Coral37.JPG,37,0.1583,Coral Garden S,T3,1
Coral Garden\2024_AUG_CG_S\2024_AUG_CG_S_T3\GOPR4981.JPG,Coral Garden\2024_AUG_CG_S\2024_AUG_CG_S_T3\GOPR4981\Coral24.JPG,24,0.2451,Coral Garden S,T3,1
Coral Garden\2024_AUG_CG_S\2024_AUG_CG_S_T3\GOPR4981.JPG,Coral Garden\2024_AUG_CG_S\2024_AUG_CG_S_T3\GOPR4981\Coral3.JPG,3,0.6523,Coral Garden S,T3,1
Coral Garden\2024_JUL_CG_S\CG-S_T3\GOPR3212.JPG,Coral Garden\2024_JUL_CG_S\CG-S_T3\GOPR3212\Coral7.JPG,7,0.1547,Coral Garden S,T3,1
Coral Garden\2024_AUG_CG_S\2024_AUG_CG_S_T3\GOPR4976.JPG,Coral Garden\2024_AUG_CG_S\2024_AUG_CG_S_T3\GOPR4976\Coral7.JPG,7,0.4618,Coral Garden S,T3,1
Coral Garden\2024_AUG_CG_S\2024_AUG_CG_S_T3\GOPR4976.JPG,Coral Garden\2024_AUG_CG_S\2024_AUG_CG_S_T3\GOPR4976\Coral11.JPG,11,0.3207,Coral Garden S,T3,1
Coral Garden\2024_AUG_CG_S\2024_AUG_CG_S_T3\GOPR4976.JPG,Coral Garden\2024_AUG_CG_S\2024_AUG_CG_S_T3\GOPR4976\Coral13.JPG,13,0.259,Coral Garden S,T3,1
Coral Garden\2024_AUG_CG_S\2024_AUG_CG_S_T3\GOPR4976.JPG,Coral Garden\2024_AUG_CG_S\2024_AUG_CG_S_T3\GOPR4976\Coral14.JPG,14,0.2567,Coral Garden S,T3,1
Coral Garden\2024_AUG_CG_S\2024_AUG_CG_S_T3\GOPR4984.JPG,Coral Garden\2024_AUG_CG_S\2024_AUG_CG_S_T3\GOPR4984\Coral8.JPG,8,0.3583,Coral Garden S,T3,1
Coral Garden\2024_AUG_CG_S\2024_AUG_CG_S_T3\GOPR4997.JPG,Coral Garden\2024_AUG_CG_S\2024_AUG_CG_S_T3\GOPR4997\Coral2.JPG,2,0.3724,Coral Garden S,T3,1
Coral Garden\2024_AUG_CG_S\2024_AUG_CG_S_T3\GOPR4997.JPG,Coral Garden\2024_AUG_CG_S\2024_AUG_CG_S_T3\GOPR4997\Coral3.JPG,3,0.3484,Coral Garden S,T3,1
Coral Garden\2024_AUG_CG_S\2024_AUG_CG_S_T3\GOPR4987.JPG,Coral Garden\2024_AUG_CG_S\2024_AUG_CG_S_T3\GOPR4987\Coral5.JPG,5,0.3818,Coral Garden S,T3,1
Coral Garden\2024_AUG_CG_S\2024_AUG_CG_S_T3\GOPR4987.JPG,Coral Garden\2024_AUG_CG_S\2024_AUG_CG_S_T3\GOPR4987\Coral8.JPG,8,0.2477,Coral Garden S,T3,1
Coral Garden\2024_AUG_CG_S\2024_AUG_CG_S_T3\GOPR4987.JPG,Coral Garden\2024_AUG_CG_S\2024_AUG_CG_S_T3\GOPR4987\Coral1.JPG,1,0.6472,Coral Garden S,T3,1
Coral Garden\2024_AUG_CG_S\2024_AUG_CG_S_T3\GOPR4957.JPG,Coral Garden\2024_AUG_CG_S\2024_AUG_CG_S_T3\GOPR4957\Coral4.JPG,4,0.5702,Coral Garden S,T3,1
Coral Garden\2024_AUG_CG_S\2024_AUG_CG_S_T3\GOPR4957.JPG,Coral Garden\2024_AUG_CG_S\2024_AUG_CG_S_T3\GOPR4957\Coral16.JPG,16,0.3028,Coral Garden S,T3,1
Coral Garden\2024_AUG_CG_S\2024_AUG_CG_S_T3\GOPR4957.JPG,Coral Garden\2024_AUG_CG_S\2024_AUG_CG_S_T3\GOPR4957\Coral30.JPG,30,0.1678,Coral Garden S,T3,1
Coral Garden\2024_AUG_CG_S\2024_AUG_CG_S_T3\GOPR4957.JPG,Coral Garden\2024_AUG_CG_S\2024_AUG_CG_S_T3\GOPR4957\Coral21.JPG,21,0.241,Coral Garden S,T3,1
Coral Garden\2024_AUG_CG_S\2024_AUG_CG_S_T3\GOPR4957.JPG,Coral Garden\2024_AUG_CG_S\2024_AUG_CG_S_T3\GOPR4957\Coral11.JPG,11,0.4093,Coral Garden S,T3,1
Coral Garden\2024_AUG_CG_S\2024_AUG_CG_S_T3\GOPR4957.JPG,Coral Garden\2024_AUG_CG_S\2024_AUG_CG_S_T3\GOPR4957\Coral25.JPG,25,0.2278,Coral Garden S,T3,1
Coral Garden\2024_AUG_CG_S\2024_AUG_CG_S_T3\GOPR4957.JPG,Coral Garden\2024_AUG_CG_S\2024_AUG_CG_S_T3\GOPR4957\Coral28.JPG,28,0.1839,Coral Garden S,T3,1
Coral Garden\2024_AUG_CG_S\2024_AUG_CG_S_T3\GOPR4957.JPG,Coral Garden\2024_AUG_CG_S\2024_AUG_CG_S_T3\GOPR4957\Coral13.JPG,13,0.3325,Coral Garden S,T3,1
Coral Garden\2024_AUG_CG_S\2024_AUG_CG_S_T3\GOPR4957.JPG,Coral Garden\2024_AUG_CG_S\2024_AUG_CG_S_T3\GOPR4957\Coral12.JPG,12,0.355,Coral Garden S,T3,1
Coral Garden\2024_AUG_CG_S\2024_AUG_CG_S_T3\GOPR5000.JPG,Coral Garden\2024_AUG_CG_S\2024_AUG_CG_S_T3\GOPR5000\Coral8.JPG,8,0.1991,Coral Garden S,T3,1
Coral Garden\2024_AUG_CG_S\2024_AUG_CG_S_T3\GOPR5000.JPG,Coral Garden\2024_AUG_CG_S\2024_AUG_CG_S_T3\GOPR5000\Coral9.JPG,9,0.1668,Coral Garden S,T3,1
Coral Garden\2024_JUL_CG_S\CG-S_T3\GOPR3231.JPG,Coral Garden\2024_JUL_CG_S\CG-S_T3\GOPR3231\Coral18.JPG,18,0.2082,Coral Garden S,T3,1
Coral Garden\2024_JUL_CG_S\CG-S_T3\GOPR3231.JPG,Coral Garden\2024_JUL_CG_S\CG-S_T3\GOPR3231\Coral7.JPG,7,0.4313,Coral Garden S,T3,1
Coral Garden\2024_JUL_CG_S\CG-S_T3\GOPR3231.JPG,Coral Garden\2024_JUL_CG_S\CG-S_T3\GOPR3231\Coral14.JPG,14,0.2629,Coral Garden S,T3,1
Coral Garden\2024_JUL_CG_S\CG-S_T3\GOPR3231.JPG,Coral Garden\2024_JUL_CG_S\CG-S_T3\GOPR3231\Coral8.JPG,8,0.4001,Coral Garden S,T3,1
Coral Garden\2024_JUL_CG_S\CG-S_T3\GOPR3231.JPG,Coral Garden\2024_JUL_CG_S\CG-S_T3\GOPR3231\Coral15.JPG,15,0.2579,Coral Garden S,T3,1
Coral Garden\2024_JUL_CG_S\CG-S_T3\GOPR3231.JPG,Coral Garden\2024_JUL_CG_S\CG-S_T3\GOPR3231\Coral5.JPG,5,0.4672,Coral Garden S,T3,1
Coral Garden\2024_JUL_CG_S\CG-S_T3\GOPR3213.JPG,Coral Garden\2024_JUL_CG_S\CG-S_T3\GOPR3213\Coral4.JPG,4,0.4402,Coral Garden S,T3,1
Coral Garden\2024_AUG_CG_S\2024_AUG_CG_S_T3\GOPR4992.JPG,Coral Garden\2024_AUG_CG_S\2024_AUG_CG_S_T3\GOPR4992\Coral22.JPG,22,0.1557,Coral Garden S,T3,1
Coral Garden\2024_AUG_CG_S\2024_AUG_CG_S_T3\GOPR4992.JPG,Coral Garden\2024_AUG_CG_S\2024_AUG_CG_S_T3\GOPR4992\Coral17.JPG,17,0.1996,Coral Garden S,T3,1
Coral Garden\2024_AUG_CG_S\2024_AUG_CG_S_T3\GOPR4982.JPG,Coral Garden\2024_AUG_CG_S\2024_AUG_CG_S_T3\GOPR4982\Coral26.JPG,26,0.1616,Coral Garden S,T3,1
Coral Garden\2024_AUG_CG_S\2024_AUG_CG_S_T3\GOPR4982.JPG,Coral Garden\2024_AUG_CG_S\2024_AUG_CG_S_T3\GOPR4982\Coral5.JPG,5,0.6489,Coral Garden S,T3,1
Coral Garden\2024_AUG_CG_S\2024_AUG_CG_S_T3\GOPR4982.JPG,Coral Garden\2024_AUG_CG_S\2024_AUG_CG_S_T3\GOPR4982\Coral20.JPG,20,0.2457,Coral Garden S,T3,1
Coral Garden\2024_AUG_CG_S\2024_AUG_CG_S_T3\GOPR4953.JPG,Coral Garden\2024_AUG_CG_S\2024_AUG_CG_S_T3\GOPR4953\Coral5.JPG,5,0.6574,Coral Garden S,T3,1
Coral Garden\2024_AUG_CG_S\2024_AUG_CG_S_T3\GOPR4953.JPG,Coral Garden\2024_AUG_CG_S\2024_AUG_CG_S_T3\GOPR4953\Coral14.JPG,14,0.2824,Coral Garden S,T3,1
Coral Garden\2024_AUG_CG_S\2024_AUG_CG_S_T3\GOPR4953.JPG,Coral Garden\2024_AUG_CG_S\2024_AUG_CG_S_T3\GOPR4953\Coral10.JPG,10,0.4153,Coral Garden S,T3,1
Coral Garden\2024_AUG_CG_S\2024_AUG_CG_S_T3\GOPR4953.JPG,Coral Garden\2024_AUG_CG_S\2024_AUG_CG_S_T3\GOPR4953\Coral16.JPG,16,0.2569,Coral Garden S,T3,1
Coral Garden\2024_AUG_CG_S\2024_AUG_CG_S_T3\GOPR4953.JPG,Coral Garden\2024_AUG_CG_S\2024_AUG_CG_S_T3\GOPR4953\Coral6.JPG,6,0.5293,Coral Garden S,T3,1
Coral Garden\2024_AUG_CG_S\2024_AUG_CG_S_T3\GOPR4980.JPG,Coral Garden\2024_AUG_CG_S\2024_AUG_CG_S_T3\GOPR4980\Coral24.JPG,24,0.1689,Coral Garden S,T3,1
Coral Garden\2024_AUG_CG_S\2024_AUG_CG_S_T3\GOPR4980.JPG,Coral Garden\2024_AUG_CG_S\2024_AUG_CG_S_T3\GOPR4980\Coral15.JPG,15,0.2721,Coral Garden S,T3,1
Coral Garden\2024_AUG_CG_S\2024_AUG_CG_S_T3\GOPR4980.JPG,Coral Garden\2024_AUG_CG_S\2024_AUG_CG_S_T3\GOPR4980\Coral2.JPG,2,0.7171,Coral Garden S,T3,1
Coral Garden\JULY 2024_CG_D\CG-D_T1\GOPR2919.JPG,Coral Garden\JULY 2024_CG_D\CG-D_T1\GOPR2919\Coral4.JPG,4,0.5991,Coral Garden D,T1,1
Coral Garden\JULY 2024_CG_D\CG-D_T1\GOPR2953.JPG,Coral Garden\JULY 2024_CG_D\CG-D_T1\GOPR2953\Coral14.JPG,14,0.2413,Coral Garden D,T1,1
Coral Garden\AUG 2024_CG_D\AUG_2024_CG_D_T1\GOPR4554.JPG,Coral Garden\AUG 2024_CG_D\AUG_2024_CG_D_T1\GOPR4554\Coral2.JPG,2,0.352,Coral Garden D,T1,1
Coral Garden\AUG 2024_CG_D\AUG_2024_CG_D_T1\GOPR4575.JPG,Coral Garden\AUG 2024_CG_D\AUG_2024_CG_D_T1\GOPR4575\Coral1.JPG,1,0.4435,Coral Garden D,T1,1
Coral Garden\JULY 2024_CG_D\CG-D_T1\GOPR2928.JPG,Coral Garden\JULY 2024_CG_D\CG-D_T1\GOPR2928\Coral1.JPG,1,0.5091,Coral Garden D,T1,1
Coral Garden\JULY 2024_CG_D\CG-D_T1\GOPR2941.JPG,Coral Garden\JULY 2024_CG_D\CG-D_T1\GOPR2941\Coral1.JPG,1,0.7569,Coral Garden D,T1,1
Coral Garden\JULY 2024_CG_D\CG-D_T1\GOPR2940.JPG,Coral Garden\JULY 2024_CG_D\CG-D_T1\GOPR2940\Coral23.JPG,23,0.203,Coral Garden D,T1,1
Coral Garden\AUG 2024_CG_D\AUG_2024_CG_D_T1\GOPR4582.JPG,Coral Garden\AUG 2024_CG_D\AUG_2024_CG_D_T1\GOPR4582\Coral2.JPG,2,0.4905,Coral Garden D,T1,1
Coral Garden\JULY 2024_CG_D\CG-D_T1\GOPR2918.JPG,Coral Garden\JULY 2024_CG_D\CG-D_T1\GOPR2918\Coral34.JPG,34,0.1597,Coral Garden D,T1,1
Coral Garden\AUG 2024_CG_D\AUG_2024_CG_D_T1\GOPR4533.JPG,Coral Garden\AUG 2024_CG_D\AUG_2024_CG_D_T1\GOPR4533\Coral3.JPG,3,0.4244,Coral Garden D,T1,1
Coral Garden\JULY 2024_CG_D\CG-D_T1\GOPR2965.JPG,Coral Garden\JULY 2024_CG_D\CG-D_T1\GOPR2965\Coral9.JPG,9,0.4528,Coral Garden D,T1,1
Coral Garden\JULY 2024_CG_D\CG-D_T1\GOPR2948.JPG,Coral Garden\JULY 2024_CG_D\CG-D_T1\GOPR2948\Coral5.JPG,5,0.2849,Coral Garden D,T1,1
Coral Garden\AUG 2024_CG_D\AUG_2024_CG_D_T1\GOPR4564.JPG,Coral Garden\AUG 2024_CG_D\AUG_2024_CG_D_T1\GOPR4564\Coral2.JPG,2,0.5392,Coral Garden D,T1,1
Coral Garden\JULY 2024_CG_D\CG-D_T1\GOPR2931.JPG,Coral Garden\JULY 2024_CG_D\CG-D_T1\GOPR2931\Coral6.JPG,6,0.2646,Coral Garden D,T1,1
Coral Garden\JULY 2024_CG_D\CG-D_T1\GOPR2951.JPG,Coral Garden\JULY 2024_CG_D\CG-D_T1\GOPR2951\Coral2.JPG,2,0.4127,Coral Garden D,T1,1
Coral Garden\JULY 2024_CG_D\CG-D_T1\GOPR2950.JPG,Coral Garden\JULY 2024_CG_D\CG-D_T1\GOPR2950\Coral4.JPG,4,0.2348,Coral Garden D,T1,1
Coral Garden\AUG 2024_CG_D\AUG_2024_CG_D_T1\GOPR4559.JPG,Coral Garden\AUG 2024_CG_D\AUG_2024_CG_D_T1\GOPR4559\Coral9.JPG,9,0.1982,Coral Garden D,T1,1
Coral Garden\AUG 2024_CG_D\AUG_2024_CG_D_T1\GOPR4573.JPG,Coral Garden\AUG 2024_CG_D\AUG_2024_CG_D_T1\GOPR4573\Coral5.JPG,5,0.3771,Coral Garden D,T1,1
Coral Garden\AUG 2024_CG_D\AUG_2024_CG_D_T1\GOPR4579.JPG,Coral Garden\AUG 2024_CG_D\AUG_2024_CG_D_T1\GOPR4579\Coral1.JPG,1,0.6296,Coral Garden D,T1,1
Coral Garden\JULY 2024_CG_D\CG-D_T1\GOPR2956.JPG,Coral Garden\JULY 2024_CG_D\CG-D_T1\GOPR2956\Coral12.JPG,12,0.3603,Coral Garden D,T1,1
Coral Garden\JULY 2024_CG_D\CG-D_T1\GOPR2963.JPG,Coral Garden\JULY 2024_CG_D\CG-D_T1\GOPR2963\Coral11.JPG,11,0.1517,Coral Garden D,T1,1
Coral Garden\JULY 2024_CG_D\CG-D_T1\GOPR2961.JPG,Coral Garden\JULY 2024_CG_D\CG-D_T1\GOPR2961\Coral1.JPG,1,0.1647,Coral Garden D,T1,1
Coral Garden\AUG 2024_CG_D\AUG_2024_CG_D_T1\GOPR4575.JPG,Coral Garden\AUG 2024_CG_D\AUG_2024_CG_D_T1\GOPR4575\Coral3.JPG,3,0.2326,Coral Garden D,T1,1
Coral Garden\JULY 2024_CG_D\CG-D_T1\GOPR2934.JPG,Coral Garden\JULY 2024_CG_D\CG-D_T1\GOPR2934\Coral8.JPG,8,0.2473,Coral Garden D,T1,1
Coral Garden\JULY 2024_CG_D\CG-D_T1\GOPR2926.JPG,Coral Garden\JULY 2024_CG_D\CG-D_T1\GOPR2926\Coral3.JPG,3,0.3822,Coral Garden D,T1,1
Coral Garden\AUG 2024_CG_D\AUG_2024_CG_D_T1\GOPR4564.JPG,Coral Garden\AUG 2024_CG_D\AUG_2024_CG_D_T1\GOPR4564\Coral3.JPG,3,0.4548,Coral Garden D,T1,1
Coral Garden\AUG 2024_CG_D\AUG_2024_CG_D_T1\GOPR4561.JPG,Coral Garden\AUG 2024_CG_D\AUG_2024_CG_D_T1\GOPR4561\Coral3.JPG,3,0.6621,Coral Garden D,T1,1
Coral Garden\JULY 2024_CG_D\CG-D_T1\GOPR2949.JPG,Coral Garden\JULY 2024_CG_D\CG-D_T1\GOPR2949\Coral1.JPG,1,0.5933,Coral Garden D,T1,1
Coral Garden\JULY 2024_CG_D\CG-D_T1\GOPR2966.JPG,Coral Garden\JULY 2024_CG_D\CG-D_T1\GOPR2966\Coral4.JPG,4,0.6536,Coral Garden D,T1,1
Coral Garden\AUG 2024_CG_D\AUG_2024_CG_D_T1\GOPR4530.JPG,Coral Garden\AUG 2024_CG_D\AUG_2024_CG_D_T1\GOPR4530\Coral14.JPG,14,0.2463,Coral Garden D,T1,1
Coral Garden\AUG 2024_CG_D\AUG_2024_CG_D_T1\GOPR4527.JPG,Coral Garden\AUG 2024_CG_D\AUG_2024_CG_D_T1\GOPR4527\Coral34.JPG,34,0.2008,Coral Garden D,T1,1
Coral Garden\JULY 2024_CG_D\CG-D_T1\GOPR2962.JPG,Coral Garden\JULY 2024_CG_D\CG-D_T1\GOPR2962\Coral2.JPG,2,0.1646,Coral Garden D,T1,1
Coral Garden\JULY 2024_CG_D\CG-D_T1\GOPR2925.JPG,Coral Garden\JULY 2024_CG_D\CG-D_T1\GOPR2925\Coral2.JPG,2,0.666,Coral Garden D,T1,1
Coral Garden\JULY 2024_CG_D\CG-D_T1\GOPR2919.JPG,Coral Garden\JULY 2024_CG_D\CG-D_T1\GOPR2919\Coral5.JPG,5,0.5344,Coral Garden D,T1,1
Coral Garden\AUG 2024_CG_D\AUG_2024_CG_D_T1\GOPR4555.JPG,Coral Garden\AUG 2024_CG_D\AUG_2024_CG_D_T1\GOPR4555\Coral15.JPG,15,0.2085,Coral Garden D,T1,1
Coral Garden\AUG 2024_CG_D\AUG_2024_CG_D_T1\GOPR4562.JPG,Coral Garden\AUG 2024_CG_D\AUG_2024_CG_D_T1\GOPR4562\Coral6.JPG,6,0.5375,Coral Garden D,T1,1
Coral Garden\AUG 2024_CG_D\AUG_2024_CG_D_T1\GOPR4582.JPG,Coral Garden\AUG 2024_CG_D\AUG_2024_CG_D_T1\GOPR4582\Coral4.JPG,4,0.2831,Coral Garden D,T1,1
Coral Garden\AUG 2024_CG_D\AUG_2024_CG_D_T1\GOPR4553.JPG,Coral Garden\AUG 2024_CG_D\AUG_2024_CG_D_T1\GOPR4553\Coral2.JPG,2,0.6382,Coral Garden D,T1,1
Coral Garden\JULY 2024_CG_D\CG-D_T1\GOPR2965.JPG,Coral Garden\JULY 2024_CG_D\CG-D_T1\GOPR2965\Coral3.JPG,3,0.6648,Coral Garden D,T1,1
Coral Garden\AUG 2024_CG_D\AUG_2024_CG_D_T1\GOPR4570.JPG,Coral Garden\AUG 2024_CG_D\AUG_2024_CG_D_T1\GOPR4570\Coral19.JPG,19,0.1504,Coral Garden D,T1,1
Coral Garden\JULY 2024_CG_D\CG-D_T1\GOPR2947.JPG,Coral Garden\JULY 2024_CG_D\CG-D_T1\GOPR2947\Coral9.JPG,9,0.4517,Coral Garden D,T1,1
Coral Garden\JULY 2024_CG_D\CG-D_T1\GOPR2937.JPG,Coral Garden\JULY 2024_CG_D\CG-D_T1\GOPR2937\Coral2.JPG,2,0.6248,Coral Garden D,T1,1
Coral Garden\JULY 2024_CG_D\CG-D_T1\GOPR2939.JPG,Coral Garden\JULY 2024_CG_D\CG-D_T1\GOPR2939\Coral14.JPG,14,0.1521,Coral Garden D,T1,1
Coral Garden\AUG 2024_CG_D\AUG_2024_CG_D_T1\GOPR4532.JPG,Coral Garden\AUG 2024_CG_D\AUG_2024_CG_D_T1\GOPR4532\Coral1.JPG,1,0.6663,Coral Garden D,T1,1
Coral Garden\JULY 2024_CG_D\CG-D_T1\GOPR2943.JPG,Coral Garden\JULY 2024_CG_D\CG-D_T1\GOPR2943\Coral1.JPG,1,0.7922,Coral Garden D,T1,1
Coral Garden\JULY 2024_CG_D\CG-D_T1\GOPR2919.JPG,Coral Garden\JULY 2024_CG_D\CG-D_T1\GOPR2919\Coral8.JPG,8,0.4713,Coral Garden D,T1,1
Coral Garden\JULY 2024_CG_D\CG-D_T1\GOPR2919.JPG,Coral Garden\JULY 2024_CG_D\CG-D_T1\GOPR2919\Coral21.JPG,21,0.218,Coral Garden D,T1,1
Coral Garden\JULY 2024_CG_D\CG-D_T1\GOPR2919.JPG,Coral Garden\JULY 2024_CG_D\CG-D_T1\GOPR2919\Coral3.JPG,3,0.7543,Coral Garden D,T1,1
Coral Garden\JULY 2024_CG_D\CG-D_T1\GOPR2953.JPG,Coral Garden\JULY 2024_CG_D\CG-D_T1\GOPR2953\Coral8.JPG,8,0.4859,Coral Garden D,T1,1
Coral Garden\JULY 2024_CG_D\CG-D_T1\GOPR2953.JPG,Coral Garden\JULY 2024_CG_D\CG-D_T1\GOPR2953\Coral13.JPG,13,0.2635,Coral Garden D,T1,1
Coral Garden\JULY 2024_CG_D\CG-D_T1\GOPR2953.JPG,Coral Garden\JULY 2024_CG_D\CG-D_T1\GOPR2953\Coral7.JPG,7,0.5067,Coral Garden D,T1,1
Coral Garden\JULY 2024_CG_D\CG-D_T1\GOPR2953.JPG,Coral Garden\JULY 2024_CG_D\CG-D_T1\GOPR2953\Coral19.JPG,19,0.1744,Coral Garden D,T1,1
Coral Garden\AUG 2024_CG_D\AUG_2024_CG_D_T1\GOPR4552.JPG,Coral Garden\AUG 2024_CG_D\AUG_2024_CG_D_T1\GOPR4552\Coral43.JPG,43,0.1986,Coral Garden D,T1,1
Coral Garden\AUG 2024_CG_D\AUG_2024_CG_D_T1\GOPR4552.JPG,Coral Garden\AUG 2024_CG_D\AUG_2024_CG_D_T1\GOPR4552\Coral27.JPG,27,0.2854,Coral Garden D,T1,1
Coral Garden\AUG 2024_CG_D\AUG_2024_CG_D_T1\GOPR4552.JPG,Coral Garden\AUG 2024_CG_D\AUG_2024_CG_D_T1\GOPR4552\Coral44.JPG,44,0.1962,Coral Garden D,T1,1
Coral Garden\AUG 2024_CG_D\AUG_2024_CG_D_T1\GOPR4552.JPG,Coral Garden\AUG 2024_CG_D\AUG_2024_CG_D_T1\GOPR4552\Coral22.JPG,22,0.3169,Coral Garden D,T1,1
Coral Garden\AUG 2024_CG_D\AUG_2024_CG_D_T1\GOPR4552.JPG,Coral Garden\AUG 2024_CG_D\AUG_2024_CG_D_T1\GOPR4552\Coral33.JPG,33,0.2364,Coral Garden D,T1,1
Coral Garden\AUG 2024_CG_D\AUG_2024_CG_D_T1\GOPR4552.JPG,Coral Garden\AUG 2024_CG_D\AUG_2024_CG_D_T1\GOPR4552\Coral49.JPG,49,0.1542,Coral Garden D,T1,1
Coral Garden\AUG 2024_CG_D\AUG_2024_CG_D_T1\GOPR4552.JPG,Coral Garden\AUG 2024_CG_D\AUG_2024_CG_D_T1\GOPR4552\Coral4.JPG,4,0.5678,Coral Garden D,T1,1
Coral Garden\AUG 2024_CG_D\AUG_2024_CG_D_T1\GOPR4552.JPG,Coral Garden\AUG 2024_CG_D\AUG_2024_CG_D_T1\GOPR4552\Coral26.JPG,26,0.2913,Coral Garden D,T1,1
Coral Garden\JULY 2024_CG_D\CG-D_T1\GOPR2955.JPG,Coral Garden\JULY 2024_CG_D\CG-D_T1\GOPR2955\Coral2.JPG,2,0.7943,Coral Garden D,T1,1
Coral Garden\JULY 2024_CG_D\CG-D_T1\GOPR2955.JPG,Coral Garden\JULY 2024_CG_D\CG-D_T1\GOPR2955\Coral13.JPG,13,0.3968,Coral Garden D,T1,1
Coral Garden\AUG 2024_CG_D\AUG_2024_CG_D_T1\GOPR4531.JPG,Coral Garden\AUG 2024_CG_D\AUG_2024_CG_D_T1\GOPR4531\Coral24.JPG,24,0.1732,Coral Garden D,T1,1
Coral Garden\AUG 2024_CG_D\AUG_2024_CG_D_T1\GOPR4531.JPG,Coral Garden\AUG 2024_CG_D\AUG_2024_CG_D_T1\GOPR4531\Coral9.JPG,9,0.4115,Coral Garden D,T1,1
Coral Garden\AUG 2024_CG_D\AUG_2024_CG_D_T1\GOPR4531.JPG,Coral Garden\AUG 2024_CG_D\AUG_2024_CG_D_T1\GOPR4531\Coral26.JPG,26,0.1661,Coral Garden D,T1,1
Coral Garden\AUG 2024_CG_D\AUG_2024_CG_D_T1\GOPR4531.JPG,Coral Garden\AUG 2024_CG_D\AUG_2024_CG_D_T1\GOPR4531\Coral2.JPG,2,0.5973,Coral Garden D,T1,1
Coral Garden\JULY 2024_CG_D\CG-D_T1\GOPR2920.JPG,Coral Garden\JULY 2024_CG_D\CG-D_T1\GOPR2920\Coral13.JPG,13,0.1585,Coral Garden D,T1,1
Coral Garden\JULY 2024_CG_D\CG-D_T1\GOPR2920.JPG,Coral Garden\JULY 2024_CG_D\CG-D_T1\GOPR2920\Coral9.JPG,9,0.3777,Coral Garden D,T1,1
Coral Garden\JULY 2024_CG_D\CG-D_T1\GOPR2920.JPG,Coral Garden\JULY 2024_CG_D\CG-D_T1\GOPR2920\Coral8.JPG,8,0.4027,Coral Garden D,T1,1
Coral Garden\JULY 2024_CG_D\CG-D_T1\GOPR2920.JPG,Coral Garden\JULY 2024_CG_D\CG-D_T1\GOPR2920\Coral2.JPG,2,0.6117,Coral Garden D,T1,1
Coral Garden\JULY 2024_CG_D\CG-D_T1\GOPR2920.JPG,Coral Garden\JULY 2024_CG_D\CG-D_T1\GOPR2920\Coral10.JPG,10,0.3679,Coral Garden D,T1,1
Coral Garden\JULY 2024_CG_D\CG-D_T1\GOPR2920.JPG,Coral Garden\JULY 2024_CG_D\CG-D_T1\GOPR2920\Coral1.JPG,1,0.6197,Coral Garden D,T1,1
Coral Garden\JULY 2024_CG_D\CG-D_T1\GOPR2921.JPG,Coral Garden\JULY 2024_CG_D\CG-D_T1\GOPR2921\Coral1.JPG,1,0.6116,Coral Garden D,T1,1
Coral Garden\JULY 2024_CG_D\CG-D_T1\GOPR2921.JPG,Coral Garden\JULY 2024_CG_D\CG-D_T1\GOPR2921\Coral2.JPG,2,0.571,Coral Garden D,T1,1
Coral Garden\AUG 2024_CG_D\AUG_2024_CG_D_T1\GOPR4574.JPG,Coral Garden\AUG 2024_CG_D\AUG_2024_CG_D_T1\GOPR4574\Coral4.JPG,4,0.595,Coral Garden D,T1,1
Coral Garden\AUG 2024_CG_D\AUG_2024_CG_D_T1\GOPR4574.JPG,Coral Garden\AUG 2024_CG_D\AUG_2024_CG_D_T1\GOPR4574\Coral8.JPG,8,0.5204,Coral Garden D,T1,1
Coral Garden\AUG 2024_CG_D\AUG_2024_CG_D_T1\GOPR4574.JPG,Coral Garden\AUG 2024_CG_D\AUG_2024_CG_D_T1\GOPR4574\Coral24.JPG,24,0.246,Coral Garden D,T1,1
Coral Garden\AUG 2024_CG_D\AUG_2024_CG_D_T1\GOPR4574.JPG,Coral Garden\AUG 2024_CG_D\AUG_2024_CG_D_T1\GOPR4574\Coral22.JPG,22,0.2629,Coral Garden D,T1,1
Coral Garden\AUG 2024_CG_D\AUG_2024_CG_D_T1\GOPR4555.JPG,Coral Garden\AUG 2024_CG_D\AUG_2024_CG_D_T1\GOPR4555\Coral8.JPG,8,0.3893,Coral Garden D,T1,1
Coral Garden\AUG 2024_CG_D\AUG_2024_CG_D_T1\GOPR4555.JPG,Coral Garden\AUG 2024_CG_D\AUG_2024_CG_D_T1\GOPR4555\Coral13.JPG,13,0.2517,Coral Garden D,T1,1
Coral Garden\AUG 2024_CG_D\AUG_2024_CG_D_T1\GOPR4555.JPG,Coral Garden\AUG 2024_CG_D\AUG_2024_CG_D_T1\GOPR4555\Coral17.JPG,17,0.1891,Coral Garden D,T1,1
Coral Garden\AUG 2024_CG_D\AUG_2024_CG_D_T1\GOPR4555.JPG,Coral Garden\AUG 2024_CG_D\AUG_2024_CG_D_T1\GOPR4555\Coral14.JPG,14,0.2504,Coral Garden D,T1,1
Coral Garden\AUG 2024_CG_D\AUG_2024_CG_D_T1\GOPR4555.JPG,Coral Garden\AUG 2024_CG_D\AUG_2024_CG_D_T1\GOPR4555\Coral1.JPG,1,0.6968,Coral Garden D,T1,1
Coral Garden\JULY 2024_CG_D\CG-D_T1\GOPR2934.JPG,Coral Garden\JULY 2024_CG_D\CG-D_T1\GOPR2934\Coral2.JPG,2,0.5375,Coral Garden D,T1,1
Coral Garden\AUG 2024_CG_D\AUG_2024_CG_D_T1\GOPR4562.JPG,Coral Garden\AUG 2024_CG_D\AUG_2024_CG_D_T1\GOPR4562\Coral13.JPG,13,0.3393,Coral Garden D,T1,1
Coral Garden\AUG 2024_CG_D\AUG_2024_CG_D_T1\GOPR4562.JPG,Coral Garden\AUG 2024_CG_D\AUG_2024_CG_D_T1\GOPR4562\Coral36.JPG,36,0.1806,Coral Garden D,T1,1
Coral Garden\AUG 2024_CG_D\AUG_2024_CG_D_T1\GOPR4562.JPG,Coral Garden\AUG 2024_CG_D\AUG_2024_CG_D_T1\GOPR4562\Coral35.JPG,35,0.1867,Coral Garden D,T1,1
Coral Garden\AUG 2024_CG_D\AUG_2024_CG_D_T1\GOPR4562.JPG,Coral Garden\AUG 2024_CG_D\AUG_2024_CG_D_T1\GOPR4562\Coral15.JPG,15,0.3026,Coral Garden D,T1,1
Coral Garden\AUG 2024_CG_D\AUG_2024_CG_D_T1\GOPR4562.JPG,Coral Garden\AUG 2024_CG_D\AUG_2024_CG_D_T1\GOPR4562\Coral18.JPG,18,0.2802,Coral Garden D,T1,1
Coral Garden\AUG 2024_CG_D\AUG_2024_CG_D_T1\GOPR4562.JPG,Coral Garden\AUG 2024_CG_D\AUG_2024_CG_D_T1\GOPR4562\Coral42.JPG,42,0.1608,Coral Garden D,T1,1
Coral Garden\AUG 2024_CG_D\AUG_2024_CG_D_T1\GOPR4562.JPG,Coral Garden\AUG 2024_CG_D\AUG_2024_CG_D_T1\GOPR4562\Coral16.JPG,16,0.2929,Coral Garden D,T1,1
Coral Garden\AUG 2024_CG_D\AUG_2024_CG_D_T1\GOPR4562.JPG,Coral Garden\AUG 2024_CG_D\AUG_2024_CG_D_T1\GOPR4562\Coral38.JPG,38,0.1711,Coral Garden D,T1,1
Coral Garden\AUG 2024_CG_D\AUG_2024_CG_D_T1\GOPR4562.JPG,Coral Garden\AUG 2024_CG_D\AUG_2024_CG_D_T1\GOPR4562\Coral33.JPG,33,0.1948,Coral Garden D,T1,1
Coral Garden\JULY 2024_CG_D\CG-D_T1\GOPR2941.JPG,Coral Garden\JULY 2024_CG_D\CG-D_T1\GOPR2941\Coral3.JPG,3,0.439,Coral Garden D,T1,1
Coral Garden\JULY 2024_CG_D\CG-D_T1\GOPR2941.JPG,Coral Garden\JULY 2024_CG_D\CG-D_T1\GOPR2941\Coral7.JPG,7,0.3266,Coral Garden D,T1,1
Coral Garden\AUG 2024_CG_D\AUG_2024_CG_D_T1\GOPR4529.JPG,Coral Garden\AUG 2024_CG_D\AUG_2024_CG_D_T1\GOPR4529\Coral3.JPG,3,0.4099,Coral Garden D,T1,1
Coral Garden\AUG 2024_CG_D\AUG_2024_CG_D_T1\GOPR4529.JPG,Coral Garden\AUG 2024_CG_D\AUG_2024_CG_D_T1\GOPR4529\Coral7.JPG,7,0.3363,Coral Garden D,T1,1
Coral Garden\AUG 2024_CG_D\AUG_2024_CG_D_T1\GOPR4529.JPG,Coral Garden\AUG 2024_CG_D\AUG_2024_CG_D_T1\GOPR4529\Coral6.JPG,6,0.3787,Coral Garden D,T1,1
Coral Garden\JULY 2024_CG_D\CG-D_T1\GOPR2940.JPG,Coral Garden\JULY 2024_CG_D\CG-D_T1\GOPR2940\Coral2.JPG,2,0.7536,Coral Garden D,T1,1
Coral Garden\JULY 2024_CG_D\CG-D_T1\GOPR2940.JPG,Coral Garden\JULY 2024_CG_D\CG-D_T1\GOPR2940\Coral3.JPG,3,0.6994,Coral Garden D,T1,1
Coral Garden\JULY 2024_CG_D\CG-D_T1\GOPR2940.JPG,Coral Garden\JULY 2024_CG_D\CG-D_T1\GOPR2940\Coral4.JPG,4,0.5984,Coral Garden D,T1,1
Coral Garden\JULY 2024_CG_D\CG-D_T1\GOPR2942.JPG,Coral Garden\JULY 2024_CG_D\CG-D_T1\GOPR2942\Coral19.JPG,19,0.3324,Coral Garden D,T1,1
Coral Garden\JULY 2024_CG_D\CG-D_T1\GOPR2942.JPG,Coral Garden\JULY 2024_CG_D\CG-D_T1\GOPR2942\Coral7.JPG,7,0.6193,Coral Garden D,T1,1
Coral Garden\JULY 2024_CG_D\CG-D_T1\GOPR2942.JPG,Coral Garden\JULY 2024_CG_D\CG-D_T1\GOPR2942\Coral16.JPG,16,0.3667,Coral Garden D,T1,1
Coral Garden\JULY 2024_CG_D\CG-D_T1\GOPR2942.JPG,Coral Garden\JULY 2024_CG_D\CG-D_T1\GOPR2942\Coral10.JPG,10,0.4915,Coral Garden D,T1,1
Coral Garden\JULY 2024_CG_D\CG-D_T1\GOPR2942.JPG,Coral Garden\JULY 2024_CG_D\CG-D_T1\GOPR2942\Coral15.JPG,15,0.4161,Coral Garden D,T1,1
Coral Garden\JULY 2024_CG_D\CG-D_T1\GOPR2942.JPG,Coral Garden\JULY 2024_CG_D\CG-D_T1\GOPR2942\Coral6.JPG,6,0.687,Coral Garden D,T1,1
Coral Garden\JULY 2024_CG_D\CG-D_T1\GOPR2942.JPG,Coral Garden\JULY 2024_CG_D\CG-D_T1\GOPR2942\Coral30.JPG,30,0.1693,Coral Garden D,T1,1
Coral Garden\JULY 2024_CG_D\CG-D_T1\GOPR2942.JPG,Coral Garden\JULY 2024_CG_D\CG-D_T1\GOPR2942\Coral8.JPG,8,0.5818,Coral Garden D,T1,1
Coral Garden\AUG 2024_CG_D\AUG_2024_CG_D_T1\GOPR4569.JPG,Coral Garden\AUG 2024_CG_D\AUG_2024_CG_D_T1\GOPR4569\Coral9.JPG,9,0.1621,Coral Garden D,T1,1
Coral Garden\AUG 2024_CG_D\AUG_2024_CG_D_T1\GOPR4569.JPG,Coral Garden\AUG 2024_CG_D\AUG_2024_CG_D_T1\GOPR4569\Coral7.JPG,7,0.1715,Coral Garden D,T1,1
Coral Garden\JULY 2024_CG_D\CG-D_T2\GOPR2985.JPG,Coral Garden\JULY 2024_CG_D\CG-D_T2\GOPR2985\Coral7.JPG,7,0.3673,Coral Garden D,T2,1
Coral Garden\JULY 2024_CG_D\CG-D_T2\GOPR3008.JPG,Coral Garden\JULY 2024_CG_D\CG-D_T2\GOPR3008\Coral17.JPG,17,0.3528,Coral Garden D,T2,1
Coral Garden\AUG 2024_CG_D\AUG_2024_CG_D_T2\GOPR4620.JPG,Coral Garden\AUG 2024_CG_D\AUG_2024_CG_D_T2\GOPR4620\Coral6.JPG,6,0.1596,Coral Garden D,T2,1
Coral Garden\AUG 2024_CG_D\AUG_2024_CG_D_T2\GOPR4598.JPG,Coral Garden\AUG 2024_CG_D\AUG_2024_CG_D_T2\GOPR4598\Coral7.JPG,7,0.4286,Coral Garden D,T2,1
Coral Garden\JULY 2024_CG_D\CG-D_T2\GOPR3000.JPG,Coral Garden\JULY 2024_CG_D\CG-D_T2\GOPR3000\Coral2.JPG,2,0.7279,Coral Garden D,T2,1
Coral Garden\JULY 2024_CG_D\CG-D_T2\GOPR2972.JPG,Coral Garden\JULY 2024_CG_D\CG-D_T2\GOPR2972\Coral9.JPG,9,0.1742,Coral Garden D,T2,1
Coral Garden\AUG 2024_CG_D\AUG_2024_CG_D_T2\GOPR4593.JPG,Coral Garden\AUG 2024_CG_D\AUG_2024_CG_D_T2\GOPR4593\Coral1.JPG,1,0.6129,Coral Garden D,T2,1
Coral Garden\JULY 2024_CG_D\CG-D_T2\GOPR3022.JPG,Coral Garden\JULY 2024_CG_D\CG-D_T2\GOPR3022\Coral8.JPG,8,0.5292,Coral Garden D,T2,1
Coral Garden\JULY 2024_CG_D\CG-D_T2\GOPR3017.JPG,Coral Garden\JULY 2024_CG_D\CG-D_T2\GOPR3017\Coral6.JPG,6,0.2651,Coral Garden D,T2,1
Coral Garden\AUG 2024_CG_D\AUG_2024_CG_D_T2\GOPR4614.JPG,Coral Garden\AUG 2024_CG_D\AUG_2024_CG_D_T2\GOPR4614\Coral11.JPG,11,0.3048,Coral Garden D,T2,1
Coral Garden\JULY 2024_CG_D\CG-D_T2\GOPR2970.JPG,Coral Garden\JULY 2024_CG_D\CG-D_T2\GOPR2970\Coral27.JPG,27,0.2355,Coral Garden D,T2,1
Coral Garden\JULY 2024_CG_D\CG-D_T2\GOPR3019.JPG,Coral Garden\JULY 2024_CG_D\CG-D_T2\GOPR3019\Coral18.JPG,18,0.3478,Coral Garden D,T2,1
Coral Garden\AUG 2024_CG_D\AUG_2024_CG_D_T2\GOPR4589.JPG,Coral Garden\AUG 2024_CG_D\AUG_2024_CG_D_T2\GOPR4589\Coral5.JPG,5,0.2427,Coral Garden D,T2,1
Coral Garden\AUG 2024_CG_D\AUG_2024_CG_D_T2\GOPR4588.JPG,Coral Garden\AUG 2024_CG_D\AUG_2024_CG_D_T2\GOPR4588\Coral13.JPG,13,0.326,Coral Garden D,T2,1
Coral Garden\AUG 2024_CG_D\AUG_2024_CG_D_T2\GOPR4601.JPG,Coral Garden\AUG 2024_CG_D\AUG_2024_CG_D_T2\GOPR4601\Coral4.JPG,4,0.46,Coral Garden D,T2,1
Coral Garden\JULY 2024_CG_D\CG-D_T2\GOPR3004.JPG,Coral Garden\JULY 2024_CG_D\CG-D_T2\GOPR3004\Coral1.JPG,1,0.6106,Coral Garden D,T2,1
Coral Garden\JULY 2024_CG_D\CG-D_T2\GOPR2979.JPG,Coral Garden\JULY 2024_CG_D\CG-D_T2\GOPR2979\Coral18.JPG,18,0.1578,Coral Garden D,T2,1
Coral Garden\JULY 2024_CG_D\CG-D_T2\GOPR3005.JPG,Coral Garden\JULY 2024_CG_D\CG-D_T2\GOPR3005\Coral2.JPG,2,0.2467,Coral Garden D,T2,1
Coral Garden\AUG 2024_CG_D\AUG_2024_CG_D_T2\GOPR4630.JPG,Coral Garden\AUG 2024_CG_D\AUG_2024_CG_D_T2\GOPR4630\Coral9.JPG,9,0.3556,Coral Garden D,T2,1
Coral Garden\JULY 2024_CG_D\CG-D_T2\GOPR2991.JPG,Coral Garden\JULY 2024_CG_D\CG-D_T2\GOPR2991\Coral2.JPG,2,0.6056,Coral Garden D,T2,1
Coral Garden\JULY 2024_CG_D\CG-D_T2\GOPR3018.JPG,Coral Garden\JULY 2024_CG_D\CG-D_T2\GOPR3018\Coral15.JPG,15,0.188,Coral Garden D,T2,1
Coral Garden\JULY 2024_CG_D\CG-D_T2\GOPR2990.JPG,Coral Garden\JULY 2024_CG_D\CG-D_T2\GOPR2990\Coral6.JPG,6,0.2733,Coral Garden D,T2,1
Coral Garden\JULY 2024_CG_D\CG-D_T2\GOPR2996.JPG,Coral Garden\JULY 2024_CG_D\CG-D_T2\GOPR2996\Coral1.JPG,1,0.506,Coral Garden D,T2,1
Coral Garden\JULY 2024_CG_D\CG-D_T2\GOPR2981.JPG,Coral Garden\JULY 2024_CG_D\CG-D_T2\GOPR2981\Coral7.JPG,7,0.572,Coral Garden D,T2,1
Coral Garden\JULY 2024_CG_D\CG-D_T2\GOPR3008.JPG,Coral Garden\JULY 2024_CG_D\CG-D_T2\GOPR3008\Coral12.JPG,12,0.4613,Coral Garden D,T2,1
Coral Garden\AUG 2024_CG_D\AUG_2024_CG_D_T2\GOPR4602.JPG,Coral Garden\AUG 2024_CG_D\AUG_2024_CG_D_T2\GOPR4602\Coral11.JPG,11,0.1716,Coral Garden D,T2,1
Coral Garden\JULY 2024_CG_D\CG-D_T2\GOPR3022.JPG,Coral Garden\JULY 2024_CG_D\CG-D_T2\GOPR3022\Coral6.JPG,6,0.569,Coral Garden D,T2,1
Coral Garden\JULY 2024_CG_D\CG-D_T2\GOPR3017.JPG,Coral Garden\JULY 2024_CG_D\CG-D_T2\GOPR3017\Coral20.JPG,20,0.1585,Coral Garden D,T2,1
Coral Garden\AUG 2024_CG_D\AUG_2024_CG_D_T2\GOPR4592.JPG,Coral Garden\AUG 2024_CG_D\AUG_2024_CG_D_T2\GOPR4592\Coral2.JPG,2,0.7437,Coral Garden D,T2,1
Coral Garden\JULY 2024_CG_D\CG-D_T2\GOPR2970.JPG,Coral Garden\JULY 2024_CG_D\CG-D_T2\GOPR2970\Coral2.JPG,2,0.7479,Coral Garden D,T2,1
Coral Garden\JULY 2024_CG_D\CG-D_T2\GOPR3019.JPG,Coral Garden\JULY 2024_CG_D\CG-D_T2\GOPR3019\Coral23.JPG,23,0.2993,Coral Garden D,T2,1
Coral Garden\JULY 2024_CG_D\CG-D_T2\GOPR3016.JPG,Coral Garden\JULY 2024_CG_D\CG-D_T2\GOPR3016\Coral1.JPG,1,0.6258,Coral Garden D,T2,1
Coral Garden\JULY 2024_CG_D\CG-D_T2\GOPR3006.JPG,Coral Garden\JULY 2024_CG_D\CG-D_T2\GOPR3006\Coral6.JPG,6,0.1585,Coral Garden D,T2,1
Coral Garden\JULY 2024_CG_D\CG-D_T2\GOPR3014.JPG,Coral Garden\JULY 2024_CG_D\CG-D_T2\GOPR3014\Coral15.JPG,15,0.2218,Coral Garden D,T2,1
Coral Garden\AUG 2024_CG_D\AUG_2024_CG_D_T2\GOPR4635.JPG,Coral Garden\AUG 2024_CG_D\AUG_2024_CG_D_T2\GOPR4635\Coral1.JPG,1,0.5427,Coral Garden D,T2,1
Coral Garden\JULY 2024_CG_D\CG-D_T2\GOPR3018.JPG,Coral Garden\JULY 2024_CG_D\CG-D_T2\GOPR3018\Coral10.JPG,10,0.2244,Coral Garden D,T2,1
Coral Garden\AUG 2024_CG_D\AUG_2024_CG_D_T2\GOPR4628.JPG,Coral Garden\AUG 2024_CG_D\AUG_2024_CG_D_T2\GOPR4628\Coral8.JPG,8,0.1897,Coral Garden D,T2,1
Coral Garden\JULY 2024_CG_D\CG-D_T2\GOPR2980.JPG,Coral Garden\JULY 2024_CG_D\CG-D_T2\GOPR2980\Coral9.JPG,9,0.5212,Coral Garden D,T2,1
Coral Garden\AUG 2024_CG_D\AUG_2024_CG_D_T2\GOPR4615.JPG,Coral Garden\AUG 2024_CG_D\AUG_2024_CG_D_T2\GOPR4615\Coral5.JPG,5,0.1743,Coral Garden D,T2,1
Coral Garden\JULY 2024_CG_D\CG-D_T2\GOPR3002.JPG,Coral Garden\JULY 2024_CG_D\CG-D_T2\GOPR3002\Coral4.JPG,4,0.3976,Coral Garden D,T2,1
Coral Garden\JULY 2024_CG_D\CG-D_T2\GOPR3011.JPG,Coral Garden\JULY 2024_CG_D\CG-D_T2\GOPR3011\Coral14.JPG,14,0.2229,Coral Garden D,T2,1
Coral Garden\JULY 2024_CG_D\CG-D_T2\GOPR2994.JPG,Coral Garden\JULY 2024_CG_D\CG-D_T2\GOPR2994\Coral27.JPG,27,0.3041,Coral Garden D,T2,1
Coral Garden\AUG 2024_CG_D\AUG_2024_CG_D_T2\GOPR4598.JPG,Coral Garden\AUG 2024_CG_D\AUG_2024_CG_D_T2\GOPR4598\Coral21.JPG,21,0.1983,Coral Garden D,T2,1
Coral Garden\AUG 2024_CG_D\AUG_2024_CG_D_T2\GOPR4602.JPG,Coral Garden\AUG 2024_CG_D\AUG_2024_CG_D_T2\GOPR4602\Coral9.JPG,9,0.2138,Coral Garden D,T2,1
Coral Garden\AUG 2024_CG_D\AUG_2024_CG_D_T2\GOPR4597.JPG,Coral Garden\AUG 2024_CG_D\AUG_2024_CG_D_T2\GOPR4597\Coral12.JPG,12,0.2828,Coral Garden D,T2,1
Coral Garden\AUG 2024_CG_D\AUG_2024_CG_D_T2\GOPR4589.JPG,Coral Garden\AUG 2024_CG_D\AUG_2024_CG_D_T2\GOPR4589\Coral2.JPG,2,0.4712,Coral Garden D,T2,1
Coral Garden\AUG 2024_CG_D\AUG_2024_CG_D_T2\GOPR4635.JPG,Coral Garden\AUG 2024_CG_D\AUG_2024_CG_D_T2\GOPR4635\Coral10.JPG,10,0.2568,Coral Garden D,T2,1
Coral Garden\JULY 2024_CG_D\CG-D_T2\GOPR2995.JPG,Coral Garden\JULY 2024_CG_D\CG-D_T2\GOPR2995\Coral6.JPG,6,0.4573,Coral Garden D,T2,1
Coral Garden\AUG 2024_CG_D\AUG_2024_CG_D_T2\GOPR4630.JPG,Coral Garden\AUG 2024_CG_D\AUG_2024_CG_D_T2\GOPR4630\Coral11.JPG,11,0.2961,Coral Garden D,T2,1
Coral Garden\JULY 2024_CG_D\CG-D_T2\GOPR2983.JPG,Coral Garden\JULY 2024_CG_D\CG-D_T2\GOPR2983\Coral11.JPG,11,0.522,Coral Garden D,T2,1
Coral Garden\JULY 2024_CG_D\CG-D_T2\GOPR3018.JPG,Coral Garden\JULY 2024_CG_D\CG-D_T2\GOPR3018\Coral5.JPG,5,0.2832,Coral Garden D,T2,1
Coral Garden\JULY 2024_CG_D\CG-D_T2\GOPR2982.JPG,Coral Garden\JULY 2024_CG_D\CG-D_T2\GOPR2982\Coral5.JPG,5,0.6544,Coral Garden D,T2,1
Coral Garden\AUG 2024_CG_D\AUG_2024_CG_D_T2\GOPR4628.JPG,Coral Garden\AUG 2024_CG_D\AUG_2024_CG_D_T2\GOPR4628\Coral5.JPG,5,0.2537,Coral Garden D,T2,1
Coral Garden\JULY 2024_CG_D\CG-D_T2\GOPR2989.JPG,Coral Garden\JULY 2024_CG_D\CG-D_T2\GOPR2989\Coral5.JPG,5,0.2423,Coral Garden D,T2,1
Coral Garden\AUG 2024_CG_D\AUG_2024_CG_D_T2\GOPR4633.JPG,Coral Garden\AUG 2024_CG_D\AUG_2024_CG_D_T2\GOPR4633\Coral34.JPG,34,0.1895,Coral Garden D,T2,1
Coral Garden\AUG 2024_CG_D\AUG_2024_CG_D_T2\GOPR4621.JPG,Coral Garden\AUG 2024_CG_D\AUG_2024_CG_D_T2\GOPR4621\Coral5.JPG,5,0.2755,Coral Garden D,T2,1
Coral Garden\JULY 2024_CG_D\CG-D_T2\GOPR2985.JPG,Coral Garden\JULY 2024_CG_D\CG-D_T2\GOPR2985\Coral17.JPG,17,0.2014,Coral Garden D,T2,1
Coral Garden\JULY 2024_CG_D\CG-D_T2\GOPR2985.JPG,Coral Garden\JULY 2024_CG_D\CG-D_T2\GOPR2985\Coral18.JPG,18,0.187,Coral Garden D,T2,1
Coral Garden\JULY 2024_CG_D\CG-D_T2\GOPR2985.JPG,Coral Garden\JULY 2024_CG_D\CG-D_T2\GOPR2985\Coral12.JPG,12,0.33,Coral Garden D,T2,1
Coral Garden\JULY 2024_CG_D\CG-D_T2\GOPR3008.JPG,Coral Garden\JULY 2024_CG_D\CG-D_T2\GOPR3008\Coral20.JPG,20,0.2905,Coral Garden D,T2,1
Coral Garden\JULY 2024_CG_D\CG-D_T2\GOPR3008.JPG,Coral Garden\JULY 2024_CG_D\CG-D_T2\GOPR3008\Coral24.JPG,24,0.2518,Coral Garden D,T2,1
Coral Garden\JULY 2024_CG_D\CG-D_T2\GOPR3008.JPG,Coral Garden\JULY 2024_CG_D\CG-D_T2\GOPR3008\Coral29.JPG,29,0.2023,Coral Garden D,T2,1
Coral Garden\JULY 2024_CG_D\CG-D_T2\GOPR3008.JPG,Coral Garden\JULY 2024_CG_D\CG-D_T2\GOPR3008\Coral26.JPG,26,0.2191,Coral Garden D,T2,1
Coral Garden\JULY 2024_CG_D\CG-D_T2\GOPR3008.JPG,Coral Garden\JULY 2024_CG_D\CG-D_T2\GOPR3008\Coral11.JPG,11,0.4882,Coral Garden D,T2,1
Coral Garden\AUG 2024_CG_D\AUG_2024_CG_D_T2\GOPR4618.JPG,Coral Garden\AUG 2024_CG_D\AUG_2024_CG_D_T2\GOPR4618\Coral2.JPG,2,0.6789,Coral Garden D,T2,1
Coral Garden\JULY 2024_CG_D\CG-D_T2\GOPR2994.JPG,Coral Garden\JULY 2024_CG_D\CG-D_T2\GOPR2994\Coral21.JPG,21,0.3729,Coral Garden D,T2,1
Coral Garden\JULY 2024_CG_D\CG-D_T2\GOPR2994.JPG,Coral Garden\JULY 2024_CG_D\CG-D_T2\GOPR2994\Coral5.JPG,5,0.6497,Coral Garden D,T2,1
Coral Garden\JULY 2024_CG_D\CG-D_T2\GOPR2994.JPG,Coral Garden\JULY 2024_CG_D\CG-D_T2\GOPR2994\Coral31.JPG,31,0.2711,Coral Garden D,T2,1
Coral Garden\JULY 2024_CG_D\CG-D_T2\GOPR2994.JPG,Coral Garden\JULY 2024_CG_D\CG-D_T2\GOPR2994\Coral37.JPG,37,0.2221,Coral Garden D,T2,1
Coral Garden\JULY 2024_CG_D\CG-D_T2\GOPR2986.JPG,Coral Garden\JULY 2024_CG_D\CG-D_T2\GOPR2986\Coral15.JPG,15,0.3357,Coral Garden D,T2,1
Coral Garden\JULY 2024_CG_D\CG-D_T2\GOPR2986.JPG,Coral Garden\JULY 2024_CG_D\CG-D_T2\GOPR2986\Coral26.JPG,26,0.2172,Coral Garden D,T2,1
Coral Garden\AUG 2024_CG_D\AUG_2024_CG_D_T2\GOPR4620.JPG,Coral Garden\AUG 2024_CG_D\AUG_2024_CG_D_T2\GOPR4620\Coral1.JPG,1,0.7955,Coral Garden D,T2,1
Coral Garden\AUG 2024_CG_D\AUG_2024_CG_D_T2\GOPR4598.JPG,Coral Garden\AUG 2024_CG_D\AUG_2024_CG_D_T2\GOPR4598\Coral9.JPG,9,0.3987,Coral Garden D,T2,1
Coral Garden\AUG 2024_CG_D\AUG_2024_CG_D_T2\GOPR4598.JPG,Coral Garden\AUG 2024_CG_D\AUG_2024_CG_D_T2\GOPR4598\Coral4.JPG,4,0.4971,Coral Garden D,T2,1
Coral Garden\AUG 2024_CG_D\AUG_2024_CG_D_T2\GOPR4598.JPG,Coral Garden\AUG 2024_CG_D\AUG_2024_CG_D_T2\GOPR4598\Coral30.JPG,30,0.1564,Coral Garden D,T2,1
Coral Garden\AUG 2024_CG_D\AUG_2024_CG_D_T2\GOPR4629.JPG,Coral Garden\AUG 2024_CG_D\AUG_2024_CG_D_T2\GOPR4629\Coral9.JPG,9,0.5983,Coral Garden D,T2,1
Coral Garden\AUG 2024_CG_D\AUG_2024_CG_D_T2\GOPR4629.JPG,Coral Garden\AUG 2024_CG_D\AUG_2024_CG_D_T2\GOPR4629\Coral29.JPG,29,0.1986,Coral Garden D,T2,1
Coral Garden\AUG 2024_CG_D\AUG_2024_CG_D_T2\GOPR4629.JPG,Coral Garden\AUG 2024_CG_D\AUG_2024_CG_D_T2\GOPR4629\Coral14.JPG,14,0.2958,Coral Garden D,T2,1
Coral Garden\AUG 2024_CG_D\AUG_2024_CG_D_T2\GOPR4629.JPG,Coral Garden\AUG 2024_CG_D\AUG_2024_CG_D_T2\GOPR4629\Coral6.JPG,6,0.6517,Coral Garden D,T2,1
Coral Garden\JULY 2024_CG_D\CG-D_T2\GOPR3000.JPG,Coral Garden\JULY 2024_CG_D\CG-D_T2\GOPR3000\Coral3.JPG,3,0.555,Coral Garden D,T2,1
Coral Garden\JULY 2024_CG_D\CG-D_T2\GOPR2972.JPG,Coral Garden\JULY 2024_CG_D\CG-D_T2\GOPR2972\Coral3.JPG,3,0.3621,Coral Garden D,T2,1
Coral Garden\AUG 2024_CG_D\AUG_2024_CG_D_T2\GOPR4602.JPG,Coral Garden\AUG 2024_CG_D\AUG_2024_CG_D_T2\GOPR4602\Coral10.JPG,10,0.2084,Coral Garden D,T2,1
Coral Garden\AUG 2024_CG_D\AUG_2024_CG_D_T2\GOPR4602.JPG,Coral Garden\AUG 2024_CG_D\AUG_2024_CG_D_T2\GOPR4602\Coral3.JPG,3,0.489,Coral Garden D,T2,1
Coral Garden\JULY 2024_CG_D\CG-D_T2\GOPR3015.JPG,Coral Garden\JULY 2024_CG_D\CG-D_T2\GOPR3015\Coral2.JPG,2,0.5456,Coral Garden D,T2,1
Coral Garden\JULY 2024_CG_D\CG-D_T2\GOPR3022.JPG,Coral Garden\JULY 2024_CG_D\CG-D_T2\GOPR3022\Coral1.JPG,1,0.7268,Coral Garden D,T2,1
Coral Garden\JULY 2024_CG_D\CG-D_T2\GOPR3022.JPG,Coral Garden\JULY 2024_CG_D\CG-D_T2\GOPR3022\Coral28.JPG,28,0.1535,Coral Garden D,T2,1
Coral Garden\JULY 2024_CG_D\CG-D_T2\GOPR3022.JPG,Coral Garden\JULY 2024_CG_D\CG-D_T2\GOPR3022\Coral4.JPG,4,0.6224,Coral Garden D,T2,1
Coral Garden\JULY 2024_CG_D\CG-D_T2\GOPR3022.JPG,Coral Garden\JULY 2024_CG_D\CG-D_T2\GOPR3022\Coral9.JPG,9,0.4813,Coral Garden D,T2,1
Coral Garden\JULY 2024_CG_D\CG-D_T2\GOPR3022.JPG,Coral Garden\JULY 2024_CG_D\CG-D_T2\GOPR3022\Coral2.JPG,2,0.6995,Coral Garden D,T2,1
Coral Garden\JULY 2024_CG_D\CG-D_T2\GOPR3022.JPG,Coral Garden\JULY 2024_CG_D\CG-D_T2\GOPR3022\Coral10.JPG,10,0.3984,Coral Garden D,T2,1
Coral Garden\JULY 2024_CG_D\CG-D_T2\GOPR3017.JPG,Coral Garden\JULY 2024_CG_D\CG-D_T2\GOPR3017\Coral9.JPG,9,0.2315,Coral Garden D,T2,1
Coral Garden\JULY 2024_CG_D\CG-D_T2\GOPR3017.JPG,Coral Garden\JULY 2024_CG_D\CG-D_T2\GOPR3017\Coral12.JPG,12,0.202,Coral Garden D,T2,1
Coral Garden\JULY 2024_CG_D\CG-D_T2\GOPR3017.JPG,Coral Garden\JULY 2024_CG_D\CG-D_T2\GOPR3017\Coral17.JPG,17,0.1859,Coral Garden D,T2,1
Coral Garden\AUG 2024_CG_D\AUG_2024_CG_D_T2\GOPR4592.JPG,Coral Garden\AUG 2024_CG_D\AUG_2024_CG_D_T2\GOPR4592\Coral1.JPG,1,0.8018,Coral Garden D,T2,1
Coral Garden\AUG 2024_CG_D\AUG_2024_CG_D_T2\GOPR4619.JPG,Coral Garden\AUG 2024_CG_D\AUG_2024_CG_D_T2\GOPR4619\Coral7.JPG,7,0.1638,Coral Garden D,T2,1
Coral Garden\AUG 2024_CG_D\AUG_2024_CG_D_T2\GOPR4619.JPG,Coral Garden\AUG 2024_CG_D\AUG_2024_CG_D_T2\GOPR4619\Coral1.JPG,1,0.7126,Coral Garden D,T2,1
Coral Garden\AUG 2024_CG_D\AUG_2024_CG_D_T2\GOPR4603.JPG,Coral Garden\AUG 2024_CG_D\AUG_2024_CG_D_T2\GOPR4603\Coral2.JPG,2,0.631,Coral Garden D,T2,1
Coral Garden\AUG 2024_CG_D\AUG_2024_CG_D_T2\GOPR4617.JPG,Coral Garden\AUG 2024_CG_D\AUG_2024_CG_D_T2\GOPR4617\Coral4.JPG,4,0.7149,Coral Garden D,T2,1
Coral Garden\AUG 2024_CG_D\AUG_2024_CG_D_T2\GOPR4617.JPG,Coral Garden\AUG 2024_CG_D\AUG_2024_CG_D_T2\GOPR4617\Coral32.JPG,32,0.2232,Coral Garden D,T2,1
Coral Garden\AUG 2024_CG_D\AUG_2024_CG_D_T2\GOPR4617.JPG,Coral Garden\AUG 2024_CG_D\AUG_2024_CG_D_T2\GOPR4617\Coral33.JPG,33,0.2143,Coral Garden D,T2,1
Coral Garden\AUG 2024_CG_D\AUG_2024_CG_D_T2\GOPR4617.JPG,Coral Garden\AUG 2024_CG_D\AUG_2024_CG_D_T2\GOPR4617\Coral6.JPG,6,0.6748,Coral Garden D,T2,1
Coral Garden\AUG 2024_CG_D\AUG_2024_CG_D_T2\GOPR4617.JPG,Coral Garden\AUG 2024_CG_D\AUG_2024_CG_D_T2\GOPR4617\Coral16.JPG,16,0.4712,Coral Garden D,T2,1
Coral Garden\AUG 2024_CG_D\AUG_2024_CG_D_T2\GOPR4617.JPG,Coral Garden\AUG 2024_CG_D\AUG_2024_CG_D_T2\GOPR4617\Coral47.JPG,47,0.1528,Coral Garden D,T2,1
Coral Garden\AUG 2024_CG_D\AUG_2024_CG_D_T2\GOPR4617.JPG,Coral Garden\AUG 2024_CG_D\AUG_2024_CG_D_T2\GOPR4617\Coral3.JPG,3,0.7247,Coral Garden D,T2,1
Coral Garden\AUG 2024_CG_D\AUG_2024_CG_D_T2\GOPR4617.JPG,Coral Garden\AUG 2024_CG_D\AUG_2024_CG_D_T2\GOPR4617\Coral18.JPG,18,0.4239,Coral Garden D,T2,1
Coral Garden\AUG 2024_CG_D\AUG_2024_CG_D_T2\GOPR4617.JPG,Coral Garden\AUG 2024_CG_D\AUG_2024_CG_D_T2\GOPR4617\Coral9.JPG,9,0.6288,Coral Garden D,T2,1
Coral Garden\AUG 2024_CG_D\AUG_2024_CG_D_T2\GOPR4617.JPG,Coral Garden\AUG 2024_CG_D\AUG_2024_CG_D_T2\GOPR4617\Coral22.JPG,22,0.3918,Coral Garden D,T2,1
Coral Garden\AUG 2024_CG_D\AUG_2024_CG_D_T2\GOPR4617.JPG,Coral Garden\AUG 2024_CG_D\AUG_2024_CG_D_T2\GOPR4617\Coral19.JPG,19,0.4124,Coral Garden D,T2,1
Coral Garden\AUG 2024_CG_D\AUG_2024_CG_D_T2\GOPR4617.JPG,Coral Garden\AUG 2024_CG_D\AUG_2024_CG_D_T2\GOPR4617\Coral38.JPG,38,0.1899,Coral Garden D,T2,1
Coral Garden\AUG 2024_CG_D\AUG_2024_CG_D_T2\GOPR4617.JPG,Coral Garden\AUG 2024_CG_D\AUG_2024_CG_D_T2\GOPR4617\Coral39.JPG,39,0.1786,Coral Garden D,T2,1
Coral Garden\AUG 2024_CG_D\AUG_2024_CG_D_T2\GOPR4626.JPG,Coral Garden\AUG 2024_CG_D\AUG_2024_CG_D_T2\GOPR4626\Coral5.JPG,5,0.5274,Coral Garden D,T2,1
Coral Garden\AUG 2024_CG_D\AUG_2024_CG_D_T3\GOPR4696.JPG,Coral Garden\AUG 2024_CG_D\AUG_2024_CG_D_T3\GOPR4696\Coral8.JPG,8,0.3285,Coral Garden D,T3,1
Coral Garden\JULY 2024_CG_D\CG-D_T3\GOPR3053.JPG,Coral Garden\JULY 2024_CG_D\CG-D_T3\GOPR3053\Coral10.JPG,10,0.1571,Coral Garden D,T3,1
Coral Garden\AUG 2024_CG_D\AUG_2024_CG_D_T3\GOPR4682.JPG,Coral Garden\AUG 2024_CG_D\AUG_2024_CG_D_T3\GOPR4682\Coral2.JPG,2,0.7567,Coral Garden D,T3,1
Coral Garden\JULY 2024_CG_D\CG-D_T3\GOPR3038.JPG,Coral Garden\JULY 2024_CG_D\CG-D_T3\GOPR3038\Coral10.JPG,10,0.1557,Coral Garden D,T3,1
Coral Garden\AUG 2024_CG_D\AUG_2024_CG_D_T3\GOPR4673.JPG,Coral Garden\AUG 2024_CG_D\AUG_2024_CG_D_T3\GOPR4673\Coral22.JPG,22,0.1665,Coral Garden D,T3,1
Coral Garden\JULY 2024_CG_D\CG-D_T3\GOPR3063.JPG,Coral Garden\JULY 2024_CG_D\CG-D_T3\GOPR3063\Coral1.JPG,1,0.5871,Coral Garden D,T3,1
Coral Garden\JULY 2024_CG_D\CG-D_T3\GOPR3031.JPG,Coral Garden\JULY 2024_CG_D\CG-D_T3\GOPR3031\Coral26.JPG,26,0.1781,Coral Garden D,T3,1
Coral Garden\JULY 2024_CG_D\CG-D_T3\GOPR3049.JPG,Coral Garden\JULY 2024_CG_D\CG-D_T3\GOPR3049\Coral6.JPG,6,0.2564,Coral Garden D,T3,1
Coral Garden\AUG 2024_CG_D\AUG_2024_CG_D_T3\GOPR4652.JPG,Coral Garden\AUG 2024_CG_D\AUG_2024_CG_D_T3\GOPR4652\Coral2.JPG,2,0.2474,Coral Garden D,T3,1
Coral Garden\JULY 2024_CG_D\CG-D_T3\GOPR3034.JPG,Coral Garden\JULY 2024_CG_D\CG-D_T3\GOPR3034\Coral3.JPG,3,0.4789,Coral Garden D,T3,1
Coral Garden\AUG 2024_CG_D\AUG_2024_CG_D_T3\GOPR4677.JPG,Coral Garden\AUG 2024_CG_D\AUG_2024_CG_D_T3\GOPR4677\Coral12.JPG,12,0.4271,Coral Garden D,T3,1
Coral Garden\AUG 2024_CG_D\AUG_2024_CG_D_T3\GOPR4661.JPG,Coral Garden\AUG 2024_CG_D\AUG_2024_CG_D_T3\GOPR4661\Coral23.JPG,23,0.1882,Coral Garden D,T3,1
Coral Garden\JULY 2024_CG_D\CG-D_T3\GOPR3065.JPG,Coral Garden\JULY 2024_CG_D\CG-D_T3\GOPR3065\Coral3.JPG,3,0.2104,Coral Garden D,T3,1
Coral Garden\AUG 2024_CG_D\AUG_2024_CG_D_T3\GOPR4660.JPG,Coral Garden\AUG 2024_CG_D\AUG_2024_CG_D_T3\GOPR4660\Coral17.JPG,17,0.3328,Coral Garden D,T3,1
Coral Garden\AUG 2024_CG_D\AUG_2024_CG_D_T3\GOPR4657.JPG,Coral Garden\AUG 2024_CG_D\AUG_2024_CG_D_T3\GOPR4657\Coral11.JPG,11,0.3199,Coral Garden D,T3,1
Coral Garden\AUG 2024_CG_D\AUG_2024_CG_D_T3\GOPR4658.JPG,Coral Garden\AUG 2024_CG_D\AUG_2024_CG_D_T3\GOPR4658\Coral12.JPG,12,0.272,Coral Garden D,T3,1
Coral Garden\AUG 2024_CG_D\AUG_2024_CG_D_T3\GOPR4672.JPG,Coral Garden\AUG 2024_CG_D\AUG_2024_CG_D_T3\GOPR4672\Coral14.JPG,14,0.512,Coral Garden D,T3,1
Coral Garden\JULY 2024_CG_D\CG-D_T3\GOPR3042.JPG,Coral Garden\JULY 2024_CG_D\CG-D_T3\GOPR3042\Coral2.JPG,2,0.6048,Coral Garden D,T3,1
Coral Garden\AUG 2024_CG_D\AUG_2024_CG_D_T3\GOPR4666.JPG,Coral Garden\AUG 2024_CG_D\AUG_2024_CG_D_T3\GOPR4666\Coral5.JPG,5,0.3347,Coral Garden D,T3,1
Coral Garden\JULY 2024_CG_D\CG-D_T3\GOPR3066.JPG,Coral Garden\JULY 2024_CG_D\CG-D_T3\GOPR3066\Coral1.JPG,1,0.5435,Coral Garden D,T3,1
Coral Garden\AUG 2024_CG_D\AUG_2024_CG_D_T3\GOPR4680.JPG,Coral Garden\AUG 2024_CG_D\AUG_2024_CG_D_T3\GOPR4680\Coral2.JPG,2,0.176,Coral Garden D,T3,1
Coral Garden\JULY 2024_CG_D\CG-D_T3\GOPR3072.JPG,Coral Garden\JULY 2024_CG_D\CG-D_T3\GOPR3072\Coral2.JPG,2,0.5729,Coral Garden D,T3,1
Coral Garden\AUG 2024_CG_D\AUG_2024_CG_D_T3\GOPR4676.JPG,Coral Garden\AUG 2024_CG_D\AUG_2024_CG_D_T3\GOPR4676\Coral9.JPG,9,0.2616,Coral Garden D,T3,1
Coral Garden\AUG 2024_CG_D\AUG_2024_CG_D_T3\GOPR4696.JPG,Coral Garden\AUG 2024_CG_D\AUG_2024_CG_D_T3\GOPR4696\Coral6.JPG,6,0.3621,Coral Garden D,T3,1
Coral Garden\JULY 2024_CG_D\CG-D_T3\GOPR3056.JPG,Coral Garden\JULY 2024_CG_D\CG-D_T3\GOPR3056\Coral8.JPG,8,0.1808,Coral Garden D,T3,1
Coral Garden\JULY 2024_CG_D\CG-D_T3\GOPR3053.JPG,Coral Garden\JULY 2024_CG_D\CG-D_T3\GOPR3053\Coral5.JPG,5,0.3099,Coral Garden D,T3,1
Coral Garden\AUG 2024_CG_D\AUG_2024_CG_D_T3\GOPR4664.JPG,Coral Garden\AUG 2024_CG_D\AUG_2024_CG_D_T3\GOPR4664\Coral3.JPG,3,0.4849,Coral Garden D,T3,1
Coral Garden\JULY 2024_CG_D\CG-D_T3\GOPR3031.JPG,Coral Garden\JULY 2024_CG_D\CG-D_T3\GOPR3031\Coral1.JPG,1,0.7688,Coral Garden D,T3,1
Coral Garden\JULY 2024_CG_D\CG-D_T3\GOPR3060.JPG,Coral Garden\JULY 2024_CG_D\CG-D_T3\GOPR3060\Coral2.JPG,2,0.6583,Coral Garden D,T3,1
Coral Garden\AUG 2024_CG_D\AUG_2024_CG_D_T3\GOPR4678.JPG,Coral Garden\AUG 2024_CG_D\AUG_2024_CG_D_T3\GOPR4678\Coral6.JPG,6,0.4187,Coral Garden D,T3,1
Coral Garden\AUG 2024_CG_D\AUG_2024_CG_D_T3\GOPR4683.JPG,Coral Garden\AUG 2024_CG_D\AUG_2024_CG_D_T3\GOPR4683\Coral13.JPG,13,0.1723,Coral Garden D,T3,1
Coral Garden\JULY 2024_CG_D\CG-D_T3\GOPR3044.JPG,Coral Garden\JULY 2024_CG_D\CG-D_T3\GOPR3044\Coral5.JPG,5,0.3016,Coral Garden D,T3,1
Coral Garden\AUG 2024_CG_D\AUG_2024_CG_D_T3\GOPR4689.JPG,Coral Garden\AUG 2024_CG_D\AUG_2024_CG_D_T3\GOPR4689\Coral10.JPG,10,0.172,Coral Garden D,T3,1
Coral Garden\AUG 2024_CG_D\AUG_2024_CG_D_T3\GOPR4677.JPG,Coral Garden\AUG 2024_CG_D\AUG_2024_CG_D_T3\GOPR4677\Coral2.JPG,2,0.5855,Coral Garden D,T3,1
Coral Garden\AUG 2024_CG_D\AUG_2024_CG_D_T3\GOPR4681.JPG,Coral Garden\AUG 2024_CG_D\AUG_2024_CG_D_T3\GOPR4681\Coral16.JPG,16,0.1885,Coral Garden D,T3,1
Coral Garden\AUG 2024_CG_D\AUG_2024_CG_D_T3\GOPR4662.JPG,Coral Garden\AUG 2024_CG_D\AUG_2024_CG_D_T3\GOPR4662\Coral9.JPG,9,0.3018,Coral Garden D,T3,1
Coral Garden\AUG 2024_CG_D\AUG_2024_CG_D_T3\GOPR4650.JPG,Coral Garden\AUG 2024_CG_D\AUG_2024_CG_D_T3\GOPR4650\Coral1.JPG,1,0.3356,Coral Garden D,T3,1
Coral Garden\AUG 2024_CG_D\AUG_2024_CG_D_T3\GOPR4697.JPG,Coral Garden\AUG 2024_CG_D\AUG_2024_CG_D_T3\GOPR4697\Coral10.JPG,10,0.2753,Coral Garden D,T3,1
Coral Garden\AUG 2024_CG_D\AUG_2024_CG_D_T3\GOPR4686.JPG,Coral Garden\AUG 2024_CG_D\AUG_2024_CG_D_T3\GOPR4686\Coral2.JPG,2,0.2179,Coral Garden D,T3,1
Coral Garden\AUG 2024_CG_D\AUG_2024_CG_D_T3\GOPR4663.JPG,Coral Garden\AUG 2024_CG_D\AUG_2024_CG_D_T3\GOPR4663\Coral2.JPG,2,0.3481,Coral Garden D,T3,1
Coral Garden\JULY 2024_CG_D\CG-D_T3\GOPR3062.JPG,Coral Garden\JULY 2024_CG_D\CG-D_T3\GOPR3062\Coral9.JPG,9,0.1506,Coral Garden D,T3,1
Coral Garden\JULY 2024_CG_D\CG-D_T3\GOPR3050.JPG,Coral Garden\JULY 2024_CG_D\CG-D_T3\GOPR3050\Coral3.JPG,3,0.1564,Coral Garden D,T3,1
Coral Garden\JULY 2024_CG_D\CG-D_T3\GOPR3047.JPG,Coral Garden\JULY 2024_CG_D\CG-D_T3\GOPR3047\Coral2.JPG,2,0.4675,Coral Garden D,T3,1
Coral Garden\AUG 2024_CG_D\AUG_2024_CG_D_T3\GOPR4656.JPG,Coral Garden\AUG 2024_CG_D\AUG_2024_CG_D_T3\GOPR4656\Coral20.JPG,20,0.3188,Coral Garden D,T3,1
Coral Garden\JULY 2024_CG_D\CG-D_T3\GOPR3028.JPG,Coral Garden\JULY 2024_CG_D\CG-D_T3\GOPR3028\Coral10.JPG,10,0.3551,Coral Garden D,T3,1
Coral Garden\AUG 2024_CG_D\AUG_2024_CG_D_T3\GOPR4693.JPG,Coral Garden\AUG 2024_CG_D\AUG_2024_CG_D_T3\GOPR4693\Coral13.JPG,13,0.1739,Coral Garden D,T3,1
Coral Garden\JULY 2024_CG_D\CG-D_T3\GOPR3058.JPG,Coral Garden\JULY 2024_CG_D\CG-D_T3\GOPR3058\Coral8.JPG,8,0.1661,Coral Garden D,T3,1
Coral Garden\JULY 2024_CG_D\CG-D_T3\GOPR3029.JPG,Coral Garden\JULY 2024_CG_D\CG-D_T3\GOPR3029\Coral7.JPG,7,0.5093,Coral Garden D,T3,1
Coral Garden\AUG 2024_CG_D\AUG_2024_CG_D_T3\GOPR4683.JPG,Coral Garden\AUG 2024_CG_D\AUG_2024_CG_D_T3\GOPR4683\Coral9.JPG,9,0.2357,Coral Garden D,T3,1
Coral Garden\AUG 2024_CG_D\AUG_2024_CG_D_T3\GOPR4665.JPG,Coral Garden\AUG 2024_CG_D\AUG_2024_CG_D_T3\GOPR4665\Coral6.JPG,6,0.3616,Coral Garden D,T3,1
Coral Garden\AUG 2024_CG_D\AUG_2024_CG_D_T3\GOPR4677.JPG,Coral Garden\AUG 2024_CG_D\AUG_2024_CG_D_T3\GOPR4677\Coral16.JPG,16,0.3689,Coral Garden D,T3,1
Coral Garden\AUG 2024_CG_D\AUG_2024_CG_D_T3\GOPR4657.JPG,Coral Garden\AUG 2024_CG_D\AUG_2024_CG_D_T3\GOPR4657\Coral7.JPG,7,0.3782,Coral Garden D,T3,1
Coral Garden\AUG 2024_CG_D\AUG_2024_CG_D_T3\GOPR4643.JPG,Coral Garden\AUG 2024_CG_D\AUG_2024_CG_D_T3\GOPR4643\Coral11.JPG,11,0.162,Coral Garden D,T3,1
Coral Garden\AUG 2024_CG_D\AUG_2024_CG_D_T3\GOPR4643.JPG,Coral Garden\AUG 2024_CG_D\AUG_2024_CG_D_T3\GOPR4643\Coral2.JPG,2,0.7844,Coral Garden D,T3,1
Coral Garden\JULY 2024_CG_D\CG-D_T3\GOPR3042.JPG,Coral Garden\JULY 2024_CG_D\CG-D_T3\GOPR3042\Coral6.JPG,6,0.3822,Coral Garden D,T3,1
Coral Garden\JULY 2024_CG_D\CG-D_T3\GOPR3042.JPG,Coral Garden\JULY 2024_CG_D\CG-D_T3\GOPR3042\Coral10.JPG,10,0.2983,Coral Garden D,T3,1
Coral Garden\JULY 2024_CG_D\CG-D_T3\GOPR3042.JPG,Coral Garden\JULY 2024_CG_D\CG-D_T3\GOPR3042\Coral15.JPG,15,0.1839,Coral Garden D,T3,1
Coral Garden\JULY 2024_CG_D\CG-D_T3\GOPR3042.JPG,Coral Garden\JULY 2024_CG_D\CG-D_T3\GOPR3042\Coral1.JPG,1,0.6392,Coral Garden D,T3,1
Coral Garden\JULY 2024_CG_D\CG-D_T3\GOPR3066.JPG,Coral Garden\JULY 2024_CG_D\CG-D_T3\GOPR3066\Coral5.JPG,5,0.2823,Coral Garden D,T3,1
Coral Garden\JULY 2024_CG_D\CG-D_T3\GOPR3066.JPG,Coral Garden\JULY 2024_CG_D\CG-D_T3\GOPR3066\Coral7.JPG,7,0.2746,Coral Garden D,T3,1
Coral Garden\JULY 2024_CG_D\CG-D_T3\GOPR3041.JPG,Coral Garden\JULY 2024_CG_D\CG-D_T3\GOPR3041\Coral13.JPG,13,0.2045,Coral Garden D,T3,1
Coral Garden\JULY 2024_CG_D\CG-D_T3\GOPR3041.JPG,Coral Garden\JULY 2024_CG_D\CG-D_T3\GOPR3041\Coral14.JPG,14,0.1993,Coral Garden D,T3,1
Coral Garden\JULY 2024_CG_D\CG-D_T3\GOPR3041.JPG,Coral Garden\JULY 2024_CG_D\CG-D_T3\GOPR3041\Coral11.JPG,11,0.2981,Coral Garden D,T3,1
Coral Garden\JULY 2024_CG_D\CG-D_T3\GOPR3071.JPG,Coral Garden\JULY 2024_CG_D\CG-D_T3\GOPR3071\Coral12.JPG,12,0.2892,Coral Garden D,T3,1
Coral Garden\JULY 2024_CG_D\CG-D_T3\GOPR3071.JPG,Coral Garden\JULY 2024_CG_D\CG-D_T3\GOPR3071\Coral17.JPG,17,0.2036,Coral Garden D,T3,1
Coral Garden\AUG 2024_CG_D\AUG_2024_CG_D_T3\GOPR4674.JPG,Coral Garden\AUG 2024_CG_D\AUG_2024_CG_D_T3\GOPR4674\Coral19.JPG,19,0.2845,Coral Garden D,T3,1
Coral Garden\AUG 2024_CG_D\AUG_2024_CG_D_T3\GOPR4674.JPG,Coral Garden\AUG 2024_CG_D\AUG_2024_CG_D_T3\GOPR4674\Coral34.JPG,34,0.1775,Coral Garden D,T3,1
Coral Garden\AUG 2024_CG_D\AUG_2024_CG_D_T3\GOPR4674.JPG,Coral Garden\AUG 2024_CG_D\AUG_2024_CG_D_T3\GOPR4674\Coral5.JPG,5,0.5497,Coral Garden D,T3,1
Coral Garden\AUG 2024_CG_D\AUG_2024_CG_D_T3\GOPR4674.JPG,Coral Garden\AUG 2024_CG_D\AUG_2024_CG_D_T3\GOPR4674\Coral26.JPG,26,0.212,Coral Garden D,T3,1
Coral Garden\AUG 2024_CG_D\AUG_2024_CG_D_T3\GOPR4674.JPG,Coral Garden\AUG 2024_CG_D\AUG_2024_CG_D_T3\GOPR4674\Coral11.JPG,11,0.4221,Coral Garden D,T3,1
Coral Garden\JULY 2024_CG_D\CG-D_T3\GOPR3064.JPG,Coral Garden\JULY 2024_CG_D\CG-D_T3\GOPR3064\Coral22.JPG,22,0.1767,Coral Garden D,T3,1
Coral Garden\JULY 2024_CG_D\CG-D_T3\GOPR3064.JPG,Coral Garden\JULY 2024_CG_D\CG-D_T3\GOPR3064\Coral13.JPG,13,0.3224,Coral Garden D,T3,1
Coral Garden\JULY 2024_CG_D\CG-D_T3\GOPR3064.JPG,Coral Garden\JULY 2024_CG_D\CG-D_T3\GOPR3064\Coral6.JPG,6,0.5167,Coral Garden D,T3,1
Coral Garden\JULY 2024_CG_D\CG-D_T3\GOPR3064.JPG,Coral Garden\JULY 2024_CG_D\CG-D_T3\GOPR3064\Coral10.JPG,10,0.3576,Coral Garden D,T3,1
Coral Garden\JULY 2024_CG_D\CG-D_T3\GOPR3064.JPG,Coral Garden\JULY 2024_CG_D\CG-D_T3\GOPR3064\Coral21.JPG,21,0.2214,Coral Garden D,T3,1
Coral Garden\JULY 2024_CG_D\CG-D_T3\GOPR3064.JPG,Coral Garden\JULY 2024_CG_D\CG-D_T3\GOPR3064\Coral23.JPG,23,0.1748,Coral Garden D,T3,1
Coral Garden\JULY 2024_CG_D\CG-D_T3\GOPR3064.JPG,Coral Garden\JULY 2024_CG_D\CG-D_T3\GOPR3064\Coral1.JPG,1,0.7355,Coral Garden D,T3,1
Coral Garden\JULY 2024_CG_D\CG-D_T3\GOPR3062.JPG,Coral Garden\JULY 2024_CG_D\CG-D_T3\GOPR3062\Coral6.JPG,6,0.3528,Coral Garden D,T3,1
Coral Garden\JULY 2024_CG_D\CG-D_T3\GOPR3062.JPG,Coral Garden\JULY 2024_CG_D\CG-D_T3\GOPR3062\Coral8.JPG,8,0.2018,Coral Garden D,T3,1
Coral Garden\JULY 2024_CG_D\CG-D_T3\GOPR3062.JPG,Coral Garden\JULY 2024_CG_D\CG-D_T3\GOPR3062\Coral1.JPG,1,0.6606,Coral Garden D,T3,1
Coral Garden\JULY 2024_CG_D\CG-D_T3\GOPR3072.JPG,Coral Garden\JULY 2024_CG_D\CG-D_T3\GOPR3072\Coral5.JPG,5,0.5166,Coral Garden D,T3,1
Coral Garden\JULY 2024_CG_D\CG-D_T3\GOPR3072.JPG,Coral Garden\JULY 2024_CG_D\CG-D_T3\GOPR3072\Coral14.JPG,14,0.2708,Coral Garden D,T3,1
Coral Garden\JULY 2024_CG_D\CG-D_T3\GOPR3072.JPG,Coral Garden\JULY 2024_CG_D\CG-D_T3\GOPR3072\Coral1.JPG,1,0.6558,Coral Garden D,T3,1
Coral Garden\JULY 2024_CG_D\CG-D_T3\GOPR3072.JPG,Coral Garden\JULY 2024_CG_D\CG-D_T3\GOPR3072\Coral17.JPG,17,0.1509,Coral Garden D,T3,1
Coral Garden\AUG 2024_CG_D\AUG_2024_CG_D_T3\GOPR4676.JPG,Coral Garden\AUG 2024_CG_D\AUG_2024_CG_D_T3\GOPR4676\Coral1.JPG,1,0.6215,Coral Garden D,T3,1
Coral Garden\AUG 2024_CG_D\AUG_2024_CG_D_T3\GOPR4676.JPG,Coral Garden\AUG 2024_CG_D\AUG_2024_CG_D_T3\GOPR4676\Coral10.JPG,10,0.252,Coral Garden D,T3,1
Coral Garden\AUG 2024_CG_D\AUG_2024_CG_D_T3\GOPR4676.JPG,Coral Garden\AUG 2024_CG_D\AUG_2024_CG_D_T3\GOPR4676\Coral13.JPG,13,0.2377,Coral Garden D,T3,1
Coral Garden\AUG 2024_CG_D\AUG_2024_CG_D_T3\GOPR4676.JPG,Coral Garden\AUG 2024_CG_D\AUG_2024_CG_D_T3\GOPR4676\Coral7.JPG,7,0.3911,Coral Garden D,T3,1
Coral Garden\AUG 2024_CG_D\AUG_2024_CG_D_T3\GOPR4659.JPG,Coral Garden\AUG 2024_CG_D\AUG_2024_CG_D_T3\GOPR4659\Coral1.JPG,1,0.6889,Coral Garden D,T3,1
Coral Garden\JULY 2024_CG_D\CG-D_T3\GOPR3047.JPG,Coral Garden\JULY 2024_CG_D\CG-D_T3\GOPR3047\Coral13.JPG,13,0.1503,Coral Garden D,T3,1
Coral Garden\AUG 2024_CG_D\AUG_2024_CG_D_T3\GOPR4656.JPG,Coral Garden\AUG 2024_CG_D\AUG_2024_CG_D_T3\GOPR4656\Coral8.JPG,8,0.4542,Coral Garden D,T3,1
Coral Garden\AUG 2024_CG_D\AUG_2024_CG_D_T3\GOPR4656.JPG,Coral Garden\AUG 2024_CG_D\AUG_2024_CG_D_T3\GOPR4656\Coral27.JPG,27,0.2295,Coral Garden D,T3,1
Coral Garden\AUG 2024_CG_D\AUG_2024_CG_D_T3\GOPR4656.JPG,Coral Garden\AUG 2024_CG_D\AUG_2024_CG_D_T3\GOPR4656\Coral15.JPG,15,0.3478,Coral Garden D,T3,1
Coral Garden\AUG 2024_CG_D\AUG_2024_CG_D_T3\GOPR4656.JPG,Coral Garden\AUG 2024_CG_D\AUG_2024_CG_D_T3\GOPR4656\Coral26.JPG,26,0.234,Coral Garden D,T3,1
Coral Garden\AUG 2024_CG_D\AUG_2024_CG_D_T3\GOPR4656.JPG,Coral Garden\AUG 2024_CG_D\AUG_2024_CG_D_T3\GOPR4656\Coral32.JPG,32,0.2078,Coral Garden D,T3,1
Coral Garden\AUG 2024_CG_D\AUG_2024_CG_D_T3\GOPR4656.JPG,Coral Garden\AUG 2024_CG_D\AUG_2024_CG_D_T3\GOPR4656\Coral30.JPG,30,0.2133,Coral Garden D,T3,1
Coral Garden\AUG 2024_CG_D\AUG_2024_CG_D_T3\GOPR4656.JPG,Coral Garden\AUG 2024_CG_D\AUG_2024_CG_D_T3\GOPR4656\Coral36.JPG,36,0.1621,Coral Garden D,T3,1
Coral Garden\AUG 2024_CG_D\AUG_2024_CG_D_T3\GOPR4656.JPG,Coral Garden\AUG 2024_CG_D\AUG_2024_CG_D_T3\GOPR4656\Coral28.JPG,28,0.2256,Coral Garden D,T3,1
Coral Garden\AUG 2024_CG_D\AUG_2024_CG_D_T3\GOPR4656.JPG,Coral Garden\AUG 2024_CG_D\AUG_2024_CG_D_T3\GOPR4656\Coral5.JPG,5,0.5662,Coral Garden D,T3,1
Coral Garden\AUG 2024_CG_D\AUG_2024_CG_D_T3\GOPR4692.JPG,Coral Garden\AUG 2024_CG_D\AUG_2024_CG_D_T3\GOPR4692\Coral22.JPG,22,0.1726,Coral Garden D,T3,1
Coral Garden\AUG 2024_CG_D\AUG_2024_CG_D_T3\GOPR4692.JPG,Coral Garden\AUG 2024_CG_D\AUG_2024_CG_D_T3\GOPR4692\Coral7.JPG,7,0.4382,Coral Garden D,T3,1
Coral Garden\AUG 2024_CG_D\AUG_2024_CG_D_T3\GOPR4692.JPG,Coral Garden\AUG 2024_CG_D\AUG_2024_CG_D_T3\GOPR4692\Coral17.JPG,17,0.2619,Coral Garden D,T3,1
Coral Garden\AUG 2024_CG_D\AUG_2024_CG_D_T3\GOPR4692.JPG,Coral Garden\AUG 2024_CG_D\AUG_2024_CG_D_T3\GOPR4692\Coral10.JPG,10,0.3446,Coral Garden D,T3,1
Coral Garden\JULY 2024_CG_D\CG-D_T3\GOPR3028.JPG,Coral Garden\JULY 2024_CG_D\CG-D_T3\GOPR3028\Coral14.JPG,14,0.3171,Coral Garden D,T3,1
Coral Garden\JULY 2024_CG_D\CG-D_T3\GOPR3028.JPG,Coral Garden\JULY 2024_CG_D\CG-D_T3\GOPR3028\Coral5.JPG,5,0.5482,Coral Garden D,T3,1
Coral Garden\JULY 2024_CG_D\CG-D_T3\GOPR3028.JPG,Coral Garden\JULY 2024_CG_D\CG-D_T3\GOPR3028\Coral11.JPG,11,0.3303,Coral Garden D,T3,1
Coral Garden\JULY 2024_CG_D\CG-D_T3\GOPR3028.JPG,Coral Garden\JULY 2024_CG_D\CG-D_T3\GOPR3028\Coral6.JPG,6,0.535,Coral Garden D,T3,1
Coral Garden\JULY 2024_CG_D\CG-D_T3\GOPR3028.JPG,Coral Garden\JULY 2024_CG_D\CG-D_T3\GOPR3028\Coral3.JPG,3,0.6677,Coral Garden D,T3,1
Coral Garden\JULY 2024_CG_D\CG-D_T3\GOPR3055.JPG,Coral Garden\JULY 2024_CG_D\CG-D_T3\GOPR3055\Coral5.JPG,5,0.3267,Coral Garden D,T3,1
Coral Garden\JULY 2024_CG_D\CG-D_T3\GOPR3055.JPG,Coral Garden\JULY 2024_CG_D\CG-D_T3\GOPR3055\Coral2.JPG,2,0.3992,Coral Garden D,T3,1
Coral Garden\AUG 2024_CG_D\AUG_2024_CG_D_T3\GOPR4696.JPG,Coral Garden\AUG 2024_CG_D\AUG_2024_CG_D_T3\GOPR4696\Coral10.JPG,10,0.3034,Coral Garden D,T3,1
Giant Clam (Shallow Only)\2024_AUG_GC_D\2024_AUG_GC_T1\GOPR4398.JPG,Giant Clam (Shallow Only)\2024_AUG_GC_D\2024_AUG_GC_T1\GOPR4398\Coral12.JPG,12,0.2676,Giant Clam,T1,1
Giant Clam (Shallow Only)\2024_JUL_GC_D\2024_JUL_GC-D_T1\GOPR3398.JPG,Giant Clam (Shallow Only)\2024_JUL_GC_D\2024_JUL_GC-D_T1\GOPR3398\Coral7.JPG,7,0.2016,Giant Clam,T1,1
Giant Clam (Shallow Only)\2024_AUG_GC_D\2024_AUG_GC_T1\GOPR4403.JPG,Giant Clam (Shallow Only)\2024_AUG_GC_D\2024_AUG_GC_T1\GOPR4403\Coral2.JPG,2,0.5277,Giant Clam,T1,1
Giant Clam (Shallow Only)\2024_AUG_GC_D\2024_AUG_GC_T1\GOPR4400.JPG,Giant Clam (Shallow Only)\2024_AUG_GC_D\2024_AUG_GC_T1\GOPR4400\Coral21.JPG,21,0.1727,Giant Clam,T1,1
Giant Clam (Shallow Only)\2024_JUL_GC_D\2024_JUL_GC-D_T1\GOPR3405.JPG,Giant Clam (Shallow Only)\2024_JUL_GC_D\2024_JUL_GC-D_T1\GOPR3405\Coral31.JPG,31,0.3519,Giant Clam,T1,1
Giant Clam (Shallow Only)\2024_JUL_GC_D\2024_JUL_GC-D_T1\GOPR3412.JPG,Giant Clam (Shallow Only)\2024_JUL_GC_D\2024_JUL_GC-D_T1\GOPR3412\Coral25.JPG,25,0.3115,Giant Clam,T1,1
Giant Clam (Shallow Only)\2024_AUG_GC_D\2024_AUG_GC_T1\GOPR4386.JPG,Giant Clam (Shallow Only)\2024_AUG_GC_D\2024_AUG_GC_T1\GOPR4386\Coral7.JPG,7,0.2954,Giant Clam,T1,1
Giant Clam (Shallow Only)\2024_JUL_GC_D\2024_JUL_GC-D_T1\GOPR3409.JPG,Giant Clam (Shallow Only)\2024_JUL_GC_D\2024_JUL_GC-D_T1\GOPR3409\Coral6.JPG,6,0.6181,Giant Clam,T1,1
Giant Clam (Shallow Only)\2024_JUL_GC_D\2024_JUL_GC-D_T1\GOPR3402.JPG,Giant Clam (Shallow Only)\2024_JUL_GC_D\2024_JUL_GC-D_T1\GOPR3402\Coral1.JPG,1,0.7187,Giant Clam,T1,1
Giant Clam (Shallow Only)\2024_JUL_GC_D\2024_JUL_GC-D_T1\GOPR3424.JPG,Giant Clam (Shallow Only)\2024_JUL_GC_D\2024_JUL_GC-D_T1\GOPR3424\Coral38.JPG,38,0.1638,Giant Clam,T1,1
Giant Clam (Shallow Only)\2024_JUL_GC_D\2024_JUL_GC-D_T1\GOPR3397.JPG,Giant Clam (Shallow Only)\2024_JUL_GC_D\2024_JUL_GC-D_T1\GOPR3397\Coral13.JPG,13,0.1627,Giant Clam,T1,1
Giant Clam (Shallow Only)\2024_JUL_GC_D\2024_JUL_GC-D_T1\GOPR3394.JPG,Giant Clam (Shallow Only)\2024_JUL_GC_D\2024_JUL_GC-D_T1\GOPR3394\Coral18.JPG,18,0.2483,Giant Clam,T1,1
Giant Clam (Shallow Only)\2024_AUG_GC_D\2024_AUG_GC_T1\GOPR4379.JPG,Giant Clam (Shallow Only)\2024_AUG_GC_D\2024_AUG_GC_T1\GOPR4379\Coral14.JPG,14,0.1572,Giant Clam,T1,1
Giant Clam (Shallow Only)\2024_JUL_GC_D\2024_JUL_GC-D_T1\GOPR3396.JPG,Giant Clam (Shallow Only)\2024_JUL_GC_D\2024_JUL_GC-D_T1\GOPR3396\Coral6.JPG,6,0.4205,Giant Clam,T1,1
Giant Clam (Shallow Only)\2024_AUG_GC_D\2024_AUG_GC_T1\GOPR4397.JPG,Giant Clam (Shallow Only)\2024_AUG_GC_D\2024_AUG_GC_T1\GOPR4397\Coral2.JPG,2,0.7078,Giant Clam,T1,1
Giant Clam (Shallow Only)\2024_AUG_GC_D\2024_AUG_GC_T1\GOPR4377.JPG,Giant Clam (Shallow Only)\2024_AUG_GC_D\2024_AUG_GC_T1\GOPR4377\Coral7.JPG,7,0.3438,Giant Clam,T1,1
Giant Clam (Shallow Only)\2024_AUG_GC_D\2024_AUG_GC_T1\GOPR4367.JPG,Giant Clam (Shallow Only)\2024_AUG_GC_D\2024_AUG_GC_T1\GOPR4367\Coral6.JPG,6,0.3939,Giant Clam,T1,1
Giant Clam (Shallow Only)\2024_AUG_GC_D\2024_AUG_GC_T1\GOPR4404.JPG,Giant Clam (Shallow Only)\2024_AUG_GC_D\2024_AUG_GC_T1\GOPR4404\Coral9.JPG,9,0.4183,Giant Clam,T1,1
Giant Clam (Shallow Only)\2024_JUL_GC_D\2024_JUL_GC-D_T1\GOPR3387.JPG,Giant Clam (Shallow Only)\2024_JUL_GC_D\2024_JUL_GC-D_T1\GOPR3387\Coral14.JPG,14,0.2378,Giant Clam,T1,1
Giant Clam (Shallow Only)\2024_AUG_GC_D\2024_AUG_GC_T1\GOPR4373.JPG,Giant Clam (Shallow Only)\2024_AUG_GC_D\2024_AUG_GC_T1\GOPR4373\Coral12.JPG,12,0.2446,Giant Clam,T1,1
Giant Clam (Shallow Only)\2024_JUL_GC_D\2024_JUL_GC-D_T1\GOPR3393.JPG,Giant Clam (Shallow Only)\2024_JUL_GC_D\2024_JUL_GC-D_T1\GOPR3393\Coral20.JPG,20,0.1942,Giant Clam,T1,1
Giant Clam (Shallow Only)\2024_AUG_GC_D\2024_AUG_GC_T1\GOPR4384.JPG,Giant Clam (Shallow Only)\2024_AUG_GC_D\2024_AUG_GC_T1\GOPR4384\Coral14.JPG,14,0.2348,Giant Clam,T1,1
Giant Clam (Shallow Only)\2024_AUG_GC_D\2024_AUG_GC_T1\GOPR4393.JPG,Giant Clam (Shallow Only)\2024_AUG_GC_D\2024_AUG_GC_T1\GOPR4393\Coral6.JPG,6,0.4556,Giant Clam,T1,1
Giant Clam (Shallow Only)\2024_AUG_GC_D\2024_AUG_GC_T1\GOPR4389.JPG,Giant Clam (Shallow Only)\2024_AUG_GC_D\2024_AUG_GC_T1\GOPR4389\Coral2.JPG,2,0.7125,Giant Clam,T1,1
Giant Clam (Shallow Only)\2024_AUG_GC_D\2024_AUG_GC_T1\GOPR4385.JPG,Giant Clam (Shallow Only)\2024_AUG_GC_D\2024_AUG_GC_T1\GOPR4385\Coral8.JPG,8,0.2427,Giant Clam,T1,1
Giant Clam (Shallow Only)\2024_JUL_GC_D\2024_JUL_GC-D_T1\GOPR3408.JPG,Giant Clam (Shallow Only)\2024_JUL_GC_D\2024_JUL_GC-D_T1\GOPR3408\Coral15.JPG,15,0.4048,Giant Clam,T1,1
Giant Clam (Shallow Only)\2024_JUL_GC_D\2024_JUL_GC-D_T1\GOPR3403.JPG,Giant Clam (Shallow Only)\2024_JUL_GC_D\2024_JUL_GC-D_T1\GOPR3403\Coral15.JPG,15,0.215,Giant Clam,T1,1
Giant Clam (Shallow Only)\2024_AUG_GC_D\2024_AUG_GC_T1\GOPR4381.JPG,Giant Clam (Shallow Only)\2024_AUG_GC_D\2024_AUG_GC_T1\GOPR4381\Coral22.JPG,22,0.1754,Giant Clam,T1,1
Giant Clam (Shallow Only)\2024_AUG_GC_D\2024_AUG_GC_T1\GOPR4398.JPG,Giant Clam (Shallow Only)\2024_AUG_GC_D\2024_AUG_GC_T1\GOPR4398\Coral1.JPG,1,0.7408,Giant Clam,T1,1
Giant Clam (Shallow Only)\2024_AUG_GC_D\2024_AUG_GC_T1\GOPR4400.JPG,Giant Clam (Shallow Only)\2024_AUG_GC_D\2024_AUG_GC_T1\GOPR4400\Coral10.JPG,10,0.2623,Giant Clam,T1,1
Giant Clam (Shallow Only)\2024_JUL_GC_D\2024_JUL_GC-D_T1\GOPR3412.JPG,Giant Clam (Shallow Only)\2024_JUL_GC_D\2024_JUL_GC-D_T1\GOPR3412\Coral6.JPG,6,0.5617,Giant Clam,T1,1
Giant Clam (Shallow Only)\2024_JUL_GC_D\2024_JUL_GC-D_T1\GOPR3386.JPG,Giant Clam (Shallow Only)\2024_JUL_GC_D\2024_JUL_GC-D_T1\GOPR3386\Coral16.JPG,16,0.1596,Giant Clam,T1,1
Giant Clam (Shallow Only)\2024_JUL_GC_D\2024_JUL_GC-D_T1\GOPR3400.JPG,Giant Clam (Shallow Only)\2024_JUL_GC_D\2024_JUL_GC-D_T1\GOPR3400\Coral13.JPG,13,0.2789,Giant Clam,T1,1
Giant Clam (Shallow Only)\2024_JUL_GC_D\2024_JUL_GC-D_T1\GOPR3415.JPG,Giant Clam (Shallow Only)\2024_JUL_GC_D\2024_JUL_GC-D_T1\GOPR3415\Coral31.JPG,31,0.1535,Giant Clam,T1,1
Giant Clam (Shallow Only)\2024_AUG_GC_D\2024_AUG_GC_T1\GOPR4372.JPG,Giant Clam (Shallow Only)\2024_AUG_GC_D\2024_AUG_GC_T1\GOPR4372\Coral8.JPG,8,0.3898,Giant Clam,T1,1
Giant Clam (Shallow Only)\2024_AUG_GC_D\2024_AUG_GC_T1\GOPR4410.JPG,Giant Clam (Shallow Only)\2024_AUG_GC_D\2024_AUG_GC_T1\GOPR4410\Coral20.JPG,20,0.3454,Giant Clam,T1,1
Giant Clam (Shallow Only)\2024_JUL_GC_D\2024_JUL_GC-D_T1\GOPR3381.JPG,Giant Clam (Shallow Only)\2024_JUL_GC_D\2024_JUL_GC-D_T1\GOPR3381\Coral31.JPG,31,0.1558,Giant Clam,T1,1
Giant Clam (Shallow Only)\2024_JUL_GC_D\2024_JUL_GC-D_T1\GOPR3425.JPG,Giant Clam (Shallow Only)\2024_JUL_GC_D\2024_JUL_GC-D_T1\GOPR3425\Coral7.JPG,7,0.5717,Giant Clam,T1,1
Giant Clam (Shallow Only)\2024_JUL_GC_D\2024_JUL_GC-D_T1\GOPR3382.JPG,Giant Clam (Shallow Only)\2024_JUL_GC_D\2024_JUL_GC-D_T1\GOPR3382\Coral9.JPG,9,0.3971,Giant Clam,T1,1
Giant Clam (Shallow Only)\2024_AUG_GC_D\2024_AUG_GC_T1\GOPR4396.JPG,Giant Clam (Shallow Only)\2024_AUG_GC_D\2024_AUG_GC_T1\GOPR4396\Coral7.JPG,7,0.5502,Giant Clam,T1,1
Giant Clam (Shallow Only)\2024_JUL_GC_D\2024_JUL_GC-D_T1\GOPR3408.JPG,Giant Clam (Shallow Only)\2024_JUL_GC_D\2024_JUL_GC-D_T1\GOPR3408\Coral28.JPG,28,0.2204,Giant Clam,T1,1
Giant Clam (Shallow Only)\2024_JUL_GC_D\2024_JUL_GC-D_T1\GOPR3403.JPG,Giant Clam (Shallow Only)\2024_JUL_GC_D\2024_JUL_GC-D_T1\GOPR3403\Coral5.JPG,5,0.576,Giant Clam,T1,1
Giant Clam (Shallow Only)\2024_JUL_GC_D\2024_JUL_GC-D_T1\GOPR3401.JPG,Giant Clam (Shallow Only)\2024_JUL_GC_D\2024_JUL_GC-D_T1\GOPR3401\Coral5.JPG,5,0.3319,Giant Clam,T1,1
Giant Clam (Shallow Only)\2024_AUG_GC_D\2024_AUG_GC_T1\GOPR4386.JPG,Giant Clam (Shallow Only)\2024_AUG_GC_D\2024_AUG_GC_T1\GOPR4386\Coral5.JPG,5,0.3123,Giant Clam,T1,1
Giant Clam (Shallow Only)\2024_JUL_GC_D\2024_JUL_GC-D_T1\GOPR3400.JPG,Giant Clam (Shallow Only)\2024_JUL_GC_D\2024_JUL_GC-D_T1\GOPR3400\Coral2.JPG,2,0.8056,Giant Clam,T1,1
Giant Clam (Shallow Only)\2024_JUL_GC_D\2024_JUL_GC-D_T1\GOPR3397.JPG,Giant Clam (Shallow Only)\2024_JUL_GC_D\2024_JUL_GC-D_T1\GOPR3397\Coral3.JPG,3,0.3801,Giant Clam,T1,1
Giant Clam (Shallow Only)\2024_JUL_GC_D\2024_JUL_GC-D_T1\GOPR3414.JPG,Giant Clam (Shallow Only)\2024_JUL_GC_D\2024_JUL_GC-D_T1\GOPR3414\Coral32.JPG,32,0.1904,Giant Clam,T1,1
Giant Clam (Shallow Only)\2024_JUL_GC_D\2024_JUL_GC-D_T1\GOPR3406.JPG,Giant Clam (Shallow Only)\2024_JUL_GC_D\2024_JUL_GC-D_T1\GOPR3406\Coral23.JPG,23,0.2714,Giant Clam,T1,1
Giant Clam (Shallow Only)\2024_AUG_GC_D\2024_AUG_GC_T1\GOPR4406.JPG,Giant Clam (Shallow Only)\2024_AUG_GC_D\2024_AUG_GC_T1\GOPR4406\Coral8.JPG,8,0.2885,Giant Clam,T1,1
Giant Clam (Shallow Only)\2024_JUL_GC_D\2024_JUL_GC-D_T1\GOPR3421.JPG,Giant Clam (Shallow Only)\2024_JUL_GC_D\2024_JUL_GC-D_T1\GOPR3421\Coral16.JPG,16,0.466,Giant Clam,T1,1
Giant Clam (Shallow Only)\2024_JUL_GC_D\2024_JUL_GC-D_T1\GOPR3388.JPG,Giant Clam (Shallow Only)\2024_JUL_GC_D\2024_JUL_GC-D_T1\GOPR3388\Coral3.JPG,3,0.4084,Giant Clam,T1,1
Giant Clam (Shallow Only)\2024_JUL_GC_D\2024_JUL_GC-D_T1\GOPR3377.JPG,Giant Clam (Shallow Only)\2024_JUL_GC_D\2024_JUL_GC-D_T1\GOPR3377\Coral12.JPG,12,0.4216,Giant Clam,T1,1
Giant Clam (Shallow Only)\2024_AUG_GC_D\2024_AUG_GC_T1\GOPR4369.JPG,Giant Clam (Shallow Only)\2024_AUG_GC_D\2024_AUG_GC_T1\GOPR4369\Coral7.JPG,7,0.1766,Giant Clam,T1,1
Giant Clam (Shallow Only)\2024_AUG_GC_D\2024_AUG_GC_T1\GOPR4410.JPG,Giant Clam (Shallow Only)\2024_AUG_GC_D\2024_AUG_GC_T1\GOPR4410\Coral30.JPG,30,0.2007,Giant Clam,T1,1
Giant Clam (Shallow Only)\2024_AUG_GC_D\2024_AUG_GC_T1\GOPR4391.JPG,Giant Clam (Shallow Only)\2024_AUG_GC_D\2024_AUG_GC_T1\GOPR4391\Coral9.JPG,9,0.2548,Giant Clam,T1,1
Giant Clam (Shallow Only)\2024_AUG_GC_D\2024_AUG_GC_T1\GOPR4389.JPG,Giant Clam (Shallow Only)\2024_AUG_GC_D\2024_AUG_GC_T1\GOPR4389\Coral19.JPG,19,0.2715,Giant Clam,T1,1
Giant Clam (Shallow Only)\2024_AUG_GC_D\2024_AUG_GC_T1\GOPR4385.JPG,Giant Clam (Shallow Only)\2024_AUG_GC_D\2024_AUG_GC_T1\GOPR4385\Coral9.JPG,9,0.2352,Giant Clam,T1,1
Giant Clam (Shallow Only)\2024_AUG_GC_D\2024_AUG_GC_T1\GOPR4411.JPG,Giant Clam (Shallow Only)\2024_AUG_GC_D\2024_AUG_GC_T1\GOPR4411\Coral24.JPG,24,0.1552,Giant Clam,T1,1
Giant Clam (Shallow Only)\2024_AUG_GC_D\2024_AUG_GC_T1\GOPR4381.JPG,Giant Clam (Shallow Only)\2024_AUG_GC_D\2024_AUG_GC_T1\GOPR4381\Coral3.JPG,3,0.7207,Giant Clam,T1,1
Giant Clam (Shallow Only)\2024_JUL_GC_D\2024_JUL_GC-D_T1\GOPR3390.JPG,Giant Clam (Shallow Only)\2024_JUL_GC_D\2024_JUL_GC-D_T1\GOPR3390\Coral11.JPG,11,0.6142,Giant Clam,T1,1
Giant Clam (Shallow Only)\2024_JUL_GC_D\2024_JUL_GC-D_T1\GOPR3390.JPG,Giant Clam (Shallow Only)\2024_JUL_GC_D\2024_JUL_GC-D_T1\GOPR3390\Coral4.JPG,4,0.7263,Giant Clam,T1,1
Giant Clam (Shallow Only)\2024_JUL_GC_D\2024_JUL_GC-D_T1\GOPR3390.JPG,Giant Clam (Shallow Only)\2024_JUL_GC_D\2024_JUL_GC-D_T1\GOPR3390\Coral23.JPG,23,0.2477,Giant Clam,T1,1
Giant Clam (Shallow Only)\2024_JUL_GC_D\2024_JUL_GC-D_T1\GOPR3390.JPG,Giant Clam (Shallow Only)\2024_JUL_GC_D\2024_JUL_GC-D_T1\GOPR3390\Coral20.JPG,20,0.2792,Giant Clam,T1,1
Giant Clam (Shallow Only)\2024_JUL_GC_D\2024_JUL_GC-D_T1\GOPR3390.JPG,Giant Clam (Shallow Only)\2024_JUL_GC_D\2024_JUL_GC-D_T1\GOPR3390\Coral7.JPG,7,0.6796,Giant Clam,T1,1
Giant Clam (Shallow Only)\2024_AUG_GC_D\2024_AUG_GC_T1\GOPR4398.JPG,Giant Clam (Shallow Only)\2024_AUG_GC_D\2024_AUG_GC_T1\GOPR4398\Coral7.JPG,7,0.3132,Giant Clam,T1,1
Giant Clam (Shallow Only)\2024_AUG_GC_D\2024_AUG_GC_T1\GOPR4398.JPG,Giant Clam (Shallow Only)\2024_AUG_GC_D\2024_AUG_GC_T1\GOPR4398\Coral5.JPG,5,0.4401,Giant Clam,T1,1
Giant Clam (Shallow Only)\2024_AUG_GC_D\2024_AUG_GC_T1\GOPR4398.JPG,Giant Clam (Shallow Only)\2024_AUG_GC_D\2024_AUG_GC_T1\GOPR4398\Coral2.JPG,2,0.5896,Giant Clam,T1,1
Giant Clam (Shallow Only)\2024_AUG_GC_D\2024_AUG_GC_T1\GOPR4398.JPG,Giant Clam (Shallow Only)\2024_AUG_GC_D\2024_AUG_GC_T1\GOPR4398\Coral15.JPG,15,0.2339,Giant Clam,T1,1
Giant Clam (Shallow Only)\2024_AUG_GC_D\2024_AUG_GC_T1\GOPR4398.JPG,Giant Clam (Shallow Only)\2024_AUG_GC_D\2024_AUG_GC_T1\GOPR4398\Coral8.JPG,8,0.2897,Giant Clam,T1,1
Giant Clam (Shallow Only)\2024_JUL_GC_D\2024_JUL_GC-D_T1\GOPR3392.JPG,Giant Clam (Shallow Only)\2024_JUL_GC_D\2024_JUL_GC-D_T1\GOPR3392\Coral7.JPG,7,0.3736,Giant Clam,T1,1
Giant Clam (Shallow Only)\2024_JUL_GC_D\2024_JUL_GC-D_T1\GOPR3398.JPG,Giant Clam (Shallow Only)\2024_JUL_GC_D\2024_JUL_GC-D_T1\GOPR3398\Coral9.JPG,9,0.196,Giant Clam,T1,1
Giant Clam (Shallow Only)\2024_JUL_GC_D\2024_JUL_GC-D_T1\GOPR3398.JPG,Giant Clam (Shallow Only)\2024_JUL_GC_D\2024_JUL_GC-D_T1\GOPR3398\Coral3.JPG,3,0.3487,Giant Clam,T1,1
Giant Clam (Shallow Only)\2024_JUL_GC_D\2024_JUL_GC-D_T1\GOPR3398.JPG,Giant Clam (Shallow Only)\2024_JUL_GC_D\2024_JUL_GC-D_T1\GOPR3398\Coral10.JPG,10,0.1774,Giant Clam,T1,1
Giant Clam (Shallow Only)\2024_AUG_GC_D\2024_AUG_GC_T1\GOPR4375.JPG,Giant Clam (Shallow Only)\2024_AUG_GC_D\2024_AUG_GC_T1\GOPR4375\Coral1.JPG,1,0.7849,Giant Clam,T1,1
Giant Clam (Shallow Only)\2024_AUG_GC_D\2024_AUG_GC_T1\GOPR4390.JPG,Giant Clam (Shallow Only)\2024_AUG_GC_D\2024_AUG_GC_T1\GOPR4390\Coral15.JPG,15,0.1605,Giant Clam,T1,1
Giant Clam (Shallow Only)\2024_AUG_GC_D\2024_AUG_GC_T1\GOPR4403.JPG,Giant Clam (Shallow Only)\2024_AUG_GC_D\2024_AUG_GC_T1\GOPR4403\Coral18.JPG,18,0.177,Giant Clam,T1,1
Giant Clam (Shallow Only)\2024_AUG_GC_D\2024_AUG_GC_T1\GOPR4403.JPG,Giant Clam (Shallow Only)\2024_AUG_GC_D\2024_AUG_GC_T1\GOPR4403\Coral7.JPG,7,0.3819,Giant Clam,T1,1
Giant Clam (Shallow Only)\2024_JUL_GC_D\2024_JUL_GC-D_T1\GOPR3413.JPG,Giant Clam (Shallow Only)\2024_JUL_GC_D\2024_JUL_GC-D_T1\GOPR3413\Coral42.JPG,42,0.1723,Giant Clam,T1,1
Giant Clam (Shallow Only)\2024_JUL_GC_D\2024_JUL_GC-D_T1\GOPR3413.JPG,Giant Clam (Shallow Only)\2024_JUL_GC_D\2024_JUL_GC-D_T1\GOPR3413\Coral7.JPG,7,0.5767,Giant Clam,T1,1
Giant Clam (Shallow Only)\2024_JUL_GC_D\2024_JUL_GC-D_T1\GOPR3413.JPG,Giant Clam (Shallow Only)\2024_JUL_GC_D\2024_JUL_GC-D_T1\GOPR3413\Coral15.JPG,15,0.4736,Giant Clam,T1,1
Giant Clam (Shallow Only)\2024_JUL_GC_D\2024_JUL_GC-D_T1\GOPR3413.JPG,Giant Clam (Shallow Only)\2024_JUL_GC_D\2024_JUL_GC-D_T1\GOPR3413\Coral22.JPG,22,0.4221,Giant Clam,T1,1
Giant Clam (Shallow Only)\2024_JUL_GC_D\2024_JUL_GC-D_T1\GOPR3413.JPG,Giant Clam (Shallow Only)\2024_JUL_GC_D\2024_JUL_GC-D_T1\GOPR3413\Coral30.JPG,30,0.2862,Giant Clam,T1,1
Giant Clam (Shallow Only)\2024_JUL_GC_D\2024_JUL_GC-D_T1\GOPR3413.JPG,Giant Clam (Shallow Only)\2024_JUL_GC_D\2024_JUL_GC-D_T1\GOPR3413\Coral18.JPG,18,0.4388,Giant Clam,T1,1
Giant Clam (Shallow Only)\2024_JUL_GC_D\2024_JUL_GC-D_T1\GOPR3413.JPG,Giant Clam (Shallow Only)\2024_JUL_GC_D\2024_JUL_GC-D_T1\GOPR3413\Coral36.JPG,36,0.2225,Giant Clam,T1,1
Giant Clam (Shallow Only)\2024_JUL_GC_D\2024_JUL_GC-D_T1\GOPR3413.JPG,Giant Clam (Shallow Only)\2024_JUL_GC_D\2024_JUL_GC-D_T1\GOPR3413\Coral17.JPG,17,0.4628,Giant Clam,T1,1
Giant Clam (Shallow Only)\2024_JUL_GC_D\2024_JUL_GC-D_T1\GOPR3413.JPG,Giant Clam (Shallow Only)\2024_JUL_GC_D\2024_JUL_GC-D_T1\GOPR3413\Coral13.JPG,13,0.483,Giant Clam,T1,1
Giant Clam (Shallow Only)\2024_JUL_GC_D\2024_JUL_GC-D_T1\GOPR3413.JPG,Giant Clam (Shallow Only)\2024_JUL_GC_D\2024_JUL_GC-D_T1\GOPR3413\Coral37.JPG,37,0.2214,Giant Clam,T1,1
Giant Clam (Shallow Only)\2024_JUL_GC_D\2024_JUL_GC-D_T1\GOPR3413.JPG,Giant Clam (Shallow Only)\2024_JUL_GC_D\2024_JUL_GC-D_T1\GOPR3413\Coral35.JPG,35,0.2344,Giant Clam,T1,1
Giant Clam (Shallow Only)\2024_JUL_GC_D\2024_JUL_GC-D_T1\GOPR3413.JPG,Giant Clam (Shallow Only)\2024_JUL_GC_D\2024_JUL_GC-D_T1\GOPR3413\Coral9.JPG,9,0.5569,Giant Clam,T1,1
Giant Clam (Shallow Only)\2024_JUL_GC_D\2024_JUL_GC-D_T1\GOPR3413.JPG,Giant Clam (Shallow Only)\2024_JUL_GC_D\2024_JUL_GC-D_T1\GOPR3413\Coral46.JPG,46,0.1534,Giant Clam,T1,1
Giant Clam (Shallow Only)\2024_JUL_GC_D\2024_JUL_GC-D_T1\GOPR3413.JPG,Giant Clam (Shallow Only)\2024_JUL_GC_D\2024_JUL_GC-D_T1\GOPR3413\Coral26.JPG,26,0.3793,Giant Clam,T1,1
Giant Clam (Shallow Only)\2024_JUL_GC_D\2024_JUL_GC-D_T1\GOPR3413.JPG,Giant Clam (Shallow Only)\2024_JUL_GC_D\2024_JUL_GC-D_T1\GOPR3413\Coral39.JPG,39,0.2115,Giant Clam,T1,1
Giant Clam (Shallow Only)\2024_AUG_GC_D\2024_AUG_GC_T1\GOPR4371.JPG,Giant Clam (Shallow Only)\2024_AUG_GC_D\2024_AUG_GC_T1\GOPR4371\Coral9.JPG,9,0.2852,Giant Clam,T1,1
Giant Clam (Shallow Only)\2024_AUG_GC_D\2024_AUG_GC_T1\GOPR4415.JPG,Giant Clam (Shallow Only)\2024_AUG_GC_D\2024_AUG_GC_T1\GOPR4415\Coral4.JPG,4,0.6686,Giant Clam,T1,1
Giant Clam (Shallow Only)\2024_AUG_GC_D\2024_AUG_GC_T1\GOPR4415.JPG,Giant Clam (Shallow Only)\2024_AUG_GC_D\2024_AUG_GC_T1\GOPR4415\Coral14.JPG,14,0.5106,Giant Clam,T1,1
Giant Clam (Shallow Only)\2024_AUG_GC_D\2024_AUG_GC_T1\GOPR4400.JPG,Giant Clam (Shallow Only)\2024_AUG_GC_D\2024_AUG_GC_T1\GOPR4400\Coral18.JPG,18,0.2193,Giant Clam,T1,1
Giant Clam (Shallow Only)\2024_AUG_GC_D\2024_AUG_GC_T1\GOPR4400.JPG,Giant Clam (Shallow Only)\2024_AUG_GC_D\2024_AUG_GC_T1\GOPR4400\Coral24.JPG,24,0.161,Giant Clam,T1,1
Giant Clam (Shallow Only)\2024_AUG_GC_D\2024_AUG_GC_T1\GOPR4400.JPG,Giant Clam (Shallow Only)\2024_AUG_GC_D\2024_AUG_GC_T1\GOPR4400\Coral17.JPG,17,0.224,Giant Clam,T1,1
Giant Clam (Shallow Only)\2024_AUG_GC_D\2024_AUG_GC_T1\GOPR4400.JPG,Giant Clam (Shallow Only)\2024_AUG_GC_D\2024_AUG_GC_T1\GOPR4400\Coral8.JPG,8,0.3127,Giant Clam,T1,1
Giant Clam (Shallow Only)\2024_JUL_GC_D\2024_JUL_GC-D_T1\GOPR3401.JPG,Giant Clam (Shallow Only)\2024_JUL_GC_D\2024_JUL_GC-D_T1\GOPR3401\Coral2.JPG,2,0.5302,Giant Clam,T1,1
Giant Clam (Shallow Only)\2024_JUL_GC_D\2024_JUL_GC-D_T1\GOPR3378.JPG,Giant Clam (Shallow Only)\2024_JUL_GC_D\2024_JUL_GC-D_T1\GOPR3378\Coral8.JPG,8,0.4456,Giant Clam,T1,1
Giant Clam (Shallow Only)\2024_JUL_GC_D\2024_JUL_GC-D_T1\GOPR3378.JPG,Giant Clam (Shallow Only)\2024_JUL_GC_D\2024_JUL_GC-D_T1\GOPR3378\Coral4.JPG,4,0.7686,Giant Clam,T1,1
Giant Clam (Shallow Only)\2024_JUL_GC_D\2024_JUL_GC-D_T1\GOPR3378.JPG,Giant Clam (Shallow Only)\2024_JUL_GC_D\2024_JUL_GC-D_T1\GOPR3378\Coral12.JPG,12,0.2929,Giant Clam,T1,1
Giant Clam (Shallow Only)\2024_JUL_GC_D\2024_JUL_GC-D_T1\GOPR3378.JPG,Giant Clam (Shallow Only)\2024_JUL_GC_D\2024_JUL_GC-D_T1\GOPR3378\Coral15.JPG,15,0.1944,Giant Clam,T1,1
Giant Clam (Shallow Only)\2024_JUL_GC_D\2024_JUL_GC-D_T1\GOPR3378.JPG,Giant Clam (Shallow Only)\2024_JUL_GC_D\2024_JUL_GC-D_T1\GOPR3378\Coral10.JPG,10,0.3878,Giant Clam,T1,1
Giant Clam (Shallow Only)\2024_JUL_GC_D\2024_JUL_GC-D_T1\GOPR3380.JPG,Giant Clam (Shallow Only)\2024_JUL_GC_D\2024_JUL_GC-D_T1\GOPR3380\Coral4.JPG,4,0.5575,Giant Clam,T1,1
Giant Clam (Shallow Only)\2024_JUL_GC_D\2024_JUL_GC-D_T1\GOPR3380.JPG,Giant Clam (Shallow Only)\2024_JUL_GC_D\2024_JUL_GC-D_T1\GOPR3380\Coral3.JPG,3,0.6224,Giant Clam,T1,1
Giant Clam (Shallow Only)\2024_JUL_GC_D\2024_JUL_GC-D_T1\GOPR3380.JPG,Giant Clam (Shallow Only)\2024_JUL_GC_D\2024_JUL_GC-D_T1\GOPR3380\Coral11.JPG,11,0.2957,Giant Clam,T1,1
Giant Clam (Shallow Only)\2024_JUL_GC_D\2024_JUL_GC-D_T1\GOPR3380.JPG,Giant Clam (Shallow Only)\2024_JUL_GC_D\2024_JUL_GC-D_T1\GOPR3380\Coral6.JPG,6,0.487,Giant Clam,T1,1
Giant Clam (Shallow Only)\2024_JUL_GC_D\2024_JUL_GC-D_T1\GOPR3380.JPG,Giant Clam (Shallow Only)\2024_JUL_GC_D\2024_JUL_GC-D_T1\GOPR3380\Coral16.JPG,16,0.2336,Giant Clam,T1,1
Giant Clam (Shallow Only)\2024_JUL_GC_D\2024_JUL_GC-D_T1\GOPR3405.JPG,Giant Clam (Shallow Only)\2024_JUL_GC_D\2024_JUL_GC-D_T1\GOPR3405\Coral44.JPG,44,0.2175,Giant Clam,T1,1
Giant Clam (Shallow Only)\2024_JUL_GC_D\2024_JUL_GC-D_T1\GOPR3405.JPG,Giant Clam (Shallow Only)\2024_JUL_GC_D\2024_JUL_GC-D_T1\GOPR3405\Coral17.JPG,17,0.557,Giant Clam,T1,1
Giant Clam (Shallow Only)\2024_AUG_GC_D\2024_AUG_GC_T2\GOPR4443.JPG,Giant Clam (Shallow Only)\2024_AUG_GC_D\2024_AUG_GC_T2\GOPR4443\Coral23.JPG,23,0.2527,Giant Clam,T2,1
Giant Clam (Shallow Only)\2024_JUL_GC_D\2024_JUL_GC-D_T2\GOPR3450.JPG,Giant Clam (Shallow Only)\2024_JUL_GC_D\2024_JUL_GC-D_T2\GOPR3450\Coral38.JPG,38,0.2005,Giant Clam,T2,1
Giant Clam (Shallow Only)\2024_AUG_GC_D\2024_AUG_GC_T2\GOPR4461.JPG,Giant Clam (Shallow Only)\2024_AUG_GC_D\2024_AUG_GC_T2\GOPR4461\Coral14.JPG,14,0.3993,Giant Clam,T2,1
Giant Clam (Shallow Only)\2024_JUL_GC_D\2024_JUL_GC-D_T2\GOPR3460.JPG,Giant Clam (Shallow Only)\2024_JUL_GC_D\2024_JUL_GC-D_T2\GOPR3460\Coral11.JPG,11,0.2553,Giant Clam,T2,1
Giant Clam (Shallow Only)\2024_JUL_GC_D\2024_JUL_GC-D_T2\GOPR3470.JPG,Giant Clam (Shallow Only)\2024_JUL_GC_D\2024_JUL_GC-D_T2\GOPR3470\Coral11.JPG,11,0.3055,Giant Clam,T2,1
Giant Clam (Shallow Only)\2024_AUG_GC_D\2024_AUG_GC_T2\GOPR4464.JPG,Giant Clam (Shallow Only)\2024_AUG_GC_D\2024_AUG_GC_T2\GOPR4464\Coral13.JPG,13,0.2267,Giant Clam,T2,1
Giant Clam (Shallow Only)\2024_AUG_GC_D\2024_AUG_GC_T2\GOPR4439.JPG,Giant Clam (Shallow Only)\2024_AUG_GC_D\2024_AUG_GC_T2\GOPR4439\Coral15.JPG,15,0.2807,Giant Clam,T2,1
Giant Clam (Shallow Only)\2024_AUG_GC_D\2024_AUG_GC_T2\GOPR4452.JPG,Giant Clam (Shallow Only)\2024_AUG_GC_D\2024_AUG_GC_T2\GOPR4452\Coral14.JPG,14,0.239,Giant Clam,T2,1
Giant Clam (Shallow Only)\2024_AUG_GC_D\2024_AUG_GC_T2\GOPR4455.JPG,Giant Clam (Shallow Only)\2024_AUG_GC_D\2024_AUG_GC_T2\GOPR4455\Coral1.JPG,1,0.657,Giant Clam,T2,1
Giant Clam (Shallow Only)\2024_JUL_GC_D\2024_JUL_GC-D_T2\GOPR3449.JPG,Giant Clam (Shallow Only)\2024_JUL_GC_D\2024_JUL_GC-D_T2\GOPR3449\Coral32.JPG,32,0.2605,Giant Clam,T2,1
Giant Clam (Shallow Only)\2024_AUG_GC_D\2024_AUG_GC_T2\GOPR4425.JPG,Giant Clam (Shallow Only)\2024_AUG_GC_D\2024_AUG_GC_T2\GOPR4425\Coral19.JPG,19,0.2384,Giant Clam,T2,1
Giant Clam (Shallow Only)\2024_JUL_GC_D\2024_JUL_GC-D_T2\GOPR3471.JPG,Giant Clam (Shallow Only)\2024_JUL_GC_D\2024_JUL_GC-D_T2\GOPR3471\Coral14.JPG,14,0.4315,Giant Clam,T2,1
Giant Clam (Shallow Only)\2024_AUG_GC_D\2024_AUG_GC_T2\GOPR4453.JPG,Giant Clam (Shallow Only)\2024_AUG_GC_D\2024_AUG_GC_T2\GOPR4453\Coral13.JPG,13,0.1782,Giant Clam,T2,1
Giant Clam (Shallow Only)\2024_AUG_GC_D\2024_AUG_GC_T2\GOPR4434.JPG,Giant Clam (Shallow Only)\2024_AUG_GC_D\2024_AUG_GC_T2\GOPR4434\Coral9.JPG,9,0.368,Giant Clam,T2,1
Giant Clam (Shallow Only)\2024_AUG_GC_D\2024_AUG_GC_T2\GOPR4454.JPG,Giant Clam (Shallow Only)\2024_AUG_GC_D\2024_AUG_GC_T2\GOPR4454\Coral4.JPG,4,0.5816,Giant Clam,T2,1
Giant Clam (Shallow Only)\2024_AUG_GC_D\2024_AUG_GC_T2\GOPR4423.JPG,Giant Clam (Shallow Only)\2024_AUG_GC_D\2024_AUG_GC_T2\GOPR4423\Coral23.JPG,23,0.2059,Giant Clam,T2,1
Giant Clam (Shallow Only)\2024_AUG_GC_D\2024_AUG_GC_T2\GOPR4437.JPG,Giant Clam (Shallow Only)\2024_AUG_GC_D\2024_AUG_GC_T2\GOPR4437\Coral17.JPG,17,0.3014,Giant Clam,T2,1
Giant Clam (Shallow Only)\2024_AUG_GC_D\2024_AUG_GC_T2\GOPR4431.JPG,Giant Clam (Shallow Only)\2024_AUG_GC_D\2024_AUG_GC_T2\GOPR4431\Coral26.JPG,26,0.2217,Giant Clam,T2,1
Giant Clam (Shallow Only)\2024_JUL_GC_D\2024_JUL_GC-D_T2\GOPR3435.JPG,Giant Clam (Shallow Only)\2024_JUL_GC_D\2024_JUL_GC-D_T2\GOPR3435\Coral15.JPG,15,0.2418,Giant Clam,T2,1
Giant Clam (Shallow Only)\2024_AUG_GC_D\2024_AUG_GC_T2\GOPR4447.JPG,Giant Clam (Shallow Only)\2024_AUG_GC_D\2024_AUG_GC_T2\GOPR4447\Coral5.JPG,5,0.3648,Giant Clam,T2,1
Giant Clam (Shallow Only)\2024_JUL_GC_D\2024_JUL_GC-D_T2\GOPR3457.JPG,Giant Clam (Shallow Only)\2024_JUL_GC_D\2024_JUL_GC-D_T2\GOPR3457\Coral5.JPG,5,0.58,Giant Clam,T2,1
Giant Clam (Shallow Only)\2024_JUL_GC_D\2024_JUL_GC-D_T2\GOPR3434.JPG,Giant Clam (Shallow Only)\2024_JUL_GC_D\2024_JUL_GC-D_T2\GOPR3434\Coral19.JPG,19,0.2351,Giant Clam,T2,1
Giant Clam (Shallow Only)\2024_JUL_GC_D\2024_JUL_GC-D_T2\GOPR3472.JPG,Giant Clam (Shallow Only)\2024_JUL_GC_D\2024_JUL_GC-D_T2\GOPR3472\Coral20.JPG,20,0.29,Giant Clam,T2,1
Giant Clam (Shallow Only)\2024_JUL_GC_D\2024_JUL_GC-D_T2\GOPR3479.JPG,Giant Clam (Shallow Only)\2024_JUL_GC_D\2024_JUL_GC-D_T2\GOPR3479\Coral30.JPG,30,0.2217,Giant Clam,T2,1
Giant Clam (Shallow Only)\2024_JUL_GC_D\2024_JUL_GC-D_T2\GOPR3460.JPG,Giant Clam (Shallow Only)\2024_JUL_GC_D\2024_JUL_GC-D_T2\GOPR3460\Coral10.JPG,10,0.2583,Giant Clam,T2,1
Giant Clam (Shallow Only)\2024_JUL_GC_D\2024_JUL_GC-D_T2\GOPR3478.JPG,Giant Clam (Shallow Only)\2024_JUL_GC_D\2024_JUL_GC-D_T2\GOPR3478\Coral35.JPG,35,0.2362,Giant Clam,T2,1
Giant Clam (Shallow Only)\2024_AUG_GC_D\2024_AUG_GC_T2\GOPR4445.JPG,Giant Clam (Shallow Only)\2024_AUG_GC_D\2024_AUG_GC_T2\GOPR4445\Coral26.JPG,26,0.2238,Giant Clam,T2,1
Giant Clam (Shallow Only)\2024_JUL_GC_D\2024_JUL_GC-D_T2\GOPR3444.JPG,Giant Clam (Shallow Only)\2024_JUL_GC_D\2024_JUL_GC-D_T2\GOPR3444\Coral27.JPG,27,0.2494,Giant Clam,T2,1
Giant Clam (Shallow Only)\2024_AUG_GC_D\2024_AUG_GC_T2\GOPR4465.JPG,Giant Clam (Shallow Only)\2024_AUG_GC_D\2024_AUG_GC_T2\GOPR4465\Coral24.JPG,24,0.1733,Giant Clam,T2,1
Giant Clam (Shallow Only)\2024_AUG_GC_D\2024_AUG_GC_T2\GOPR4464.JPG,Giant Clam (Shallow Only)\2024_AUG_GC_D\2024_AUG_GC_T2\GOPR4464\Coral7.JPG,7,0.2782,Giant Clam,T2,1
Giant Clam (Shallow Only)\2024_JUL_GC_D\2024_JUL_GC-D_T2\GOPR3464.JPG,Giant Clam (Shallow Only)\2024_JUL_GC_D\2024_JUL_GC-D_T2\GOPR3464\Coral5.JPG,5,0.6298,Giant Clam,T2,1
Giant Clam (Shallow Only)\2024_JUL_GC_D\2024_JUL_GC-D_T2\GOPR3473.JPG,Giant Clam (Shallow Only)\2024_JUL_GC_D\2024_JUL_GC-D_T2\GOPR3473\Coral6.JPG,6,0.584,Giant Clam,T2,1
Giant Clam (Shallow Only)\2024_AUG_GC_D\2024_AUG_GC_T2\GOPR4452.JPG,Giant Clam (Shallow Only)\2024_AUG_GC_D\2024_AUG_GC_T2\GOPR4452\Coral13.JPG,13,0.2537,Giant Clam,T2,1
Giant Clam (Shallow Only)\2024_AUG_GC_D\2024_AUG_GC_T2\GOPR4446.JPG,Giant Clam (Shallow Only)\2024_AUG_GC_D\2024_AUG_GC_T2\GOPR4446\Coral15.JPG,15,0.3331,Giant Clam,T2,1
Giant Clam (Shallow Only)\2024_JUL_GC_D\2024_JUL_GC-D_T2\GOPR3475.JPG,Giant Clam (Shallow Only)\2024_JUL_GC_D\2024_JUL_GC-D_T2\GOPR3475\Coral13.JPG,13,0.2664,Giant Clam,T2,1
Giant Clam (Shallow Only)\2024_JUL_GC_D\2024_JUL_GC-D_T2\GOPR3454.JPG,Giant Clam (Shallow Only)\2024_JUL_GC_D\2024_JUL_GC-D_T2\GOPR3454\Coral29.JPG,29,0.1928,Giant Clam,T2,1
Giant Clam (Shallow Only)\2024_AUG_GC_D\2024_AUG_GC_T2\GOPR4430.JPG,Giant Clam (Shallow Only)\2024_AUG_GC_D\2024_AUG_GC_T2\GOPR4430\Coral21.JPG,21,0.2307,Giant Clam,T2,1
Giant Clam (Shallow Only)\2024_JUL_GC_D\2024_JUL_GC-D_T2\GOPR3458.JPG,Giant Clam (Shallow Only)\2024_JUL_GC_D\2024_JUL_GC-D_T2\GOPR3458\Coral13.JPG,13,0.3469,Giant Clam,T2,1
Giant Clam (Shallow Only)\2024_JUL_GC_D\2024_JUL_GC-D_T2\GOPR3461.JPG,Giant Clam (Shallow Only)\2024_JUL_GC_D\2024_JUL_GC-D_T2\GOPR3461\Coral3.JPG,3,0.4647,Giant Clam,T2,1
Giant Clam (Shallow Only)\2024_JUL_GC_D\2024_JUL_GC-D_T2\GOPR3441.JPG,Giant Clam (Shallow Only)\2024_JUL_GC_D\2024_JUL_GC-D_T2\GOPR3441\Coral1.JPG,1,0.8198,Giant Clam,T2,1
Giant Clam (Shallow Only)\2024_JUL_GC_D\2024_JUL_GC-D_T2\GOPR3435.JPG,Giant Clam (Shallow Only)\2024_JUL_GC_D\2024_JUL_GC-D_T2\GOPR3435\Coral4.JPG,4,0.4732,Giant Clam,T2,1
Giant Clam (Shallow Only)\2024_JUL_GC_D\2024_JUL_GC-D_T2\GOPR3439.JPG,Giant Clam (Shallow Only)\2024_JUL_GC_D\2024_JUL_GC-D_T2\GOPR3439\Coral15.JPG,15,0.3563,Giant Clam,T2,1
Giant Clam (Shallow Only)\2024_AUG_GC_D\2024_AUG_GC_T2\GOPR4468.JPG,Giant Clam (Shallow Only)\2024_AUG_GC_D\2024_AUG_GC_T2\GOPR4468\Coral18.JPG,18,0.186,Giant Clam,T2,1
Giant Clam (Shallow Only)\2024_JUL_GC_D\2024_JUL_GC-D_T2\GOPR3455.JPG,Giant Clam (Shallow Only)\2024_JUL_GC_D\2024_JUL_GC-D_T2\GOPR3455\Coral48.JPG,48,0.1696,Giant Clam,T2,1
Giant Clam (Shallow Only)\2024_JUL_GC_D\2024_JUL_GC-D_T2\GOPR3472.JPG,Giant Clam (Shallow Only)\2024_JUL_GC_D\2024_JUL_GC-D_T2\GOPR3472\Coral9.JPG,9,0.464,Giant Clam,T2,1
Giant Clam (Shallow Only)\2024_AUG_GC_D\2024_AUG_GC_T2\GOPR4461.JPG,Giant Clam (Shallow Only)\2024_AUG_GC_D\2024_AUG_GC_T2\GOPR4461\Coral9.JPG,9,0.5002,Giant Clam,T2,1
Giant Clam (Shallow Only)\2024_AUG_GC_D\2024_AUG_GC_T2\GOPR4429.JPG,Giant Clam (Shallow Only)\2024_AUG_GC_D\2024_AUG_GC_T2\GOPR4429\Coral13.JPG,13,0.3924,Giant Clam,T2,1
Giant Clam (Shallow Only)\2024_AUG_GC_D\2024_AUG_GC_T2\GOPR4449.JPG,Giant Clam (Shallow Only)\2024_AUG_GC_D\2024_AUG_GC_T2\GOPR4449\Coral3.JPG,3,0.7343,Giant Clam,T2,1
Giant Clam (Shallow Only)\2024_JUL_GC_D\2024_JUL_GC-D_T2\GOPR3432.JPG,Giant Clam (Shallow Only)\2024_JUL_GC_D\2024_JUL_GC-D_T2\GOPR3432\Coral19.JPG,19,0.2138,Giant Clam,T2,1
Giant Clam (Shallow Only)\2024_JUL_GC_D\2024_JUL_GC-D_T2\GOPR3468.JPG,Giant Clam (Shallow Only)\2024_JUL_GC_D\2024_JUL_GC-D_T2\GOPR3468\Coral29.JPG,29,0.2057,Giant Clam,T2,1
Giant Clam (Shallow Only)\2024_AUG_GC_D\2024_AUG_GC_T2\GOPR4439.JPG,Giant Clam (Shallow Only)\2024_AUG_GC_D\2024_AUG_GC_T2\GOPR4439\Coral7.JPG,7,0.3781,Giant Clam,T2,1
Giant Clam (Shallow Only)\2024_JUL_GC_D\2024_JUL_GC-D_T2\GOPR3442.JPG,Giant Clam (Shallow Only)\2024_JUL_GC_D\2024_JUL_GC-D_T2\GOPR3442\Coral7.JPG,7,0.5541,Giant Clam,T2,1
Giant Clam (Shallow Only)\2024_JUL_GC_D\2024_JUL_GC-D_T2\GOPR3449.JPG,Giant Clam (Shallow Only)\2024_JUL_GC_D\2024_JUL_GC-D_T2\GOPR3449\Coral3.JPG,3,0.6204,Giant Clam,T2,1
Giant Clam (Shallow Only)\2024_AUG_GC_D\2024_AUG_GC_T2\GOPR4462.JPG,Giant Clam (Shallow Only)\2024_AUG_GC_D\2024_AUG_GC_T2\GOPR4462\Coral6.JPG,6,0.3068,Giant Clam,T2,1
Giant Clam (Shallow Only)\2024_AUG_GC_D\2024_AUG_GC_T2\GOPR4453.JPG,Giant Clam (Shallow Only)\2024_AUG_GC_D\2024_AUG_GC_T2\GOPR4453\Coral11.JPG,11,0.2443,Giant Clam,T2,1
Giant Clam (Shallow Only)\2024_AUG_GC_D\2024_AUG_GC_T2\GOPR4436.JPG,Giant Clam (Shallow Only)\2024_AUG_GC_D\2024_AUG_GC_T2\GOPR4436\Coral31.JPG,31,0.1674,Giant Clam,T2,1
Giant Clam (Shallow Only)\2024_AUG_GC_D\2024_AUG_GC_T2\GOPR4448.JPG,Giant Clam (Shallow Only)\2024_AUG_GC_D\2024_AUG_GC_T2\GOPR4448\Coral21.JPG,21,0.1956,Giant Clam,T2,1
Giant Clam (Shallow Only)\2024_JUL_GC_D\2024_JUL_GC-D_T2\GOPR3459.JPG,Giant Clam (Shallow Only)\2024_JUL_GC_D\2024_JUL_GC-D_T2\GOPR3459\Coral29.JPG,29,0.1847,Giant Clam,T2,1
Giant Clam (Shallow Only)\2024_JUL_GC_D\2024_JUL_GC-D_T2\GOPR3446.JPG,Giant Clam (Shallow Only)\2024_JUL_GC_D\2024_JUL_GC-D_T2\GOPR3446\Coral3.JPG,3,0.6032,Giant Clam,T2,1
Giant Clam (Shallow Only)\2024_AUG_GC_D\2024_AUG_GC_T2\GOPR4443.JPG,Giant Clam (Shallow Only)\2024_AUG_GC_D\2024_AUG_GC_T2\GOPR4443\Coral17.JPG,17,0.3252,Giant Clam,T2,1
Giant Clam (Shallow Only)\2024_AUG_GC_D\2024_AUG_GC_T2\GOPR4443.JPG,Giant Clam (Shallow Only)\2024_AUG_GC_D\2024_AUG_GC_T2\GOPR4443\Coral29.JPG,29,0.2321,Giant Clam,T2,1
Giant Clam (Shallow Only)\2024_AUG_GC_D\2024_AUG_GC_T2\GOPR4443.JPG,Giant Clam (Shallow Only)\2024_AUG_GC_D\2024_AUG_GC_T2\GOPR4443\Coral19.JPG,19,0.2691,Giant Clam,T2,1
Giant Clam (Shallow Only)\2024_AUG_GC_D\2024_AUG_GC_T2\GOPR4443.JPG,Giant Clam (Shallow Only)\2024_AUG_GC_D\2024_AUG_GC_T2\GOPR4443\Coral1.JPG,1,0.7108,Giant Clam,T2,1
Giant Clam (Shallow Only)\2024_AUG_GC_D\2024_AUG_GC_T2\GOPR4443.JPG,Giant Clam (Shallow Only)\2024_AUG_GC_D\2024_AUG_GC_T2\GOPR4443\Coral35.JPG,35,0.1759,Giant Clam,T2,1
Giant Clam (Shallow Only)\2024_AUG_GC_D\2024_AUG_GC_T2\GOPR4443.JPG,Giant Clam (Shallow Only)\2024_AUG_GC_D\2024_AUG_GC_T2\GOPR4443\Coral30.JPG,30,0.2075,Giant Clam,T2,1
Giant Clam (Shallow Only)\2024_JUL_GC_D\2024_JUL_GC-D_T2\GOPR3434.JPG,Giant Clam (Shallow Only)\2024_JUL_GC_D\2024_JUL_GC-D_T2\GOPR3434\Coral3.JPG,3,0.5017,Giant Clam,T2,1
Giant Clam (Shallow Only)\2024_JUL_GC_D\2024_JUL_GC-D_T2\GOPR3434.JPG,Giant Clam (Shallow Only)\2024_JUL_GC_D\2024_JUL_GC-D_T2\GOPR3434\Coral7.JPG,7,0.3827,Giant Clam,T2,1
Giant Clam (Shallow Only)\2024_AUG_GC_D\2024_AUG_GC_T2\GOPR4435.JPG,Giant Clam (Shallow Only)\2024_AUG_GC_D\2024_AUG_GC_T2\GOPR4435\Coral17.JPG,17,0.22,Giant Clam,T2,1
Giant Clam (Shallow Only)\2024_AUG_GC_D\2024_AUG_GC_T2\GOPR4435.JPG,Giant Clam (Shallow Only)\2024_AUG_GC_D\2024_AUG_GC_T2\GOPR4435\Coral1.JPG,1,0.639,Giant Clam,T2,1
Giant Clam (Shallow Only)\2024_AUG_GC_D\2024_AUG_GC_T2\GOPR4435.JPG,Giant Clam (Shallow Only)\2024_AUG_GC_D\2024_AUG_GC_T2\GOPR4435\Coral4.JPG,4,0.4745,Giant Clam,T2,1
Giant Clam (Shallow Only)\2024_AUG_GC_D\2024_AUG_GC_T2\GOPR4435.JPG,Giant Clam (Shallow Only)\2024_AUG_GC_D\2024_AUG_GC_T2\GOPR4435\Coral2.JPG,2,0.5204,Giant Clam,T2,1
Giant Clam (Shallow Only)\2024_JUL_GC_D\2024_JUL_GC-D_T2\GOPR3455.JPG,Giant Clam (Shallow Only)\2024_JUL_GC_D\2024_JUL_GC-D_T2\GOPR3455\Coral16.JPG,16,0.3739,Giant Clam,T2,1
Giant Clam (Shallow Only)\2024_JUL_GC_D\2024_JUL_GC-D_T2\GOPR3455.JPG,Giant Clam (Shallow Only)\2024_JUL_GC_D\2024_JUL_GC-D_T2\GOPR3455\Coral50.JPG,50,0.1625,Giant Clam,T2,1
Giant Clam (Shallow Only)\2024_JUL_GC_D\2024_JUL_GC-D_T2\GOPR3455.JPG,Giant Clam (Shallow Only)\2024_JUL_GC_D\2024_JUL_GC-D_T2\GOPR3455\Coral35.JPG,35,0.2384,Giant Clam,T2,1
Giant Clam (Shallow Only)\2024_JUL_GC_D\2024_JUL_GC-D_T2\GOPR3455.JPG,Giant Clam (Shallow Only)\2024_JUL_GC_D\2024_JUL_GC-D_T2\GOPR3455\Coral44.JPG,44,0.196,Giant Clam,T2,1
Giant Clam (Shallow Only)\2024_JUL_GC_D\2024_JUL_GC-D_T2\GOPR3455.JPG,Giant Clam (Shallow Only)\2024_JUL_GC_D\2024_JUL_GC-D_T2\GOPR3455\Coral33.JPG,33,0.2548,Giant Clam,T2,1
Giant Clam (Shallow Only)\2024_JUL_GC_D\2024_JUL_GC-D_T2\GOPR3455.JPG,Giant Clam (Shallow Only)\2024_JUL_GC_D\2024_JUL_GC-D_T2\GOPR3455\Coral6.JPG,6,0.6955,Giant Clam,T2,1
Giant Clam (Shallow Only)\2024_JUL_GC_D\2024_JUL_GC-D_T2\GOPR3455.JPG,Giant Clam (Shallow Only)\2024_JUL_GC_D\2024_JUL_GC-D_T2\GOPR3455\Coral42.JPG,42,0.2038,Giant Clam,T2,1
Giant Clam (Shallow Only)\2024_JUL_GC_D\2024_JUL_GC-D_T2\GOPR3455.JPG,Giant Clam (Shallow Only)\2024_JUL_GC_D\2024_JUL_GC-D_T2\GOPR3455\Coral41.JPG,41,0.2055,Giant Clam,T2,1
Giant Clam (Shallow Only)\2024_JUL_GC_D\2024_JUL_GC-D_T2\GOPR3455.JPG,Giant Clam (Shallow Only)\2024_JUL_GC_D\2024_JUL_GC-D_T2\GOPR3455\Coral8.JPG,8,0.6902,Giant Clam,T2,1
Giant Clam (Shallow Only)\2024_JUL_GC_D\2024_JUL_GC-D_T2\GOPR3455.JPG,Giant Clam (Shallow Only)\2024_JUL_GC_D\2024_JUL_GC-D_T2\GOPR3455\Coral23.JPG,23,0.3275,Giant Clam,T2,1
Giant Clam (Shallow Only)\2024_JUL_GC_D\2024_JUL_GC-D_T2\GOPR3455.JPG,Giant Clam (Shallow Only)\2024_JUL_GC_D\2024_JUL_GC-D_T2\GOPR3455\Coral19.JPG,19,0.3535,Giant Clam,T2,1
Giant Clam (Shallow Only)\2024_JUL_GC_D\2024_JUL_GC-D_T2\GOPR3450.JPG,Giant Clam (Shallow Only)\2024_JUL_GC_D\2024_JUL_GC-D_T2\GOPR3450\Coral36.JPG,36,0.2204,Giant Clam,T2,1
Giant Clam (Shallow Only)\2024_JUL_GC_D\2024_JUL_GC-D_T2\GOPR3450.JPG,Giant Clam (Shallow Only)\2024_JUL_GC_D\2024_JUL_GC-D_T2\GOPR3450\Coral31.JPG,31,0.2499,Giant Clam,T2,1
Giant Clam (Shallow Only)\2024_JUL_GC_D\2024_JUL_GC-D_T2\GOPR3450.JPG,Giant Clam (Shallow Only)\2024_JUL_GC_D\2024_JUL_GC-D_T2\GOPR3450\Coral27.JPG,27,0.3265,Giant Clam,T2,1
Giant Clam (Shallow Only)\2024_JUL_GC_D\2024_JUL_GC-D_T2\GOPR3450.JPG,Giant Clam (Shallow Only)\2024_JUL_GC_D\2024_JUL_GC-D_T2\GOPR3450\Coral2.JPG,2,0.7498,Giant Clam,T2,1
Giant Clam (Shallow Only)\2024_JUL_GC_D\2024_JUL_GC-D_T2\GOPR3450.JPG,Giant Clam (Shallow Only)\2024_JUL_GC_D\2024_JUL_GC-D_T2\GOPR3450\Coral9.JPG,9,0.6011,Giant Clam,T2,1
Giant Clam (Shallow Only)\2024_JUL_GC_D\2024_JUL_GC-D_T2\GOPR3450.JPG,Giant Clam (Shallow Only)\2024_JUL_GC_D\2024_JUL_GC-D_T2\GOPR3450\Coral15.JPG,15,0.4626,Giant Clam,T2,1
Giant Clam (Shallow Only)\2024_JUL_GC_D\2024_JUL_GC-D_T2\GOPR3450.JPG,Giant Clam (Shallow Only)\2024_JUL_GC_D\2024_JUL_GC-D_T2\GOPR3450\Coral37.JPG,37,0.2178,Giant Clam,T2,1
Giant Clam (Shallow Only)\2024_JUL_GC_D\2024_JUL_GC-D_T2\GOPR3450.JPG,Giant Clam (Shallow Only)\2024_JUL_GC_D\2024_JUL_GC-D_T2\GOPR3450\Coral42.JPG,42,0.1737,Giant Clam,T2,1
Giant Clam (Shallow Only)\2024_JUL_GC_D\2024_JUL_GC-D_T2\GOPR3450.JPG,Giant Clam (Shallow Only)\2024_JUL_GC_D\2024_JUL_GC-D_T2\GOPR3450\Coral6.JPG,6,0.6483,Giant Clam,T2,1
Giant Clam (Shallow Only)\2024_JUL_GC_D\2024_JUL_GC-D_T2\GOPR3450.JPG,Giant Clam (Shallow Only)\2024_JUL_GC_D\2024_JUL_GC-D_T2\GOPR3450\Coral26.JPG,26,0.3419,Giant Clam,T2,1
Giant Clam (Shallow Only)\2024_JUL_GC_D\2024_JUL_GC-D_T2\GOPR3465.JPG,Giant Clam (Shallow Only)\2024_JUL_GC_D\2024_JUL_GC-D_T2\GOPR3465\Coral34.JPG,34,0.2027,Giant Clam,T2,1
Giant Clam (Shallow Only)\2024_JUL_GC_D\2024_JUL_GC-D_T2\GOPR3465.JPG,Giant Clam (Shallow Only)\2024_JUL_GC_D\2024_JUL_GC-D_T2\GOPR3465\Coral32.JPG,32,0.2144,Giant Clam,T2,1
Giant Clam (Shallow Only)\2024_JUL_GC_D\2024_JUL_GC-D_T2\GOPR3465.JPG,Giant Clam (Shallow Only)\2024_JUL_GC_D\2024_JUL_GC-D_T2\GOPR3465\Coral22.JPG,22,0.3098,Giant Clam,T2,1
Giant Clam (Shallow Only)\2024_JUL_GC_D\2024_JUL_GC-D_T2\GOPR3465.JPG,Giant Clam (Shallow Only)\2024_JUL_GC_D\2024_JUL_GC-D_T2\GOPR3465\Coral20.JPG,20,0.3343,Giant Clam,T2,1
Giant Clam (Shallow Only)\2024_JUL_GC_D\2024_JUL_GC-D_T2\GOPR3465.JPG,Giant Clam (Shallow Only)\2024_JUL_GC_D\2024_JUL_GC-D_T2\GOPR3465\Coral6.JPG,6,0.5745,Giant Clam,T2,1
Giant Clam (Shallow Only)\2024_JUL_GC_D\2024_JUL_GC-D_T2\GOPR3465.JPG,Giant Clam (Shallow Only)\2024_JUL_GC_D\2024_JUL_GC-D_T2\GOPR3465\Coral31.JPG,31,0.2325,Giant Clam,T2,1
Giant Clam (Shallow Only)\2024_JUL_GC_D\2024_JUL_GC-D_T2\GOPR3465.JPG,Giant Clam (Shallow Only)\2024_JUL_GC_D\2024_JUL_GC-D_T2\GOPR3465\Coral9.JPG,9,0.496,Giant Clam,T2,1
Giant Clam (Shallow Only)\2024_JUL_GC_D\2024_JUL_GC-D_T2\GOPR3465.JPG,Giant Clam (Shallow Only)\2024_JUL_GC_D\2024_JUL_GC-D_T2\GOPR3465\Coral21.JPG,21,0.3281,Giant Clam,T2,1
Giant Clam (Shallow Only)\2024_JUL_GC_D\2024_JUL_GC-D_T2\GOPR3465.JPG,Giant Clam (Shallow Only)\2024_JUL_GC_D\2024_JUL_GC-D_T2\GOPR3465\Coral1.JPG,1,0.8064,Giant Clam,T2,1
Giant Clam (Shallow Only)\2024_JUL_GC_D\2024_JUL_GC-D_T2\GOPR3465.JPG,Giant Clam (Shallow Only)\2024_JUL_GC_D\2024_JUL_GC-D_T2\GOPR3465\Coral30.JPG,30,0.2473,Giant Clam,T2,1
Giant Clam (Shallow Only)\2024_JUL_GC_D\2024_JUL_GC-D_T2\GOPR3447.JPG,Giant Clam (Shallow Only)\2024_JUL_GC_D\2024_JUL_GC-D_T2\GOPR3447\Coral3.JPG,3,0.6351,Giant Clam,T2,1
Giant Clam (Shallow Only)\2024_JUL_GC_D\2024_JUL_GC-D_T2\GOPR3447.JPG,Giant Clam (Shallow Only)\2024_JUL_GC_D\2024_JUL_GC-D_T2\GOPR3447\Coral22.JPG,22,0.2697,Giant Clam,T2,1
Giant Clam (Shallow Only)\2024_JUL_GC_D\2024_JUL_GC-D_T2\GOPR3447.JPG,Giant Clam (Shallow Only)\2024_JUL_GC_D\2024_JUL_GC-D_T2\GOPR3447\Coral51.JPG,51,0.1521,Giant Clam,T2,1
Giant Clam (Shallow Only)\2024_JUL_GC_D\2024_JUL_GC-D_T2\GOPR3447.JPG,Giant Clam (Shallow Only)\2024_JUL_GC_D\2024_JUL_GC-D_T2\GOPR3447\Coral37.JPG,37,0.2129,Giant Clam,T2,1
Giant Clam (Shallow Only)\2024_JUL_GC_D\2024_JUL_GC-D_T2\GOPR3447.JPG,Giant Clam (Shallow Only)\2024_JUL_GC_D\2024_JUL_GC-D_T2\GOPR3447\Coral45.JPG,45,0.1603,Giant Clam,T2,1
Giant Clam (Shallow Only)\2024_JUL_GC_D\2024_JUL_GC-D_T2\GOPR3447.JPG,Giant Clam (Shallow Only)\2024_JUL_GC_D\2024_JUL_GC-D_T2\GOPR3447\Coral10.JPG,10,0.4342,Giant Clam,T2,1
Giant Clam (Shallow Only)\2024_JUL_GC_D\2024_JUL_GC-D_T2\GOPR3447.JPG,Giant Clam (Shallow Only)\2024_JUL_GC_D\2024_JUL_GC-D_T2\GOPR3447\Coral48.JPG,48,0.1534,Giant Clam,T2,1
Giant Clam (Shallow Only)\2024_JUL_GC_D\2024_JUL_GC-D_T2\GOPR3447.JPG,Giant Clam (Shallow Only)\2024_JUL_GC_D\2024_JUL_GC-D_T2\GOPR3447\Coral31.JPG,31,0.2365,Giant Clam,T2,1
Giant Clam (Shallow Only)\2024_JUL_GC_D\2024_JUL_GC-D_T2\GOPR3447.JPG,Giant Clam (Shallow Only)\2024_JUL_GC_D\2024_JUL_GC-D_T2\GOPR3447\Coral50.JPG,50,0.153,Giant Clam,T2,1
Giant Clam (Shallow Only)\2024_JUL_GC_D\2024_JUL_GC-D_T2\GOPR3447.JPG,Giant Clam (Shallow Only)\2024_JUL_GC_D\2024_JUL_GC-D_T2\GOPR3447\Coral35.JPG,35,0.2207,Giant Clam,T2,1
Giant Clam (Shallow Only)\2024_JUL_GC_D\2024_JUL_GC-D_T3\GOPR3515.JPG,Giant Clam (Shallow Only)\2024_JUL_GC_D\2024_JUL_GC-D_T3\GOPR3515\Coral12.JPG,12,0.5652,Giant Clam,T3,1
Giant Clam (Shallow Only)\2024_AUG_GC_D\2024_AUG_GC_T3\GOPR4517.JPG,Giant Clam (Shallow Only)\2024_AUG_GC_D\2024_AUG_GC_T3\GOPR4517\Coral9.JPG,9,0.336,Giant Clam,T3,1
Giant Clam (Shallow Only)\2024_JUL_GC_D\2024_JUL_GC-D_T3\GOPR3516.JPG,Giant Clam (Shallow Only)\2024_JUL_GC_D\2024_JUL_GC-D_T3\GOPR3516\Coral14.JPG,14,0.3149,Giant Clam,T3,1
Giant Clam (Shallow Only)\2024_JUL_GC_D\2024_JUL_GC-D_T3\GOPR3524.JPG,Giant Clam (Shallow Only)\2024_JUL_GC_D\2024_JUL_GC-D_T3\GOPR3524\Coral12.JPG,12,0.3056,Giant Clam,T3,1
Giant Clam (Shallow Only)\2024_AUG_GC_D\2024_AUG_GC_T3\GOPR4495.JPG,Giant Clam (Shallow Only)\2024_AUG_GC_D\2024_AUG_GC_T3\GOPR4495\Coral14.JPG,14,0.2704,Giant Clam,T3,1
Giant Clam (Shallow Only)\2024_JUL_GC_D\2024_JUL_GC-D_T3\GOPR3509.JPG,Giant Clam (Shallow Only)\2024_JUL_GC_D\2024_JUL_GC-D_T3\GOPR3509\Coral12.JPG,12,0.1682,Giant Clam,T3,1
Giant Clam (Shallow Only)\2024_AUG_GC_D\2024_AUG_GC_T3\GOPR4478.JPG,Giant Clam (Shallow Only)\2024_AUG_GC_D\2024_AUG_GC_T3\GOPR4478\Coral4.JPG,4,0.5576,Giant Clam,T3,1
Giant Clam (Shallow Only)\2024_JUL_GC_D\2024_JUL_GC-D_T3\GOPR3528.JPG,Giant Clam (Shallow Only)\2024_JUL_GC_D\2024_JUL_GC-D_T3\GOPR3528\Coral23.JPG,23,0.183,Giant Clam,T3,1
Giant Clam (Shallow Only)\2024_AUG_GC_D\2024_AUG_GC_T3\GOPR4484.JPG,Giant Clam (Shallow Only)\2024_AUG_GC_D\2024_AUG_GC_T3\GOPR4484\Coral4.JPG,4,0.2927,Giant Clam,T3,1
Giant Clam (Shallow Only)\2024_JUL_GC_D\2024_JUL_GC-D_T3\GOPR3518.JPG,Giant Clam (Shallow Only)\2024_JUL_GC_D\2024_JUL_GC-D_T3\GOPR3518\Coral12.JPG,12,0.3938,Giant Clam,T3,1
Giant Clam (Shallow Only)\2024_AUG_GC_D\2024_AUG_GC_T3\GOPR4482.JPG,Giant Clam (Shallow Only)\2024_AUG_GC_D\2024_AUG_GC_T3\GOPR4482\Coral2.JPG,2,0.5216,Giant Clam,T3,1
Giant Clam (Shallow Only)\2024_JUL_GC_D\2024_JUL_GC-D_T3\GOPR3520.JPG,Giant Clam (Shallow Only)\2024_JUL_GC_D\2024_JUL_GC-D_T3\GOPR3520\Coral8.JPG,8,0.3733,Giant Clam,T3,1
Giant Clam (Shallow Only)\2024_JUL_GC_D\2024_JUL_GC-D_T3\GOPR3497.JPG,Giant Clam (Shallow Only)\2024_JUL_GC_D\2024_JUL_GC-D_T3\GOPR3497\Coral22.JPG,22,0.1649,Giant Clam,T3,1
Giant Clam (Shallow Only)\2024_JUL_GC_D\2024_JUL_GC-D_T3\GOPR3530.JPG,Giant Clam (Shallow Only)\2024_JUL_GC_D\2024_JUL_GC-D_T3\GOPR3530\Coral17.JPG,17,0.3872,Giant Clam,T3,1
Giant Clam (Shallow Only)\2024_AUG_GC_D\2024_AUG_GC_T3\GOPR4503.JPG,Giant Clam (Shallow Only)\2024_AUG_GC_D\2024_AUG_GC_T3\GOPR4503\Coral11.JPG,11,0.4091,Giant Clam,T3,1
Giant Clam (Shallow Only)\2024_AUG_GC_D\2024_AUG_GC_T3\GOPR4520.JPG,Giant Clam (Shallow Only)\2024_AUG_GC_D\2024_AUG_GC_T3\GOPR4520\Coral10.JPG,10,0.4684,Giant Clam,T3,1
Giant Clam (Shallow Only)\2024_JUL_GC_D\2024_JUL_GC-D_T3\GOPR3533.JPG,Giant Clam (Shallow Only)\2024_JUL_GC_D\2024_JUL_GC-D_T3\GOPR3533\Coral9.JPG,9,0.5194,Giant Clam,T3,1
Giant Clam (Shallow Only)\2024_JUL_GC_D\2024_JUL_GC-D_T3\GOPR3508.JPG,Giant Clam (Shallow Only)\2024_JUL_GC_D\2024_JUL_GC-D_T3\GOPR3508\Coral3.JPG,3,0.6582,Giant Clam,T3,1
Giant Clam (Shallow Only)\2024_JUL_GC_D\2024_JUL_GC-D_T3\GOPR3529.JPG,Giant Clam (Shallow Only)\2024_JUL_GC_D\2024_JUL_GC-D_T3\GOPR3529\Coral17.JPG,17,0.3671,Giant Clam,T3,1
Giant Clam (Shallow Only)\2024_JUL_GC_D\2024_JUL_GC-D_T3\GOPR3495.JPG,Giant Clam (Shallow Only)\2024_JUL_GC_D\2024_JUL_GC-D_T3\GOPR3495\Coral7.JPG,7,0.4307,Giant Clam,T3,1
Giant Clam (Shallow Only)\2024_AUG_GC_D\2024_AUG_GC_T3\GOPR4493.JPG,Giant Clam (Shallow Only)\2024_AUG_GC_D\2024_AUG_GC_T3\GOPR4493\Coral15.JPG,15,0.1828,Giant Clam,T3,1
Giant Clam (Shallow Only)\2024_AUG_GC_D\2024_AUG_GC_T3\GOPR4515.JPG,Giant Clam (Shallow Only)\2024_AUG_GC_D\2024_AUG_GC_T3\GOPR4515\Coral10.JPG,10,0.3204,Giant Clam,T3,1
Giant Clam (Shallow Only)\2024_AUG_GC_D\2024_AUG_GC_T3\GOPR4516.JPG,Giant Clam (Shallow Only)\2024_AUG_GC_D\2024_AUG_GC_T3\GOPR4516\Coral1.JPG,1,0.8356,Giant Clam,T3,1
Giant Clam (Shallow Only)\2024_JUL_GC_D\2024_JUL_GC-D_T3\GOPR3490.JPG,Giant Clam (Shallow Only)\2024_JUL_GC_D\2024_JUL_GC-D_T3\GOPR3490\Coral19.JPG,19,0.3373,Giant Clam,T3,1
Giant Clam (Shallow Only)\2024_JUL_GC_D\2024_JUL_GC-D_T3\GOPR3493.JPG,Giant Clam (Shallow Only)\2024_JUL_GC_D\2024_JUL_GC-D_T3\GOPR3493\Coral18.JPG,18,0.3137,Giant Clam,T3,1
Giant Clam (Shallow Only)\2024_JUL_GC_D\2024_JUL_GC-D_T3\GOPR3524.JPG,Giant Clam (Shallow Only)\2024_JUL_GC_D\2024_JUL_GC-D_T3\GOPR3524\Coral16.JPG,16,0.2266,Giant Clam,T3,1
Giant Clam (Shallow Only)\2024_AUG_GC_D\2024_AUG_GC_T3\GOPR4487.JPG,Giant Clam (Shallow Only)\2024_AUG_GC_D\2024_AUG_GC_T3\GOPR4487\Coral21.JPG,21,0.1507,Giant Clam,T3,1
Giant Clam (Shallow Only)\2024_AUG_GC_D\2024_AUG_GC_T3\GOPR4490.JPG,Giant Clam (Shallow Only)\2024_AUG_GC_D\2024_AUG_GC_T3\GOPR4490\Coral16.JPG,16,0.3884,Giant Clam,T3,1
Giant Clam (Shallow Only)\2024_JUL_GC_D\2024_JUL_GC-D_T3\GOPR3511.JPG,Giant Clam (Shallow Only)\2024_JUL_GC_D\2024_JUL_GC-D_T3\GOPR3511\Coral11.JPG,11,0.5217,Giant Clam,T3,1
Giant Clam (Shallow Only)\2024_AUG_GC_D\2024_AUG_GC_T3\GOPR4519.JPG,Giant Clam (Shallow Only)\2024_AUG_GC_D\2024_AUG_GC_T3\GOPR4519\Coral6.JPG,6,0.4595,Giant Clam,T3,1
Giant Clam (Shallow Only)\2024_JUL_GC_D\2024_JUL_GC-D_T3\GOPR3528.JPG,Giant Clam (Shallow Only)\2024_JUL_GC_D\2024_JUL_GC-D_T3\GOPR3528\Coral24.JPG,24,0.1769,Giant Clam,T3,1
Giant Clam (Shallow Only)\2024_AUG_GC_D\2024_AUG_GC_T3\GOPR4484.JPG,Giant Clam (Shallow Only)\2024_AUG_GC_D\2024_AUG_GC_T3\GOPR4484\Coral1.JPG,1,0.6385,Giant Clam,T3,1
Giant Clam (Shallow Only)\2024_JUL_GC_D\2024_JUL_GC-D_T3\GOPR3513.JPG,Giant Clam (Shallow Only)\2024_JUL_GC_D\2024_JUL_GC-D_T3\GOPR3513\Coral1.JPG,1,0.8632,Giant Clam,T3,1
Giant Clam (Shallow Only)\2024_JUL_GC_D\2024_JUL_GC-D_T3\GOPR3519.JPG,Giant Clam (Shallow Only)\2024_JUL_GC_D\2024_JUL_GC-D_T3\GOPR3519\Coral9.JPG,9,0.1694,Giant Clam,T3,1
Giant Clam (Shallow Only)\2024_AUG_GC_D\2024_AUG_GC_T3\GOPR4474.JPG,Giant Clam (Shallow Only)\2024_AUG_GC_D\2024_AUG_GC_T3\GOPR4474\Coral10.JPG,10,0.2174,Giant Clam,T3,1
Giant Clam (Shallow Only)\2024_JUL_GC_D\2024_JUL_GC-D_T3\GOPR3531.JPG,Giant Clam (Shallow Only)\2024_JUL_GC_D\2024_JUL_GC-D_T3\GOPR3531\Coral25.JPG,25,0.2986,Giant Clam,T3,1
Giant Clam (Shallow Only)\2024_JUL_GC_D\2024_JUL_GC-D_T3\GOPR3522.JPG,Giant Clam (Shallow Only)\2024_JUL_GC_D\2024_JUL_GC-D_T3\GOPR3522\Coral2.JPG,2,0.6662,Giant Clam,T3,1
Giant Clam (Shallow Only)\2024_AUG_GC_D\2024_AUG_GC_T3\GOPR4479.JPG,Giant Clam (Shallow Only)\2024_AUG_GC_D\2024_AUG_GC_T3\GOPR4479\Coral21.JPG,21,0.3861,Giant Clam,T3,1
Giant Clam (Shallow Only)\2024_JUL_GC_D\2024_JUL_GC-D_T3\GOPR3503.JPG,Giant Clam (Shallow Only)\2024_JUL_GC_D\2024_JUL_GC-D_T3\GOPR3503\Coral27.JPG,27,0.1667,Giant Clam,T3,1
Giant Clam (Shallow Only)\2024_AUG_GC_D\2024_AUG_GC_T3\GOPR4503.JPG,Giant Clam (Shallow Only)\2024_AUG_GC_D\2024_AUG_GC_T3\GOPR4503\Coral10.JPG,10,0.4102,Giant Clam,T3,1
Giant Clam (Shallow Only)\2024_JUL_GC_D\2024_JUL_GC-D_T3\GOPR3505.JPG,Giant Clam (Shallow Only)\2024_JUL_GC_D\2024_JUL_GC-D_T3\GOPR3505\Coral1.JPG,1,0.7758,Giant Clam,T3,1
Giant Clam (Shallow Only)\2024_JUL_GC_D\2024_JUL_GC-D_T3\GOPR3529.JPG,Giant Clam (Shallow Only)\2024_JUL_GC_D\2024_JUL_GC-D_T3\GOPR3529\Coral24.JPG,24,0.2556,Giant Clam,T3,1
Giant Clam (Shallow Only)\2024_AUG_GC_D\2024_AUG_GC_T3\GOPR4513.JPG,Giant Clam (Shallow Only)\2024_AUG_GC_D\2024_AUG_GC_T3\GOPR4513\Coral4.JPG,4,0.3459,Giant Clam,T3,1
Giant Clam (Shallow Only)\2024_JUL_GC_D\2024_JUL_GC-D_T3\GOPR3489.JPG,Giant Clam (Shallow Only)\2024_JUL_GC_D\2024_JUL_GC-D_T3\GOPR3489\Coral13.JPG,13,0.2265,Giant Clam,T3,1
Giant Clam (Shallow Only)\2024_JUL_GC_D\2024_JUL_GC-D_T3\GOPR3487.JPG,Giant Clam (Shallow Only)\2024_JUL_GC_D\2024_JUL_GC-D_T3\GOPR3487\Coral40.JPG,40,0.1612,Giant Clam,T3,1
Giant Clam (Shallow Only)\2024_AUG_GC_D\2024_AUG_GC_T3\GOPR4506.JPG,Giant Clam (Shallow Only)\2024_AUG_GC_D\2024_AUG_GC_T3\GOPR4506\Coral3.JPG,3,0.5116,Giant Clam,T3,1
Giant Clam (Shallow Only)\2024_AUG_GC_D\2024_AUG_GC_T3\GOPR4512.JPG,Giant Clam (Shallow Only)\2024_AUG_GC_D\2024_AUG_GC_T3\GOPR4512\Coral1.JPG,1,0.5425,Giant Clam,T3,1
Giant Clam (Shallow Only)\2024_AUG_GC_D\2024_AUG_GC_T3\GOPR4498.JPG,Giant Clam (Shallow Only)\2024_AUG_GC_D\2024_AUG_GC_T3\GOPR4498\Coral6.JPG,6,0.4281,Giant Clam,T3,1
Giant Clam (Shallow Only)\2024_JUL_GC_D\2024_JUL_GC-D_T3\GOPR3496.JPG,Giant Clam (Shallow Only)\2024_JUL_GC_D\2024_JUL_GC-D_T3\GOPR3496\Coral14.JPG,14,0.3423,Giant Clam,T3,1
Giant Clam (Shallow Only)\2024_AUG_GC_D\2024_AUG_GC_T3\GOPR4508.JPG,Giant Clam (Shallow Only)\2024_AUG_GC_D\2024_AUG_GC_T3\GOPR4508\Coral3.JPG,3,0.6676,Giant Clam,T3,1
Giant Clam (Shallow Only)\2024_JUL_GC_D\2024_JUL_GC-D_T3\GOPR3512.JPG,Giant Clam (Shallow Only)\2024_JUL_GC_D\2024_JUL_GC-D_T3\GOPR3512\Coral8.JPG,8,0.2752,Giant Clam,T3,1
Giant Clam (Shallow Only)\2024_AUG_GC_D\2024_AUG_GC_T3\GOPR4490.JPG,Giant Clam (Shallow Only)\2024_AUG_GC_D\2024_AUG_GC_T3\GOPR4490\Coral3.JPG,3,0.6689,Giant Clam,T3,1
Giant Clam (Shallow Only)\2024_JUL_GC_D\2024_JUL_GC-D_T3\GOPR3514.JPG,Giant Clam (Shallow Only)\2024_JUL_GC_D\2024_JUL_GC-D_T3\GOPR3514\Coral13.JPG,13,0.3796,Giant Clam,T3,1
Giant Clam (Shallow Only)\2024_JUL_GC_D\2024_JUL_GC-D_T3\GOPR3536.JPG,Giant Clam (Shallow Only)\2024_JUL_GC_D\2024_JUL_GC-D_T3\GOPR3536\Coral7.JPG,7,0.4813,Giant Clam,T3,1
Giant Clam (Shallow Only)\2024_JUL_GC_D\2024_JUL_GC-D_T3\GOPR3519.JPG,Giant Clam (Shallow Only)\2024_JUL_GC_D\2024_JUL_GC-D_T3\GOPR3519\Coral10.JPG,10,0.1553,Giant Clam,T3,1
Giant Clam (Shallow Only)\2024_JUL_GC_D\2024_JUL_GC-D_T3\GOPR3520.JPG,Giant Clam (Shallow Only)\2024_JUL_GC_D\2024_JUL_GC-D_T3\GOPR3520\Coral19.JPG,19,0.1892,Giant Clam,T3,1
Giant Clam (Shallow Only)\2024_AUG_GC_D\2024_AUG_GC_T3\GOPR4488.JPG,Giant Clam (Shallow Only)\2024_AUG_GC_D\2024_AUG_GC_T3\GOPR4488\Coral3.JPG,3,0.7474,Giant Clam,T3,1
Giant Clam (Shallow Only)\2024_JUL_GC_D\2024_JUL_GC-D_T3\GOPR3500.JPG,Giant Clam (Shallow Only)\2024_JUL_GC_D\2024_JUL_GC-D_T3\GOPR3500\Coral15.JPG,15,0.3232,Giant Clam,T3,1
Giant Clam (Shallow Only)\2024_JUL_GC_D\2024_JUL_GC-D_T3\GOPR3497.JPG,Giant Clam (Shallow Only)\2024_JUL_GC_D\2024_JUL_GC-D_T3\GOPR3497\Coral9.JPG,9,0.4422,Giant Clam,T3,1
Giant Clam (Shallow Only)\2024_JUL_GC_D\2024_JUL_GC-D_T3\GOPR3522.JPG,Giant Clam (Shallow Only)\2024_JUL_GC_D\2024_JUL_GC-D_T3\GOPR3522\Coral14.JPG,14,0.2392,Giant Clam,T3,1
Giant Clam (Shallow Only)\2024_AUG_GC_D\2024_AUG_GC_T3\GOPR4513.JPG,Giant Clam (Shallow Only)\2024_AUG_GC_D\2024_AUG_GC_T3\GOPR4513\Coral6.JPG,6,0.2007,Giant Clam,T3,1
Giant Clam (Shallow Only)\2024_JUL_GC_D\2024_JUL_GC-D_T3\GOPR3489.JPG,Giant Clam (Shallow Only)\2024_JUL_GC_D\2024_JUL_GC-D_T3\GOPR3489\Coral2.JPG,2,0.5414,Giant Clam,T3,1
Giant Clam (Shallow Only)\2024_JUL_GC_D\2024_JUL_GC-D_T3\GOPR3489.JPG,Giant Clam (Shallow Only)\2024_JUL_GC_D\2024_JUL_GC-D_T3\GOPR3489\Coral10.JPG,10,0.2817,Giant Clam,T3,1
Giant Clam (Shallow Only)\2024_JUL_GC_D\2024_JUL_GC-D_T3\GOPR3535.JPG,Giant Clam (Shallow Only)\2024_JUL_GC_D\2024_JUL_GC-D_T3\GOPR3535\Coral14.JPG,14,0.2212,Giant Clam,T3,1
Giant Clam (Shallow Only)\2024_JUL_GC_D\2024_JUL_GC-D_T3\GOPR3535.JPG,Giant Clam (Shallow Only)\2024_JUL_GC_D\2024_JUL_GC-D_T3\GOPR3535\Coral21.JPG,21,0.1525,Giant Clam,T3,1
Giant Clam (Shallow Only)\2024_JUL_GC_D\2024_JUL_GC-D_T3\GOPR3535.JPG,Giant Clam (Shallow Only)\2024_JUL_GC_D\2024_JUL_GC-D_T3\GOPR3535\Coral1.JPG,1,0.7106,Giant Clam,T3,1
Giant Clam (Shallow Only)\2024_JUL_GC_D\2024_JUL_GC-D_T3\GOPR3535.JPG,Giant Clam (Shallow Only)\2024_JUL_GC_D\2024_JUL_GC-D_T3\GOPR3535\Coral4.JPG,4,0.4745,Giant Clam,T3,1
Giant Clam (Shallow Only)\2024_JUL_GC_D\2024_JUL_GC-D_T3\GOPR3535.JPG,Giant Clam (Shallow Only)\2024_JUL_GC_D\2024_JUL_GC-D_T3\GOPR3535\Coral6.JPG,6,0.4189,Giant Clam,T3,1
Giant Clam (Shallow Only)\2024_JUL_GC_D\2024_JUL_GC-D_T3\GOPR3486.JPG,Giant Clam (Shallow Only)\2024_JUL_GC_D\2024_JUL_GC-D_T3\GOPR3486\Coral36.JPG,36,0.2139,Giant Clam,T3,1
Giant Clam (Shallow Only)\2024_JUL_GC_D\2024_JUL_GC-D_T3\GOPR3486.JPG,Giant Clam (Shallow Only)\2024_JUL_GC_D\2024_JUL_GC-D_T3\GOPR3486\Coral29.JPG,29,0.3231,Giant Clam,T3,1
Giant Clam (Shallow Only)\2024_JUL_GC_D\2024_JUL_GC-D_T3\GOPR3486.JPG,Giant Clam (Shallow Only)\2024_JUL_GC_D\2024_JUL_GC-D_T3\GOPR3486\Coral40.JPG,40,0.1902,Giant Clam,T3,1
Giant Clam (Shallow Only)\2024_JUL_GC_D\2024_JUL_GC-D_T3\GOPR3486.JPG,Giant Clam (Shallow Only)\2024_JUL_GC_D\2024_JUL_GC-D_T3\GOPR3486\Coral21.JPG,21,0.4115,Giant Clam,T3,1
Giant Clam (Shallow Only)\2024_JUL_GC_D\2024_JUL_GC-D_T3\GOPR3486.JPG,Giant Clam (Shallow Only)\2024_JUL_GC_D\2024_JUL_GC-D_T3\GOPR3486\Coral15.JPG,15,0.4869,Giant Clam,T3,1
Giant Clam (Shallow Only)\2024_JUL_GC_D\2024_JUL_GC-D_T3\GOPR3486.JPG,Giant Clam (Shallow Only)\2024_JUL_GC_D\2024_JUL_GC-D_T3\GOPR3486\Coral28.JPG,28,0.3432,Giant Clam,T3,1
Giant Clam (Shallow Only)\2024_JUL_GC_D\2024_JUL_GC-D_T3\GOPR3486.JPG,Giant Clam (Shallow Only)\2024_JUL_GC_D\2024_JUL_GC-D_T3\GOPR3486\Coral17.JPG,17,0.4734,Giant Clam,T3,1
Giant Clam (Shallow Only)\2024_JUL_GC_D\2024_JUL_GC-D_T3\GOPR3486.JPG,Giant Clam (Shallow Only)\2024_JUL_GC_D\2024_JUL_GC-D_T3\GOPR3486\Coral4.JPG,4,0.6868,Giant Clam,T3,1
Giant Clam (Shallow Only)\2024_JUL_GC_D\2024_JUL_GC-D_T3\GOPR3486.JPG,Giant Clam (Shallow Only)\2024_JUL_GC_D\2024_JUL_GC-D_T3\GOPR3486\Coral19.JPG,19,0.4533,Giant Clam,T3,1
Giant Clam (Shallow Only)\2024_AUG_GC_D\2024_AUG_GC_T3\GOPR4522.JPG,Giant Clam (Shallow Only)\2024_AUG_GC_D\2024_AUG_GC_T3\GOPR4522\Coral22.JPG,22,0.3178,Giant Clam,T3,1
Giant Clam (Shallow Only)\2024_AUG_GC_D\2024_AUG_GC_T3\GOPR4522.JPG,Giant Clam (Shallow Only)\2024_AUG_GC_D\2024_AUG_GC_T3\GOPR4522\Coral1.JPG,1,0.7482,Giant Clam,T3,1
Giant Clam (Shallow Only)\2024_AUG_GC_D\2024_AUG_GC_T3\GOPR4522.JPG,Giant Clam (Shallow Only)\2024_AUG_GC_D\2024_AUG_GC_T3\GOPR4522\Coral24.JPG,24,0.3134,Giant Clam,T3,1
Giant Clam (Shallow Only)\2024_AUG_GC_D\2024_AUG_GC_T3\GOPR4522.JPG,Giant Clam (Shallow Only)\2024_AUG_GC_D\2024_AUG_GC_T3\GOPR4522\Coral23.JPG,23,0.3174,Giant Clam,T3,1
Giant Clam (Shallow Only)\2024_AUG_GC_D\2024_AUG_GC_T3\GOPR4522.JPG,Giant Clam (Shallow Only)\2024_AUG_GC_D\2024_AUG_GC_T3\GOPR4522\Coral19.JPG,19,0.4283,Giant Clam,T3,1
Giant Clam (Shallow Only)\2024_AUG_GC_D\2024_AUG_GC_T3\GOPR4522.JPG,Giant Clam (Shallow Only)\2024_AUG_GC_D\2024_AUG_GC_T3\GOPR4522\Coral7.JPG,7,0.6071,Giant Clam,T3,1
Giant Clam (Shallow Only)\2024_AUG_GC_D\2024_AUG_GC_T3\GOPR4522.JPG,Giant Clam (Shallow Only)\2024_AUG_GC_D\2024_AUG_GC_T3\GOPR4522\Coral14.JPG,14,0.5172,Giant Clam,T3,1
Giant Clam (Shallow Only)\2024_AUG_GC_D\2024_AUG_GC_T3\GOPR4522.JPG,Giant Clam (Shallow Only)\2024_AUG_GC_D\2024_AUG_GC_T3\GOPR4522\Coral15.JPG,15,0.504,Giant Clam,T3,1
Giant Clam (Shallow Only)\2024_AUG_GC_D\2024_AUG_GC_T3\GOPR4522.JPG,Giant Clam (Shallow Only)\2024_AUG_GC_D\2024_AUG_GC_T3\GOPR4522\Coral8.JPG,8,0.5868,Giant Clam,T3,1
Giant Clam (Shallow Only)\2024_JUL_GC_D\2024_JUL_GC-D_T3\GOPR3491.JPG,Giant Clam (Shallow Only)\2024_JUL_GC_D\2024_JUL_GC-D_T3\GOPR3491\Coral16.JPG,16,0.2746,Giant Clam,T3,1
Giant Clam (Shallow Only)\2024_JUL_GC_D\2024_JUL_GC-D_T3\GOPR3491.JPG,Giant Clam (Shallow Only)\2024_JUL_GC_D\2024_JUL_GC-D_T3\GOPR3491\Coral6.JPG,6,0.3807,Giant Clam,T3,1
Giant Clam (Shallow Only)\2024_JUL_GC_D\2024_JUL_GC-D_T3\GOPR3491.JPG,Giant Clam (Shallow Only)\2024_JUL_GC_D\2024_JUL_GC-D_T3\GOPR3491\Coral22.JPG,22,0.1774,Giant Clam,T3,1
Giant Clam (Shallow Only)\2024_JUL_GC_D\2024_JUL_GC-D_T3\GOPR3487.JPG,Giant Clam (Shallow Only)\2024_JUL_GC_D\2024_JUL_GC-D_T3\GOPR3487\Coral24.JPG,24,0.3031,Giant Clam,T3,1
Giant Clam (Shallow Only)\2024_JUL_GC_D\2024_JUL_GC-D_T3\GOPR3487.JPG,Giant Clam (Shallow Only)\2024_JUL_GC_D\2024_JUL_GC-D_T3\GOPR3487\Coral38.JPG,38,0.1734,Giant Clam,T3,1
Giant Clam (Shallow Only)\2024_JUL_GC_D\2024_JUL_GC-D_T3\GOPR3487.JPG,Giant Clam (Shallow Only)\2024_JUL_GC_D\2024_JUL_GC-D_T3\GOPR3487\Coral37.JPG,37,0.1787,Giant Clam,T3,1
Giant Clam (Shallow Only)\2024_JUL_GC_D\2024_JUL_GC-D_T3\GOPR3487.JPG,Giant Clam (Shallow Only)\2024_JUL_GC_D\2024_JUL_GC-D_T3\GOPR3487\Coral1.JPG,1,0.8511,Giant Clam,T3,1
Giant Clam (Shallow Only)\2024_JUL_GC_D\2024_JUL_GC-D_T3\GOPR3487.JPG,Giant Clam (Shallow Only)\2024_JUL_GC_D\2024_JUL_GC-D_T3\GOPR3487\Coral18.JPG,18,0.425,Giant Clam,T3,1
Giant Clam (Shallow Only)\2024_JUL_GC_D\2024_JUL_GC-D_T3\GOPR3487.JPG,Giant Clam (Shallow Only)\2024_JUL_GC_D\2024_JUL_GC-D_T3\GOPR3487\Coral19.JPG,19,0.4014,Giant Clam,T3,1
Giant Clam (Shallow Only)\2024_JUL_GC_D\2024_JUL_GC-D_T3\GOPR3487.JPG,Giant Clam (Shallow Only)\2024_JUL_GC_D\2024_JUL_GC-D_T3\GOPR3487\Coral35.JPG,35,0.2056,Giant Clam,T3,1
Giant Clam (Shallow Only)\2024_JUL_GC_D\2024_JUL_GC-D_T3\GOPR3499.JPG,Giant Clam (Shallow Only)\2024_JUL_GC_D\2024_JUL_GC-D_T3\GOPR3499\Coral16.JPG,16,0.2,Giant Clam,T3,1
Giant Clam (Shallow Only)\2024_JUL_GC_D\2024_JUL_GC-D_T3\GOPR3499.JPG,Giant Clam (Shallow Only)\2024_JUL_GC_D\2024_JUL_GC-D_T3\GOPR3499\Coral5.JPG,5,0.4966,Giant Clam,T3,1
Giant Clam (Shallow Only)\2024_JUL_GC_D\2024_JUL_GC-D_T3\GOPR3499.JPG,Giant Clam (Shallow Only)\2024_JUL_GC_D\2024_JUL_GC-D_T3\GOPR3499\Coral7.JPG,7,0.4009,Giant Clam,T3,1
Giant Clam (Shallow Only)\2024_JUL_GC_D\2024_JUL_GC-D_T3\GOPR3499.JPG,Giant Clam (Shallow Only)\2024_JUL_GC_D\2024_JUL_GC-D_T3\GOPR3499\Coral14.JPG,14,0.2333,Giant Clam,T3,1
Giant Clam (Shallow Only)\2024_JUL_GC_D\2024_JUL_GC-D_T3\GOPR3498.JPG,Giant Clam (Shallow Only)\2024_JUL_GC_D\2024_JUL_GC-D_T3\GOPR3498\Coral11.JPG,11,0.3133,Giant Clam,T3,1
Giant Clam (Shallow Only)\2024_AUG_GC_D\2024_AUG_GC_T3\GOPR4494.JPG,Giant Clam (Shallow Only)\2024_AUG_GC_D\2024_AUG_GC_T3\GOPR4494\Coral12.JPG,12,0.1956,Giant Clam,T3,1
Giant Clam (Shallow Only)\2024_AUG_GC_D\2024_AUG_GC_T3\GOPR4494.JPG,Giant Clam (Shallow Only)\2024_AUG_GC_D\2024_AUG_GC_T3\GOPR4494\Coral8.JPG,8,0.2635,Giant Clam,T3,1
Giant Clam (Shallow Only)\2024_AUG_GC_D\2024_AUG_GC_T3\GOPR4485.JPG,Giant Clam (Shallow Only)\2024_AUG_GC_D\2024_AUG_GC_T3\GOPR4485\Coral31.JPG,31,0.2081,Giant Clam,T3,1
Giant Clam (Shallow Only)\2024_AUG_GC_D\2024_AUG_GC_T3\GOPR4485.JPG,Giant Clam (Shallow Only)\2024_AUG_GC_D\2024_AUG_GC_T3\GOPR4485\Coral21.JPG,21,0.2713,Giant Clam,T3,1
Giant Clam (Shallow Only)\2024_AUG_GC_D\2024_AUG_GC_T3\GOPR4485.JPG,Giant Clam (Shallow Only)\2024_AUG_GC_D\2024_AUG_GC_T3\GOPR4485\Coral7.JPG,7,0.4946,Giant Clam,T3,1
Giant Clam (Shallow Only)\2024_AUG_GC_D\2024_AUG_GC_T3\GOPR4485.JPG,Giant Clam (Shallow Only)\2024_AUG_GC_D\2024_AUG_GC_T3\GOPR4485\Coral16.JPG,16,0.3449,Giant Clam,T3,1
Giant Clam (Shallow Only)\2024_AUG_GC_D\2024_AUG_GC_T3\GOPR4485.JPG,Giant Clam (Shallow Only)\2024_AUG_GC_D\2024_AUG_GC_T3\GOPR4485\Coral35.JPG,35,0.1722,Giant Clam,T3,1
Giant Clam (Shallow Only)\2024_AUG_GC_D\2024_AUG_GC_T3\GOPR4485.JPG,Giant Clam (Shallow Only)\2024_AUG_GC_D\2024_AUG_GC_T3\GOPR4485\Coral5.JPG,5,0.6688,Giant Clam,T3,1
Giant Clam (Shallow Only)\2024_AUG_GC_D\2024_AUG_GC_T3\GOPR4485.JPG,Giant Clam (Shallow Only)\2024_AUG_GC_D\2024_AUG_GC_T3\GOPR4485\Coral6.JPG,6,0.5061,Giant Clam,T3,1
Giant Clam (Shallow Only)\2024_AUG_GC_D\2024_AUG_GC_T3\GOPR4485.JPG,Giant Clam (Shallow Only)\2024_AUG_GC_D\2024_AUG_GC_T3\GOPR4485\Coral1.JPG,1,0.7643,Giant Clam,T3,1
Giant Clam (Shallow Only)\2024_JUL_GC_D\2024_JUL_GC-D_T3\GOPR3515.JPG,Giant Clam (Shallow Only)\2024_JUL_GC_D\2024_JUL_GC-D_T3\GOPR3515\Coral29.JPG,29,0.209,Giant Clam,T3,1
Harka Piloto\2024_AUG_HPFS_S\2024_AUG_HPFS_S_T1\GOPR5519.JPG,Harka Piloto\2024_AUG_HPFS_S\2024_AUG_HPFS_S_T1\GOPR5519\Coral8.JPG,8,0.3124,Harka Piloto S,T1,1
Harka Piloto\2024_HP_JUL_S\HP_S_T1\GOPR3877.JPG,Harka Piloto\2024_HP_JUL_S\HP_S_T1\GOPR3877\Coral18.JPG,18,0.1995,Harka Piloto S,T1,1
Harka Piloto\2024_AUG_HPFS_S\2024_AUG_HPFS_S_T1\GOPR5503.JPG,Harka Piloto\2024_AUG_HPFS_S\2024_AUG_HPFS_S_T1\GOPR5503\Coral3.JPG,3,0.5256,Harka Piloto S,T1,1
Harka Piloto\2024_HP_JUL_S\HP_S_T1\GOPR3857.JPG,Harka Piloto\2024_HP_JUL_S\HP_S_T1\GOPR3857\Coral5.JPG,5,0.6127,Harka Piloto S,T1,1
Harka Piloto\2024_HP_JUL_S\HP_S_T1\GOPR3862.JPG,Harka Piloto\2024_HP_JUL_S\HP_S_T1\GOPR3862\Coral28.JPG,28,0.2203,Harka Piloto S,T1,1
Harka Piloto\2024_HP_JUL_S\HP_S_T1\GOPR3895.JPG,Harka Piloto\2024_HP_JUL_S\HP_S_T1\GOPR3895\Coral6.JPG,6,0.4476,Harka Piloto S,T1,1
Harka Piloto\2024_AUG_HPFS_S\2024_AUG_HPFS_S_T1\GOPR5514.JPG,Harka Piloto\2024_AUG_HPFS_S\2024_AUG_HPFS_S_T1\GOPR5514\Coral13.JPG,13,0.2711,Harka Piloto S,T1,1
Harka Piloto\2024_AUG_HPFS_S\2024_AUG_HPFS_S_T1\GOPR5508.JPG,Harka Piloto\2024_AUG_HPFS_S\2024_AUG_HPFS_S_T1\GOPR5508\Coral1.JPG,1,0.7609,Harka Piloto S,T1,1
Harka Piloto\2024_AUG_HPFS_S\2024_AUG_HPFS_S_T1\GOPR5487.JPG,Harka Piloto\2024_AUG_HPFS_S\2024_AUG_HPFS_S_T1\GOPR5487\Coral5.JPG,5,0.4675,Harka Piloto S,T1,1
Harka Piloto\2024_HP_JUL_S\HP_S_T1\GOPR3880.JPG,Harka Piloto\2024_HP_JUL_S\HP_S_T1\GOPR3880\Coral4.JPG,4,0.654,Harka Piloto S,T1,1
Harka Piloto\2024_AUG_HPFS_S\2024_AUG_HPFS_S_T1\GOPR5472.JPG,Harka Piloto\2024_AUG_HPFS_S\2024_AUG_HPFS_S_T1\GOPR5472\Coral1.JPG,1,0.8376,Harka Piloto S,T1,1
Harka Piloto\2024_HP_JUL_S\HP_S_T1\GOPR3882.JPG,Harka Piloto\2024_HP_JUL_S\HP_S_T1\GOPR3882\Coral24.JPG,24,0.2009,Harka Piloto S,T1,1
Harka Piloto\2024_HP_JUL_S\HP_S_T1\GOPR3863.JPG,Harka Piloto\2024_HP_JUL_S\HP_S_T1\GOPR3863\Coral8.JPG,8,0.5223,Harka Piloto S,T1,1
Harka Piloto\2024_AUG_HPFS_S\2024_AUG_HPFS_S_T1\GOPR5504.JPG,Harka Piloto\2024_AUG_HPFS_S\2024_AUG_HPFS_S_T1\GOPR5504\Coral9.JPG,9,0.3033,Harka Piloto S,T1,1
Harka Piloto\2024_HP_JUL_S\HP_S_T1\GOPR3874.JPG,Harka Piloto\2024_HP_JUL_S\HP_S_T1\GOPR3874\Coral34.JPG,34,0.248,Harka Piloto S,T1,1
Harka Piloto\2024_HP_JUL_S\HP_S_T1\GOPR3886.JPG,Harka Piloto\2024_HP_JUL_S\HP_S_T1\GOPR3886\Coral16.JPG,16,0.2171,Harka Piloto S,T1,1
Harka Piloto\2024_HP_JUL_S\HP_S_T1\GOPR3854.JPG,Harka Piloto\2024_HP_JUL_S\HP_S_T1\GOPR3854\Coral16.JPG,16,0.3668,Harka Piloto S,T1,1
Harka Piloto\2024_HP_JUL_S\HP_S_T1\GOPR3894.JPG,Harka Piloto\2024_HP_JUL_S\HP_S_T1\GOPR3894\Coral36.JPG,36,0.2178,Harka Piloto S,T1,1
Harka Piloto\2024_HP_JUL_S\HP_S_T1\GOPR3873.JPG,Harka Piloto\2024_HP_JUL_S\HP_S_T1\GOPR3873\Coral18.JPG,18,0.3391,Harka Piloto S,T1,1
Harka Piloto\2024_HP_JUL_S\HP_S_T1\GOPR3887.JPG,Harka Piloto\2024_HP_JUL_S\HP_S_T1\GOPR3887\Coral3.JPG,3,0.441,Harka Piloto S,T1,1
Harka Piloto\2024_HP_JUL_S\HP_S_T1\GOPR3892.JPG,Harka Piloto\2024_HP_JUL_S\HP_S_T1\GOPR3892\Coral24.JPG,24,0.251,Harka Piloto S,T1,1
Harka Piloto\2024_HP_JUL_S\HP_S_T1\GOPR3890.JPG,Harka Piloto\2024_HP_JUL_S\HP_S_T1\GOPR3890\Coral13.JPG,13,0.2376,Harka Piloto S,T1,1
Harka Piloto\2024_HP_JUL_S\HP_S_T1\GOPR3889.JPG,Harka Piloto\2024_HP_JUL_S\HP_S_T1\GOPR3889\Coral2.JPG,2,0.317,Harka Piloto S,T1,1
Harka Piloto\2024_HP_JUL_S\HP_S_T1\GOPR3871.JPG,Harka Piloto\2024_HP_JUL_S\HP_S_T1\GOPR3871\Coral6.JPG,6,0.484,Harka Piloto S,T1,1
Harka Piloto\2024_AUG_HPFS_S\2024_AUG_HPFS_S_T1\GOPR5484.JPG,Harka Piloto\2024_AUG_HPFS_S\2024_AUG_HPFS_S_T1\GOPR5484\Coral6.JPG,6,0.3966,Harka Piloto S,T1,1
Harka Piloto\2024_HP_JUL_S\HP_S_T1\GOPR3857.JPG,Harka Piloto\2024_HP_JUL_S\HP_S_T1\GOPR3857\Coral37.JPG,37,0.1754,Harka Piloto S,T1,1
Harka Piloto\2024_HP_JUL_S\HP_S_T1\GOPR3862.JPG,Harka Piloto\2024_HP_JUL_S\HP_S_T1\GOPR3862\Coral10.JPG,10,0.4447,Harka Piloto S,T1,1
Harka Piloto\2024_AUG_HPFS_S\2024_AUG_HPFS_S_T1\GOPR5500 - Copy.JPG,Harka Piloto\2024_AUG_HPFS_S\2024_AUG_HPFS_S_T1\GOPR5500 - Copy\Coral2.JPG,2,0.5996,Harka Piloto S,T1,1
Harka Piloto\2024_HP_JUL_S\HP_S_T1\GOPR3879.JPG,Harka Piloto\2024_HP_JUL_S\HP_S_T1\GOPR3879\Coral14.JPG,14,0.3905,Harka Piloto S,T1,1
Harka Piloto\2024_AUG_HPFS_S\2024_AUG_HPFS_S_T1\GOPR5487.JPG,Harka Piloto\2024_AUG_HPFS_S\2024_AUG_HPFS_S_T1\GOPR5487\Coral24.JPG,24,0.2094,Harka Piloto S,T1,1
Harka Piloto\2024_HP_JUL_S\HP_S_T1\GOPR3861.JPG,Harka Piloto\2024_HP_JUL_S\HP_S_T1\GOPR3861\Coral28.JPG,28,0.2391,Harka Piloto S,T1,1
Harka Piloto\2024_HP_JUL_S\HP_S_T1\GOPR3880.JPG,Harka Piloto\2024_HP_JUL_S\HP_S_T1\GOPR3880\Coral11.JPG,11,0.4381,Harka Piloto S,T1,1
Harka Piloto\2024_AUG_HPFS_S\2024_AUG_HPFS_S_T1\GOPR5472.JPG,Harka Piloto\2024_AUG_HPFS_S\2024_AUG_HPFS_S_T1\GOPR5472\Coral10.JPG,10,0.2313,Harka Piloto S,T1,1
Harka Piloto\2024_HP_JUL_S\HP_S_T1\GOPR3858.JPG,Harka Piloto\2024_HP_JUL_S\HP_S_T1\GOPR3858\Coral34.JPG,34,0.1937,Harka Piloto S,T1,1
Harka Piloto\2024_AUG_HPFS_S\2024_AUG_HPFS_S_T1\GOPR5510.JPG,Harka Piloto\2024_AUG_HPFS_S\2024_AUG_HPFS_S_T1\GOPR5510\Coral17.JPG,17,0.2048,Harka Piloto S,T1,1
Harka Piloto\2024_HP_JUL_S\HP_S_T1\GOPR3886.JPG,Harka Piloto\2024_HP_JUL_S\HP_S_T1\GOPR3886\Coral13.JPG,13,0.2413,Harka Piloto S,T1,1
Harka Piloto\2024_HP_JUL_S\HP_S_T1\GOPR3885.JPG,Harka Piloto\2024_HP_JUL_S\HP_S_T1\GOPR3885\Coral9.JPG,9,0.2233,Harka Piloto S,T1,1
Harka Piloto\2024_AUG_HPFS_S\2024_AUG_HPFS_S_T1\GOPR5491.JPG,Harka Piloto\2024_AUG_HPFS_S\2024_AUG_HPFS_S_T1\GOPR5491\Coral2.JPG,2,0.7836,Harka Piloto S,T1,1
Harka Piloto\2024_HP_JUL_S\HP_S_T1\GOPR3881.JPG,Harka Piloto\2024_HP_JUL_S\HP_S_T1\GOPR3881\Coral29.JPG,29,0.1793,Harka Piloto S,T1,1
Harka Piloto\2024_HP_JUL_S\HP_S_T1\GOPR3892.JPG,Harka Piloto\2024_HP_JUL_S\HP_S_T1\GOPR3892\Coral5.JPG,5,0.6841,Harka Piloto S,T1,1
Harka Piloto\2024_HP_JUL_S\HP_S_T1\GOPR3857.JPG,Harka Piloto\2024_HP_JUL_S\HP_S_T1\GOPR3857\Coral22.JPG,22,0.3143,Harka Piloto S,T1,1
Harka Piloto\2024_AUG_HPFS_S\2024_AUG_HPFS_S_T1\GOPR5482.JPG,Harka Piloto\2024_AUG_HPFS_S\2024_AUG_HPFS_S_T1\GOPR5482\Coral7.JPG,7,0.3319,Harka Piloto S,T1,1
Harka Piloto\2024_AUG_HPFS_S\2024_AUG_HPFS_S_T1\GOPR5514.JPG,Harka Piloto\2024_AUG_HPFS_S\2024_AUG_HPFS_S_T1\GOPR5514\Coral32.JPG,32,0.1523,Harka Piloto S,T1,1
Harka Piloto\2024_AUG_HPFS_S\2024_AUG_HPFS_S_T1\GOPR5497.JPG,Harka Piloto\2024_AUG_HPFS_S\2024_AUG_HPFS_S_T1\GOPR5497\Coral10.JPG,10,0.2271,Harka Piloto S,T1,1
Harka Piloto\2024_HP_JUL_S\HP_S_T1\GOPR3875.JPG,Harka Piloto\2024_HP_JUL_S\HP_S_T1\GOPR3875\Coral19.JPG,19,0.2548,Harka Piloto S,T1,1
Harka Piloto\2024_HP_JUL_S\HP_S_T1\GOPR3896.JPG,Harka Piloto\2024_HP_JUL_S\HP_S_T1\GOPR3896\Coral11.JPG,11,0.1876,Harka Piloto S,T1,1
Harka Piloto\2024_AUG_HPFS_S\2024_AUG_HPFS_S_T1\GOPR5511.JPG,Harka Piloto\2024_AUG_HPFS_S\2024_AUG_HPFS_S_T1\GOPR5511\Coral28.JPG,28,0.164,Harka Piloto S,T1,1
Harka Piloto\2024_AUG_HPFS_S\2024_AUG_HPFS_S_T1\GOPR5473.JPG,Harka Piloto\2024_AUG_HPFS_S\2024_AUG_HPFS_S_T1\GOPR5473\Coral14.JPG,14,0.2699,Harka Piloto S,T1,1
Harka Piloto\2024_AUG_HPFS_S\2024_AUG_HPFS_S_T1\GOPR5475.JPG,Harka Piloto\2024_AUG_HPFS_S\2024_AUG_HPFS_S_T1\GOPR5475\Coral7.JPG,7,0.2633,Harka Piloto S,T1,1
Harka Piloto\2024_HP_JUL_S\HP_S_T1\GOPR3851.JPG,Harka Piloto\2024_HP_JUL_S\HP_S_T1\GOPR3851\Coral14.JPG,14,0.3217,Harka Piloto S,T1,1
Harka Piloto\2024_AUG_HPFS_S\2024_AUG_HPFS_S_T1\GOPR5498.JPG,Harka Piloto\2024_AUG_HPFS_S\2024_AUG_HPFS_S_T1\GOPR5498\Coral10.JPG,10,0.2591,Harka Piloto S,T1,1
Harka Piloto\2024_AUG_HPFS_S\2024_AUG_HPFS_S_T1\GOPR5518.JPG,Harka Piloto\2024_AUG_HPFS_S\2024_AUG_HPFS_S_T1\GOPR5518\Coral21.JPG,21,0.2365,Harka Piloto S,T1,1
Harka Piloto\2024_HP_JUL_S\HP_S_T1\GOPR3870.JPG,Harka Piloto\2024_HP_JUL_S\HP_S_T1\GOPR3870\Coral2.JPG,2,0.7145,Harka Piloto S,T1,1
Harka Piloto\2024_AUG_HPFS_S\2024_AUG_HPFS_S_T1\GOPR5491.JPG,Harka Piloto\2024_AUG_HPFS_S\2024_AUG_HPFS_S_T1\GOPR5491\Coral11.JPG,11,0.1955,Harka Piloto S,T1,1
Harka Piloto\2024_AUG_HPFS_S\2024_AUG_HPFS_S_T1\GOPR5509.JPG,Harka Piloto\2024_AUG_HPFS_S\2024_AUG_HPFS_S_T1\GOPR5509\Coral1.JPG,1,0.8359,Harka Piloto S,T1,1
Harka Piloto\2024_HP_JUL_S\HP_S_T1\GOPR3852.JPG,Harka Piloto\2024_HP_JUL_S\HP_S_T1\GOPR3852\Coral3.JPG,3,0.6545,Harka Piloto S,T1,1
Harka Piloto\2024_AUG_HPFS_S\2024_AUG_HPFS_S_T1\GOPR5492.JPG,Harka Piloto\2024_AUG_HPFS_S\2024_AUG_HPFS_S_T1\GOPR5492\Coral4.JPG,4,0.4179,Harka Piloto S,T1,1
Harka Piloto\2024_AUG_HPFS_S\2024_AUG_HPFS_S_T1\GOPR5519.JPG,Harka Piloto\2024_AUG_HPFS_S\2024_AUG_HPFS_S_T1\GOPR5519\Coral11.JPG,11,0.2832,Harka Piloto S,T1,1
Harka Piloto\2024_AUG_HPFS_S\2024_AUG_HPFS_S_T1\GOPR5519.JPG,Harka Piloto\2024_AUG_HPFS_S\2024_AUG_HPFS_S_T1\GOPR5519\Coral20.JPG,20,0.2106,Harka Piloto S,T1,1
Harka Piloto\2024_AUG_HPFS_S\2024_AUG_HPFS_S_T1\GOPR5519.JPG,Harka Piloto\2024_AUG_HPFS_S\2024_AUG_HPFS_S_T1\GOPR5519\Coral9.JPG,9,0.3095,Harka Piloto S,T1,1
Harka Piloto\2024_AUG_HPFS_S\2024_AUG_HPFS_S_T1\GOPR5519.JPG,Harka Piloto\2024_AUG_HPFS_S\2024_AUG_HPFS_S_T1\GOPR5519\Coral19.JPG,19,0.2198,Harka Piloto S,T1,1
Harka Piloto\2024_HP_JUL_S\HP_S_T1\GOPR3898.JPG,Harka Piloto\2024_HP_JUL_S\HP_S_T1\GOPR3898\Coral9.JPG,9,0.4326,Harka Piloto S,T1,1
Harka Piloto\2024_HP_JUL_S\HP_S_T1\GOPR3898.JPG,Harka Piloto\2024_HP_JUL_S\HP_S_T1\GOPR3898\Coral1.JPG,1,0.8039,Harka Piloto S,T1,1
Harka Piloto\2024_HP_JUL_S\HP_S_T1\GOPR3898.JPG,Harka Piloto\2024_HP_JUL_S\HP_S_T1\GOPR3898\Coral11.JPG,11,0.3919,Harka Piloto S,T1,1
Harka Piloto\2024_HP_JUL_S\HP_S_T1\GOPR3898.JPG,Harka Piloto\2024_HP_JUL_S\HP_S_T1\GOPR3898\Coral16.JPG,16,0.2571,Harka Piloto S,T1,1
Harka Piloto\2024_HP_JUL_S\HP_S_T1\GOPR3898.JPG,Harka Piloto\2024_HP_JUL_S\HP_S_T1\GOPR3898\Coral28.JPG,28,0.1533,Harka Piloto S,T1,1
Harka Piloto\2024_HP_JUL_S\HP_S_T1\GOPR3898.JPG,Harka Piloto\2024_HP_JUL_S\HP_S_T1\GOPR3898\Coral5.JPG,5,0.6219,Harka Piloto S,T1,1
Harka Piloto\2024_AUG_HPFS_S\2024_AUG_HPFS_S_T1\GOPR5505.JPG,Harka Piloto\2024_AUG_HPFS_S\2024_AUG_HPFS_S_T1\GOPR5505\Coral6.JPG,6,0.279,Harka Piloto S,T1,1
Harka Piloto\2024_AUG_HPFS_S\2024_AUG_HPFS_S_T1\GOPR5505.JPG,Harka Piloto\2024_AUG_HPFS_S\2024_AUG_HPFS_S_T1\GOPR5505\Coral2.JPG,2,0.59,Harka Piloto S,T1,1
Harka Piloto\2024_AUG_HPFS_S\2024_AUG_HPFS_S_T1\GOPR5505.JPG,Harka Piloto\2024_AUG_HPFS_S\2024_AUG_HPFS_S_T1\GOPR5505\Coral5.JPG,5,0.3539,Harka Piloto S,T1,1
Harka Piloto\2024_AUG_HPFS_S\2024_AUG_HPFS_S_T1\GOPR5505.JPG,Harka Piloto\2024_AUG_HPFS_S\2024_AUG_HPFS_S_T1\GOPR5505\Coral12.JPG,12,0.1992,Harka Piloto S,T1,1
Harka Piloto\2024_AUG_HPFS_S\2024_AUG_HPFS_S_T1\GOPR5499.JPG,Harka Piloto\2024_AUG_HPFS_S\2024_AUG_HPFS_S_T1\GOPR5499\Coral10.JPG,10,0.2689,Harka Piloto S,T1,1
Harka Piloto\2024_AUG_HPFS_S\2024_AUG_HPFS_S_T1\GOPR5499.JPG,Harka Piloto\2024_AUG_HPFS_S\2024_AUG_HPFS_S_T1\GOPR5499\Coral13.JPG,13,0.2157,Harka Piloto S,T1,1
Harka Piloto\2024_AUG_HPFS_S\2024_AUG_HPFS_S_T1\GOPR5499.JPG,Harka Piloto\2024_AUG_HPFS_S\2024_AUG_HPFS_S_T1\GOPR5499\Coral12.JPG,12,0.2189,Harka Piloto S,T1,1
Harka Piloto\2024_AUG_HPFS_S\2024_AUG_HPFS_S_T1\GOPR5499.JPG,Harka Piloto\2024_AUG_HPFS_S\2024_AUG_HPFS_S_T1\GOPR5499\Coral21.JPG,21,0.1572,Harka Piloto S,T1,1
Harka Piloto\2024_AUG_HPFS_S\2024_AUG_HPFS_S_T1\GOPR5499.JPG,Harka Piloto\2024_AUG_HPFS_S\2024_AUG_HPFS_S_T1\GOPR5499\Coral22.JPG,22,0.1528,Harka Piloto S,T1,1
Harka Piloto\2024_AUG_HPFS_S\2024_AUG_HPFS_S_T1\GOPR5499.JPG,Harka Piloto\2024_AUG_HPFS_S\2024_AUG_HPFS_S_T1\GOPR5499\Coral6.JPG,6,0.3592,Harka Piloto S,T1,1
Harka Piloto\2024_HP_JUL_S\HP_S_T1\GOPR3850.JPG,Harka Piloto\2024_HP_JUL_S\HP_S_T1\GOPR3850\Coral9.JPG,9,0.4761,Harka Piloto S,T1,1
Harka Piloto\2024_HP_JUL_S\HP_S_T1\GOPR3850.JPG,Harka Piloto\2024_HP_JUL_S\HP_S_T1\GOPR3850\Coral2.JPG,2,0.7056,Harka Piloto S,T1,1
Harka Piloto\2024_HP_JUL_S\HP_S_T1\GOPR3850.JPG,Harka Piloto\2024_HP_JUL_S\HP_S_T1\GOPR3850\Coral40.JPG,40,0.1789,Harka Piloto S,T1,1
Harka Piloto\2024_HP_JUL_S\HP_S_T1\GOPR3850.JPG,Harka Piloto\2024_HP_JUL_S\HP_S_T1\GOPR3850\Coral11.JPG,11,0.4558,Harka Piloto S,T1,1
Harka Piloto\2024_HP_JUL_S\HP_S_T1\GOPR3850.JPG,Harka Piloto\2024_HP_JUL_S\HP_S_T1\GOPR3850\Coral12.JPG,12,0.4367,Harka Piloto S,T1,1
Harka Piloto\2024_HP_JUL_S\HP_S_T1\GOPR3850.JPG,Harka Piloto\2024_HP_JUL_S\HP_S_T1\GOPR3850\Coral21.JPG,21,0.3535,Harka Piloto S,T1,1
Harka Piloto\2024_HP_JUL_S\HP_S_T1\GOPR3850.JPG,Harka Piloto\2024_HP_JUL_S\HP_S_T1\GOPR3850\Coral29.JPG,29,0.2966,Harka Piloto S,T1,1
Harka Piloto\2024_HP_JUL_S\HP_S_T1\GOPR3850.JPG,Harka Piloto\2024_HP_JUL_S\HP_S_T1\GOPR3850\Coral41.JPG,41,0.1758,Harka Piloto S,T1,1
Harka Piloto\2024_HP_JUL_S\HP_S_T1\GOPR3850.JPG,Harka Piloto\2024_HP_JUL_S\HP_S_T1\GOPR3850\Coral45.JPG,45,0.1627,Harka Piloto S,T1,1
Harka Piloto\2024_HP_JUL_S\HP_S_T1\GOPR3850.JPG,Harka Piloto\2024_HP_JUL_S\HP_S_T1\GOPR3850\Coral3.JPG,3,0.6816,Harka Piloto S,T1,1
Harka Piloto\2024_HP_JUL_S\HP_S_T1\GOPR3850.JPG,Harka Piloto\2024_HP_JUL_S\HP_S_T1\GOPR3850\Coral5.JPG,5,0.6378,Harka Piloto S,T1,1
Harka Piloto\2024_HP_JUL_S\HP_S_T1\GOPR3850.JPG,Harka Piloto\2024_HP_JUL_S\HP_S_T1\GOPR3850\Coral31.JPG,31,0.2627,Harka Piloto S,T1,1
Harka Piloto\2024_HP_JUL_S\HP_S_T1\GOPR3850.JPG,Harka Piloto\2024_HP_JUL_S\HP_S_T1\GOPR3850\Coral14.JPG,14,0.427,Harka Piloto S,T1,1
Harka Piloto\2024_HP_JUL_S\HP_S_T1\GOPR3850.JPG,Harka Piloto\2024_HP_JUL_S\HP_S_T1\GOPR3850\Coral27.JPG,27,0.3177,Harka Piloto S,T1,1
Harka Piloto\2024_HP_JUL_S\HP_S_T1\GOPR3850.JPG,Harka Piloto\2024_HP_JUL_S\HP_S_T1\GOPR3850\Coral39.JPG,39,0.1873,Harka Piloto S,T1,1
Harka Piloto\2024_HP_JUL_S\HP_S_T1\GOPR3871.JPG,Harka Piloto\2024_HP_JUL_S\HP_S_T1\GOPR3871\Coral40.JPG,40,0.1521,Harka Piloto S,T1,1
Harka Piloto\2024_HP_JUL_S\HP_S_T1\GOPR3871.JPG,Harka Piloto\2024_HP_JUL_S\HP_S_T1\GOPR3871\Coral37.JPG,37,0.1641,Harka Piloto S,T1,1
Harka Piloto\2024_HP_JUL_S\HP_S_T1\GOPR3871.JPG,Harka Piloto\2024_HP_JUL_S\HP_S_T1\GOPR3871\Coral8.JPG,8,0.4541,Harka Piloto S,T1,1
Harka Piloto\2024_HP_JUL_S\HP_S_T1\GOPR3871.JPG,Harka Piloto\2024_HP_JUL_S\HP_S_T1\GOPR3871\Coral33.JPG,33,0.1802,Harka Piloto S,T1,1
Harka Piloto\2024_HP_JUL_S\HP_S_T1\GOPR3871.JPG,Harka Piloto\2024_HP_JUL_S\HP_S_T1\GOPR3871\Coral20.JPG,20,0.2773,Harka Piloto S,T1,1
Harka Piloto\2024_HP_JUL_S\HP_S_T1\GOPR3853.JPG,Harka Piloto\2024_HP_JUL_S\HP_S_T1\GOPR3853\Coral12.JPG,12,0.3361,Harka Piloto S,T1,1
Harka Piloto\2024_HP_JUL_S\HP_S_T1\GOPR3853.JPG,Harka Piloto\2024_HP_JUL_S\HP_S_T1\GOPR3853\Coral11.JPG,11,0.3406,Harka Piloto S,T1,1
Harka Piloto\2024_HP_JUL_S\HP_S_T1\GOPR3853.JPG,Harka Piloto\2024_HP_JUL_S\HP_S_T1\GOPR3853\Coral28.JPG,28,0.1678,Harka Piloto S,T1,1
Harka Piloto\2024_HP_JUL_S\HP_S_T1\GOPR3853.JPG,Harka Piloto\2024_HP_JUL_S\HP_S_T1\GOPR3853\Coral2.JPG,2,0.6348,Harka Piloto S,T1,1
Harka Piloto\2024_HP_JUL_S\HP_S_T1\GOPR3877.JPG,Harka Piloto\2024_HP_JUL_S\HP_S_T1\GOPR3877\Coral21.JPG,21,0.1758,Harka Piloto S,T1,1
Harka Piloto\2024_HP_JUL_S\HP_S_T1\GOPR3877.JPG,Harka Piloto\2024_HP_JUL_S\HP_S_T1\GOPR3877\Coral2.JPG,2,0.6027,Harka Piloto S,T1,1
Harka Piloto\2024_HP_JUL_S\HP_S_T1\GOPR3877.JPG,Harka Piloto\2024_HP_JUL_S\HP_S_T1\GOPR3877\Coral3.JPG,3,0.5636,Harka Piloto S,T1,1
Harka Piloto\2024_HP_JUL_S\HP_S_T1\GOPR3877.JPG,Harka Piloto\2024_HP_JUL_S\HP_S_T1\GOPR3877\Coral16.JPG,16,0.258,Harka Piloto S,T1,1
Harka Piloto\2024_HP_JUL_S\HP_S_T1\GOPR3866.JPG,Harka Piloto\2024_HP_JUL_S\HP_S_T1\GOPR3866\Coral16.JPG,16,0.2763,Harka Piloto S,T1,1
Harka Piloto\2024_HP_JUL_S\HP_S_T1\GOPR3866.JPG,Harka Piloto\2024_HP_JUL_S\HP_S_T1\GOPR3866\Coral15.JPG,15,0.2793,Harka Piloto S,T1,1
Harka Piloto\2024_HP_JUL_S\HP_S_T1\GOPR3866.JPG,Harka Piloto\2024_HP_JUL_S\HP_S_T1\GOPR3866\Coral13.JPG,13,0.2857,Harka Piloto S,T1,1
Harka Piloto\2024_HP_JUL_S\HP_S_T1\GOPR3866.JPG,Harka Piloto\2024_HP_JUL_S\HP_S_T1\GOPR3866\Coral10.JPG,10,0.3338,Harka Piloto S,T1,1
Harka Piloto\2024_HP_JUL_S\HP_S_T1\GOPR3866.JPG,Harka Piloto\2024_HP_JUL_S\HP_S_T1\GOPR3866\Coral7.JPG,7,0.3946,Harka Piloto S,T1,1
Harka Piloto\2024_HP_JUL_S\HP_S_T1\GOPR3866.JPG,Harka Piloto\2024_HP_JUL_S\HP_S_T1\GOPR3866\Coral8.JPG,8,0.3942,Harka Piloto S,T1,1
Harka Piloto\2024_AUG_HPFS_S\2024_AUG_HPFS_S_T1\GOPR5484.JPG,Harka Piloto\2024_AUG_HPFS_S\2024_AUG_HPFS_S_T1\GOPR5484\Coral16.JPG,16,0.1862,Harka Piloto S,T1,1
Harka Piloto\2024_HP_JUL_S\HP_S_T2\GOPR3751.JPG,Harka Piloto\2024_HP_JUL_S\HP_S_T2\GOPR3751\Coral9.JPG,9,0.4967,Harka Piloto S,T2,1
Harka Piloto\2024_HP_JUL_S\HP_S_T2\GOPR3784.JPG,Harka Piloto\2024_HP_JUL_S\HP_S_T2\GOPR3784\Coral32.JPG,32,0.2145,Harka Piloto S,T2,1
Harka Piloto\2024_AUG_HPFS_S\2024_AUG_HPFS_S_T2\GOPR5530.JPG,Harka Piloto\2024_AUG_HPFS_S\2024_AUG_HPFS_S_T2\GOPR5530\Coral9.JPG,9,0.3735,Harka Piloto S,T2,1
Harka Piloto\2024_HP_JUL_S\HP_S_T2\GOPR3779.JPG,Harka Piloto\2024_HP_JUL_S\HP_S_T2\GOPR3779\Coral20.JPG,20,0.3579,Harka Piloto S,T2,1
Harka Piloto\2024_AUG_HPFS_S\2024_AUG_HPFS_S_T2\GOPR5577.JPG,Harka Piloto\2024_AUG_HPFS_S\2024_AUG_HPFS_S_T2\GOPR5577\Coral12.JPG,12,0.4032,Harka Piloto S,T2,1
Harka Piloto\2024_AUG_HPFS_S\2024_AUG_HPFS_S_T2\GOPR5547.JPG,Harka Piloto\2024_AUG_HPFS_S\2024_AUG_HPFS_S_T2\GOPR5547\Coral2.JPG,2,0.6232,Harka Piloto S,T2,1
Harka Piloto\2024_HP_JUL_S\HP_S_T2\GOPR3769.JPG,Harka Piloto\2024_HP_JUL_S\HP_S_T2\GOPR3769\Coral32.JPG,32,0.1875,Harka Piloto S,T2,1
Harka Piloto\2024_HP_JUL_S\HP_S_T2\GOPR3757.JPG,Harka Piloto\2024_HP_JUL_S\HP_S_T2\GOPR3757\Coral6.JPG,6,0.3637,Harka Piloto S,T2,1
Harka Piloto\2024_AUG_HPFS_S\2024_AUG_HPFS_S_T2\GOPR5527.JPG,Harka Piloto\2024_AUG_HPFS_S\2024_AUG_HPFS_S_T2\GOPR5527\Coral15.JPG,15,0.2395,Harka Piloto S,T2,1
Harka Piloto\2024_AUG_HPFS_S\2024_AUG_HPFS_S_T2\GOPR5558.JPG,Harka Piloto\2024_AUG_HPFS_S\2024_AUG_HPFS_S_T2\GOPR5558\Coral7.JPG,7,0.6626,Harka Piloto S,T2,1
Harka Piloto\2024_HP_JUL_S\HP_S_T2\GOPR3739.JPG,Harka Piloto\2024_HP_JUL_S\HP_S_T2\GOPR3739\Coral35.JPG,35,0.1516,Harka Piloto S,T2,1
Harka Piloto\2024_AUG_HPFS_S\2024_AUG_HPFS_S_T2\GOPR5579.JPG,Harka Piloto\2024_AUG_HPFS_S\2024_AUG_HPFS_S_T2\GOPR5579\Coral21.JPG,21,0.267,Harka Piloto S,T2,1
Harka Piloto\2024_HP_JUL_S\HP_S_T2\GOPR3752.JPG,Harka Piloto\2024_HP_JUL_S\HP_S_T2\GOPR3752\Coral6.JPG,6,0.5808,Harka Piloto S,T2,1
Harka Piloto\2024_AUG_HPFS_S\2024_AUG_HPFS_S_T2\GOPR5574.JPG,Harka Piloto\2024_AUG_HPFS_S\2024_AUG_HPFS_S_T2\GOPR5574\Coral4.JPG,4,0.6315,Harka Piloto S,T2,1
Harka Piloto\2024_AUG_HPFS_S\2024_AUG_HPFS_S_T2\GOPR5563.JPG,Harka Piloto\2024_AUG_HPFS_S\2024_AUG_HPFS_S_T2\GOPR5563\Coral18.JPG,18,0.2179,Harka Piloto S,T2,1
Harka Piloto\2024_HP_JUL_S\HP_S_T2\GOPR3761.JPG,Harka Piloto\2024_HP_JUL_S\HP_S_T2\GOPR3761\Coral7.JPG,7,0.3822,Harka Piloto S,T2,1
Harka Piloto\2024_AUG_HPFS_S\2024_AUG_HPFS_S_T2\GOPR5551.JPG,Harka Piloto\2024_AUG_HPFS_S\2024_AUG_HPFS_S_T2\GOPR5551\Coral17.JPG,17,0.1965,Harka Piloto S,T2,1
Harka Piloto\2024_HP_JUL_S\HP_S_T2\GOPR3746.JPG,Harka Piloto\2024_HP_JUL_S\HP_S_T2\GOPR3746\Coral30.JPG,30,0.2022,Harka Piloto S,T2,1
Harka Piloto\2024_AUG_HPFS_S\2024_AUG_HPFS_S_T2\GOPR5572.JPG,Harka Piloto\2024_AUG_HPFS_S\2024_AUG_HPFS_S_T2\GOPR5572\Coral9.JPG,9,0.3574,Harka Piloto S,T2,1
Harka Piloto\2024_AUG_HPFS_S\2024_AUG_HPFS_S_T2\GOPR5577.JPG,Harka Piloto\2024_AUG_HPFS_S\2024_AUG_HPFS_S_T2\GOPR5577\Coral7.JPG,7,0.4651,Harka Piloto S,T2,1
Harka Piloto\2024_HP_JUL_S\HP_S_T2\GOPR3767.JPG,Harka Piloto\2024_HP_JUL_S\HP_S_T2\GOPR3767\Coral9.JPG,9,0.4097,Harka Piloto S,T2,1
Harka Piloto\2024_AUG_HPFS_S\2024_AUG_HPFS_S_T2\GOPR5580.JPG,Harka Piloto\2024_AUG_HPFS_S\2024_AUG_HPFS_S_T2\GOPR5580\Coral25.JPG,25,0.1633,Harka Piloto S,T2,1
Harka Piloto\2024_AUG_HPFS_S\2024_AUG_HPFS_S_T2\GOPR5534.JPG,Harka Piloto\2024_AUG_HPFS_S\2024_AUG_HPFS_S_T2\GOPR5534\Coral32.JPG,32,0.2067,Harka Piloto S,T2,1
Harka Piloto\2024_AUG_HPFS_S\2024_AUG_HPFS_S_T2\GOPR5576.JPG,Harka Piloto\2024_AUG_HPFS_S\2024_AUG_HPFS_S_T2\GOPR5576\Coral4.JPG,4,0.6912,Harka Piloto S,T2,1
Harka Piloto\2024_HP_JUL_S\HP_S_T2\GOPR3769.JPG,Harka Piloto\2024_HP_JUL_S\HP_S_T2\GOPR3769\Coral7.JPG,7,0.4023,Harka Piloto S,T2,1
Harka Piloto\2024_HP_JUL_S\HP_S_T2\GOPR3762.JPG,Harka Piloto\2024_HP_JUL_S\HP_S_T2\GOPR3762\Coral5.JPG,5,0.4489,Harka Piloto S,T2,1
Harka Piloto\2024_AUG_HPFS_S\2024_AUG_HPFS_S_T2\GOPR5532.JPG,Harka Piloto\2024_AUG_HPFS_S\2024_AUG_HPFS_S_T2\GOPR5532\Coral7.JPG,7,0.3569,Harka Piloto S,T2,1
Harka Piloto\2024_HP_JUL_S\HP_S_T2\GOPR3781.JPG,Harka Piloto\2024_HP_JUL_S\HP_S_T2\GOPR3781\Coral18.JPG,18,0.4044,Harka Piloto S,T2,1
Harka Piloto\2024_HP_JUL_S\HP_S_T2\GOPR3756.JPG,Harka Piloto\2024_HP_JUL_S\HP_S_T2\GOPR3756\Coral18.JPG,18,0.2741,Harka Piloto S,T2,1
Harka Piloto\2024_AUG_HPFS_S\2024_AUG_HPFS_S_T2\GOPR5527.JPG,Harka Piloto\2024_AUG_HPFS_S\2024_AUG_HPFS_S_T2\GOPR5527\Coral24.JPG,24,0.169,Harka Piloto S,T2,1
Harka Piloto\2024_AUG_HPFS_S\2024_AUG_HPFS_S_T2\GOPR5555.JPG,Harka Piloto\2024_AUG_HPFS_S\2024_AUG_HPFS_S_T2\GOPR5555\Coral19.JPG,19,0.3087,Harka Piloto S,T2,1
Harka Piloto\2024_AUG_HPFS_S\2024_AUG_HPFS_S_T2\GOPR5573.JPG,Harka Piloto\2024_AUG_HPFS_S\2024_AUG_HPFS_S_T2\GOPR5573\Coral13.JPG,13,0.4195,Harka Piloto S,T2,1
Harka Piloto\2024_AUG_HPFS_S\2024_AUG_HPFS_S_T2\GOPR5566.JPG,Harka Piloto\2024_AUG_HPFS_S\2024_AUG_HPFS_S_T2\GOPR5566\Coral2.JPG,2,0.7117,Harka Piloto S,T2,1
Harka Piloto\2024_HP_JUL_S\HP_S_T2\GOPR3783.JPG,Harka Piloto\2024_HP_JUL_S\HP_S_T2\GOPR3783\Coral8.JPG,8,0.5555,Harka Piloto S,T2,1
Harka Piloto\2024_HP_JUL_S\HP_S_T2\GOPR3773.JPG,Harka Piloto\2024_HP_JUL_S\HP_S_T2\GOPR3773\Coral35.JPG,35,0.229,Harka Piloto S,T2,1
Harka Piloto\2024_AUG_HPFS_S\2024_AUG_HPFS_S_T2\GOPR5563.JPG,Harka Piloto\2024_AUG_HPFS_S\2024_AUG_HPFS_S_T2\GOPR5563\Coral9.JPG,9,0.4562,Harka Piloto S,T2,1
Harka Piloto\2024_HP_JUL_S\HP_S_T2\GOPR3761.JPG,Harka Piloto\2024_HP_JUL_S\HP_S_T2\GOPR3761\Coral11.JPG,11,0.2543,Harka Piloto S,T2,1
Harka Piloto\2024_HP_JUL_S\HP_S_T2\GOPR3746.JPG,Harka Piloto\2024_HP_JUL_S\HP_S_T2\GOPR3746\Coral17.JPG,17,0.3325,Harka Piloto S,T2,1
Harka Piloto\2024_HP_JUL_S\HP_S_T2\GOPR3787.JPG,Harka Piloto\2024_HP_JUL_S\HP_S_T2\GOPR3787\Coral16.JPG,16,0.3365,Harka Piloto S,T2,1
Harka Piloto\2024_HP_JUL_S\HP_S_T2\GOPR3770.JPG,Harka Piloto\2024_HP_JUL_S\HP_S_T2\GOPR3770\Coral23.JPG,23,0.168,Harka Piloto S,T2,1
Harka Piloto\2024_HP_JUL_S\HP_S_T2\GOPR3781.JPG,Harka Piloto\2024_HP_JUL_S\HP_S_T2\GOPR3781\Coral8.JPG,8,0.6029,Harka Piloto S,T2,1
Harka Piloto\2024_HP_JUL_S\HP_S_T2\GOPR3744.JPG,Harka Piloto\2024_HP_JUL_S\HP_S_T2\GOPR3744\Coral39.JPG,39,0.1784,Harka Piloto S,T2,1
Harka Piloto\2024_AUG_HPFS_S\2024_AUG_HPFS_S_T2\GOPR5570.JPG,Harka Piloto\2024_AUG_HPFS_S\2024_AUG_HPFS_S_T2\GOPR5570\Coral20.JPG,20,0.3335,Harka Piloto S,T2,1
Harka Piloto\2024_HP_JUL_S\HP_S_T2\GOPR3739.JPG,Harka Piloto\2024_HP_JUL_S\HP_S_T2\GOPR3739\Coral3.JPG,3,0.5128,Harka Piloto S,T2,1
Harka Piloto\2024_AUG_HPFS_S\2024_AUG_HPFS_S_T2\GOPR5533.JPG,Harka Piloto\2024_AUG_HPFS_S\2024_AUG_HPFS_S_T2\GOPR5533\Coral22.JPG,22,0.2097,Harka Piloto S,T2,1
Harka Piloto\2024_AUG_HPFS_S\2024_AUG_HPFS_S_T2\GOPR5531.JPG,Harka Piloto\2024_AUG_HPFS_S\2024_AUG_HPFS_S_T2\GOPR5531\Coral12.JPG,12,0.3625,Harka Piloto S,T2,1
Harka Piloto\2024_HP_JUL_S\HP_S_T2\GOPR3789.JPG,Harka Piloto\2024_HP_JUL_S\HP_S_T2\GOPR3789\Coral32.JPG,32,0.1734,Harka Piloto S,T2,1
Harka Piloto\2024_AUG_HPFS_S\2024_AUG_HPFS_S_T2\GOPR5573.JPG,Harka Piloto\2024_AUG_HPFS_S\2024_AUG_HPFS_S_T2\GOPR5573\Coral32.JPG,32,0.1749,Harka Piloto S,T2,1
Harka Piloto\2024_AUG_HPFS_S\2024_AUG_HPFS_S_T2\GOPR5566.JPG,Harka Piloto\2024_AUG_HPFS_S\2024_AUG_HPFS_S_T2\GOPR5566\Coral31.JPG,31,0.2756,Harka Piloto S,T2,1
Harka Piloto\2024_AUG_HPFS_S\2024_AUG_HPFS_S_T2\GOPR5567.JPG,Harka Piloto\2024_AUG_HPFS_S\2024_AUG_HPFS_S_T2\GOPR5567\Coral42.JPG,42,0.2275,Harka Piloto S,T2,1
Harka Piloto\2024_HP_JUL_S\HP_S_T2\GOPR3747.JPG,Harka Piloto\2024_HP_JUL_S\HP_S_T2\GOPR3747\Coral26.JPG,26,0.2901,Harka Piloto S,T2,1
Harka Piloto\2024_AUG_HPFS_S\2024_AUG_HPFS_S_T2\GOPR5548.JPG,Harka Piloto\2024_AUG_HPFS_S\2024_AUG_HPFS_S_T2\GOPR5548\Coral58.JPG,58,0.2903,Harka Piloto S,T2,1
Harka Piloto\2024_AUG_HPFS_S\2024_AUG_HPFS_S_T2\GOPR5529.JPG,Harka Piloto\2024_AUG_HPFS_S\2024_AUG_HPFS_S_T2\GOPR5529\Coral1.JPG,1,0.7381,Harka Piloto S,T2,1
Harka Piloto\2024_AUG_HPFS_S\2024_AUG_HPFS_S_T2\GOPR5529.JPG,Harka Piloto\2024_AUG_HPFS_S\2024_AUG_HPFS_S_T2\GOPR5529\Coral7.JPG,7,0.398,Harka Piloto S,T2,1
Harka Piloto\2024_AUG_HPFS_S\2024_AUG_HPFS_S_T2\GOPR5529.JPG,Harka Piloto\2024_AUG_HPFS_S\2024_AUG_HPFS_S_T2\GOPR5529\Coral26.JPG,26,0.1907,Harka Piloto S,T2,1
Harka Piloto\2024_AUG_HPFS_S\2024_AUG_HPFS_S_T2\GOPR5529.JPG,Harka Piloto\2024_AUG_HPFS_S\2024_AUG_HPFS_S_T2\GOPR5529\Coral8.JPG,8,0.3826,Harka Piloto S,T2,1
Harka Piloto\2024_AUG_HPFS_S\2024_AUG_HPFS_S_T2\GOPR5529.JPG,Harka Piloto\2024_AUG_HPFS_S\2024_AUG_HPFS_S_T2\GOPR5529\Coral14.JPG,14,0.3097,Harka Piloto S,T2,1
Harka Piloto\2024_AUG_HPFS_S\2024_AUG_HPFS_S_T2\GOPR5529.JPG,Harka Piloto\2024_AUG_HPFS_S\2024_AUG_HPFS_S_T2\GOPR5529\Coral3.JPG,3,0.5591,Harka Piloto S,T2,1
Harka Piloto\2024_AUG_HPFS_S\2024_AUG_HPFS_S_T2\GOPR5529.JPG,Harka Piloto\2024_AUG_HPFS_S\2024_AUG_HPFS_S_T2\GOPR5529\Coral27.JPG,27,0.1876,Harka Piloto S,T2,1
Harka Piloto\2024_HP_JUL_S\HP_S_T2\GOPR3751.JPG,Harka Piloto\2024_HP_JUL_S\HP_S_T2\GOPR3751\Coral16.JPG,16,0.3711,Harka Piloto S,T2,1
Harka Piloto\2024_HP_JUL_S\HP_S_T2\GOPR3751.JPG,Harka Piloto\2024_HP_JUL_S\HP_S_T2\GOPR3751\Coral14.JPG,14,0.3822,Harka Piloto S,T2,1
Harka Piloto\2024_HP_JUL_S\HP_S_T2\GOPR3751.JPG,Harka Piloto\2024_HP_JUL_S\HP_S_T2\GOPR3751\Coral13.JPG,13,0.4075,Harka Piloto S,T2,1
Harka Piloto\2024_HP_JUL_S\HP_S_T2\GOPR3751.JPG,Harka Piloto\2024_HP_JUL_S\HP_S_T2\GOPR3751\Coral17.JPG,17,0.3697,Harka Piloto S,T2,1
Harka Piloto\2024_HP_JUL_S\HP_S_T2\GOPR3751.JPG,Harka Piloto\2024_HP_JUL_S\HP_S_T2\GOPR3751\Coral23.JPG,23,0.3195,Harka Piloto S,T2,1
Harka Piloto\2024_HP_JUL_S\HP_S_T2\GOPR3784.JPG,Harka Piloto\2024_HP_JUL_S\HP_S_T2\GOPR3784\Coral12.JPG,12,0.4712,Harka Piloto S,T2,1
Harka Piloto\2024_HP_JUL_S\HP_S_T2\GOPR3784.JPG,Harka Piloto\2024_HP_JUL_S\HP_S_T2\GOPR3784\Coral22.JPG,22,0.3677,Harka Piloto S,T2,1
Harka Piloto\2024_HP_JUL_S\HP_S_T2\GOPR3784.JPG,Harka Piloto\2024_HP_JUL_S\HP_S_T2\GOPR3784\Coral25.JPG,25,0.2723,Harka Piloto S,T2,1
Harka Piloto\2024_HP_JUL_S\HP_S_T2\GOPR3784.JPG,Harka Piloto\2024_HP_JUL_S\HP_S_T2\GOPR3784\Coral7.JPG,7,0.514,Harka Piloto S,T2,1
Harka Piloto\2024_HP_JUL_S\HP_S_T2\GOPR3784.JPG,Harka Piloto\2024_HP_JUL_S\HP_S_T2\GOPR3784\Coral3.JPG,3,0.5734,Harka Piloto S,T2,1
Harka Piloto\2024_HP_JUL_S\HP_S_T2\GOPR3784.JPG,Harka Piloto\2024_HP_JUL_S\HP_S_T2\GOPR3784\Coral14.JPG,14,0.4587,Harka Piloto S,T2,1
Harka Piloto\2024_HP_JUL_S\HP_S_T2\GOPR3784.JPG,Harka Piloto\2024_HP_JUL_S\HP_S_T2\GOPR3784\Coral30.JPG,30,0.2279,Harka Piloto S,T2,1
Harka Piloto\2024_AUG_HPFS_S\2024_AUG_HPFS_S_T2\GOPR5563.JPG,Harka Piloto\2024_AUG_HPFS_S\2024_AUG_HPFS_S_T2\GOPR5563\Coral2.JPG,2,0.8093,Harka Piloto S,T2,1
Harka Piloto\2024_AUG_HPFS_S\2024_AUG_HPFS_S_T2\GOPR5563.JPG,Harka Piloto\2024_AUG_HPFS_S\2024_AUG_HPFS_S_T2\GOPR5563\Coral13.JPG,13,0.2686,Harka Piloto S,T2,1
Harka Piloto\2024_AUG_HPFS_S\2024_AUG_HPFS_S_T2\GOPR5563.JPG,Harka Piloto\2024_AUG_HPFS_S\2024_AUG_HPFS_S_T2\GOPR5563\Coral1.JPG,1,0.8245,Harka Piloto S,T2,1
Harka Piloto\2024_AUG_HPFS_S\2024_AUG_HPFS_S_T2\GOPR5563.JPG,Harka Piloto\2024_AUG_HPFS_S\2024_AUG_HPFS_S_T2\GOPR5563\Coral6.JPG,6,0.6015,Harka Piloto S,T2,1
Harka Piloto\2024_AUG_HPFS_S\2024_AUG_HPFS_S_T2\GOPR5563.JPG,Harka Piloto\2024_AUG_HPFS_S\2024_AUG_HPFS_S_T2\GOPR5563\Coral5.JPG,5,0.6359,Harka Piloto S,T2,1
Harka Piloto\2024_AUG_HPFS_S\2024_AUG_HPFS_S_T2\GOPR5571.JPG,Harka Piloto\2024_AUG_HPFS_S\2024_AUG_HPFS_S_T2\GOPR5571\Coral17.JPG,17,0.36,Harka Piloto S,T2,1
Harka Piloto\2024_AUG_HPFS_S\2024_AUG_HPFS_S_T2\GOPR5571.JPG,Harka Piloto\2024_AUG_HPFS_S\2024_AUG_HPFS_S_T2\GOPR5571\Coral21.JPG,21,0.3557,Harka Piloto S,T2,1
Harka Piloto\2024_AUG_HPFS_S\2024_AUG_HPFS_S_T2\GOPR5571.JPG,Harka Piloto\2024_AUG_HPFS_S\2024_AUG_HPFS_S_T2\GOPR5571\Coral7.JPG,7,0.4921,Harka Piloto S,T2,1
Harka Piloto\2024_AUG_HPFS_S\2024_AUG_HPFS_S_T2\GOPR5571.JPG,Harka Piloto\2024_AUG_HPFS_S\2024_AUG_HPFS_S_T2\GOPR5571\Coral20.JPG,20,0.3564,Harka Piloto S,T2,1
Harka Piloto\2024_AUG_HPFS_S\2024_AUG_HPFS_S_T2\GOPR5571.JPG,Harka Piloto\2024_AUG_HPFS_S\2024_AUG_HPFS_S_T2\GOPR5571\Coral39.JPG,39,0.2164,Harka Piloto S,T2,1
Harka Piloto\2024_AUG_HPFS_S\2024_AUG_HPFS_S_T2\GOPR5571.JPG,Harka Piloto\2024_AUG_HPFS_S\2024_AUG_HPFS_S_T2\GOPR5571\Coral27.JPG,27,0.2938,Harka Piloto S,T2,1
Harka Piloto\2024_AUG_HPFS_S\2024_AUG_HPFS_S_T2\GOPR5571.JPG,Harka Piloto\2024_AUG_HPFS_S\2024_AUG_HPFS_S_T2\GOPR5571\Coral34.JPG,34,0.2511,Harka Piloto S,T2,1
Harka Piloto\2024_AUG_HPFS_S\2024_AUG_HPFS_S_T2\GOPR5571.JPG,Harka Piloto\2024_AUG_HPFS_S\2024_AUG_HPFS_S_T2\GOPR5571\Coral33.JPG,33,0.2516,Harka Piloto S,T2,1
Harka Piloto\2024_AUG_HPFS_S\2024_AUG_HPFS_S_T2\GOPR5571.JPG,Harka Piloto\2024_AUG_HPFS_S\2024_AUG_HPFS_S_T2\GOPR5571\Coral24.JPG,24,0.3241,Harka Piloto S,T2,1
Harka Piloto\2024_AUG_HPFS_S\2024_AUG_HPFS_S_T2\GOPR5571.JPG,Harka Piloto\2024_AUG_HPFS_S\2024_AUG_HPFS_S_T2\GOPR5571\Coral51.JPG,51,0.1527,Harka Piloto S,T2,1
Harka Piloto\2024_AUG_HPFS_S\2024_AUG_HPFS_S_T2\GOPR5571.JPG,Harka Piloto\2024_AUG_HPFS_S\2024_AUG_HPFS_S_T2\GOPR5571\Coral43.JPG,43,0.2045,Harka Piloto S,T2,1
Harka Piloto\2024_AUG_HPFS_S\2024_AUG_HPFS_S_T2\GOPR5571.JPG,Harka Piloto\2024_AUG_HPFS_S\2024_AUG_HPFS_S_T2\GOPR5571\Coral25.JPG,25,0.3178,Harka Piloto S,T2,1
Harka Piloto\2024_AUG_HPFS_S\2024_AUG_HPFS_S_T2\GOPR5571.JPG,Harka Piloto\2024_AUG_HPFS_S\2024_AUG_HPFS_S_T2\GOPR5571\Coral15.JPG,15,0.3827,Harka Piloto S,T2,1
Harka Piloto\2024_HP_JUL_S\HP_S_T2\GOPR3774.JPG,Harka Piloto\2024_HP_JUL_S\HP_S_T2\GOPR3774\Coral25.JPG,25,0.2225,Harka Piloto S,T2,1
Harka Piloto\2024_HP_JUL_S\HP_S_T2\GOPR3774.JPG,Harka Piloto\2024_HP_JUL_S\HP_S_T2\GOPR3774\Coral15.JPG,15,0.3912,Harka Piloto S,T2,1
Harka Piloto\2024_HP_JUL_S\HP_S_T2\GOPR3774.JPG,Harka Piloto\2024_HP_JUL_S\HP_S_T2\GOPR3774\Coral29.JPG,29,0.2057,Harka Piloto S,T2,1
Harka Piloto\2024_HP_JUL_S\HP_S_T2\GOPR3774.JPG,Harka Piloto\2024_HP_JUL_S\HP_S_T2\GOPR3774\Coral24.JPG,24,0.2645,Harka Piloto S,T2,1
Harka Piloto\2024_HP_JUL_S\HP_S_T2\GOPR3774.JPG,Harka Piloto\2024_HP_JUL_S\HP_S_T2\GOPR3774\Coral28.JPG,28,0.2057,Harka Piloto S,T2,1
Harka Piloto\2024_HP_JUL_S\HP_S_T2\GOPR3774.JPG,Harka Piloto\2024_HP_JUL_S\HP_S_T2\GOPR3774\Coral2.JPG,2,0.6701,Harka Piloto S,T2,1
Harka Piloto\2024_AUG_HPFS_S\2024_AUG_HPFS_S_T2\GOPR5530.JPG,Harka Piloto\2024_AUG_HPFS_S\2024_AUG_HPFS_S_T2\GOPR5530\Coral3.JPG,3,0.622,Harka Piloto S,T2,1
Harka Piloto\2024_AUG_HPFS_S\2024_AUG_HPFS_S_T2\GOPR5530.JPG,Harka Piloto\2024_AUG_HPFS_S\2024_AUG_HPFS_S_T2\GOPR5530\Coral14.JPG,14,0.3048,Harka Piloto S,T2,1
Harka Piloto\2024_AUG_HPFS_S\2024_AUG_HPFS_S_T2\GOPR5530.JPG,Harka Piloto\2024_AUG_HPFS_S\2024_AUG_HPFS_S_T2\GOPR5530\Coral23.JPG,23,0.1765,Harka Piloto S,T2,1
Harka Piloto\2024_AUG_HPFS_S\2024_AUG_HPFS_S_T2\GOPR5530.JPG,Harka Piloto\2024_AUG_HPFS_S\2024_AUG_HPFS_S_T2\GOPR5530\Coral20.JPG,20,0.2153,Harka Piloto S,T2,1
Harka Piloto\2024_AUG_HPFS_S\2024_AUG_HPFS_S_T2\GOPR5530.JPG,Harka Piloto\2024_AUG_HPFS_S\2024_AUG_HPFS_S_T2\GOPR5530\Coral27.JPG,27,0.156,Harka Piloto S,T2,1
Harka Piloto\2024_AUG_HPFS_S\2024_AUG_HPFS_S_T2\GOPR5530.JPG,Harka Piloto\2024_AUG_HPFS_S\2024_AUG_HPFS_S_T2\GOPR5530\Coral19.JPG,19,0.229,Harka Piloto S,T2,1
Harka Piloto\2024_AUG_HPFS_S\2024_AUG_HPFS_S_T2\GOPR5530.JPG,Harka Piloto\2024_AUG_HPFS_S\2024_AUG_HPFS_S_T2\GOPR5530\Coral8.JPG,8,0.3996,Harka Piloto S,T2,1
Harka Piloto\2024_HP_JUL_S\HP_S_T2\GOPR3753.JPG,Harka Piloto\2024_HP_JUL_S\HP_S_T2\GOPR3753\Coral10.JPG,10,0.2773,Harka Piloto S,T2,1
Harka Piloto\2024_HP_JUL_S\HP_S_T2\GOPR3753.JPG,Harka Piloto\2024_HP_JUL_S\HP_S_T2\GOPR3753\Coral8.JPG,8,0.3855,Harka Piloto S,T2,1
Harka Piloto\2024_HP_JUL_S\HP_S_T2\GOPR3753.JPG,Harka Piloto\2024_HP_JUL_S\HP_S_T2\GOPR3753\Coral21.JPG,21,0.2138,Harka Piloto S,T2,1
Harka Piloto\2024_HP_JUL_S\HP_S_T2\GOPR3753.JPG,Harka Piloto\2024_HP_JUL_S\HP_S_T2\GOPR3753\Coral28.JPG,28,0.1776,Harka Piloto S,T2,1
Harka Piloto\2024_HP_JUL_S\HP_S_T2\GOPR3753.JPG,Harka Piloto\2024_HP_JUL_S\HP_S_T2\GOPR3753\Coral16.JPG,16,0.2433,Harka Piloto S,T2,1
Harka Piloto\2024_HP_JUL_S\HP_S_T2\GOPR3753.JPG,Harka Piloto\2024_HP_JUL_S\HP_S_T2\GOPR3753\Coral11.JPG,11,0.2734,Harka Piloto S,T2,1
Harka Piloto\2024_HP_JUL_S\HP_S_T2\GOPR3761.JPG,Harka Piloto\2024_HP_JUL_S\HP_S_T2\GOPR3761\Coral5.JPG,5,0.4364,Harka Piloto S,T2,1
Harka Piloto\2024_HP_JUL_S\HP_S_T2\GOPR3761.JPG,Harka Piloto\2024_HP_JUL_S\HP_S_T2\GOPR3761\Coral6.JPG,6,0.4093,Harka Piloto S,T2,1
Harka Piloto\2024_HP_JUL_S\HP_S_T2\GOPR3761.JPG,Harka Piloto\2024_HP_JUL_S\HP_S_T2\GOPR3761\Coral3.JPG,3,0.598,Harka Piloto S,T2,1
Harka Piloto\2024_HP_JUL_S\HP_S_T2\GOPR3761.JPG,Harka Piloto\2024_HP_JUL_S\HP_S_T2\GOPR3761\Coral14.JPG,14,0.2255,Harka Piloto S,T2,1
Harka Piloto\2024_AUG_HPFS_S\2024_AUG_HPFS_S_T3\GOPR5614.JPG,Harka Piloto\2024_AUG_HPFS_S\2024_AUG_HPFS_S_T3\GOPR5614\Coral16.JPG,16,0.2103,Harka Piloto S,T3,1
Harka Piloto\2024_AUG_HPFS_S\2024_AUG_HPFS_S_T3\GOPR5632.JPG,Harka Piloto\2024_AUG_HPFS_S\2024_AUG_HPFS_S_T3\GOPR5632\Coral11.JPG,11,0.2238,Harka Piloto S,T3,1
Harka Piloto\2024_AUG_HPFS_S\2024_AUG_HPFS_S_T3\GOPR5609.JPG,Harka Piloto\2024_AUG_HPFS_S\2024_AUG_HPFS_S_T3\GOPR5609\Coral15.JPG,15,0.4132,Harka Piloto S,T3,1
Harka Piloto\2024_HP_JUL_S\HP_S_T3\GOPR3800.JPG,Harka Piloto\2024_HP_JUL_S\HP_S_T3\GOPR3800\Coral8.JPG,8,0.5609,Harka Piloto S,T3,1
Harka Piloto\2024_HP_JUL_S\HP_S_T3\GOPR3809.JPG,Harka Piloto\2024_HP_JUL_S\HP_S_T3\GOPR3809\Coral3.JPG,3,0.646,Harka Piloto S,T3,1
Harka Piloto\2024_HP_JUL_S\HP_S_T3\GOPR3810.JPG,Harka Piloto\2024_HP_JUL_S\HP_S_T3\GOPR3810\Coral14.JPG,14,0.3028,Harka Piloto S,T3,1
Harka Piloto\2024_HP_JUL_S\HP_S_T3\GOPR3827.JPG,Harka Piloto\2024_HP_JUL_S\HP_S_T3\GOPR3827\Coral8.JPG,8,0.6057,Harka Piloto S,T3,1
Harka Piloto\2024_HP_JUL_S\HP_S_T3\GOPR3814.JPG,Harka Piloto\2024_HP_JUL_S\HP_S_T3\GOPR3814\Coral13.JPG,13,0.4568,Harka Piloto S,T3,1
Harka Piloto\2024_HP_JUL_S\HP_S_T3\GOPR3842.JPG,Harka Piloto\2024_HP_JUL_S\HP_S_T3\GOPR3842\Coral9.JPG,9,0.3263,Harka Piloto S,T3,1
Harka Piloto\2024_AUG_HPFS_S\2024_AUG_HPFS_S_T3\GOPR5612.JPG,Harka Piloto\2024_AUG_HPFS_S\2024_AUG_HPFS_S_T3\GOPR5612\Coral27.JPG,27,0.1816,Harka Piloto S,T3,1
Harka Piloto\2024_HP_JUL_S\HP_S_T3\GOPR3803.JPG,Harka Piloto\2024_HP_JUL_S\HP_S_T3\GOPR3803\Coral25.JPG,25,0.3113,Harka Piloto S,T3,1
Harka Piloto\2024_HP_JUL_S\HP_S_T3\GOPR3832.JPG,Harka Piloto\2024_HP_JUL_S\HP_S_T3\GOPR3832\Coral18.JPG,18,0.3797,Harka Piloto S,T3,1
Harka Piloto\2024_AUG_HPFS_S\2024_AUG_HPFS_S_T3\GOPR5607.JPG,Harka Piloto\2024_AUG_HPFS_S\2024_AUG_HPFS_S_T3\GOPR5607\Coral15.JPG,15,0.3626,Harka Piloto S,T3,1
Harka Piloto\2024_AUG_HPFS_S\2024_AUG_HPFS_S_T3\GOPR5588.JPG,Harka Piloto\2024_AUG_HPFS_S\2024_AUG_HPFS_S_T3\GOPR5588\Coral17.JPG,17,0.2372,Harka Piloto S,T3,1
Harka Piloto\2024_AUG_HPFS_S\2024_AUG_HPFS_S_T3\GOPR5601.JPG,Harka Piloto\2024_AUG_HPFS_S\2024_AUG_HPFS_S_T3\GOPR5601\Coral7.JPG,7,0.4466,Harka Piloto S,T3,1
Harka Piloto\2024_HP_JUL_S\HP_S_T3\GOPR3844.JPG,Harka Piloto\2024_HP_JUL_S\HP_S_T3\GOPR3844\Coral8.JPG,8,0.512,Harka Piloto S,T3,1
Harka Piloto\2024_AUG_HPFS_S\2024_AUG_HPFS_S_T3\GOPR5592.JPG,Harka Piloto\2024_AUG_HPFS_S\2024_AUG_HPFS_S_T3\GOPR5592\Coral6.JPG,6,0.5152,Harka Piloto S,T3,1
Harka Piloto\2024_AUG_HPFS_S\2024_AUG_HPFS_S_T3\GOPR5622.JPG,Harka Piloto\2024_AUG_HPFS_S\2024_AUG_HPFS_S_T3\GOPR5622\Coral3.JPG,3,0.6772,Harka Piloto S,T3,1
Harka Piloto\2024_HP_JUL_S\HP_S_T3\GOPR3824.JPG,Harka Piloto\2024_HP_JUL_S\HP_S_T3\GOPR3824\Coral15.JPG,15,0.4204,Harka Piloto S,T3,1
Harka Piloto\2024_AUG_HPFS_S\2024_AUG_HPFS_S_T3\GOPR5633.JPG,Harka Piloto\2024_AUG_HPFS_S\2024_AUG_HPFS_S_T3\GOPR5633\Coral8.JPG,8,0.3457,Harka Piloto S,T3,1
Harka Piloto\2024_AUG_HPFS_S\2024_AUG_HPFS_S_T3\GOPR5589.JPG,Harka Piloto\2024_AUG_HPFS_S\2024_AUG_HPFS_S_T3\GOPR5589\Coral12.JPG,12,0.2369,Harka Piloto S,T3,1
Harka Piloto\2024_AUG_HPFS_S\2024_AUG_HPFS_S_T3\GOPR5634.JPG,Harka Piloto\2024_AUG_HPFS_S\2024_AUG_HPFS_S_T3\GOPR5634\Coral10.JPG,10,0.1676,Harka Piloto S,T3,1
Harka Piloto\2024_HP_JUL_S\HP_S_T3\GOPR3802.JPG,Harka Piloto\2024_HP_JUL_S\HP_S_T3\GOPR3802\Coral20.JPG,20,0.3951,Harka Piloto S,T3,1
Harka Piloto\2024_AUG_HPFS_S\2024_AUG_HPFS_S_T3\GOPR5591.JPG,Harka Piloto\2024_AUG_HPFS_S\2024_AUG_HPFS_S_T3\GOPR5591\Coral20.JPG,20,0.1908,Harka Piloto S,T3,1
Harka Piloto\2024_AUG_HPFS_S\2024_AUG_HPFS_S_T3\GOPR5614.JPG,Harka Piloto\2024_AUG_HPFS_S\2024_AUG_HPFS_S_T3\GOPR5614\Coral19.JPG,19,0.1836,Harka Piloto S,T3,1
Harka Piloto\2024_AUG_HPFS_S\2024_AUG_HPFS_S_T3\GOPR5632.JPG,Harka Piloto\2024_AUG_HPFS_S\2024_AUG_HPFS_S_T3\GOPR5632\Coral13.JPG,13,0.2127,Harka Piloto S,T3,1
Harka Piloto\2024_HP_JUL_S\HP_S_T3\GOPR3816.JPG,Harka Piloto\2024_HP_JUL_S\HP_S_T3\GOPR3816\Coral44.JPG,44,0.1708,Harka Piloto S,T3,1
Harka Piloto\2024_HP_JUL_S\HP_S_T3\GOPR3811.JPG,Harka Piloto\2024_HP_JUL_S\HP_S_T3\GOPR3811\Coral19.JPG,19,0.2377,Harka Piloto S,T3,1
Harka Piloto\2024_AUG_HPFS_S\2024_AUG_HPFS_S_T3\GOPR5631.JPG,Harka Piloto\2024_AUG_HPFS_S\2024_AUG_HPFS_S_T3\GOPR5631\Coral12.JPG,12,0.1984,Harka Piloto S,T3,1
Harka Piloto\2024_HP_JUL_S\HP_S_T3\GOPR3837.JPG,Harka Piloto\2024_HP_JUL_S\HP_S_T3\GOPR3837\Coral10.JPG,10,0.3681,Harka Piloto S,T3,1
Harka Piloto\2024_HP_JUL_S\HP_S_T3\GOPR3810.JPG,Harka Piloto\2024_HP_JUL_S\HP_S_T3\GOPR3810\Coral4.JPG,4,0.7325,Harka Piloto S,T3,1
Harka Piloto\2024_AUG_HPFS_S\2024_AUG_HPFS_S_T3\GOPR5619.JPG,Harka Piloto\2024_AUG_HPFS_S\2024_AUG_HPFS_S_T3\GOPR5619\Coral6.JPG,6,0.4292,Harka Piloto S,T3,1
Harka Piloto\2024_HP_JUL_S\HP_S_T3\GOPR3830.JPG,Harka Piloto\2024_HP_JUL_S\HP_S_T3\GOPR3830\Coral13.JPG,13,0.3046,Harka Piloto S,T3,1
Harka Piloto\2024_HP_JUL_S\HP_S_T3\GOPR3833.JPG,Harka Piloto\2024_HP_JUL_S\HP_S_T3\GOPR3833\Coral9.JPG,9,0.4605,Harka Piloto S,T3,1
Harka Piloto\2024_HP_JUL_S\HP_S_T3\GOPR3829.JPG,Harka Piloto\2024_HP_JUL_S\HP_S_T3\GOPR3829\Coral23.JPG,23,0.236,Harka Piloto S,T3,1
Harka Piloto\2024_AUG_HPFS_S\2024_AUG_HPFS_S_T3\GOPR5617.JPG,Harka Piloto\2024_AUG_HPFS_S\2024_AUG_HPFS_S_T3\GOPR5617\Coral20.JPG,20,0.1735,Harka Piloto S,T3,1
Harka Piloto\2024_AUG_HPFS_S\2024_AUG_HPFS_S_T3\GOPR5607.JPG,Harka Piloto\2024_AUG_HPFS_S\2024_AUG_HPFS_S_T3\GOPR5607\Coral22.JPG,22,0.1676,Harka Piloto S,T3,1
Harka Piloto\2024_AUG_HPFS_S\2024_AUG_HPFS_S_T3\GOPR5590.JPG,Harka Piloto\2024_AUG_HPFS_S\2024_AUG_HPFS_S_T3\GOPR5590\Coral15.JPG,15,0.3824,Harka Piloto S,T3,1
Harka Piloto\2024_HP_JUL_S\HP_S_T3\GOPR3843.JPG,Harka Piloto\2024_HP_JUL_S\HP_S_T3\GOPR3843\Coral7.JPG,7,0.437,Harka Piloto S,T3,1
Harka Piloto\2024_HP_JUL_S\HP_S_T3\GOPR3807.JPG,Harka Piloto\2024_HP_JUL_S\HP_S_T3\GOPR3807\Coral6.JPG,6,0.6004,Harka Piloto S,T3,1
Harka Piloto\2024_AUG_HPFS_S\2024_AUG_HPFS_S_T3\GOPR5601.JPG,Harka Piloto\2024_AUG_HPFS_S\2024_AUG_HPFS_S_T3\GOPR5601\Coral3.JPG,3,0.6366,Harka Piloto S,T3,1
Harka Piloto\2024_HP_JUL_S\HP_S_T3\GOPR3835.JPG,Harka Piloto\2024_HP_JUL_S\HP_S_T3\GOPR3835\Coral15.JPG,15,0.4151,Harka Piloto S,T3,1
Harka Piloto\2024_HP_JUL_S\HP_S_T3\GOPR3819.JPG,Harka Piloto\2024_HP_JUL_S\HP_S_T3\GOPR3819\Coral9.JPG,9,0.5474,Harka Piloto S,T3,1
Harka Piloto\2024_HP_JUL_S\HP_S_T3\GOPR3825.JPG,Harka Piloto\2024_HP_JUL_S\HP_S_T3\GOPR3825\Coral6.JPG,6,0.6335,Harka Piloto S,T3,1
Harka Piloto\2024_HP_JUL_S\HP_S_T3\GOPR3820.JPG,Harka Piloto\2024_HP_JUL_S\HP_S_T3\GOPR3820\Coral15.JPG,15,0.3681,Harka Piloto S,T3,1
Harka Piloto\2024_HP_JUL_S\HP_S_T3\GOPR3808.JPG,Harka Piloto\2024_HP_JUL_S\HP_S_T3\GOPR3808\Coral10.JPG,10,0.3731,Harka Piloto S,T3,1
Harka Piloto\2024_AUG_HPFS_S\2024_AUG_HPFS_S_T3\GOPR5631.JPG,Harka Piloto\2024_AUG_HPFS_S\2024_AUG_HPFS_S_T3\GOPR5631\Coral15.JPG,15,0.1852,Harka Piloto S,T3,1
Harka Piloto\2024_HP_JUL_S\HP_S_T3\GOPR3810.JPG,Harka Piloto\2024_HP_JUL_S\HP_S_T3\GOPR3810\Coral3.JPG,3,0.74,Harka Piloto S,T3,1
Harka Piloto\2024_HP_JUL_S\HP_S_T3\GOPR3805.JPG,Harka Piloto\2024_HP_JUL_S\HP_S_T3\GOPR3805\Coral1.JPG,1,0.7732,Harka Piloto S,T3,1
Harka Piloto\2024_HP_JUL_S\HP_S_T3\GOPR3815.JPG,Harka Piloto\2024_HP_JUL_S\HP_S_T3\GOPR3815\Coral1.JPG,1,0.7505,Harka Piloto S,T3,1
Harka Piloto\2024_AUG_HPFS_S\2024_AUG_HPFS_S_T3\GOPR5627.JPG,Harka Piloto\2024_AUG_HPFS_S\2024_AUG_HPFS_S_T3\GOPR5627\Coral16.JPG,16,0.1839,Harka Piloto S,T3,1
Harka Piloto\2024_HP_JUL_S\HP_S_T3\GOPR3803.JPG,Harka Piloto\2024_HP_JUL_S\HP_S_T3\GOPR3803\Coral34.JPG,34,0.2499,Harka Piloto S,T3,1
Harka Piloto\2024_AUG_HPFS_S\2024_AUG_HPFS_S_T3\GOPR5601.JPG,Harka Piloto\2024_AUG_HPFS_S\2024_AUG_HPFS_S_T3\GOPR5601\Coral18.JPG,18,0.1624,Harka Piloto S,T3,1
Harka Piloto\2024_AUG_HPFS_S\2024_AUG_HPFS_S_T3\GOPR5599.JPG,Harka Piloto\2024_AUG_HPFS_S\2024_AUG_HPFS_S_T3\GOPR5599\Coral15.JPG,15,0.2312,Harka Piloto S,T3,1
Harka Piloto\2024_HP_JUL_S\HP_S_T3\GOPR3838.JPG,Harka Piloto\2024_HP_JUL_S\HP_S_T3\GOPR3838\Coral12.JPG,12,0.2914,Harka Piloto S,T3,1
Harka Piloto\2024_AUG_HPFS_S\2024_AUG_HPFS_S_T3\GOPR5629.JPG,Harka Piloto\2024_AUG_HPFS_S\2024_AUG_HPFS_S_T3\GOPR5629\Coral21.JPG,21,0.2758,Harka Piloto S,T3,1
Harka Piloto\2024_HP_JUL_S\HP_S_T3\GOPR3834.JPG,Harka Piloto\2024_HP_JUL_S\HP_S_T3\GOPR3834\Coral10.JPG,10,0.3337,Harka Piloto S,T3,1
Harka Piloto\2024_HP_JUL_S\HP_S_T3\GOPR3831.JPG,Harka Piloto\2024_HP_JUL_S\HP_S_T3\GOPR3831\Coral2.JPG,2,0.7294,Harka Piloto S,T3,1
Harka Piloto\2024_AUG_HPFS_S\2024_AUG_HPFS_S_T3\GOPR5621.JPG,Harka Piloto\2024_AUG_HPFS_S\2024_AUG_HPFS_S_T3\GOPR5621\Coral13.JPG,13,0.2255,Harka Piloto S,T3,1
Harka Piloto\2024_AUG_HPFS_S\2024_AUG_HPFS_S_T3\GOPR5589.JPG,Harka Piloto\2024_AUG_HPFS_S\2024_AUG_HPFS_S_T3\GOPR5589\Coral20.JPG,20,0.1832,Harka Piloto S,T3,1
Harka Piloto\2024_AUG_HPFS_S\2024_AUG_HPFS_S_T3\GOPR5614.JPG,Harka Piloto\2024_AUG_HPFS_S\2024_AUG_HPFS_S_T3\GOPR5614\Coral1.JPG,1,0.7279,Harka Piloto S,T3,1
Harka Piloto\2024_AUG_HPFS_S\2024_AUG_HPFS_S_T3\GOPR5614.JPG,Harka Piloto\2024_AUG_HPFS_S\2024_AUG_HPFS_S_T3\GOPR5614\Coral20.JPG,20,0.1637,Harka Piloto S,T3,1
Harka Piloto\2024_AUG_HPFS_S\2024_AUG_HPFS_S_T3\GOPR5605.JPG,Harka Piloto\2024_AUG_HPFS_S\2024_AUG_HPFS_S_T3\GOPR5605\Coral19.JPG,19,0.1596,Harka Piloto S,T3,1
Harka Piloto\2024_AUG_HPFS_S\2024_AUG_HPFS_S_T3\GOPR5632.JPG,Harka Piloto\2024_AUG_HPFS_S\2024_AUG_HPFS_S_T3\GOPR5632\Coral9.JPG,9,0.2569,Harka Piloto S,T3,1
Harka Piloto\2024_AUG_HPFS_S\2024_AUG_HPFS_S_T3\GOPR5632.JPG,Harka Piloto\2024_AUG_HPFS_S\2024_AUG_HPFS_S_T3\GOPR5632\Coral10.JPG,10,0.2437,Harka Piloto S,T3,1
Harka Piloto\2024_AUG_HPFS_S\2024_AUG_HPFS_S_T3\GOPR5632.JPG,Harka Piloto\2024_AUG_HPFS_S\2024_AUG_HPFS_S_T3\GOPR5632\Coral14.JPG,14,0.1859,Harka Piloto S,T3,1
Harka Piloto\2024_AUG_HPFS_S\2024_AUG_HPFS_S_T3\GOPR5632.JPG,Harka Piloto\2024_AUG_HPFS_S\2024_AUG_HPFS_S_T3\GOPR5632\Coral7.JPG,7,0.2774,Harka Piloto S,T3,1
Harka Piloto\2024_AUG_HPFS_S\2024_AUG_HPFS_S_T3\GOPR5632.JPG,Harka Piloto\2024_AUG_HPFS_S\2024_AUG_HPFS_S_T3\GOPR5632\Coral3.JPG,3,0.5257,Harka Piloto S,T3,1
Harka Piloto\2024_AUG_HPFS_S\2024_AUG_HPFS_S_T3\GOPR5609.JPG,Harka Piloto\2024_AUG_HPFS_S\2024_AUG_HPFS_S_T3\GOPR5609\Coral24.JPG,24,0.2634,Harka Piloto S,T3,1
Harka Piloto\2024_AUG_HPFS_S\2024_AUG_HPFS_S_T3\GOPR5609.JPG,Harka Piloto\2024_AUG_HPFS_S\2024_AUG_HPFS_S_T3\GOPR5609\Coral18.JPG,18,0.3374,Harka Piloto S,T3,1
Harka Piloto\2024_AUG_HPFS_S\2024_AUG_HPFS_S_T3\GOPR5609.JPG,Harka Piloto\2024_AUG_HPFS_S\2024_AUG_HPFS_S_T3\GOPR5609\Coral26.JPG,26,0.2503,Harka Piloto S,T3,1
Harka Piloto\2024_HP_JUL_S\HP_S_T3\GOPR3820.JPG,Harka Piloto\2024_HP_JUL_S\HP_S_T3\GOPR3820\Coral25.JPG,25,0.2509,Harka Piloto S,T3,1
Harka Piloto\2024_HP_JUL_S\HP_S_T3\GOPR3820.JPG,Harka Piloto\2024_HP_JUL_S\HP_S_T3\GOPR3820\Coral31.JPG,31,0.1747,Harka Piloto S,T3,1
Harka Piloto\2024_HP_JUL_S\HP_S_T3\GOPR3820.JPG,Harka Piloto\2024_HP_JUL_S\HP_S_T3\GOPR3820\Coral8.JPG,8,0.4919,Harka Piloto S,T3,1
Harka Piloto\2024_HP_JUL_S\HP_S_T3\GOPR3820.JPG,Harka Piloto\2024_HP_JUL_S\HP_S_T3\GOPR3820\Coral3.JPG,3,0.6372,Harka Piloto S,T3,1
Harka Piloto\2024_HP_JUL_S\HP_S_T3\GOPR3820.JPG,Harka Piloto\2024_HP_JUL_S\HP_S_T3\GOPR3820\Coral26.JPG,26,0.2328,Harka Piloto S,T3,1
Harka Piloto\2024_HP_JUL_S\HP_S_T3\GOPR3845.JPG,Harka Piloto\2024_HP_JUL_S\HP_S_T3\GOPR3845\Coral4.JPG,4,0.5104,Harka Piloto S,T3,1
Harka Piloto\2024_HP_JUL_S\HP_S_T3\GOPR3845.JPG,Harka Piloto\2024_HP_JUL_S\HP_S_T3\GOPR3845\Coral13.JPG,13,0.3191,Harka Piloto S,T3,1
Harka Piloto\2024_HP_JUL_S\HP_S_T3\GOPR3845.JPG,Harka Piloto\2024_HP_JUL_S\HP_S_T3\GOPR3845\Coral9.JPG,9,0.3698,Harka Piloto S,T3,1
Harka Piloto\2024_HP_JUL_S\HP_S_T3\GOPR3845.JPG,Harka Piloto\2024_HP_JUL_S\HP_S_T3\GOPR3845\Coral21.JPG,21,0.2319,Harka Piloto S,T3,1
Harka Piloto\2024_HP_JUL_S\HP_S_T3\GOPR3845.JPG,Harka Piloto\2024_HP_JUL_S\HP_S_T3\GOPR3845\Coral14.JPG,14,0.3146,Harka Piloto S,T3,1
Harka Piloto\2024_HP_JUL_S\HP_S_T3\GOPR3845.JPG,Harka Piloto\2024_HP_JUL_S\HP_S_T3\GOPR3845\Coral11.JPG,11,0.3344,Harka Piloto S,T3,1
Harka Piloto\2024_HP_JUL_S\HP_S_T3\GOPR3845.JPG,Harka Piloto\2024_HP_JUL_S\HP_S_T3\GOPR3845\Coral31.JPG,31,0.1652,Harka Piloto S,T3,1
Harka Piloto\2024_HP_JUL_S\HP_S_T3\GOPR3845.JPG,Harka Piloto\2024_HP_JUL_S\HP_S_T3\GOPR3845\Coral3.JPG,3,0.5858,Harka Piloto S,T3,1
Harka Piloto\2024_HP_JUL_S\HP_S_T3\GOPR3800.JPG,Harka Piloto\2024_HP_JUL_S\HP_S_T3\GOPR3800\Coral12.JPG,12,0.5332,Harka Piloto S,T3,1
Harka Piloto\2024_HP_JUL_S\HP_S_T3\GOPR3800.JPG,Harka Piloto\2024_HP_JUL_S\HP_S_T3\GOPR3800\Coral46.JPG,46,0.2214,Harka Piloto S,T3,1
Harka Piloto\2024_HP_JUL_S\HP_S_T3\GOPR3800.JPG,Harka Piloto\2024_HP_JUL_S\HP_S_T3\GOPR3800\Coral49.JPG,49,0.2034,Harka Piloto S,T3,1
Harka Piloto\2024_HP_JUL_S\HP_S_T3\GOPR3800.JPG,Harka Piloto\2024_HP_JUL_S\HP_S_T3\GOPR3800\Coral24.JPG,24,0.3697,Harka Piloto S,T3,1
Harka Piloto\2024_HP_JUL_S\HP_S_T3\GOPR3800.JPG,Harka Piloto\2024_HP_JUL_S\HP_S_T3\GOPR3800\Coral55.JPG,55,0.165,Harka Piloto S,T3,1
Harka Piloto\2024_HP_JUL_S\HP_S_T3\GOPR3800.JPG,Harka Piloto\2024_HP_JUL_S\HP_S_T3\GOPR3800\Coral20.JPG,20,0.3964,Harka Piloto S,T3,1
Harka Piloto\2024_HP_JUL_S\HP_S_T3\GOPR3800.JPG,Harka Piloto\2024_HP_JUL_S\HP_S_T3\GOPR3800\Coral39.JPG,39,0.2587,Harka Piloto S,T3,1
Harka Piloto\2024_HP_JUL_S\HP_S_T3\GOPR3800.JPG,Harka Piloto\2024_HP_JUL_S\HP_S_T3\GOPR3800\Coral1.JPG,1,0.7937,Harka Piloto S,T3,1
Harka Piloto\2024_HP_JUL_S\HP_S_T3\GOPR3800.JPG,Harka Piloto\2024_HP_JUL_S\HP_S_T3\GOPR3800\Coral10.JPG,10,0.5435,Harka Piloto S,T3,1
Harka Piloto\2024_AUG_HPFS_S\2024_AUG_HPFS_S_T3\GOPR5600.JPG,Harka Piloto\2024_AUG_HPFS_S\2024_AUG_HPFS_S_T3\GOPR5600\Coral16.JPG,16,0.2681,Harka Piloto S,T3,1
Harka Piloto\2024_AUG_HPFS_S\2024_AUG_HPFS_S_T3\GOPR5600.JPG,Harka Piloto\2024_AUG_HPFS_S\2024_AUG_HPFS_S_T3\GOPR5600\Coral12.JPG,12,0.3117,Harka Piloto S,T3,1
Harka Piloto\2024_AUG_HPFS_S\2024_AUG_HPFS_S_T3\GOPR5600.JPG,Harka Piloto\2024_AUG_HPFS_S\2024_AUG_HPFS_S_T3\GOPR5600\Coral17.JPG,17,0.2673,Harka Piloto S,T3,1
Harka Piloto\2024_AUG_HPFS_S\2024_AUG_HPFS_S_T3\GOPR5600.JPG,Harka Piloto\2024_AUG_HPFS_S\2024_AUG_HPFS_S_T3\GOPR5600\Coral8.JPG,8,0.4179,Harka Piloto S,T3,1
Harka Piloto\2024_AUG_HPFS_S\2024_AUG_HPFS_S_T3\GOPR5600.JPG,Harka Piloto\2024_AUG_HPFS_S\2024_AUG_HPFS_S_T3\GOPR5600\Coral19.JPG,19,0.2399,Harka Piloto S,T3,1
Harka Piloto\2024_AUG_HPFS_S\2024_AUG_HPFS_S_T3\GOPR5600.JPG,Harka Piloto\2024_AUG_HPFS_S\2024_AUG_HPFS_S_T3\GOPR5600\Coral13.JPG,13,0.2888,Harka Piloto S,T3,1
Harka Piloto\2024_HP_JUL_S\HP_S_T3\GOPR3816.JPG,Harka Piloto\2024_HP_JUL_S\HP_S_T3\GOPR3816\Coral39.JPG,39,0.2027,Harka Piloto S,T3,1
Harka Piloto\2024_HP_JUL_S\HP_S_T3\GOPR3816.JPG,Harka Piloto\2024_HP_JUL_S\HP_S_T3\GOPR3816\Coral21.JPG,21,0.3977,Harka Piloto S,T3,1
Harka Piloto\2024_HP_JUL_S\HP_S_T3\GOPR3816.JPG,Harka Piloto\2024_HP_JUL_S\HP_S_T3\GOPR3816\Coral5.JPG,5,0.5928,Harka Piloto S,T3,1
Harka Piloto\2024_HP_JUL_S\HP_S_T3\GOPR3816.JPG,Harka Piloto\2024_HP_JUL_S\HP_S_T3\GOPR3816\Coral30.JPG,30,0.3088,Harka Piloto S,T3,1
Harka Piloto\2024_HP_JUL_S\HP_S_T3\GOPR3816.JPG,Harka Piloto\2024_HP_JUL_S\HP_S_T3\GOPR3816\Coral10.JPG,10,0.5315,Harka Piloto S,T3,1
Harka Piloto\2024_HP_JUL_S\HP_S_T3\GOPR3816.JPG,Harka Piloto\2024_HP_JUL_S\HP_S_T3\GOPR3816\Coral2.JPG,2,0.6931,Harka Piloto S,T3,1
Harka Piloto\2024_HP_JUL_S\HP_S_T3\GOPR3816.JPG,Harka Piloto\2024_HP_JUL_S\HP_S_T3\GOPR3816\Coral37.JPG,37,0.219,Harka Piloto S,T3,1
Harka Piloto\2024_HP_JUL_S\HP_S_T3\GOPR3816.JPG,Harka Piloto\2024_HP_JUL_S\HP_S_T3\GOPR3816\Coral1.JPG,1,0.7471,Harka Piloto S,T3,1
Harka Piloto\2024_HP_JUL_S\HP_S_T3\GOPR3816.JPG,Harka Piloto\2024_HP_JUL_S\HP_S_T3\GOPR3816\Coral26.JPG,26,0.3502,Harka Piloto S,T3,1
Harka Piloto\2024_HP_JUL_S\HP_S_T3\GOPR3816.JPG,Harka Piloto\2024_HP_JUL_S\HP_S_T3\GOPR3816\Coral20.JPG,20,0.4072,Harka Piloto S,T3,1
Harka Piloto\2024_HP_JUL_S\HP_S_T3\GOPR3816.JPG,Harka Piloto\2024_HP_JUL_S\HP_S_T3\GOPR3816\Coral4.JPG,4,0.634,Harka Piloto S,T3,1
Harka Piloto\2024_HP_JUL_S\HP_S_T3\GOPR3816.JPG,Harka Piloto\2024_HP_JUL_S\HP_S_T3\GOPR3816\Coral15.JPG,15,0.4638,Harka Piloto S,T3,1
Harka Piloto\2024_HP_JUL_S\HP_S_T3\GOPR3822.JPG,Harka Piloto\2024_HP_JUL_S\HP_S_T3\GOPR3822\Coral26.JPG,26,0.21,Harka Piloto S,T3,1
Harka Piloto\2024_HPFS_JUL_D\HP_D_T1\GOPR3572.JPG,Harka Piloto\2024_HPFS_JUL_D\HP_D_T1\GOPR3572\Coral26.JPG,26,0.363,Harka Piloto D,T1,1
Harka Piloto\2024_HPFS_JUL_D\HP_D_T1\GOPR3570.JPG,Harka Piloto\2024_HPFS_JUL_D\HP_D_T1\GOPR3570\Coral31.JPG,31,0.3205,Harka Piloto D,T1,1
Harka Piloto\2024_AUG_HPFS_D\2024_AUG_HPFS_D_T1\GOPR5312.JPG,Harka Piloto\2024_AUG_HPFS_D\2024_AUG_HPFS_D_T1\GOPR5312\Coral7.JPG,7,0.4198,Harka Piloto D,T1,1
Harka Piloto\2024_HPFS_JUL_D\HP_D_T1\GOPR3602.JPG,Harka Piloto\2024_HPFS_JUL_D\HP_D_T1\GOPR3602\Coral27.JPG,27,0.2171,Harka Piloto D,T1,1
Harka Piloto\2024_AUG_HPFS_D\2024_AUG_HPFS_D_T1\GOPR5315.JPG,Harka Piloto\2024_AUG_HPFS_D\2024_AUG_HPFS_D_T1\GOPR5315\Coral12.JPG,12,0.3835,Harka Piloto D,T1,1
Harka Piloto\2024_AUG_HPFS_D\2024_AUG_HPFS_D_T1\GOPR5314.JPG,Harka Piloto\2024_AUG_HPFS_D\2024_AUG_HPFS_D_T1\GOPR5314\Coral7.JPG,7,0.52,Harka Piloto D,T1,1
Harka Piloto\2024_AUG_HPFS_D\2024_AUG_HPFS_D_T1\GOPR5325.JPG,Harka Piloto\2024_AUG_HPFS_D\2024_AUG_HPFS_D_T1\GOPR5325\Coral42.JPG,42,0.234,Harka Piloto D,T1,1
Harka Piloto\2024_HPFS_JUL_D\HP_D_T1\GOPR3610.JPG,Harka Piloto\2024_HPFS_JUL_D\HP_D_T1\GOPR3610\Coral38.JPG,38,0.1528,Harka Piloto D,T1,1
Harka Piloto\2024_AUG_HPFS_D\2024_AUG_HPFS_D_T1\GOPR5307.JPG,Harka Piloto\2024_AUG_HPFS_D\2024_AUG_HPFS_D_T1\GOPR5307\Coral39.JPG,39,0.444,Harka Piloto D,T1,1
Harka Piloto\2024_HPFS_JUL_D\HP_D_T1\GOPR3568.JPG,Harka Piloto\2024_HPFS_JUL_D\HP_D_T1\GOPR3568\Coral64.JPG,64,0.1525,Harka Piloto D,T1,1
Harka Piloto\2024_HPFS_JUL_D\HP_D_T1\GOPR3569.JPG,Harka Piloto\2024_HPFS_JUL_D\HP_D_T1\GOPR3569\Coral55.JPG,55,0.2085,Harka Piloto D,T1,1
Harka Piloto\2024_HPFS_JUL_D\HP_D_T1\GOPR3596.JPG,Harka Piloto\2024_HPFS_JUL_D\HP_D_T1\GOPR3596\Coral9.JPG,9,0.7299,Harka Piloto D,T1,1
Harka Piloto\2024_HPFS_JUL_D\HP_D_T1\GOPR3589.JPG,Harka Piloto\2024_HPFS_JUL_D\HP_D_T1\GOPR3589\Coral30.JPG,30,0.3467,Harka Piloto D,T1,1
Harka Piloto\2024_HPFS_JUL_D\HP_D_T1\GOPR3606.JPG,Harka Piloto\2024_HPFS_JUL_D\HP_D_T1\GOPR3606\Coral77.JPG,77,0.1609,Harka Piloto D,T1,1
Harka Piloto\2024_AUG_HPFS_D\2024_AUG_HPFS_D_T1\GOPR5334.JPG,Harka Piloto\2024_AUG_HPFS_D\2024_AUG_HPFS_D_T1\GOPR5334\Coral20.JPG,20,0.2972,Harka Piloto D,T1,1
Harka Piloto\2024_AUG_HPFS_D\2024_AUG_HPFS_D_T1\GOPR5292.JPG,Harka Piloto\2024_AUG_HPFS_D\2024_AUG_HPFS_D_T1\GOPR5292\Coral31.JPG,31,0.1887,Harka Piloto D,T1,1
Harka Piloto\2024_HPFS_JUL_D\HP_D_T1\GOPR3576.JPG,Harka Piloto\2024_HPFS_JUL_D\HP_D_T1\GOPR3576\Coral23.JPG,23,0.328,Harka Piloto D,T1,1
Harka Piloto\2024_HPFS_JUL_D\HP_D_T1\GOPR3604.JPG,Harka Piloto\2024_HPFS_JUL_D\HP_D_T1\GOPR3604\Coral34.JPG,34,0.1619,Harka Piloto D,T1,1
Harka Piloto\2024_HPFS_JUL_D\HP_D_T1\GOPR3583.JPG,Harka Piloto\2024_HPFS_JUL_D\HP_D_T1\GOPR3583\Coral53.JPG,53,0.1758,Harka Piloto D,T1,1
Harka Piloto\2024_AUG_HPFS_D\2024_AUG_HPFS_D_T1\GOPR5332.JPG,Harka Piloto\2024_AUG_HPFS_D\2024_AUG_HPFS_D_T1\GOPR5332\Coral37.JPG,37,0.1638,Harka Piloto D,T1,1
Harka Piloto\2024_HPFS_JUL_D\HP_D_T1\GOPR3562.JPG,Harka Piloto\2024_HPFS_JUL_D\HP_D_T1\GOPR3562\Coral20.JPG,20,0.4746,Harka Piloto D,T1,1
Harka Piloto\2024_AUG_HPFS_D\2024_AUG_HPFS_D_T1\GOPR5309.JPG,Harka Piloto\2024_AUG_HPFS_D\2024_AUG_HPFS_D_T1\GOPR5309\Coral32.JPG,32,0.3926,Harka Piloto D,T1,1
Harka Piloto\2024_AUG_HPFS_D\2024_AUG_HPFS_D_T1\GOPR5327.JPG,Harka Piloto\2024_AUG_HPFS_D\2024_AUG_HPFS_D_T1\GOPR5327\Coral10.JPG,10,0.5938,Harka Piloto D,T1,1
Harka Piloto\2024_HPFS_JUL_D\HP_D_T1\GOPR3595.JPG,Harka Piloto\2024_HPFS_JUL_D\HP_D_T1\GOPR3595\Coral75.JPG,75,0.1891,Harka Piloto D,T1,1
Harka Piloto\2024_AUG_HPFS_D\2024_AUG_HPFS_D_T1\GOPR5305.JPG,Harka Piloto\2024_AUG_HPFS_D\2024_AUG_HPFS_D_T1\GOPR5305\Coral5.JPG,5,0.7828,Harka Piloto D,T1,1
Harka Piloto\2024_AUG_HPFS_D\2024_AUG_HPFS_D_T1\GOPR5296.JPG,Harka Piloto\2024_AUG_HPFS_D\2024_AUG_HPFS_D_T1\GOPR5296\Coral35.JPG,35,0.2133,Harka Piloto D,T1,1
Harka Piloto\2024_AUG_HPFS_D\2024_AUG_HPFS_D_T1\GOPR5311.JPG,Harka Piloto\2024_AUG_HPFS_D\2024_AUG_HPFS_D_T1\GOPR5311\Coral21.JPG,21,0.2377,Harka Piloto D,T1,1
Harka Piloto\2024_HPFS_JUL_D\HP_D_T1\GOPR3582.JPG,Harka Piloto\2024_HPFS_JUL_D\HP_D_T1\GOPR3582\Coral4.JPG,4,0.5529,Harka Piloto D,T1,1
Harka Piloto\2024_HPFS_JUL_D\HP_D_T1\GOPR3572.JPG,Harka Piloto\2024_HPFS_JUL_D\HP_D_T1\GOPR3572\Coral11.JPG,11,0.5842,Harka Piloto D,T1,1
Harka Piloto\2024_AUG_HPFS_D\2024_AUG_HPFS_D_T1\GOPR5335.JPG,Harka Piloto\2024_AUG_HPFS_D\2024_AUG_HPFS_D_T1\GOPR5335\Coral27.JPG,27,0.4512,Harka Piloto D,T1,1
Harka Piloto\2024_HPFS_JUL_D\HP_D_T1\GOPR3563.JPG,Harka Piloto\2024_HPFS_JUL_D\HP_D_T1\GOPR3563\Coral13.JPG,13,0.4965,Harka Piloto D,T1,1
Harka Piloto\2024_AUG_HPFS_D\2024_AUG_HPFS_D_T1\GOPR5312.JPG,Harka Piloto\2024_AUG_HPFS_D\2024_AUG_HPFS_D_T1\GOPR5312\Coral9.JPG,9,0.3897,Harka Piloto D,T1,1
Harka Piloto\2024_AUG_HPFS_D\2024_AUG_HPFS_D_T1\GOPR5326.JPG,Harka Piloto\2024_AUG_HPFS_D\2024_AUG_HPFS_D_T1\GOPR5326\Coral9.JPG,9,0.4913,Harka Piloto D,T1,1
Harka Piloto\2024_AUG_HPFS_D\2024_AUG_HPFS_D_T1\GOPR5303.JPG,Harka Piloto\2024_AUG_HPFS_D\2024_AUG_HPFS_D_T1\GOPR5303\Coral56.JPG,56,0.2608,Harka Piloto D,T1,1
Harka Piloto\2024_HPFS_JUL_D\HP_D_T1\GOPR3611.JPG,Harka Piloto\2024_HPFS_JUL_D\HP_D_T1\GOPR3611\Coral48.JPG,48,0.1502,Harka Piloto D,T1,1
Harka Piloto\2024_HPFS_JUL_D\HP_D_T1\GOPR3579.JPG,Harka Piloto\2024_HPFS_JUL_D\HP_D_T1\GOPR3579\Coral6.JPG,6,0.5576,Harka Piloto D,T1,1
Harka Piloto\2024_HPFS_JUL_D\HP_D_T1\GOPR3568.JPG,Harka Piloto\2024_HPFS_JUL_D\HP_D_T1\GOPR3568\Coral8.JPG,8,0.6959,Harka Piloto D,T1,1
Harka Piloto\2024_AUG_HPFS_D\2024_AUG_HPFS_D_T1\GOPR5313.JPG,Harka Piloto\2024_AUG_HPFS_D\2024_AUG_HPFS_D_T1\GOPR5313\Coral18.JPG,18,0.2869,Harka Piloto D,T1,1
Harka Piloto\2024_HPFS_JUL_D\HP_D_T1\GOPR3583.JPG,Harka Piloto\2024_HPFS_JUL_D\HP_D_T1\GOPR3583\Coral14.JPG,14,0.4968,Harka Piloto D,T1,1
Harka Piloto\2024_AUG_HPFS_D\2024_AUG_HPFS_D_T1\GOPR5323.JPG,Harka Piloto\2024_AUG_HPFS_D\2024_AUG_HPFS_D_T1\GOPR5323\Coral16.JPG,16,0.2639,Harka Piloto D,T1,1
Harka Piloto\2024_AUG_HPFS_D\2024_AUG_HPFS_D_T1\GOPR5327.JPG,Harka Piloto\2024_AUG_HPFS_D\2024_AUG_HPFS_D_T1\GOPR5327\Coral26.JPG,26,0.2865,Harka Piloto D,T1,1
Harka Piloto\2024_HPFS_JUL_D\HP_D_T1\GOPR3605.JPG,Harka Piloto\2024_HPFS_JUL_D\HP_D_T1\GOPR3605\Coral33.JPG,33,0.1876,Harka Piloto D,T1,1
Harka Piloto\2024_AUG_HPFS_D\2024_AUG_HPFS_D_T1\GOPR5300.JPG,Harka Piloto\2024_AUG_HPFS_D\2024_AUG_HPFS_D_T1\GOPR5300\Coral80.JPG,80,0.1882,Harka Piloto D,T1,1
Harka Piloto\2024_AUG_HPFS_D\2024_AUG_HPFS_D_T1\GOPR5298.JPG,Harka Piloto\2024_AUG_HPFS_D\2024_AUG_HPFS_D_T1\GOPR5298\Coral7.JPG,7,0.5816,Harka Piloto D,T1,1
Harka Piloto\2024_HPFS_JUL_D\HP_D_T1\GOPR3609.JPG,Harka Piloto\2024_HPFS_JUL_D\HP_D_T1\GOPR3609\Coral6.JPG,6,0.5213,Harka Piloto D,T1,1
Harka Piloto\2024_HPFS_JUL_D\HP_D_T1\GOPR3593.JPG,Harka Piloto\2024_HPFS_JUL_D\HP_D_T1\GOPR3593\Coral62.JPG,62,0.2168,Harka Piloto D,T1,1
Harka Piloto\2024_HPFS_JUL_D\HP_D_T1\GOPR3563.JPG,Harka Piloto\2024_HPFS_JUL_D\HP_D_T1\GOPR3563\Coral27.JPG,27,0.3047,Harka Piloto D,T1,1
Harka Piloto\2024_HPFS_JUL_D\HP_D_T1\GOPR3571.JPG,Harka Piloto\2024_HPFS_JUL_D\HP_D_T1\GOPR3571\Coral17.JPG,17,0.4132,Harka Piloto D,T1,1
Harka Piloto\2024_AUG_HPFS_D\2024_AUG_HPFS_D_T1\GOPR5315.JPG,Harka Piloto\2024_AUG_HPFS_D\2024_AUG_HPFS_D_T1\GOPR5315\Coral7.JPG,7,0.5867,Harka Piloto D,T1,1
Harka Piloto\2024_HPFS_JUL_D\HP_D_T1\GOPR3607.JPG,Harka Piloto\2024_HPFS_JUL_D\HP_D_T1\GOPR3607\Coral9.JPG,9,0.7152,Harka Piloto D,T1,1
Harka Piloto\2024_HPFS_JUL_D\HP_D_T1\GOPR3568.JPG,Harka Piloto\2024_HPFS_JUL_D\HP_D_T1\GOPR3568\Coral60.JPG,60,0.1789,Harka Piloto D,T1,1
Harka Piloto\2024_HPFS_JUL_D\HP_D_T1\GOPR3569.JPG,Harka Piloto\2024_HPFS_JUL_D\HP_D_T1\GOPR3569\Coral3.JPG,3,0.7809,Harka Piloto D,T1,1
Harka Piloto\2024_HPFS_JUL_D\HP_D_T1\GOPR3606.JPG,Harka Piloto\2024_HPFS_JUL_D\HP_D_T1\GOPR3606\Coral83.JPG,83,0.1535,Harka Piloto D,T1,1
Harka Piloto\2024_AUG_HPFS_D\2024_AUG_HPFS_D_T1\GOPR5334.JPG,Harka Piloto\2024_AUG_HPFS_D\2024_AUG_HPFS_D_T1\GOPR5334\Coral4.JPG,4,0.6327,Harka Piloto D,T1,1
Harka Piloto\2024_HPFS_JUL_D\HP_D_T1\GOPR3576.JPG,Harka Piloto\2024_HPFS_JUL_D\HP_D_T1\GOPR3576\Coral2.JPG,2,0.7359,Harka Piloto D,T1,1
Harka Piloto\2024_HPFS_JUL_D\HP_D_T1\GOPR3604.JPG,Harka Piloto\2024_HPFS_JUL_D\HP_D_T1\GOPR3604\Coral1.JPG,1,0.7724,Harka Piloto D,T1,1
Harka Piloto\2024_HPFS_JUL_D\HP_D_T1\GOPR3587.JPG,Harka Piloto\2024_HPFS_JUL_D\HP_D_T1\GOPR3587\Coral24.JPG,24,0.4638,Harka Piloto D,T1,1
Harka Piloto\2024_HPFS_JUL_D\HP_D_T1\GOPR3601.JPG,Harka Piloto\2024_HPFS_JUL_D\HP_D_T1\GOPR3601\Coral17.JPG,17,0.4624,Harka Piloto D,T1,1
Harka Piloto\2024_AUG_HPFS_D\2024_AUG_HPFS_D_T1\GOPR5293.JPG,Harka Piloto\2024_AUG_HPFS_D\2024_AUG_HPFS_D_T1\GOPR5293\Coral29.JPG,29,0.2866,Harka Piloto D,T1,1
Harka Piloto\2024_HPFS_JUL_D\HP_D_T1\GOPR3577.JPG,Harka Piloto\2024_HPFS_JUL_D\HP_D_T1\GOPR3577\Coral14.JPG,14,0.3351,Harka Piloto D,T1,1
Harka Piloto\2024_AUG_HPFS_D\2024_AUG_HPFS_D_T1\GOPR5306.JPG,Harka Piloto\2024_AUG_HPFS_D\2024_AUG_HPFS_D_T1\GOPR5306\Coral19.JPG,19,0.3467,Harka Piloto D,T1,1
Harka Piloto\2024_AUG_HPFS_D\2024_AUG_HPFS_D_T1\GOPR5316.JPG,Harka Piloto\2024_AUG_HPFS_D\2024_AUG_HPFS_D_T1\GOPR5316\Coral1.JPG,1,0.7935,Harka Piloto D,T1,1
Harka Piloto\2024_HPFS_JUL_D\HP_D_T1\GOPR3564.JPG,Harka Piloto\2024_HPFS_JUL_D\HP_D_T1\GOPR3564\Coral9.JPG,9,0.4551,Harka Piloto D,T1,1
Harka Piloto\2024_HPFS_JUL_D\HP_D_T1\GOPR3572.JPG,Harka Piloto\2024_HPFS_JUL_D\HP_D_T1\GOPR3572\Coral41.JPG,41,0.212,Harka Piloto D,T1,1
Harka Piloto\2024_HPFS_JUL_D\HP_D_T1\GOPR3572.JPG,Harka Piloto\2024_HPFS_JUL_D\HP_D_T1\GOPR3572\Coral49.JPG,49,0.1771,Harka Piloto D,T1,1
Harka Piloto\2024_HPFS_JUL_D\HP_D_T1\GOPR3572.JPG,Harka Piloto\2024_HPFS_JUL_D\HP_D_T1\GOPR3572\Coral34.JPG,34,0.2417,Harka Piloto D,T1,1
Harka Piloto\2024_HPFS_JUL_D\HP_D_T1\GOPR3572.JPG,Harka Piloto\2024_HPFS_JUL_D\HP_D_T1\GOPR3572\Coral15.JPG,15,0.5303,Harka Piloto D,T1,1
Harka Piloto\2024_HPFS_JUL_D\HP_D_T1\GOPR3572.JPG,Harka Piloto\2024_HPFS_JUL_D\HP_D_T1\GOPR3572\Coral50.JPG,50,0.1683,Harka Piloto D,T1,1
Harka Piloto\2024_HPFS_JUL_D\HP_D_T1\GOPR3572.JPG,Harka Piloto\2024_HPFS_JUL_D\HP_D_T1\GOPR3572\Coral30.JPG,30,0.2516,Harka Piloto D,T1,1
Harka Piloto\2024_HPFS_JUL_D\HP_D_T1\GOPR3572.JPG,Harka Piloto\2024_HPFS_JUL_D\HP_D_T1\GOPR3572\Coral44.JPG,44,0.2039,Harka Piloto D,T1,1
Harka Piloto\2024_AUG_HPFS_D\2024_AUG_HPFS_D_T1\GOPR5335.JPG,Harka Piloto\2024_AUG_HPFS_D\2024_AUG_HPFS_D_T1\GOPR5335\Coral86.JPG,86,0.1623,Harka Piloto D,T1,1
Harka Piloto\2024_AUG_HPFS_D\2024_AUG_HPFS_D_T1\GOPR5335.JPG,Harka Piloto\2024_AUG_HPFS_D\2024_AUG_HPFS_D_T1\GOPR5335\Coral71.JPG,71,0.2155,Harka Piloto D,T1,1
Harka Piloto\2024_AUG_HPFS_D\2024_AUG_HPFS_D_T1\GOPR5335.JPG,Harka Piloto\2024_AUG_HPFS_D\2024_AUG_HPFS_D_T1\GOPR5335\Coral87.JPG,87,0.1591,Harka Piloto D,T1,1
Harka Piloto\2024_AUG_HPFS_D\2024_AUG_HPFS_D_T1\GOPR5335.JPG,Harka Piloto\2024_AUG_HPFS_D\2024_AUG_HPFS_D_T1\GOPR5335\Coral51.JPG,51,0.3008,Harka Piloto D,T1,1
Harka Piloto\2024_AUG_HPFS_D\2024_AUG_HPFS_D_T1\GOPR5335.JPG,Harka Piloto\2024_AUG_HPFS_D\2024_AUG_HPFS_D_T1\GOPR5335\Coral67.JPG,67,0.2244,Harka Piloto D,T1,1
Harka Piloto\2024_AUG_HPFS_D\2024_AUG_HPFS_D_T1\GOPR5335.JPG,Harka Piloto\2024_AUG_HPFS_D\2024_AUG_HPFS_D_T1\GOPR5335\Coral62.JPG,62,0.2429,Harka Piloto D,T1,1
Harka Piloto\2024_AUG_HPFS_D\2024_AUG_HPFS_D_T1\GOPR5335.JPG,Harka Piloto\2024_AUG_HPFS_D\2024_AUG_HPFS_D_T1\GOPR5335\Coral38.JPG,38,0.3838,Harka Piloto D,T1,1
Harka Piloto\2024_AUG_HPFS_D\2024_AUG_HPFS_D_T1\GOPR5335.JPG,Harka Piloto\2024_AUG_HPFS_D\2024_AUG_HPFS_D_T1\GOPR5335\Coral30.JPG,30,0.4324,Harka Piloto D,T1,1
Harka Piloto\2024_AUG_HPFS_D\2024_AUG_HPFS_D_T1\GOPR5335.JPG,Harka Piloto\2024_AUG_HPFS_D\2024_AUG_HPFS_D_T1\GOPR5335\Coral49.JPG,49,0.3097,Harka Piloto D,T1,1
Harka Piloto\2024_AUG_HPFS_D\2024_AUG_HPFS_D_T1\GOPR5335.JPG,Harka Piloto\2024_AUG_HPFS_D\2024_AUG_HPFS_D_T1\GOPR5335\Coral53.JPG,53,0.2865,Harka Piloto D,T1,1
Harka Piloto\2024_AUG_HPFS_D\2024_AUG_HPFS_D_T1\GOPR5335.JPG,Harka Piloto\2024_AUG_HPFS_D\2024_AUG_HPFS_D_T1\GOPR5335\Coral52.JPG,52,0.2901,Harka Piloto D,T1,1
Harka Piloto\2024_AUG_HPFS_D\2024_AUG_HPFS_D_T1\GOPR5335.JPG,Harka Piloto\2024_AUG_HPFS_D\2024_AUG_HPFS_D_T1\GOPR5335\Coral76.JPG,76,0.196,Harka Piloto D,T1,1
Harka Piloto\2024_AUG_HPFS_D\2024_AUG_HPFS_D_T1\GOPR5335.JPG,Harka Piloto\2024_AUG_HPFS_D\2024_AUG_HPFS_D_T1\GOPR5335\Coral79.JPG,79,0.1907,Harka Piloto D,T1,1
Harka Piloto\2024_AUG_HPFS_D\2024_AUG_HPFS_D_T1\GOPR5335.JPG,Harka Piloto\2024_AUG_HPFS_D\2024_AUG_HPFS_D_T1\GOPR5335\Coral50.JPG,50,0.3078,Harka Piloto D,T1,1
Harka Piloto\2024_AUG_HPFS_D\2024_AUG_HPFS_D_T1\GOPR5335.JPG,Harka Piloto\2024_AUG_HPFS_D\2024_AUG_HPFS_D_T1\GOPR5335\Coral14.JPG,14,0.5756,Harka Piloto D,T1,1
Harka Piloto\2024_AUG_HPFS_D\2024_AUG_HPFS_D_T1\GOPR5335.JPG,Harka Piloto\2024_AUG_HPFS_D\2024_AUG_HPFS_D_T1\GOPR5335\Coral7.JPG,7,0.6652,Harka Piloto D,T1,1
Harka Piloto\2024_AUG_HPFS_D\2024_AUG_HPFS_D_T1\GOPR5335.JPG,Harka Piloto\2024_AUG_HPFS_D\2024_AUG_HPFS_D_T1\GOPR5335\Coral66.JPG,66,0.2272,Harka Piloto D,T1,1
Harka Piloto\2024_AUG_HPFS_D\2024_AUG_HPFS_D_T1\GOPR5335.JPG,Harka Piloto\2024_AUG_HPFS_D\2024_AUG_HPFS_D_T1\GOPR5335\Coral2.JPG,2,0.7559,Harka Piloto D,T1,1
Harka Piloto\2024_AUG_HPFS_D\2024_AUG_HPFS_D_T1\GOPR5335.JPG,Harka Piloto\2024_AUG_HPFS_D\2024_AUG_HPFS_D_T1\GOPR5335\Coral6.JPG,6,0.6889,Harka Piloto D,T1,1
Harka Piloto\2024_AUG_HPFS_D\2024_AUG_HPFS_D_T1\GOPR5335.JPG,Harka Piloto\2024_AUG_HPFS_D\2024_AUG_HPFS_D_T1\GOPR5335\Coral29.JPG,29,0.4361,Harka Piloto D,T1,1
Harka Piloto\2024_HPFS_JUL_D\HP_D_T1\GOPR3570.JPG,Harka Piloto\2024_HPFS_JUL_D\HP_D_T1\GOPR3570\Coral28.JPG,28,0.3449,Harka Piloto D,T1,1
Harka Piloto\2024_HPFS_JUL_D\HP_D_T1\GOPR3570.JPG,Harka Piloto\2024_HPFS_JUL_D\HP_D_T1\GOPR3570\Coral36.JPG,36,0.287,Harka Piloto D,T1,1
Harka Piloto\2024_HPFS_JUL_D\HP_D_T1\GOPR3570.JPG,Harka Piloto\2024_HPFS_JUL_D\HP_D_T1\GOPR3570\Coral8.JPG,8,0.529,Harka Piloto D,T1,1
Harka Piloto\2024_HPFS_JUL_D\HP_D_T1\GOPR3570.JPG,Harka Piloto\2024_HPFS_JUL_D\HP_D_T1\GOPR3570\Coral43.JPG,43,0.2342,Harka Piloto D,T1,1
Harka Piloto\2024_HPFS_JUL_D\HP_D_T1\GOPR3570.JPG,Harka Piloto\2024_HPFS_JUL_D\HP_D_T1\GOPR3570\Coral56.JPG,56,0.1691,Harka Piloto D,T1,1
Harka Piloto\2024_HPFS_JUL_D\HP_D_T1\GOPR3570.JPG,Harka Piloto\2024_HPFS_JUL_D\HP_D_T1\GOPR3570\Coral27.JPG,27,0.346,Harka Piloto D,T1,1
Harka Piloto\2024_HPFS_JUL_D\HP_D_T1\GOPR3570.JPG,Harka Piloto\2024_HPFS_JUL_D\HP_D_T1\GOPR3570\Coral38.JPG,38,0.2843,Harka Piloto D,T1,1
Harka Piloto\2024_HPFS_JUL_D\HP_D_T1\GOPR3570.JPG,Harka Piloto\2024_HPFS_JUL_D\HP_D_T1\GOPR3570\Coral25.JPG,25,0.3482,Harka Piloto D,T1,1
Harka Piloto\2024_HPFS_JUL_D\HP_D_T1\GOPR3570.JPG,Harka Piloto\2024_HPFS_JUL_D\HP_D_T1\GOPR3570\Coral1.JPG,1,0.7977,Harka Piloto D,T1,1
Harka Piloto\2024_HPFS_JUL_D\HP_D_T1\GOPR3570.JPG,Harka Piloto\2024_HPFS_JUL_D\HP_D_T1\GOPR3570\Coral52.JPG,52,0.1857,Harka Piloto D,T1,1
Harka Piloto\2024_HPFS_JUL_D\HP_D_T1\GOPR3570.JPG,Harka Piloto\2024_HPFS_JUL_D\HP_D_T1\GOPR3570\Coral51.JPG,51,0.1944,Harka Piloto D,T1,1
Harka Piloto\2024_HPFS_JUL_D\HP_D_T1\GOPR3570.JPG,Harka Piloto\2024_HPFS_JUL_D\HP_D_T1\GOPR3570\Coral61.JPG,61,0.1516,Harka Piloto D,T1,1
Harka Piloto\2024_HPFS_JUL_D\HP_D_T1\GOPR3570.JPG,Harka Piloto\2024_HPFS_JUL_D\HP_D_T1\GOPR3570\Coral30.JPG,30,0.3215,Harka Piloto D,T1,1
Harka Piloto\2024_HPFS_JUL_D\HP_D_T1\GOPR3563.JPG,Harka Piloto\2024_HPFS_JUL_D\HP_D_T1\GOPR3563\Coral9.JPG,9,0.586,Harka Piloto D,T1,1
Harka Piloto\2024_HPFS_JUL_D\HP_D_T1\GOPR3563.JPG,Harka Piloto\2024_HPFS_JUL_D\HP_D_T1\GOPR3563\Coral21.JPG,21,0.3621,Harka Piloto D,T1,1
Harka Piloto\2024_HPFS_JUL_D\HP_D_T1\GOPR3563.JPG,Harka Piloto\2024_HPFS_JUL_D\HP_D_T1\GOPR3563\Coral2.JPG,2,0.7746,Harka Piloto D,T1,1
Harka Piloto\2024_HPFS_JUL_D\HP_D_T1\GOPR3563.JPG,Harka Piloto\2024_HPFS_JUL_D\HP_D_T1\GOPR3563\Coral4.JPG,4,0.664,Harka Piloto D,T1,1
Harka Piloto\2024_HPFS_JUL_D\HP_D_T1\GOPR3563.JPG,Harka Piloto\2024_HPFS_JUL_D\HP_D_T1\GOPR3563\Coral25.JPG,25,0.3128,Harka Piloto D,T1,1
Harka Piloto\2024_HPFS_JUL_D\HP_D_T1\GOPR3563.JPG,Harka Piloto\2024_HPFS_JUL_D\HP_D_T1\GOPR3563\Coral16.JPG,16,0.4492,Harka Piloto D,T1,1
Harka Piloto\2024_HPFS_JUL_D\HP_D_T1\GOPR3563.JPG,Harka Piloto\2024_HPFS_JUL_D\HP_D_T1\GOPR3563\Coral14.JPG,14,0.4876,Harka Piloto D,T1,1
Harka Piloto\2024_AUG_HPFS_D\2024_AUG_HPFS_D_T1\GOPR5294.JPG,Harka Piloto\2024_AUG_HPFS_D\2024_AUG_HPFS_D_T1\GOPR5294\Coral42.JPG,42,0.184,Harka Piloto D,T1,1
Harka Piloto\2024_AUG_HPFS_D\2024_AUG_HPFS_D_T1\GOPR5294.JPG,Harka Piloto\2024_AUG_HPFS_D\2024_AUG_HPFS_D_T1\GOPR5294\Coral5.JPG,5,0.693,Harka Piloto D,T1,1
Harka Piloto\2024_HPFS_JUL_D\HP_D_T2\GOPR3621.JPG,Harka Piloto\2024_HPFS_JUL_D\HP_D_T2\GOPR3621\Coral29.JPG,29,0.2377,Harka Piloto D,T2,1
Harka Piloto\2024_AUG_HPFS_D\2024_AUG_HPFS_D_T2\GOPR5376.JPG,Harka Piloto\2024_AUG_HPFS_D\2024_AUG_HPFS_D_T2\GOPR5376\Coral29.JPG,29,0.1747,Harka Piloto D,T2,1
Harka Piloto\2024_AUG_HPFS_D\2024_AUG_HPFS_D_T2\GOPR5365.JPG,Harka Piloto\2024_AUG_HPFS_D\2024_AUG_HPFS_D_T2\GOPR5365\Coral9.JPG,9,0.5265,Harka Piloto D,T2,1
Harka Piloto\2024_HPFS_JUL_D\HP_D_T2\GOPR3641.JPG,Harka Piloto\2024_HPFS_JUL_D\HP_D_T2\GOPR3641\Coral76.JPG,76,0.1605,Harka Piloto D,T2,1
Harka Piloto\2024_HPFS_JUL_D\HP_D_T2\GOPR3650.JPG,Harka Piloto\2024_HPFS_JUL_D\HP_D_T2\GOPR3650\Coral22.JPG,22,0.3486,Harka Piloto D,T2,1
Harka Piloto\2024_HPFS_JUL_D\HP_D_T2\GOPR3658.JPG,Harka Piloto\2024_HPFS_JUL_D\HP_D_T2\GOPR3658\Coral6.JPG,6,0.1516,Harka Piloto D,T2,1
Harka Piloto\2024_AUG_HPFS_D\2024_AUG_HPFS_D_T2\GOPR5371.JPG,Harka Piloto\2024_AUG_HPFS_D\2024_AUG_HPFS_D_T2\GOPR5371\Coral6.JPG,6,0.6912,Harka Piloto D,T2,1
Harka Piloto\2024_AUG_HPFS_D\2024_AUG_HPFS_D_T2\GOPR5381.JPG,Harka Piloto\2024_AUG_HPFS_D\2024_AUG_HPFS_D_T2\GOPR5381\Coral12.JPG,12,0.2326,Harka Piloto D,T2,1
Harka Piloto\2024_AUG_HPFS_D\2024_AUG_HPFS_D_T2\GOPR5358.JPG,Harka Piloto\2024_AUG_HPFS_D\2024_AUG_HPFS_D_T2\GOPR5358\Coral23.JPG,23,0.281,Harka Piloto D,T2,1
Harka Piloto\2024_AUG_HPFS_D\2024_AUG_HPFS_D_T2\GOPR5368.JPG,Harka Piloto\2024_AUG_HPFS_D\2024_AUG_HPFS_D_T2\GOPR5368\Coral15.JPG,15,0.4663,Harka Piloto D,T2,1
Harka Piloto\2024_AUG_HPFS_D\2024_AUG_HPFS_D_T2\GOPR5374.JPG,Harka Piloto\2024_AUG_HPFS_D\2024_AUG_HPFS_D_T2\GOPR5374\Coral14.JPG,14,0.499,Harka Piloto D,T2,1
Harka Piloto\2024_AUG_HPFS_D\2024_AUG_HPFS_D_T2\GOPR5393.JPG,Harka Piloto\2024_AUG_HPFS_D\2024_AUG_HPFS_D_T2\GOPR5393\Coral35.JPG,35,0.1861,Harka Piloto D,T2,1
Harka Piloto\2024_AUG_HPFS_D\2024_AUG_HPFS_D_T2\GOPR5394.JPG,Harka Piloto\2024_AUG_HPFS_D\2024_AUG_HPFS_D_T2\GOPR5394\Coral16.JPG,16,0.3773,Harka Piloto D,T2,1
Harka Piloto\2024_HPFS_JUL_D\HP_D_T2\GOPR3645.JPG,Harka Piloto\2024_HPFS_JUL_D\HP_D_T2\GOPR3645\Coral44.JPG,44,0.3258,Harka Piloto D,T2,1
Harka Piloto\2024_HPFS_JUL_D\HP_D_T2\GOPR3620.JPG,Harka Piloto\2024_HPFS_JUL_D\HP_D_T2\GOPR3620\Coral35.JPG,35,0.478,Harka Piloto D,T2,1
Harka Piloto\2024_HPFS_JUL_D\HP_D_T2\GOPR3624.JPG,Harka Piloto\2024_HPFS_JUL_D\HP_D_T2\GOPR3624\Coral47.JPG,47,0.1615,Harka Piloto D,T2,1
Harka Piloto\2024_HPFS_JUL_D\HP_D_T2\GOPR3634.JPG,Harka Piloto\2024_HPFS_JUL_D\HP_D_T2\GOPR3634\Coral27.JPG,27,0.1973,Harka Piloto D,T2,1
Harka Piloto\2024_HPFS_JUL_D\HP_D_T2\GOPR3662.JPG,Harka Piloto\2024_HPFS_JUL_D\HP_D_T2\GOPR3662\Coral8.JPG,8,0.5631,Harka Piloto D,T2,1
Harka Piloto\2024_AUG_HPFS_D\2024_AUG_HPFS_D_T2\GOPR5376.JPG,Harka Piloto\2024_AUG_HPFS_D\2024_AUG_HPFS_D_T2\GOPR5376\Coral28.JPG,28,0.1776,Harka Piloto D,T2,1
Harka Piloto\2024_AUG_HPFS_D\2024_AUG_HPFS_D_T2\GOPR5375.JPG,Harka Piloto\2024_AUG_HPFS_D\2024_AUG_HPFS_D_T2\GOPR5375\Coral13.JPG,13,0.3844,Harka Piloto D,T2,1
Harka Piloto\2024_AUG_HPFS_D\2024_AUG_HPFS_D_T2\GOPR5369.JPG,Harka Piloto\2024_AUG_HPFS_D\2024_AUG_HPFS_D_T2\GOPR5369\Coral21.JPG,21,0.2823,Harka Piloto D,T2,1
Harka Piloto\2024_HPFS_JUL_D\HP_D_T2\GOPR3616.JPG,Harka Piloto\2024_HPFS_JUL_D\HP_D_T2\GOPR3616\Coral13.JPG,13,0.3791,Harka Piloto D,T2,1
Harka Piloto\2024_AUG_HPFS_D\2024_AUG_HPFS_D_T2\GOPR5398.JPG,Harka Piloto\2024_AUG_HPFS_D\2024_AUG_HPFS_D_T2\GOPR5398\Coral35.JPG,35,0.1859,Harka Piloto D,T2,1
Harka Piloto\2024_AUG_HPFS_D\2024_AUG_HPFS_D_T2\GOPR5400.JPG,Harka Piloto\2024_AUG_HPFS_D\2024_AUG_HPFS_D_T2\GOPR5400\Coral13.JPG,13,0.4867,Harka Piloto D,T2,1
Harka Piloto\2024_HPFS_JUL_D\HP_D_T2\GOPR3660.JPG,Harka Piloto\2024_HPFS_JUL_D\HP_D_T2\GOPR3660\Coral33.JPG,33,0.3122,Harka Piloto D,T2,1
Harka Piloto\2024_AUG_HPFS_D\2024_AUG_HPFS_D_T2\GOPR5353.JPG,Harka Piloto\2024_AUG_HPFS_D\2024_AUG_HPFS_D_T2\GOPR5353\Coral31.JPG,31,0.1816,Harka Piloto D,T2,1
Harka Piloto\2024_AUG_HPFS_D\2024_AUG_HPFS_D_T2\GOPR5371.JPG,Harka Piloto\2024_AUG_HPFS_D\2024_AUG_HPFS_D_T2\GOPR5371\Coral37.JPG,37,0.2554,Harka Piloto D,T2,1
Harka Piloto\2024_AUG_HPFS_D\2024_AUG_HPFS_D_T2\GOPR5358.JPG,Harka Piloto\2024_AUG_HPFS_D\2024_AUG_HPFS_D_T2\GOPR5358\Coral20.JPG,20,0.3489,Harka Piloto D,T2,1
Harka Piloto\2024_HPFS_JUL_D\HP_D_T2\GOPR3647.JPG,Harka Piloto\2024_HPFS_JUL_D\HP_D_T2\GOPR3647\Coral16.JPG,16,0.349,Harka Piloto D,T2,1
Harka Piloto\2024_AUG_HPFS_D\2024_AUG_HPFS_D_T2\GOPR5395.JPG,Harka Piloto\2024_AUG_HPFS_D\2024_AUG_HPFS_D_T2\GOPR5395\Coral14.JPG,14,0.3624,Harka Piloto D,T2,1
Harka Piloto\2024_HPFS_JUL_D\HP_D_T2\GOPR3654.JPG,Harka Piloto\2024_HPFS_JUL_D\HP_D_T2\GOPR3654\Coral47.JPG,47,0.1531,Harka Piloto D,T2,1
Harka Piloto\2024_AUG_HPFS_D\2024_AUG_HPFS_D_T2\GOPR5374.JPG,Harka Piloto\2024_AUG_HPFS_D\2024_AUG_HPFS_D_T2\GOPR5374\Coral24.JPG,24,0.3718,Harka Piloto D,T2,1
Harka Piloto\2024_HPFS_JUL_D\HP_D_T2\GOPR3629.JPG,Harka Piloto\2024_HPFS_JUL_D\HP_D_T2\GOPR3629\Coral14.JPG,14,0.4866,Harka Piloto D,T2,1
Harka Piloto\2024_AUG_HPFS_D\2024_AUG_HPFS_D_T2\GOPR5393.JPG,Harka Piloto\2024_AUG_HPFS_D\2024_AUG_HPFS_D_T2\GOPR5393\Coral13.JPG,13,0.4737,Harka Piloto D,T2,1
Harka Piloto\2024_AUG_HPFS_D\2024_AUG_HPFS_D_T2\GOPR5354.JPG,Harka Piloto\2024_AUG_HPFS_D\2024_AUG_HPFS_D_T2\GOPR5354\Coral41.JPG,41,0.2136,Harka Piloto D,T2,1
Harka Piloto\2024_HPFS_JUL_D\HP_D_T2\GOPR3656.JPG,Harka Piloto\2024_HPFS_JUL_D\HP_D_T2\GOPR3656\Coral12.JPG,12,0.3964,Harka Piloto D,T2,1
Harka Piloto\2024_HPFS_JUL_D\HP_D_T2\GOPR3622.JPG,Harka Piloto\2024_HPFS_JUL_D\HP_D_T2\GOPR3622\Coral35.JPG,35,0.1575,Harka Piloto D,T2,1
Harka Piloto\2024_HPFS_JUL_D\HP_D_T2\GOPR3617.JPG,Harka Piloto\2024_HPFS_JUL_D\HP_D_T2\GOPR3617\Coral33.JPG,33,0.2805,Harka Piloto D,T2,1
Harka Piloto\2024_HPFS_JUL_D\HP_D_T2\GOPR3635.JPG,Harka Piloto\2024_HPFS_JUL_D\HP_D_T2\GOPR3635\Coral89.JPG,89,0.1859,Harka Piloto D,T2,1
Harka Piloto\2024_HPFS_JUL_D\HP_D_T2\GOPR3632.JPG,Harka Piloto\2024_HPFS_JUL_D\HP_D_T2\GOPR3632\Coral2.JPG,2,0.516,Harka Piloto D,T2,1
Harka Piloto\2024_AUG_HPFS_D\2024_AUG_HPFS_D_T2\GOPR5383.JPG,Harka Piloto\2024_AUG_HPFS_D\2024_AUG_HPFS_D_T2\GOPR5383\Coral16.JPG,16,0.3583,Harka Piloto D,T2,1
Harka Piloto\2024_HPFS_JUL_D\HP_D_T2\GOPR3631.JPG,Harka Piloto\2024_HPFS_JUL_D\HP_D_T2\GOPR3631\Coral21.JPG,21,0.3822,Harka Piloto D,T2,1
Harka Piloto\2024_HPFS_JUL_D\HP_D_T2\GOPR3655.JPG,Harka Piloto\2024_HPFS_JUL_D\HP_D_T2\GOPR3655\Coral2.JPG,2,0.7544,Harka Piloto D,T2,1
Harka Piloto\2024_HPFS_JUL_D\HP_D_T2\GOPR3619.JPG,Harka Piloto\2024_HPFS_JUL_D\HP_D_T2\GOPR3619\Coral48.JPG,48,0.2187,Harka Piloto D,T2,1
Harka Piloto\2024_HPFS_JUL_D\HP_D_T2\GOPR3628.JPG,Harka Piloto\2024_HPFS_JUL_D\HP_D_T2\GOPR3628\Coral6.JPG,6,0.6308,Harka Piloto D,T2,1
Harka Piloto\2024_AUG_HPFS_D\2024_AUG_HPFS_D_T2\GOPR5357.JPG,Harka Piloto\2024_AUG_HPFS_D\2024_AUG_HPFS_D_T2\GOPR5357\Coral12.JPG,12,0.5721,Harka Piloto D,T2,1
Harka Piloto\2024_HPFS_JUL_D\HP_D_T2\GOPR3659.JPG,Harka Piloto\2024_HPFS_JUL_D\HP_D_T2\GOPR3659\Coral6.JPG,6,0.6368,Harka Piloto D,T2,1
Harka Piloto\2024_HPFS_JUL_D\HP_D_T2\GOPR3638.JPG,Harka Piloto\2024_HPFS_JUL_D\HP_D_T2\GOPR3638\Coral6.JPG,6,0.5815,Harka Piloto D,T2,1
Harka Piloto\2024_AUG_HPFS_D\2024_AUG_HPFS_D_T2\GOPR5398.JPG,Harka Piloto\2024_AUG_HPFS_D\2024_AUG_HPFS_D_T2\GOPR5398\Coral16.JPG,16,0.3164,Harka Piloto D,T2,1
Harka Piloto\2024_AUG_HPFS_D\2024_AUG_HPFS_D_T2\GOPR5400.JPG,Harka Piloto\2024_AUG_HPFS_D\2024_AUG_HPFS_D_T2\GOPR5400\Coral11.JPG,11,0.5117,Harka Piloto D,T2,1
Harka Piloto\2024_AUG_HPFS_D\2024_AUG_HPFS_D_T2\GOPR5385.JPG,Harka Piloto\2024_AUG_HPFS_D\2024_AUG_HPFS_D_T2\GOPR5385\Coral3.JPG,3,0.4718,Harka Piloto D,T2,1
Harka Piloto\2024_HPFS_JUL_D\HP_D_T2\GOPR3660.JPG,Harka Piloto\2024_HPFS_JUL_D\HP_D_T2\GOPR3660\Coral14.JPG,14,0.5017,Harka Piloto D,T2,1
Harka Piloto\2024_AUG_HPFS_D\2024_AUG_HPFS_D_T2\GOPR5361.JPG,Harka Piloto\2024_AUG_HPFS_D\2024_AUG_HPFS_D_T2\GOPR5361\Coral23.JPG,23,0.4445,Harka Piloto D,T2,1
Harka Piloto\2024_HPFS_JUL_D\HP_D_T2\GOPR3652.JPG,Harka Piloto\2024_HPFS_JUL_D\HP_D_T2\GOPR3652\Coral10.JPG,10,0.3184,Harka Piloto D,T2,1
Harka Piloto\2024_HPFS_JUL_D\HP_D_T2\GOPR3648.JPG,Harka Piloto\2024_HPFS_JUL_D\HP_D_T2\GOPR3648\Coral47.JPG,47,0.1856,Harka Piloto D,T2,1
Harka Piloto\2024_AUG_HPFS_D\2024_AUG_HPFS_D_T2\GOPR5388.JPG,Harka Piloto\2024_AUG_HPFS_D\2024_AUG_HPFS_D_T2\GOPR5388\Coral19.JPG,19,0.2441,Harka Piloto D,T2,1
Harka Piloto\2024_HPFS_JUL_D\HP_D_T2\GOPR3656.JPG,Harka Piloto\2024_HPFS_JUL_D\HP_D_T2\GOPR3656\Coral24.JPG,24,0.2129,Harka Piloto D,T2,1
Harka Piloto\2024_HPFS_JUL_D\HP_D_T2\GOPR3632.JPG,Harka Piloto\2024_HPFS_JUL_D\HP_D_T2\GOPR3632\Coral9.JPG,9,0.3526,Harka Piloto D,T2,1
Harka Piloto\2024_AUG_HPFS_D\2024_AUG_HPFS_D_T2\GOPR5383.JPG,Harka Piloto\2024_AUG_HPFS_D\2024_AUG_HPFS_D_T2\GOPR5383\Coral9.JPG,9,0.582,Harka Piloto D,T2,1
Harka Piloto\2024_HPFS_JUL_D\HP_D_T2\GOPR3637.JPG,Harka Piloto\2024_HPFS_JUL_D\HP_D_T2\GOPR3637\Coral28.JPG,28,0.2627,Harka Piloto D,T2,1
Harka Piloto\2024_AUG_HPFS_D\2024_AUG_HPFS_D_T2\GOPR5372.JPG,Harka Piloto\2024_AUG_HPFS_D\2024_AUG_HPFS_D_T2\GOPR5372\Coral7.JPG,7,0.6926,Harka Piloto D,T2,1
Harka Piloto\2024_HPFS_JUL_D\HP_D_T2\GOPR3624.JPG,Harka Piloto\2024_HPFS_JUL_D\HP_D_T2\GOPR3624\Coral13.JPG,13,0.483,Harka Piloto D,T2,1
Harka Piloto\2024_AUG_HPFS_D\2024_AUG_HPFS_D_T2\GOPR5399.JPG,Harka Piloto\2024_AUG_HPFS_D\2024_AUG_HPFS_D_T2\GOPR5399\Coral31.JPG,31,0.1659,Harka Piloto D,T2,1
Harka Piloto\2024_HPFS_JUL_D\HP_D_T2\GOPR3662.JPG,Harka Piloto\2024_HPFS_JUL_D\HP_D_T2\GOPR3662\Coral48.JPG,48,0.2024,Harka Piloto D,T2,1
Harka Piloto\2024_HPFS_JUL_D\HP_D_T2\GOPR3664.JPG,Harka Piloto\2024_HPFS_JUL_D\HP_D_T2\GOPR3664\Coral8.JPG,8,0.5237,Harka Piloto D,T2,1
Harka Piloto\2024_AUG_HPFS_D\2024_AUG_HPFS_D_T2\GOPR5360.JPG,Harka Piloto\2024_AUG_HPFS_D\2024_AUG_HPFS_D_T2\GOPR5360\Coral12.JPG,12,0.5532,Harka Piloto D,T2,1
Harka Piloto\2024_AUG_HPFS_D\2024_AUG_HPFS_D_T2\GOPR5360.JPG,Harka Piloto\2024_AUG_HPFS_D\2024_AUG_HPFS_D_T2\GOPR5360\Coral16.JPG,16,0.4845,Harka Piloto D,T2,1
Harka Piloto\2024_AUG_HPFS_D\2024_AUG_HPFS_D_T2\GOPR5360.JPG,Harka Piloto\2024_AUG_HPFS_D\2024_AUG_HPFS_D_T2\GOPR5360\Coral30.JPG,30,0.2687,Harka Piloto D,T2,1
Harka Piloto\2024_AUG_HPFS_D\2024_AUG_HPFS_D_T2\GOPR5360.JPG,Harka Piloto\2024_AUG_HPFS_D\2024_AUG_HPFS_D_T2\GOPR5360\Coral21.JPG,21,0.4116,Harka Piloto D,T2,1
Harka Piloto\2024_AUG_HPFS_D\2024_AUG_HPFS_D_T2\GOPR5360.JPG,Harka Piloto\2024_AUG_HPFS_D\2024_AUG_HPFS_D_T2\GOPR5360\Coral15.JPG,15,0.4897,Harka Piloto D,T2,1
Harka Piloto\2024_AUG_HPFS_D\2024_AUG_HPFS_D_T2\GOPR5360.JPG,Harka Piloto\2024_AUG_HPFS_D\2024_AUG_HPFS_D_T2\GOPR5360\Coral29.JPG,29,0.2928,Harka Piloto D,T2,1
Harka Piloto\2024_AUG_HPFS_D\2024_AUG_HPFS_D_T2\GOPR5360.JPG,Harka Piloto\2024_AUG_HPFS_D\2024_AUG_HPFS_D_T2\GOPR5360\Coral23.JPG,23,0.4036,Harka Piloto D,T2,1
Harka Piloto\2024_HPFS_JUL_D\HP_D_T2\GOPR3621.JPG,Harka Piloto\2024_HPFS_JUL_D\HP_D_T2\GOPR3621\Coral23.JPG,23,0.2847,Harka Piloto D,T2,1
Harka Piloto\2024_HPFS_JUL_D\HP_D_T2\GOPR3621.JPG,Harka Piloto\2024_HPFS_JUL_D\HP_D_T2\GOPR3621\Coral1.JPG,1,0.7474,Harka Piloto D,T2,1
Harka Piloto\2024_HPFS_JUL_D\HP_D_T2\GOPR3621.JPG,Harka Piloto\2024_HPFS_JUL_D\HP_D_T2\GOPR3621\Coral36.JPG,36,0.1773,Harka Piloto D,T2,1
Harka Piloto\2024_HPFS_JUL_D\HP_D_T2\GOPR3621.JPG,Harka Piloto\2024_HPFS_JUL_D\HP_D_T2\GOPR3621\Coral39.JPG,39,0.1741,Harka Piloto D,T2,1
Harka Piloto\2024_HPFS_JUL_D\HP_D_T2\GOPR3621.JPG,Harka Piloto\2024_HPFS_JUL_D\HP_D_T2\GOPR3621\Coral38.JPG,38,0.1759,Harka Piloto D,T2,1
Harka Piloto\2024_HPFS_JUL_D\HP_D_T2\GOPR3621.JPG,Harka Piloto\2024_HPFS_JUL_D\HP_D_T2\GOPR3621\Coral26.JPG,26,0.2536,Harka Piloto D,T2,1
Harka Piloto\2024_HPFS_JUL_D\HP_D_T2\GOPR3621.JPG,Harka Piloto\2024_HPFS_JUL_D\HP_D_T2\GOPR3621\Coral6.JPG,6,0.5011,Harka Piloto D,T2,1
Harka Piloto\2024_AUG_HPFS_D\2024_AUG_HPFS_D_T2\GOPR5376.JPG,Harka Piloto\2024_AUG_HPFS_D\2024_AUG_HPFS_D_T2\GOPR5376\Coral1.JPG,1,0.7045,Harka Piloto D,T2,1
Harka Piloto\2024_AUG_HPFS_D\2024_AUG_HPFS_D_T2\GOPR5376.JPG,Harka Piloto\2024_AUG_HPFS_D\2024_AUG_HPFS_D_T2\GOPR5376\Coral6.JPG,6,0.4428,Harka Piloto D,T2,1
Harka Piloto\2024_AUG_HPFS_D\2024_AUG_HPFS_D_T2\GOPR5376.JPG,Harka Piloto\2024_AUG_HPFS_D\2024_AUG_HPFS_D_T2\GOPR5376\Coral32.JPG,32,0.1533,Harka Piloto D,T2,1
Harka Piloto\2024_AUG_HPFS_D\2024_AUG_HPFS_D_T2\GOPR5376.JPG,Harka Piloto\2024_AUG_HPFS_D\2024_AUG_HPFS_D_T2\GOPR5376\Coral30.JPG,30,0.1696,Harka Piloto D,T2,1
Harka Piloto\2024_AUG_HPFS_D\2024_AUG_HPFS_D_T2\GOPR5376.JPG,Harka Piloto\2024_AUG_HPFS_D\2024_AUG_HPFS_D_T2\GOPR5376\Coral5.JPG,5,0.4574,Harka Piloto D,T2,1
Harka Piloto\2024_AUG_HPFS_D\2024_AUG_HPFS_D_T2\GOPR5376.JPG,Harka Piloto\2024_AUG_HPFS_D\2024_AUG_HPFS_D_T2\GOPR5376\Coral15.JPG,15,0.3329,Harka Piloto D,T2,1
Harka Piloto\2024_AUG_HPFS_D\2024_AUG_HPFS_D_T2\GOPR5376.JPG,Harka Piloto\2024_AUG_HPFS_D\2024_AUG_HPFS_D_T2\GOPR5376\Coral17.JPG,17,0.3036,Harka Piloto D,T2,1
Harka Piloto\2024_AUG_HPFS_D\2024_AUG_HPFS_D_T2\GOPR5376.JPG,Harka Piloto\2024_AUG_HPFS_D\2024_AUG_HPFS_D_T2\GOPR5376\Coral21.JPG,21,0.2579,Harka Piloto D,T2,1
Harka Piloto\2024_AUG_HPFS_D\2024_AUG_HPFS_D_T2\GOPR5373.JPG,Harka Piloto\2024_AUG_HPFS_D\2024_AUG_HPFS_D_T2\GOPR5373\Coral29.JPG,29,0.2057,Harka Piloto D,T2,1
Harka Piloto\2024_AUG_HPFS_D\2024_AUG_HPFS_D_T2\GOPR5373.JPG,Harka Piloto\2024_AUG_HPFS_D\2024_AUG_HPFS_D_T2\GOPR5373\Coral9.JPG,9,0.4867,Harka Piloto D,T2,1
Harka Piloto\2024_AUG_HPFS_D\2024_AUG_HPFS_D_T2\GOPR5373.JPG,Harka Piloto\2024_AUG_HPFS_D\2024_AUG_HPFS_D_T2\GOPR5373\Coral18.JPG,18,0.3416,Harka Piloto D,T2,1
Harka Piloto\2024_AUG_HPFS_D\2024_AUG_HPFS_D_T2\GOPR5373.JPG,Harka Piloto\2024_AUG_HPFS_D\2024_AUG_HPFS_D_T2\GOPR5373\Coral19.JPG,19,0.3354,Harka Piloto D,T2,1
Harka Piloto\2024_AUG_HPFS_D\2024_AUG_HPFS_D_T2\GOPR5373.JPG,Harka Piloto\2024_AUG_HPFS_D\2024_AUG_HPFS_D_T2\GOPR5373\Coral27.JPG,27,0.2468,Harka Piloto D,T2,1
Harka Piloto\2024_AUG_HPFS_D\2024_AUG_HPFS_D_T2\GOPR5365.JPG,Harka Piloto\2024_AUG_HPFS_D\2024_AUG_HPFS_D_T2\GOPR5365\Coral23.JPG,23,0.2268,Harka Piloto D,T2,1
Harka Piloto\2024_AUG_HPFS_D\2024_AUG_HPFS_D_T2\GOPR5365.JPG,Harka Piloto\2024_AUG_HPFS_D\2024_AUG_HPFS_D_T2\GOPR5365\Coral22.JPG,22,0.2424,Harka Piloto D,T2,1
Harka Piloto\2024_AUG_HPFS_D\2024_AUG_HPFS_D_T2\GOPR5365.JPG,Harka Piloto\2024_AUG_HPFS_D\2024_AUG_HPFS_D_T2\GOPR5365\Coral8.JPG,8,0.5627,Harka Piloto D,T2,1
Harka Piloto\2024_AUG_HPFS_D\2024_AUG_HPFS_D_T2\GOPR5389.JPG,Harka Piloto\2024_AUG_HPFS_D\2024_AUG_HPFS_D_T2\GOPR5389\Coral17.JPG,17,0.2258,Harka Piloto D,T2,1
Harka Piloto\2024_AUG_HPFS_D\2024_AUG_HPFS_D_T2\GOPR5389.JPG,Harka Piloto\2024_AUG_HPFS_D\2024_AUG_HPFS_D_T2\GOPR5389\Coral10.JPG,10,0.3678,Harka Piloto D,T2,1
Harka Piloto\2024_AUG_HPFS_D\2024_AUG_HPFS_D_T2\GOPR5389.JPG,Harka Piloto\2024_AUG_HPFS_D\2024_AUG_HPFS_D_T2\GOPR5389\Coral7.JPG,7,0.5237,Harka Piloto D,T2,1
Harka Piloto\2024_AUG_HPFS_D\2024_AUG_HPFS_D_T2\GOPR5375.JPG,Harka Piloto\2024_AUG_HPFS_D\2024_AUG_HPFS_D_T2\GOPR5375\Coral6.JPG,6,0.6008,Harka Piloto D,T2,1
Harka Piloto\2024_AUG_HPFS_D\2024_AUG_HPFS_D_T2\GOPR5375.JPG,Harka Piloto\2024_AUG_HPFS_D\2024_AUG_HPFS_D_T2\GOPR5375\Coral9.JPG,9,0.4468,Harka Piloto D,T2,1
Harka Piloto\2024_AUG_HPFS_D\2024_AUG_HPFS_D_T2\GOPR5375.JPG,Harka Piloto\2024_AUG_HPFS_D\2024_AUG_HPFS_D_T2\GOPR5375\Coral26.JPG,26,0.1963,Harka Piloto D,T2,1
Harka Piloto\2024_AUG_HPFS_D\2024_AUG_HPFS_D_T2\GOPR5375.JPG,Harka Piloto\2024_AUG_HPFS_D\2024_AUG_HPFS_D_T2\GOPR5375\Coral21.JPG,21,0.2172,Harka Piloto D,T2,1
Harka Piloto\2024_AUG_HPFS_D\2024_AUG_HPFS_D_T2\GOPR5375.JPG,Harka Piloto\2024_AUG_HPFS_D\2024_AUG_HPFS_D_T2\GOPR5375\Coral19.JPG,19,0.2399,Harka Piloto D,T2,1
Harka Piloto\2024_AUG_HPFS_D\2024_AUG_HPFS_D_T2\GOPR5375.JPG,Harka Piloto\2024_AUG_HPFS_D\2024_AUG_HPFS_D_T2\GOPR5375\Coral7.JPG,7,0.5398,Harka Piloto D,T2,1
Harka Piloto\2024_AUG_HPFS_D\2024_AUG_HPFS_D_T2\GOPR5375.JPG,Harka Piloto\2024_AUG_HPFS_D\2024_AUG_HPFS_D_T2\GOPR5375\Coral5.JPG,5,0.6243,Harka Piloto D,T2,1
Harka Piloto\2024_AUG_HPFS_D\2024_AUG_HPFS_D_T2\GOPR5375.JPG,Harka Piloto\2024_AUG_HPFS_D\2024_AUG_HPFS_D_T2\GOPR5375\Coral28.JPG,28,0.17,Harka Piloto D,T2,1
Harka Piloto\2024_AUG_HPFS_D\2024_AUG_HPFS_D_T2\GOPR5357.JPG,Harka Piloto\2024_AUG_HPFS_D\2024_AUG_HPFS_D_T2\GOPR5357\Coral78.JPG,78,0.1672,Harka Piloto D,T2,1
Harka Piloto\2024_AUG_HPFS_D\2024_AUG_HPFS_D_T2\GOPR5357.JPG,Harka Piloto\2024_AUG_HPFS_D\2024_AUG_HPFS_D_T2\GOPR5357\Coral45.JPG,45,0.2899,Harka Piloto D,T2,1
Harka Piloto\2024_AUG_HPFS_D\2024_AUG_HPFS_D_T2\GOPR5357.JPG,Harka Piloto\2024_AUG_HPFS_D\2024_AUG_HPFS_D_T2\GOPR5357\Coral38.JPG,38,0.3357,Harka Piloto D,T2,1
Harka Piloto\2024_AUG_HPFS_D\2024_AUG_HPFS_D_T2\GOPR5357.JPG,Harka Piloto\2024_AUG_HPFS_D\2024_AUG_HPFS_D_T2\GOPR5357\Coral83.JPG,83,0.1514,Harka Piloto D,T2,1
Harka Piloto\2024_AUG_HPFS_D\2024_AUG_HPFS_D_T2\GOPR5357.JPG,Harka Piloto\2024_AUG_HPFS_D\2024_AUG_HPFS_D_T2\GOPR5357\Coral81.JPG,81,0.1609,Harka Piloto D,T2,1
Harka Piloto\2024_AUG_HPFS_D\2024_AUG_HPFS_D_T2\GOPR5357.JPG,Harka Piloto\2024_AUG_HPFS_D\2024_AUG_HPFS_D_T2\GOPR5357\Coral19.JPG,19,0.5342,Harka Piloto D,T2,1
Harka Piloto\2024_HPFS_JUL_D\HP_D_T3\GOPR3674.JPG,Harka Piloto\2024_HPFS_JUL_D\HP_D_T3\GOPR3674\Coral13.JPG,13,0.2526,Harka Piloto D,T3,1
Harka Piloto\2024_AUG_HPFS_D\2024_AUG_HPFS_D_T3\GOPR5448.JPG,Harka Piloto\2024_AUG_HPFS_D\2024_AUG_HPFS_D_T3\GOPR5448\Coral6.JPG,6,0.4132,Harka Piloto D,T3,1
Harka Piloto\2024_AUG_HPFS_D\2024_AUG_HPFS_D_T3\GOPR5429.JPG,Harka Piloto\2024_AUG_HPFS_D\2024_AUG_HPFS_D_T3\GOPR5429\Coral4.JPG,4,0.7071,Harka Piloto D,T3,1
Harka Piloto\2024_HPFS_JUL_D\HP_D_T3\GOPR3698.JPG,Harka Piloto\2024_HPFS_JUL_D\HP_D_T3\GOPR3698\Coral22.JPG,22,0.2991,Harka Piloto D,T3,1
Harka Piloto\2024_AUG_HPFS_D\2024_AUG_HPFS_D_T3\GOPR5459.JPG,Harka Piloto\2024_AUG_HPFS_D\2024_AUG_HPFS_D_T3\GOPR5459\Coral4.JPG,4,0.6885,Harka Piloto D,T3,1
Harka Piloto\2024_HPFS_JUL_D\HP_D_T3\GOPR3708.JPG,Harka Piloto\2024_HPFS_JUL_D\HP_D_T3\GOPR3708\Coral23.JPG,23,0.1979,Harka Piloto D,T3,1
Harka Piloto\2024_HPFS_JUL_D\HP_D_T3\GOPR3680.JPG,Harka Piloto\2024_HPFS_JUL_D\HP_D_T3\GOPR3680\Coral6.JPG,6,0.4906,Harka Piloto D,T3,1
Harka Piloto\2024_HPFS_JUL_D\HP_D_T3\GOPR3690.JPG,Harka Piloto\2024_HPFS_JUL_D\HP_D_T3\GOPR3690\Coral25.JPG,25,0.4248,Harka Piloto D,T3,1
Harka Piloto\2024_HPFS_JUL_D\HP_D_T3\GOPR3703.JPG,Harka Piloto\2024_HPFS_JUL_D\HP_D_T3\GOPR3703\Coral19.JPG,19,0.3614,Harka Piloto D,T3,1
Harka Piloto\2024_AUG_HPFS_D\2024_AUG_HPFS_D_T3\GOPR5454.JPG,Harka Piloto\2024_AUG_HPFS_D\2024_AUG_HPFS_D_T3\GOPR5454\Coral2.JPG,2,0.7444,Harka Piloto D,T3,1
Harka Piloto\2024_AUG_HPFS_D\2024_AUG_HPFS_D_T3\GOPR5433.JPG,Harka Piloto\2024_AUG_HPFS_D\2024_AUG_HPFS_D_T3\GOPR5433\Coral8.JPG,8,0.2396,Harka Piloto D,T3,1
Harka Piloto\2024_HPFS_JUL_D\HP_D_T3\GOPR3676.JPG,Harka Piloto\2024_HPFS_JUL_D\HP_D_T3\GOPR3676\Coral20.JPG,20,0.2622,Harka Piloto D,T3,1
Harka Piloto\2024_HPFS_JUL_D\HP_D_T3\GOPR3687.JPG,Harka Piloto\2024_HPFS_JUL_D\HP_D_T3\GOPR3687\Coral21.JPG,21,0.2606,Harka Piloto D,T3,1
Harka Piloto\2024_HPFS_JUL_D\HP_D_T3\GOPR3712.JPG,Harka Piloto\2024_HPFS_JUL_D\HP_D_T3\GOPR3712\Coral9.JPG,9,0.3475,Harka Piloto D,T3,1
Harka Piloto\2024_AUG_HPFS_D\2024_AUG_HPFS_D_T3\GOPR5460.JPG,Harka Piloto\2024_AUG_HPFS_D\2024_AUG_HPFS_D_T3\GOPR5460\Coral41.JPG,41,0.3168,Harka Piloto D,T3,1
Harka Piloto\2024_AUG_HPFS_D\2024_AUG_HPFS_D_T3\GOPR5443.JPG,Harka Piloto\2024_AUG_HPFS_D\2024_AUG_HPFS_D_T3\GOPR5443\Coral12.JPG,12,0.3692,Harka Piloto D,T3,1
Harka Piloto\2024_HPFS_JUL_D\HP_D_T3\GOPR3714.JPG,Harka Piloto\2024_HPFS_JUL_D\HP_D_T3\GOPR3714\Coral32.JPG,32,0.2231,Harka Piloto D,T3,1
Harka Piloto\2024_HPFS_JUL_D\HP_D_T3\GOPR3685.JPG,Harka Piloto\2024_HPFS_JUL_D\HP_D_T3\GOPR3685\Coral11.JPG,11,0.2369,Harka Piloto D,T3,1
Harka Piloto\2024_AUG_HPFS_D\2024_AUG_HPFS_D_T3\GOPR5408.JPG,Harka Piloto\2024_AUG_HPFS_D\2024_AUG_HPFS_D_T3\GOPR5408\Coral6.JPG,6,0.5835,Harka Piloto D,T3,1
Harka Piloto\2024_AUG_HPFS_D\2024_AUG_HPFS_D_T3\GOPR5430.JPG,Harka Piloto\2024_AUG_HPFS_D\2024_AUG_HPFS_D_T3\GOPR5430\Coral29.JPG,29,0.1581,Harka Piloto D,T3,1
Harka Piloto\2024_AUG_HPFS_D\2024_AUG_HPFS_D_T3\GOPR5432.JPG,Harka Piloto\2024_AUG_HPFS_D\2024_AUG_HPFS_D_T3\GOPR5432\Coral15.JPG,15,0.22,Harka Piloto D,T3,1
Harka Piloto\2024_HPFS_JUL_D\HP_D_T3\GOPR3682.JPG,Harka Piloto\2024_HPFS_JUL_D\HP_D_T3\GOPR3682\Coral20.JPG,20,0.3486,Harka Piloto D,T3,1
Harka Piloto\2024_AUG_HPFS_D\2024_AUG_HPFS_D_T3\GOPR5445.JPG,Harka Piloto\2024_AUG_HPFS_D\2024_AUG_HPFS_D_T3\GOPR5445\Coral14.JPG,14,0.4426,Harka Piloto D,T3,1
Harka Piloto\2024_AUG_HPFS_D\2024_AUG_HPFS_D_T3\GOPR5439.JPG,Harka Piloto\2024_AUG_HPFS_D\2024_AUG_HPFS_D_T3\GOPR5439\Coral3.JPG,3,0.3991,Harka Piloto D,T3,1
Harka Piloto\2024_AUG_HPFS_D\2024_AUG_HPFS_D_T3\GOPR5412.JPG,Harka Piloto\2024_AUG_HPFS_D\2024_AUG_HPFS_D_T3\GOPR5412\Coral49.JPG,49,0.2445,Harka Piloto D,T3,1
Harka Piloto\2024_HPFS_JUL_D\HP_D_T3\GOPR3704.JPG,Harka Piloto\2024_HPFS_JUL_D\HP_D_T3\GOPR3704\Coral4.JPG,4,0.7415,Harka Piloto D,T3,1
Harka Piloto\2024_AUG_HPFS_D\2024_AUG_HPFS_D_T3\GOPR5440.JPG,Harka Piloto\2024_AUG_HPFS_D\2024_AUG_HPFS_D_T3\GOPR5440\Coral14.JPG,14,0.3694,Harka Piloto D,T3,1
Harka Piloto\2024_AUG_HPFS_D\2024_AUG_HPFS_D_T3\GOPR5419.JPG,Harka Piloto\2024_AUG_HPFS_D\2024_AUG_HPFS_D_T3\GOPR5419\Coral4.JPG,4,0.543,Harka Piloto D,T3,1
Harka Piloto\2024_HPFS_JUL_D\HP_D_T3\GOPR3677.JPG,Harka Piloto\2024_HPFS_JUL_D\HP_D_T3\GOPR3677\Coral19.JPG,19,0.3459,Harka Piloto D,T3,1
Harka Piloto\2024_HPFS_JUL_D\HP_D_T3\GOPR3717.JPG,Harka Piloto\2024_HPFS_JUL_D\HP_D_T3\GOPR3717\Coral53.JPG,53,0.3319,Harka Piloto D,T3,1
Harka Piloto\2024_AUG_HPFS_D\2024_AUG_HPFS_D_T3\GOPR5411.JPG,Harka Piloto\2024_AUG_HPFS_D\2024_AUG_HPFS_D_T3\GOPR5411\Coral19.JPG,19,0.159,Harka Piloto D,T3,1
Harka Piloto\2024_AUG_HPFS_D\2024_AUG_HPFS_D_T3\GOPR5434.JPG,Harka Piloto\2024_AUG_HPFS_D\2024_AUG_HPFS_D_T3\GOPR5434\Coral10.JPG,10,0.3136,Harka Piloto D,T3,1
Harka Piloto\2024_AUG_HPFS_D\2024_AUG_HPFS_D_T3\GOPR5442.JPG,Harka Piloto\2024_AUG_HPFS_D\2024_AUG_HPFS_D_T3\GOPR5442\Coral35.JPG,35,0.1587,Harka Piloto D,T3,1
Harka Piloto\2024_HPFS_JUL_D\HP_D_T3\GOPR3686.JPG,Harka Piloto\2024_HPFS_JUL_D\HP_D_T3\GOPR3686\Coral59.JPG,59,0.1681,Harka Piloto D,T3,1
Harka Piloto\2024_AUG_HPFS_D\2024_AUG_HPFS_D_T3\GOPR5454.JPG,Harka Piloto\2024_AUG_HPFS_D\2024_AUG_HPFS_D_T3\GOPR5454\Coral1.JPG,1,0.7573,Harka Piloto D,T3,1
Harka Piloto\2024_HPFS_JUL_D\HP_D_T3\GOPR3679.JPG,Harka Piloto\2024_HPFS_JUL_D\HP_D_T3\GOPR3679\Coral27.JPG,27,0.1889,Harka Piloto D,T3,1
Harka Piloto\2024_AUG_HPFS_D\2024_AUG_HPFS_D_T3\GOPR5413.JPG,Harka Piloto\2024_AUG_HPFS_D\2024_AUG_HPFS_D_T3\GOPR5413\Coral34.JPG,34,0.1845,Harka Piloto D,T3,1
Harka Piloto\2024_HPFS_JUL_D\HP_D_T3\GOPR3684.JPG,Harka Piloto\2024_HPFS_JUL_D\HP_D_T3\GOPR3684\Coral11.JPG,11,0.31,Harka Piloto D,T3,1
Harka Piloto\2024_AUG_HPFS_D\2024_AUG_HPFS_D_T3\GOPR5422.JPG,Harka Piloto\2024_AUG_HPFS_D\2024_AUG_HPFS_D_T3\GOPR5422\Coral25.JPG,25,0.1999,Harka Piloto D,T3,1
Harka Piloto\2024_AUG_HPFS_D\2024_AUG_HPFS_D_T3\GOPR5456.JPG,Harka Piloto\2024_AUG_HPFS_D\2024_AUG_HPFS_D_T3\GOPR5456\Coral12.JPG,12,0.4347,Harka Piloto D,T3,1
Harka Piloto\2024_HPFS_JUL_D\HP_D_T3\GOPR3672.JPG,Harka Piloto\2024_HPFS_JUL_D\HP_D_T3\GOPR3672\Coral21.JPG,21,0.3462,Harka Piloto D,T3,1
Harka Piloto\2024_HPFS_JUL_D\HP_D_T3\GOPR3710.JPG,Harka Piloto\2024_HPFS_JUL_D\HP_D_T3\GOPR3710\Coral5.JPG,5,0.4222,Harka Piloto D,T3,1
Harka Piloto\2024_HPFS_JUL_D\HP_D_T3\GOPR3696.JPG,Harka Piloto\2024_HPFS_JUL_D\HP_D_T3\GOPR3696\Coral38.JPG,38,0.1635,Harka Piloto D,T3,1
Harka Piloto\2024_AUG_HPFS_D\2024_AUG_HPFS_D_T3\GOPR5441.JPG,Harka Piloto\2024_AUG_HPFS_D\2024_AUG_HPFS_D_T3\GOPR5441\Coral26.JPG,26,0.3338,Harka Piloto D,T3,1
Harka Piloto\2024_HPFS_JUL_D\HP_D_T3\GOPR3678.JPG,Harka Piloto\2024_HPFS_JUL_D\HP_D_T3\GOPR3678\Coral27.JPG,27,0.1637,Harka Piloto D,T3,1
Harka Piloto\2024_AUG_HPFS_D\2024_AUG_HPFS_D_T3\GOPR5418.JPG,Harka Piloto\2024_AUG_HPFS_D\2024_AUG_HPFS_D_T3\GOPR5418\Coral32.JPG,32,0.2348,Harka Piloto D,T3,1
Harka Piloto\2024_HPFS_JUL_D\HP_D_T3\GOPR3697.JPG,Harka Piloto\2024_HPFS_JUL_D\HP_D_T3\GOPR3697\Coral5.JPG,5,0.6263,Harka Piloto D,T3,1
Harka Piloto\2024_AUG_HPFS_D\2024_AUG_HPFS_D_T3\GOPR5445.JPG,Harka Piloto\2024_AUG_HPFS_D\2024_AUG_HPFS_D_T3\GOPR5445\Coral12.JPG,12,0.4523,Harka Piloto D,T3,1
Harka Piloto\2024_HPFS_JUL_D\HP_D_T3\GOPR3673.JPG,Harka Piloto\2024_HPFS_JUL_D\HP_D_T3\GOPR3673\Coral19.JPG,19,0.2321,Harka Piloto D,T3,1
Harka Piloto\2024_AUG_HPFS_D\2024_AUG_HPFS_D_T3\GOPR5431.JPG,Harka Piloto\2024_AUG_HPFS_D\2024_AUG_HPFS_D_T3\GOPR5431\Coral9.JPG,9,0.3603,Harka Piloto D,T3,1
Harka Piloto\2024_HPFS_JUL_D\HP_D_T3\GOPR3674.JPG,Harka Piloto\2024_HPFS_JUL_D\HP_D_T3\GOPR3674\Coral23.JPG,23,0.1666,Harka Piloto D,T3,1
Harka Piloto\2024_HPFS_JUL_D\HP_D_T3\GOPR3704.JPG,Harka Piloto\2024_HPFS_JUL_D\HP_D_T3\GOPR3704\Coral22.JPG,22,0.367,Harka Piloto D,T3,1
Harka Piloto\2024_AUG_HPFS_D\2024_AUG_HPFS_D_T3\GOPR5444.JPG,Harka Piloto\2024_AUG_HPFS_D\2024_AUG_HPFS_D_T3\GOPR5444\Coral13.JPG,13,0.2604,Harka Piloto D,T3,1
Harka Piloto\2024_HPFS_JUL_D\HP_D_T3\GOPR3677.JPG,Harka Piloto\2024_HPFS_JUL_D\HP_D_T3\GOPR3677\Coral22.JPG,22,0.302,Harka Piloto D,T3,1
Harka Piloto\2024_AUG_HPFS_D\2024_AUG_HPFS_D_T3\GOPR5428.JPG,Harka Piloto\2024_AUG_HPFS_D\2024_AUG_HPFS_D_T3\GOPR5428\Coral44.JPG,44,0.1569,Harka Piloto D,T3,1
Harka Piloto\2024_HPFS_JUL_D\HP_D_T3\GOPR3686.JPG,Harka Piloto\2024_HPFS_JUL_D\HP_D_T3\GOPR3686\Coral2.JPG,2,0.7962,Harka Piloto D,T3,1
Harka Piloto\2024_HPFS_JUL_D\HP_D_T3\GOPR3691.JPG,Harka Piloto\2024_HPFS_JUL_D\HP_D_T3\GOPR3691\Coral39.JPG,39,0.2997,Harka Piloto D,T3,1
Harka Piloto\2024_HPFS_JUL_D\HP_D_T3\GOPR3706.JPG,Harka Piloto\2024_HPFS_JUL_D\HP_D_T3\GOPR3706\Coral29.JPG,29,0.169,Harka Piloto D,T3,1
Harka Piloto\2024_HPFS_JUL_D\HP_D_T3\GOPR3712.JPG,Harka Piloto\2024_HPFS_JUL_D\HP_D_T3\GOPR3712\Coral6.JPG,6,0.3857,Harka Piloto D,T3,1
Harka Piloto\2024_HPFS_JUL_D\HP_D_T3\GOPR3705.JPG,Harka Piloto\2024_HPFS_JUL_D\HP_D_T3\GOPR3705\Coral1.JPG,1,0.7899,Harka Piloto D,T3,1
Harka Piloto\2024_HPFS_JUL_D\HP_D_T3\GOPR3702.JPG,Harka Piloto\2024_HPFS_JUL_D\HP_D_T3\GOPR3702\Coral57.JPG,57,0.1878,Harka Piloto D,T3,1
Harka Piloto\2024_HPFS_JUL_D\HP_D_T3\GOPR3714.JPG,Harka Piloto\2024_HPFS_JUL_D\HP_D_T3\GOPR3714\Coral15.JPG,15,0.4503,Harka Piloto D,T3,1
Harka Piloto\2024_AUG_HPFS_D\2024_AUG_HPFS_D_T3\GOPR5457.JPG,Harka Piloto\2024_AUG_HPFS_D\2024_AUG_HPFS_D_T3\GOPR5457\Coral27.JPG,27,0.2201,Harka Piloto D,T3,1
Harka Piloto\2024_HPFS_JUL_D\HP_D_T3\GOPR3681.JPG,Harka Piloto\2024_HPFS_JUL_D\HP_D_T3\GOPR3681\Coral12.JPG,12,0.1736,Harka Piloto D,T3,1
Harka Piloto\2024_AUG_HPFS_D\2024_AUG_HPFS_D_T3\GOPR5438.JPG,Harka Piloto\2024_AUG_HPFS_D\2024_AUG_HPFS_D_T3\GOPR5438\Coral12.JPG,12,0.2417,Harka Piloto D,T3,1
Harka Piloto\2024_HPFS_JUL_D\HP_D_T3\GOPR3707.JPG,Harka Piloto\2024_HPFS_JUL_D\HP_D_T3\GOPR3707\Coral24.JPG,24,0.1863,Harka Piloto D,T3,1
Harka Piloto\2024_HPFS_JUL_D\HP_D_T3\GOPR3697.JPG,Harka Piloto\2024_HPFS_JUL_D\HP_D_T3\GOPR3697\Coral2.JPG,2,0.7195,Harka Piloto D,T3,1
Harka Piloto\2024_HPFS_JUL_D\HP_D_T3\GOPR3682.JPG,Harka Piloto\2024_HPFS_JUL_D\HP_D_T3\GOPR3682\Coral30.JPG,30,0.1919,Harka Piloto D,T3,1
Harka Piloto\2024_HPFS_JUL_D\HP_D_T3\GOPR3716.JPG,Harka Piloto\2024_HPFS_JUL_D\HP_D_T3\GOPR3716\Coral16.JPG,16,0.3163,Harka Piloto D,T3,1
Harka Piloto\2024_HPFS_JUL_D\HP_D_T3\GOPR3670.JPG,Harka Piloto\2024_HPFS_JUL_D\HP_D_T3\GOPR3670\Coral35.JPG,35,0.2981,Harka Piloto D,T3,1
Harka Piloto\2024_HPFS_JUL_D\HP_D_T3\GOPR3670.JPG,Harka Piloto\2024_HPFS_JUL_D\HP_D_T3\GOPR3670\Coral9.JPG,9,0.607,Harka Piloto D,T3,1
Harka Piloto\2024_HPFS_JUL_D\HP_D_T3\GOPR3670.JPG,Harka Piloto\2024_HPFS_JUL_D\HP_D_T3\GOPR3670\Coral39.JPG,39,0.2688,Harka Piloto D,T3,1
Harka Piloto\2024_HPFS_JUL_D\HP_D_T3\GOPR3670.JPG,Harka Piloto\2024_HPFS_JUL_D\HP_D_T3\GOPR3670\Coral3.JPG,3,0.7395,Harka Piloto D,T3,1
Harka Piloto\2024_HPFS_JUL_D\HP_D_T3\GOPR3670.JPG,Harka Piloto\2024_HPFS_JUL_D\HP_D_T3\GOPR3670\Coral51.JPG,51,0.2194,Harka Piloto D,T3,1
Harka Piloto\2024_HPFS_JUL_D\HP_D_T3\GOPR3670.JPG,Harka Piloto\2024_HPFS_JUL_D\HP_D_T3\GOPR3670\Coral42.JPG,42,0.2568,Harka Piloto D,T3,1
Harka Piloto\2024_HPFS_JUL_D\HP_D_T3\GOPR3670.JPG,Harka Piloto\2024_HPFS_JUL_D\HP_D_T3\GOPR3670\Coral31.JPG,31,0.3127,Harka Piloto D,T3,1
Harka Piloto\2024_HPFS_JUL_D\HP_D_T3\GOPR3670.JPG,Harka Piloto\2024_HPFS_JUL_D\HP_D_T3\GOPR3670\Coral50.JPG,50,0.2289,Harka Piloto D,T3,1
Harka Piloto\2024_HPFS_JUL_D\HP_D_T3\GOPR3670.JPG,Harka Piloto\2024_HPFS_JUL_D\HP_D_T3\GOPR3670\Coral61.JPG,61,0.1892,Harka Piloto D,T3,1
Harka Piloto\2024_HPFS_JUL_D\HP_D_T3\GOPR3673.JPG,Harka Piloto\2024_HPFS_JUL_D\HP_D_T3\GOPR3673\Coral29.JPG,29,0.1651,Harka Piloto D,T3,1
Harka Piloto\2024_HPFS_JUL_D\HP_D_T3\GOPR3673.JPG,Harka Piloto\2024_HPFS_JUL_D\HP_D_T3\GOPR3673\Coral22.JPG,22,0.2142,Harka Piloto D,T3,1
Harka Piloto\2024_HPFS_JUL_D\HP_D_T3\GOPR3673.JPG,Harka Piloto\2024_HPFS_JUL_D\HP_D_T3\GOPR3673\Coral3.JPG,3,0.5123,Harka Piloto D,T3,1
Harka Piloto\2024_HPFS_JUL_D\HP_D_T3\GOPR3673.JPG,Harka Piloto\2024_HPFS_JUL_D\HP_D_T3\GOPR3673\Coral11.JPG,11,0.3597,Harka Piloto D,T3,1
Harka Piloto\2024_HPFS_JUL_D\HP_D_T3\GOPR3673.JPG,Harka Piloto\2024_HPFS_JUL_D\HP_D_T3\GOPR3673\Coral10.JPG,10,0.3619,Harka Piloto D,T3,1
Harka Piloto\2024_HPFS_JUL_D\HP_D_T3\GOPR3673.JPG,Harka Piloto\2024_HPFS_JUL_D\HP_D_T3\GOPR3673\Coral14.JPG,14,0.2718,Harka Piloto D,T3,1
Harka Piloto\2024_HPFS_JUL_D\HP_D_T3\GOPR3673.JPG,Harka Piloto\2024_HPFS_JUL_D\HP_D_T3\GOPR3673\Coral4.JPG,4,0.4733,Harka Piloto D,T3,1
Harka Piloto\2024_HPFS_JUL_D\HP_D_T3\GOPR3673.JPG,Harka Piloto\2024_HPFS_JUL_D\HP_D_T3\GOPR3673\Coral15.JPG,15,0.2536,Harka Piloto D,T3,1
Harka Piloto\2024_AUG_HPFS_D\2024_AUG_HPFS_D_T3\GOPR5431.JPG,Harka Piloto\2024_AUG_HPFS_D\2024_AUG_HPFS_D_T3\GOPR5431\Coral10.JPG,10,0.3333,Harka Piloto D,T3,1
Harka Piloto\2024_AUG_HPFS_D\2024_AUG_HPFS_D_T3\GOPR5436.JPG,Harka Piloto\2024_AUG_HPFS_D\2024_AUG_HPFS_D_T3\GOPR5436\Coral26.JPG,26,0.1741,Harka Piloto D,T3,1
Harka Piloto\2024_AUG_HPFS_D\2024_AUG_HPFS_D_T3\GOPR5436.JPG,Harka Piloto\2024_AUG_HPFS_D\2024_AUG_HPFS_D_T3\GOPR5436\Coral18.JPG,18,0.2328,Harka Piloto D,T3,1
Harka Piloto\2024_AUG_HPFS_D\2024_AUG_HPFS_D_T3\GOPR5436.JPG,Harka Piloto\2024_AUG_HPFS_D\2024_AUG_HPFS_D_T3\GOPR5436\Coral8.JPG,8,0.4729,Harka Piloto D,T3,1
Harka Piloto\2024_AUG_HPFS_D\2024_AUG_HPFS_D_T3\GOPR5436.JPG,Harka Piloto\2024_AUG_HPFS_D\2024_AUG_HPFS_D_T3\GOPR5436\Coral4.JPG,4,0.6767,Harka Piloto D,T3,1
Harka Piloto\2024_HPFS_JUL_D\HP_D_T3\GOPR3713.JPG,Harka Piloto\2024_HPFS_JUL_D\HP_D_T3\GOPR3713\Coral23.JPG,23,0.2176,Harka Piloto D,T3,1
Harka Piloto\2024_HPFS_JUL_D\HP_D_T3\GOPR3713.JPG,Harka Piloto\2024_HPFS_JUL_D\HP_D_T3\GOPR3713\Coral12.JPG,12,0.3462,Harka Piloto D,T3,1
Harka Piloto\2024_HPFS_JUL_D\HP_D_T3\GOPR3713.JPG,Harka Piloto\2024_HPFS_JUL_D\HP_D_T3\GOPR3713\Coral9.JPG,9,0.356,Harka Piloto D,T3,1
Harka Piloto\2024_HPFS_JUL_D\HP_D_T3\GOPR3713.JPG,Harka Piloto\2024_HPFS_JUL_D\HP_D_T3\GOPR3713\Coral15.JPG,15,0.2886,Harka Piloto D,T3,1
Harka Piloto\2024_HPFS_JUL_D\HP_D_T3\GOPR3713.JPG,Harka Piloto\2024_HPFS_JUL_D\HP_D_T3\GOPR3713\Coral17.JPG,17,0.2811,Harka Piloto D,T3,1
Harka Piloto\2024_HPFS_JUL_D\HP_D_T3\GOPR3713.JPG,Harka Piloto\2024_HPFS_JUL_D\HP_D_T3\GOPR3713\Coral20.JPG,20,0.2399,Harka Piloto D,T3,1
Harka Piloto\2024_HPFS_JUL_D\HP_D_T3\GOPR3713.JPG,Harka Piloto\2024_HPFS_JUL_D\HP_D_T3\GOPR3713\Coral14.JPG,14,0.3117,Harka Piloto D,T3,1
Harka Piloto\2024_HPFS_JUL_D\HP_D_T3\GOPR3683.JPG,Harka Piloto\2024_HPFS_JUL_D\HP_D_T3\GOPR3683\Coral11.JPG,11,0.5525,Harka Piloto D,T3,1
Harka Piloto\2024_HPFS_JUL_D\HP_D_T3\GOPR3683.JPG,Harka Piloto\2024_HPFS_JUL_D\HP_D_T3\GOPR3683\Coral50.JPG,50,0.1941,Harka Piloto D,T3,1
Harka Piloto\2024_HPFS_JUL_D\HP_D_T3\GOPR3683.JPG,Harka Piloto\2024_HPFS_JUL_D\HP_D_T3\GOPR3683\Coral27.JPG,27,0.3489,Harka Piloto D,T3,1
Harka Piloto\2024_HPFS_JUL_D\HP_D_T3\GOPR3683.JPG,Harka Piloto\2024_HPFS_JUL_D\HP_D_T3\GOPR3683\Coral2.JPG,2,0.7821,Harka Piloto D,T3,1
Harka Piloto\2024_HPFS_JUL_D\HP_D_T3\GOPR3683.JPG,Harka Piloto\2024_HPFS_JUL_D\HP_D_T3\GOPR3683\Coral30.JPG,30,0.3314,Harka Piloto D,T3,1
Harka Piloto\2024_HPFS_JUL_D\HP_D_T3\GOPR3683.JPG,Harka Piloto\2024_HPFS_JUL_D\HP_D_T3\GOPR3683\Coral21.JPG,21,0.4141,Harka Piloto D,T3,1
Harka Piloto\2024_HPFS_JUL_D\HP_D_T3\GOPR3683.JPG,Harka Piloto\2024_HPFS_JUL_D\HP_D_T3\GOPR3683\Coral1.JPG,1,0.8922,Harka Piloto D,T3,1
Harka Piloto\2024_HPFS_JUL_D\HP_D_T3\GOPR3683.JPG,Harka Piloto\2024_HPFS_JUL_D\HP_D_T3\GOPR3683\Coral9.JPG,9,0.6095,Harka Piloto D,T3,1
Harka Piloto\2024_AUG_HPFS_D\2024_AUG_HPFS_D_T3\GOPR5420.JPG,Harka Piloto\2024_AUG_HPFS_D\2024_AUG_HPFS_D_T3\GOPR5420\Coral11.JPG,11,0.2096,Harka Piloto D,T3,1
Harka Piloto\2024_AUG_HPFS_D\2024_AUG_HPFS_D_T3\GOPR5420.JPG,Harka Piloto\2024_AUG_HPFS_D\2024_AUG_HPFS_D_T3\GOPR5420\Coral2.JPG,2,0.5072,Harka Piloto D,T3,1
Harka Piloto\2024_HPFS_JUL_D\HP_D_T3\GOPR3674.JPG,Harka Piloto\2024_HPFS_JUL_D\HP_D_T3\GOPR3674\Coral15.JPG,15,0.218,Harka Piloto D,T3,1
Harka Piloto\2024_HPFS_JUL_D\HP_D_T3\GOPR3704.JPG,Harka Piloto\2024_HPFS_JUL_D\HP_D_T3\GOPR3704\Coral29.JPG,29,0.2757,Harka Piloto D,T3,1
Harka Piloto\2024_HPFS_JUL_D\HP_D_T3\GOPR3704.JPG,Harka Piloto\2024_HPFS_JUL_D\HP_D_T3\GOPR3704\Coral1.JPG,1,0.808,Harka Piloto D,T3,1
Harka Piloto\2024_HPFS_JUL_D\HP_D_T3\GOPR3704.JPG,Harka Piloto\2024_HPFS_JUL_D\HP_D_T3\GOPR3704\Coral45.JPG,45,0.1558,Harka Piloto D,T3,1
Sapangan (Deep Only)\2024_AUG_SAP_D\2024_AUG_S_T1\GOPR4708.JPG,Sapangan (Deep Only)\2024_AUG_SAP_D\2024_AUG_S_T1\GOPR4708\Coral5.JPG,5,0.2161,Sapangan,T1,1
Sapangan (Deep Only)\2024_AUG_SAP_D\2024_AUG_S_T1\GOPR4709.JPG,Sapangan (Deep Only)\2024_AUG_SAP_D\2024_AUG_S_T1\GOPR4709\Coral4.JPG,4,0.4354,Sapangan,T1,1
Sapangan (Deep Only)\2024_AUG_SAP_D\2024_AUG_S_T1\GOPR4717.JPG,Sapangan (Deep Only)\2024_AUG_SAP_D\2024_AUG_S_T1\GOPR4717\Coral2.JPG,2,0.505,Sapangan,T1,1
Sapangan (Deep Only)\2024_JUL_SAP_D\SAP-D_T1\P7031661.JPG,Sapangan (Deep Only)\2024_JUL_SAP_D\SAP-D_T1\P7031661\Coral6.JPG,6,0.1859,Sapangan,T1,1
Sapangan (Deep Only)\2024_JUL_SAP_D\SAP-D_T1\P7031639.JPG,Sapangan (Deep Only)\2024_JUL_SAP_D\SAP-D_T1\P7031639\Coral24.JPG,24,0.1662,Sapangan,T1,1
Sapangan (Deep Only)\2024_AUG_SAP_D\2024_AUG_S_T1\GOPR4750.JPG,Sapangan (Deep Only)\2024_AUG_SAP_D\2024_AUG_S_T1\GOPR4750\Coral10.JPG,10,0.2424,Sapangan,T1,1
Sapangan (Deep Only)\2024_JUL_SAP_D\SAP-D_T1\P7031641.JPG,Sapangan (Deep Only)\2024_JUL_SAP_D\SAP-D_T1\P7031641\Coral18.JPG,18,0.32,Sapangan,T1,1
Sapangan (Deep Only)\2024_AUG_SAP_D\2024_AUG_S_T1\GOPR4730.JPG,Sapangan (Deep Only)\2024_AUG_SAP_D\2024_AUG_S_T1\GOPR4730\Coral43.JPG,43,0.1631,Sapangan,T1,1
Sapangan (Deep Only)\2024_JUL_SAP_D\SAP-D_T1\P7031648.JPG,Sapangan (Deep Only)\2024_JUL_SAP_D\SAP-D_T1\P7031648\Coral1.JPG,1,0.6748,Sapangan,T1,1
Sapangan (Deep Only)\2024_JUL_SAP_D\SAP-D_T1\P7031655.JPG,Sapangan (Deep Only)\2024_JUL_SAP_D\SAP-D_T1\P7031655\Coral3.JPG,3,0.411,Sapangan,T1,1
Sapangan (Deep Only)\2024_AUG_SAP_D\2024_AUG_S_T1\GOPR4753.JPG,Sapangan (Deep Only)\2024_AUG_SAP_D\2024_AUG_S_T1\GOPR4753\Coral18.JPG,18,0.2206,Sapangan,T1,1
Sapangan (Deep Only)\2024_AUG_SAP_D\2024_AUG_S_T1\GOPR4714.JPG,Sapangan (Deep Only)\2024_AUG_SAP_D\2024_AUG_S_T1\GOPR4714\Coral3.JPG,3,0.7704,Sapangan,T1,1
Sapangan (Deep Only)\2024_AUG_SAP_D\2024_AUG_S_T1\GOPR4726.JPG,Sapangan (Deep Only)\2024_AUG_SAP_D\2024_AUG_S_T1\GOPR4726\Coral11.JPG,11,0.319,Sapangan,T1,1
Sapangan (Deep Only)\2024_AUG_SAP_D\2024_AUG_S_T1\GOPR4712.JPG,Sapangan (Deep Only)\2024_AUG_SAP_D\2024_AUG_S_T1\GOPR4712\Coral29.JPG,29,0.2171,Sapangan,T1,1
Sapangan (Deep Only)\2024_AUG_SAP_D\2024_AUG_S_T1\GOPR4727.JPG,Sapangan (Deep Only)\2024_AUG_SAP_D\2024_AUG_S_T1\GOPR4727\Coral42.JPG,42,0.1524,Sapangan,T1,1
Sapangan (Deep Only)\2024_JUL_SAP_D\SAP-D_T1\P7031676.JPG,Sapangan (Deep Only)\2024_JUL_SAP_D\SAP-D_T1\P7031676\Coral19.JPG,19,0.1602,Sapangan,T1,1
Sapangan (Deep Only)\2024_AUG_SAP_D\2024_AUG_S_T1\GOPR4742.JPG,Sapangan (Deep Only)\2024_AUG_SAP_D\2024_AUG_S_T1\GOPR4742\Coral18.JPG,18,0.2115,Sapangan,T1,1
Sapangan (Deep Only)\2024_JUL_SAP_D\SAP-D_T1\P7031650.JPG,Sapangan (Deep Only)\2024_JUL_SAP_D\SAP-D_T1\P7031650\Coral43.JPG,43,0.1617,Sapangan,T1,1
Sapangan (Deep Only)\2024_JUL_SAP_D\SAP-D_T1\P7031642.JPG,Sapangan (Deep Only)\2024_JUL_SAP_D\SAP-D_T1\P7031642\Coral3.JPG,3,0.4421,Sapangan,T1,1
Sapangan (Deep Only)\2024_JUL_SAP_D\SAP-D_T1\GOPR3258.JPG,Sapangan (Deep Only)\2024_JUL_SAP_D\SAP-D_T1\GOPR3258\Coral19.JPG,19,0.1576,Sapangan,T1,1
Sapangan (Deep Only)\2024_AUG_SAP_D\2024_AUG_S_T1\GOPR4731.JPG,Sapangan (Deep Only)\2024_AUG_SAP_D\2024_AUG_S_T1\GOPR4731\Coral9.JPG,9,0.4881,Sapangan,T1,1
Sapangan (Deep Only)\2024_JUL_SAP_D\SAP-D_T1\P7031653.JPG,Sapangan (Deep Only)\2024_JUL_SAP_D\SAP-D_T1\P7031653\Coral9.JPG,9,0.5544,Sapangan,T1,1
Sapangan (Deep Only)\2024_JUL_SAP_D\SAP-D_T1\P7031648.JPG,Sapangan (Deep Only)\2024_JUL_SAP_D\SAP-D_T1\P7031648\Coral5.JPG,5,0.4113,Sapangan,T1,1
Sapangan (Deep Only)\2024_AUG_SAP_D\2024_AUG_S_T1\GOPR4739.JPG,Sapangan (Deep Only)\2024_AUG_SAP_D\2024_AUG_S_T1\GOPR4739\Coral29.JPG,29,0.1747,Sapangan,T1,1
Sapangan (Deep Only)\2024_JUL_SAP_D\SAP-D_T1\P7031680.JPG,Sapangan (Deep Only)\2024_JUL_SAP_D\SAP-D_T1\P7031680\Coral31.JPG,31,0.1581,Sapangan,T1,1
Sapangan (Deep Only)\2024_AUG_SAP_D\2024_AUG_S_T1\GOPR4734.JPG,Sapangan (Deep Only)\2024_AUG_SAP_D\2024_AUG_S_T1\GOPR4734\Coral45.JPG,45,0.1813,Sapangan,T1,1
Sapangan (Deep Only)\2024_AUG_SAP_D\2024_AUG_S_T1\GOPR4718.JPG,Sapangan (Deep Only)\2024_AUG_SAP_D\2024_AUG_S_T1\GOPR4718\Coral16.JPG,16,0.3874,Sapangan,T1,1
Sapangan (Deep Only)\2024_JUL_SAP_D\SAP-D_T1\P7031668.JPG,Sapangan (Deep Only)\2024_JUL_SAP_D\SAP-D_T1\P7031668\Coral3.JPG,3,0.5332,Sapangan,T1,1
Sapangan (Deep Only)\2024_JUL_SAP_D\SAP-D_T1\P7031658.JPG,Sapangan (Deep Only)\2024_JUL_SAP_D\SAP-D_T1\P7031658\Coral3.JPG,3,0.5424,Sapangan,T1,1
Sapangan (Deep Only)\2024_AUG_SAP_D\2024_AUG_S_T1\GOPR4755.JPG,Sapangan (Deep Only)\2024_AUG_SAP_D\2024_AUG_S_T1\GOPR4755\Coral3.JPG,3,0.7611,Sapangan,T1,1
Sapangan (Deep Only)\2024_AUG_SAP_D\2024_AUG_S_T1\GOPR4724.JPG,Sapangan (Deep Only)\2024_AUG_SAP_D\2024_AUG_S_T1\GOPR4724\Coral18.JPG,18,0.3342,Sapangan,T1,1
Sapangan (Deep Only)\2024_JUL_SAP_D\SAP-D_T1\P7031647.JPG,Sapangan (Deep Only)\2024_JUL_SAP_D\SAP-D_T1\P7031647\Coral16.JPG,16,0.1549,Sapangan,T1,1
Sapangan (Deep Only)\2024_JUL_SAP_D\SAP-D_T1\P7031637.JPG,Sapangan (Deep Only)\2024_JUL_SAP_D\SAP-D_T1\P7031637\Coral6.JPG,6,0.2053,Sapangan,T1,1
Sapangan (Deep Only)\2024_JUL_SAP_D\SAP-D_T1\P7031642.JPG,Sapangan (Deep Only)\2024_JUL_SAP_D\SAP-D_T1\P7031642\Coral20.JPG,20,0.1738,Sapangan,T1,1
Sapangan (Deep Only)\2024_JUL_SAP_D\SAP-D_T1\P7031671.JPG,Sapangan (Deep Only)\2024_JUL_SAP_D\SAP-D_T1\P7031671\Coral19.JPG,19,0.216,Sapangan,T1,1
Sapangan (Deep Only)\2024_JUL_SAP_D\SAP-D_T1\P7031638.JPG,Sapangan (Deep Only)\2024_JUL_SAP_D\SAP-D_T1\P7031638\Coral5.JPG,5,0.4763,Sapangan,T1,1
Sapangan (Deep Only)\2024_AUG_SAP_D\2024_AUG_S_T1\GOPR4732.JPG,Sapangan (Deep Only)\2024_AUG_SAP_D\2024_AUG_S_T1\GOPR4732\Coral16.JPG,16,0.2775,Sapangan,T1,1
Sapangan (Deep Only)\2024_JUL_SAP_D\SAP-D_T1\P7031665.JPG,Sapangan (Deep Only)\2024_JUL_SAP_D\SAP-D_T1\P7031665\Coral8.JPG,8,0.2051,Sapangan,T1,1
Sapangan (Deep Only)\2024_AUG_SAP_D\2024_AUG_S_T1\GOPR4744.JPG,Sapangan (Deep Only)\2024_AUG_SAP_D\2024_AUG_S_T1\GOPR4744\Coral19.JPG,19,0.2294,Sapangan,T1,1
Sapangan (Deep Only)\2024_JUL_SAP_D\SAP-D_T1\P7031673.JPG,Sapangan (Deep Only)\2024_JUL_SAP_D\SAP-D_T1\P7031673\Coral29.JPG,29,0.2589,Sapangan,T1,1
Sapangan (Deep Only)\2024_AUG_SAP_D\2024_AUG_S_T1\GOPR4709.JPG,Sapangan (Deep Only)\2024_AUG_SAP_D\2024_AUG_S_T1\GOPR4709\Coral19.JPG,19,0.1748,Sapangan,T1,1
Sapangan (Deep Only)\2024_AUG_SAP_D\2024_AUG_S_T1\GOPR4717.JPG,Sapangan (Deep Only)\2024_AUG_SAP_D\2024_AUG_S_T1\GOPR4717\Coral8.JPG,8,0.3133,Sapangan,T1,1
Sapangan (Deep Only)\2024_JUL_SAP_D\SAP-D_T1\P7031661.JPG,Sapangan (Deep Only)\2024_JUL_SAP_D\SAP-D_T1\P7031661\Coral8.JPG,8,0.1685,Sapangan,T1,1
Sapangan (Deep Only)\2024_JUL_SAP_D\SAP-D_T1\P7031646.JPG,Sapangan (Deep Only)\2024_JUL_SAP_D\SAP-D_T1\P7031646\Coral5.JPG,5,0.6237,Sapangan,T1,1
Sapangan (Deep Only)\2024_JUL_SAP_D\SAP-D_T1\P7031674.JPG,Sapangan (Deep Only)\2024_JUL_SAP_D\SAP-D_T1\P7031674\Coral21.JPG,21,0.22,Sapangan,T1,1
Sapangan (Deep Only)\2024_JUL_SAP_D\SAP-D_T1\P7031641.JPG,Sapangan (Deep Only)\2024_JUL_SAP_D\SAP-D_T1\P7031641\Coral24.JPG,24,0.3022,Sapangan,T1,1
Sapangan (Deep Only)\2024_AUG_SAP_D\2024_AUG_S_T1\GOPR4758.JPG,Sapangan (Deep Only)\2024_AUG_SAP_D\2024_AUG_S_T1\GOPR4758\Coral21.JPG,21,0.311,Sapangan,T1,1
Sapangan (Deep Only)\2024_AUG_SAP_D\2024_AUG_S_T1\GOPR4707.JPG,Sapangan (Deep Only)\2024_AUG_SAP_D\2024_AUG_S_T1\GOPR4707\Coral10.JPG,10,0.1602,Sapangan,T1,1
Sapangan (Deep Only)\2024_AUG_SAP_D\2024_AUG_S_T1\GOPR4726.JPG,Sapangan (Deep Only)\2024_AUG_SAP_D\2024_AUG_S_T1\GOPR4726\Coral8.JPG,8,0.3754,Sapangan,T1,1
Sapangan (Deep Only)\2024_AUG_SAP_D\2024_AUG_S_T1\GOPR4724.JPG,Sapangan (Deep Only)\2024_AUG_SAP_D\2024_AUG_S_T1\GOPR4724\Coral12.JPG,12,0.389,Sapangan,T1,1
Sapangan (Deep Only)\2024_JUL_SAP_D\SAP-D_T1\P7031657.JPG,Sapangan (Deep Only)\2024_JUL_SAP_D\SAP-D_T1\P7031657\Coral16.JPG,16,0.1936,Sapangan,T1,1
Sapangan (Deep Only)\2024_JUL_SAP_D\SAP-D_T1\P7031647.JPG,Sapangan (Deep Only)\2024_JUL_SAP_D\SAP-D_T1\P7031647\Coral7.JPG,7,0.3078,Sapangan,T1,1
Sapangan (Deep Only)\2024_JUL_SAP_D\SAP-D_T1\P7031649.JPG,Sapangan (Deep Only)\2024_JUL_SAP_D\SAP-D_T1\P7031649\Coral24.JPG,24,0.2617,Sapangan,T1,1
Sapangan (Deep Only)\2024_JUL_SAP_D\SAP-D_T1\P7031663.JPG,Sapangan (Deep Only)\2024_JUL_SAP_D\SAP-D_T1\P7031663\Coral9.JPG,9,0.3589,Sapangan,T1,1
Sapangan (Deep Only)\2024_AUG_SAP_D\2024_AUG_S_T1\GOPR4752.JPG,Sapangan (Deep Only)\2024_AUG_SAP_D\2024_AUG_S_T1\GOPR4752\Coral8.JPG,8,0.5145,Sapangan,T1,1
Sapangan (Deep Only)\2024_JUL_SAP_D\SAP-D_T1\P7031636.JPG,Sapangan (Deep Only)\2024_JUL_SAP_D\SAP-D_T1\P7031636\Coral13.JPG,13,0.2331,Sapangan,T1,1
Sapangan (Deep Only)\2024_AUG_SAP_D\2024_AUG_S_T1\GOPR4716.JPG,Sapangan (Deep Only)\2024_AUG_SAP_D\2024_AUG_S_T1\GOPR4716\Coral14.JPG,14,0.2433,Sapangan,T1,1
Sapangan (Deep Only)\2024_AUG_SAP_D\2024_AUG_S_T1\GOPR4716.JPG,Sapangan (Deep Only)\2024_AUG_SAP_D\2024_AUG_S_T1\GOPR4716\Coral16.JPG,16,0.2287,Sapangan,T1,1
Sapangan (Deep Only)\2024_AUG_SAP_D\2024_AUG_S_T1\GOPR4716.JPG,Sapangan (Deep Only)\2024_AUG_SAP_D\2024_AUG_S_T1\GOPR4716\Coral18.JPG,18,0.2071,Sapangan,T1,1
Sapangan (Deep Only)\2024_AUG_SAP_D\2024_AUG_S_T1\GOPR4716.JPG,Sapangan (Deep Only)\2024_AUG_SAP_D\2024_AUG_S_T1\GOPR4716\Coral6.JPG,6,0.5431,Sapangan,T1,1
Sapangan (Deep Only)\2024_AUG_SAP_D\2024_AUG_S_T1\GOPR4716.JPG,Sapangan (Deep Only)\2024_AUG_SAP_D\2024_AUG_S_T1\GOPR4716\Coral23.JPG,23,0.1694,Sapangan,T1,1
Sapangan (Deep Only)\2024_AUG_SAP_D\2024_AUG_S_T1\GOPR4716.JPG,Sapangan (Deep Only)\2024_AUG_SAP_D\2024_AUG_S_T1\GOPR4716\Coral9.JPG,9,0.3947,Sapangan,T1,1
Sapangan (Deep Only)\2024_JUL_SAP_D\SAP-D_T1\P7031666.JPG,Sapangan (Deep Only)\2024_JUL_SAP_D\SAP-D_T1\P7031666\Coral7.JPG,7,0.2971,Sapangan,T1,1
Sapangan (Deep Only)\2024_JUL_SAP_D\SAP-D_T1\P7031666.JPG,Sapangan (Deep Only)\2024_JUL_SAP_D\SAP-D_T1\P7031666\Coral12.JPG,12,0.1894,Sapangan,T1,1
Sapangan (Deep Only)\2024_JUL_SAP_D\SAP-D_T1\P7031675.JPG,Sapangan (Deep Only)\2024_JUL_SAP_D\SAP-D_T1\P7031675\Coral18.JPG,18,0.1721,Sapangan,T1,1
Sapangan (Deep Only)\2024_JUL_SAP_D\SAP-D_T1\P7031675.JPG,Sapangan (Deep Only)\2024_JUL_SAP_D\SAP-D_T1\P7031675\Coral16.JPG,16,0.1811,Sapangan,T1,1
Sapangan (Deep Only)\2024_JUL_SAP_D\SAP-D_T1\P7031675.JPG,Sapangan (Deep Only)\2024_JUL_SAP_D\SAP-D_T1\P7031675\Coral12.JPG,12,0.2041,Sapangan,T1,1
Sapangan (Deep Only)\2024_JUL_SAP_D\SAP-D_T1\P7031675.JPG,Sapangan (Deep Only)\2024_JUL_SAP_D\SAP-D_T1\P7031675\Coral17.JPG,17,0.1782,Sapangan,T1,1
Sapangan (Deep Only)\2024_JUL_SAP_D\SAP-D_T1\P7031675.JPG,Sapangan (Deep Only)\2024_JUL_SAP_D\SAP-D_T1\P7031675\Coral9.JPG,9,0.259,Sapangan,T1,1
Sapangan (Deep Only)\2024_JUL_SAP_D\SAP-D_T1\P7031675.JPG,Sapangan (Deep Only)\2024_JUL_SAP_D\SAP-D_T1\P7031675\Coral2.JPG,2,0.5206,Sapangan,T1,1
Sapangan (Deep Only)\2024_AUG_SAP_D\2024_AUG_S_T1\GOPR4706.JPG,Sapangan (Deep Only)\2024_AUG_SAP_D\2024_AUG_S_T1\GOPR4706\Coral5.JPG,5,0.404,Sapangan,T1,1
Sapangan (Deep Only)\2024_AUG_SAP_D\2024_AUG_S_T1\GOPR4706.JPG,Sapangan (Deep Only)\2024_AUG_SAP_D\2024_AUG_S_T1\GOPR4706\Coral8.JPG,8,0.3101,Sapangan,T1,1
Sapangan (Deep Only)\2024_AUG_SAP_D\2024_AUG_S_T1\GOPR4706.JPG,Sapangan (Deep Only)\2024_AUG_SAP_D\2024_AUG_S_T1\GOPR4706\Coral7.JPG,7,0.3368,Sapangan,T1,1
Sapangan (Deep Only)\2024_AUG_SAP_D\2024_AUG_S_T1\GOPR4706.JPG,Sapangan (Deep Only)\2024_AUG_SAP_D\2024_AUG_S_T1\GOPR4706\Coral15.JPG,15,0.1509,Sapangan,T1,1
Sapangan (Deep Only)\2024_AUG_SAP_D\2024_AUG_S_T1\GOPR4744.JPG,Sapangan (Deep Only)\2024_AUG_SAP_D\2024_AUG_S_T1\GOPR4744\Coral17.JPG,17,0.2412,Sapangan,T1,1
Sapangan (Deep Only)\2024_AUG_SAP_D\2024_AUG_S_T1\GOPR4744.JPG,Sapangan (Deep Only)\2024_AUG_SAP_D\2024_AUG_S_T1\GOPR4744\Coral8.JPG,8,0.3877,Sapangan,T1,1
Sapangan (Deep Only)\2024_AUG_SAP_D\2024_AUG_S_T1\GOPR4744.JPG,Sapangan (Deep Only)\2024_AUG_SAP_D\2024_AUG_S_T1\GOPR4744\Coral21.JPG,21,0.2175,Sapangan,T1,1
Sapangan (Deep Only)\2024_AUG_SAP_D\2024_AUG_S_T1\GOPR4744.JPG,Sapangan (Deep Only)\2024_AUG_SAP_D\2024_AUG_S_T1\GOPR4744\Coral13.JPG,13,0.2848,Sapangan,T1,1
Sapangan (Deep Only)\2024_AUG_SAP_D\2024_AUG_S_T1\GOPR4744.JPG,Sapangan (Deep Only)\2024_AUG_SAP_D\2024_AUG_S_T1\GOPR4744\Coral15.JPG,15,0.2627,Sapangan,T1,1
Sapangan (Deep Only)\2024_AUG_SAP_D\2024_AUG_S_T1\GOPR4744.JPG,Sapangan (Deep Only)\2024_AUG_SAP_D\2024_AUG_S_T1\GOPR4744\Coral24.JPG,24,0.1877,Sapangan,T1,1
Sapangan (Deep Only)\2024_AUG_SAP_D\2024_AUG_S_T1\GOPR4744.JPG,Sapangan (Deep Only)\2024_AUG_SAP_D\2024_AUG_S_T1\GOPR4744\Coral4.JPG,4,0.5022,Sapangan,T1,1
Sapangan (Deep Only)\2024_AUG_SAP_D\2024_AUG_S_T1\GOPR4744.JPG,Sapangan (Deep Only)\2024_AUG_SAP_D\2024_AUG_S_T1\GOPR4744\Coral27.JPG,27,0.1686,Sapangan,T1,1
Sapangan (Deep Only)\2024_AUG_SAP_D\2024_AUG_S_T1\GOPR4744.JPG,Sapangan (Deep Only)\2024_AUG_SAP_D\2024_AUG_S_T1\GOPR4744\Coral9.JPG,9,0.3566,Sapangan,T1,1
Sapangan (Deep Only)\2024_AUG_SAP_D\2024_AUG_S_T1\GOPR4744.JPG,Sapangan (Deep Only)\2024_AUG_SAP_D\2024_AUG_S_T1\GOPR4744\Coral6.JPG,6,0.403,Sapangan,T1,1
Sapangan (Deep Only)\2024_AUG_SAP_D\2024_AUG_S_T1\GOPR4744.JPG,Sapangan (Deep Only)\2024_AUG_SAP_D\2024_AUG_S_T1\GOPR4744\Coral10.JPG,10,0.3277,Sapangan,T1,1
Sapangan (Deep Only)\2024_AUG_SAP_D\2024_AUG_S_T1\GOPR4757.JPG,Sapangan (Deep Only)\2024_AUG_SAP_D\2024_AUG_S_T1\GOPR4757\Coral1.JPG,1,0.5523,Sapangan,T1,1
Sapangan (Deep Only)\2024_JUL_SAP_D\SAP-D_T1\P7031673.JPG,Sapangan (Deep Only)\2024_JUL_SAP_D\SAP-D_T1\P7031673\Coral30.JPG,30,0.2576,Sapangan,T1,1
Sapangan (Deep Only)\2024_JUL_SAP_D\SAP-D_T1\P7031673.JPG,Sapangan (Deep Only)\2024_JUL_SAP_D\SAP-D_T1\P7031673\Coral45.JPG,45,0.1611,Sapangan,T1,1
Sapangan (Deep Only)\2024_JUL_SAP_D\SAP-D_T1\P7031673.JPG,Sapangan (Deep Only)\2024_JUL_SAP_D\SAP-D_T1\P7031673\Coral6.JPG,6,0.6679,Sapangan,T1,1
Sapangan (Deep Only)\2024_JUL_SAP_D\SAP-D_T1\P7031673.JPG,Sapangan (Deep Only)\2024_JUL_SAP_D\SAP-D_T1\P7031673\Coral15.JPG,15,0.4622,Sapangan,T1,1
Sapangan (Deep Only)\2024_JUL_SAP_D\SAP-D_T1\P7031673.JPG,Sapangan (Deep Only)\2024_JUL_SAP_D\SAP-D_T1\P7031673\Coral19.JPG,19,0.3895,Sapangan,T1,1
Sapangan (Deep Only)\2024_JUL_SAP_D\SAP-D_T1\P7031673.JPG,Sapangan (Deep Only)\2024_JUL_SAP_D\SAP-D_T1\P7031673\Coral14.JPG,14,0.4673,Sapangan,T1,1
Sapangan (Deep Only)\2024_JUL_SAP_D\SAP-D_T1\P7031673.JPG,Sapangan (Deep Only)\2024_JUL_SAP_D\SAP-D_T1\P7031673\Coral22.JPG,22,0.3508,Sapangan,T1,1
Sapangan (Deep Only)\2024_AUG_SAP_D\2024_AUG_S_T1\GOPR4708.JPG,Sapangan (Deep Only)\2024_AUG_SAP_D\2024_AUG_S_T1\GOPR4708\Coral2.JPG,2,0.2736,Sapangan,T1,1
Sapangan (Deep Only)\2024_AUG_SAP_D\2024_AUG_S_T1\GOPR4708.JPG,Sapangan (Deep Only)\2024_AUG_SAP_D\2024_AUG_S_T1\GOPR4708\Coral4.JPG,4,0.2422,Sapangan,T1,1
Sapangan (Deep Only)\2024_AUG_SAP_D\2024_AUG_S_T1\GOPR4708.JPG,Sapangan (Deep Only)\2024_AUG_SAP_D\2024_AUG_S_T1\GOPR4708\Coral6.JPG,6,0.1904,Sapangan,T1,1
Sapangan (Deep Only)\2024_AUG_SAP_D\2024_AUG_S_T1\GOPR4708.JPG,Sapangan (Deep Only)\2024_AUG_SAP_D\2024_AUG_S_T1\GOPR4708\Coral8.JPG,8,0.165,Sapangan,T1,1
Sapangan (Deep Only)\2024_AUG_SAP_D\2024_AUG_S_T1\GOPR4709.JPG,Sapangan (Deep Only)\2024_AUG_SAP_D\2024_AUG_S_T1\GOPR4709\Coral22.JPG,22,0.1656,Sapangan,T1,1
Sapangan (Deep Only)\2024_AUG_SAP_D\2024_AUG_S_T1\GOPR4709.JPG,Sapangan (Deep Only)\2024_AUG_SAP_D\2024_AUG_S_T1\GOPR4709\Coral17.JPG,17,0.1823,Sapangan,T1,1
Sapangan (Deep Only)\2024_AUG_SAP_D\2024_AUG_S_T1\GOPR4709.JPG,Sapangan (Deep Only)\2024_AUG_SAP_D\2024_AUG_S_T1\GOPR4709\Coral3.JPG,3,0.4927,Sapangan,T1,1
Sapangan (Deep Only)\2024_AUG_SAP_D\2024_AUG_S_T1\GOPR4709.JPG,Sapangan (Deep Only)\2024_AUG_SAP_D\2024_AUG_S_T1\GOPR4709\Coral10.JPG,10,0.2368,Sapangan,T1,1
Sapangan (Deep Only)\2024_AUG_SAP_D\2024_AUG_S_T1\GOPR4717.JPG,Sapangan (Deep Only)\2024_AUG_SAP_D\2024_AUG_S_T1\GOPR4717\Coral18.JPG,18,0.2068,Sapangan,T1,1
Sapangan (Deep Only)\2024_JUL_SAP_D\SAP-D_T1\P7031646.JPG,Sapangan (Deep Only)\2024_JUL_SAP_D\SAP-D_T1\P7031646\Coral33.JPG,33,0.1627,Sapangan,T1,1
Sapangan (Deep Only)\2024_JUL_SAP_D\SAP-D_T1\P7031646.JPG,Sapangan (Deep Only)\2024_JUL_SAP_D\SAP-D_T1\P7031646\Coral20.JPG,20,0.2936,Sapangan,T1,1
Sapangan (Deep Only)\2024_JUL_SAP_D\SAP-D_T1\P7031646.JPG,Sapangan (Deep Only)\2024_JUL_SAP_D\SAP-D_T1\P7031646\Coral12.JPG,12,0.3779,Sapangan,T1,1
Sapangan (Deep Only)\2024_JUL_SAP_D\SAP-D_T1\P7031646.JPG,Sapangan (Deep Only)\2024_JUL_SAP_D\SAP-D_T1\P7031646\Coral17.JPG,17,0.3137,Sapangan,T1,1
Sapangan (Deep Only)\2024_JUL_SAP_D\SAP-D_T1\P7031646.JPG,Sapangan (Deep Only)\2024_JUL_SAP_D\SAP-D_T1\P7031646\Coral2.JPG,2,0.6776,Sapangan,T1,1
Sapangan (Deep Only)\2024_JUL_SAP_D\SAP-D_T1\P7031646.JPG,Sapangan (Deep Only)\2024_JUL_SAP_D\SAP-D_T1\P7031646\Coral27.JPG,27,0.2094,Sapangan,T1,1
Sapangan (Deep Only)\2024_JUL_SAP_D\SAP-D_T1\P7031674.JPG,Sapangan (Deep Only)\2024_JUL_SAP_D\SAP-D_T1\P7031674\Coral29.JPG,29,0.1833,Sapangan,T1,1
Sapangan (Deep Only)\2024_JUL_SAP_D\SAP-D_T1\P7031674.JPG,Sapangan (Deep Only)\2024_JUL_SAP_D\SAP-D_T1\P7031674\Coral32.JPG,32,0.1773,Sapangan,T1,1
Sapangan (Deep Only)\2024_JUL_SAP_D\SAP-D_T1\P7031674.JPG,Sapangan (Deep Only)\2024_JUL_SAP_D\SAP-D_T1\P7031674\Coral36.JPG,36,0.1508,Sapangan,T1,1
Sapangan (Deep Only)\2024_JUL_SAP_D\SAP-D_T1\P7031674.JPG,Sapangan (Deep Only)\2024_JUL_SAP_D\SAP-D_T1\P7031674\Coral14.JPG,14,0.3237,Sapangan,T1,1
Sapangan (Deep Only)\2024_AUG_SAP_D\2024_AUG_S_T2\GOPR4798.JPG,Sapangan (Deep Only)\2024_AUG_SAP_D\2024_AUG_S_T2\GOPR4798\Coral6.JPG,6,0.165,Sapangan,T2,1
Sapangan (Deep Only)\2024_AUG_SAP_D\2024_AUG_S_T2\GOPR4796.JPG,Sapangan (Deep Only)\2024_AUG_SAP_D\2024_AUG_S_T2\GOPR4796\Coral6.JPG,6,0.1596,Sapangan,T2,1
Sapangan (Deep Only)\2024_JUL_SAP_D\SAP-D_T2\GOPR3311.JPG,Sapangan (Deep Only)\2024_JUL_SAP_D\SAP-D_T2\GOPR3311\Coral7.JPG,7,0.4105,Sapangan,T2,1
Sapangan (Deep Only)\2024_JUL_SAP_D\SAP-D_T2\GOPR3275.JPG,Sapangan (Deep Only)\2024_JUL_SAP_D\SAP-D_T2\GOPR3275\Coral7.JPG,7,0.5579,Sapangan,T2,1
Sapangan (Deep Only)\2024_AUG_SAP_D\2024_AUG_S_T2\GOPR4808.JPG,Sapangan (Deep Only)\2024_AUG_SAP_D\2024_AUG_S_T2\GOPR4808\Coral8.JPG,8,0.1668,Sapangan,T2,1
Sapangan (Deep Only)\2024_AUG_SAP_D\2024_AUG_S_T2\GOPR4802.JPG,Sapangan (Deep Only)\2024_AUG_SAP_D\2024_AUG_S_T2\GOPR4802\Coral39.JPG,39,0.2401,Sapangan,T2,1
Sapangan (Deep Only)\2024_AUG_SAP_D\2024_AUG_S_T2\GOPR4797.JPG,Sapangan (Deep Only)\2024_AUG_SAP_D\2024_AUG_S_T2\GOPR4797\Coral13.JPG,13,0.1715,Sapangan,T2,1
Sapangan (Deep Only)\2024_AUG_SAP_D\2024_AUG_S_T2\GOPR4807.JPG,Sapangan (Deep Only)\2024_AUG_SAP_D\2024_AUG_S_T2\GOPR4807\Coral1.JPG,1,0.3991,Sapangan,T2,1
Sapangan (Deep Only)\2024_JUL_SAP_D\SAP-D_T2\GOPR3276.JPG,Sapangan (Deep Only)\2024_JUL_SAP_D\SAP-D_T2\GOPR3276\Coral4.JPG,4,0.3062,Sapangan,T2,1
Sapangan (Deep Only)\2024_AUG_SAP_D\2024_AUG_S_T2\GOPR4790.JPG,Sapangan (Deep Only)\2024_AUG_SAP_D\2024_AUG_S_T2\GOPR4790\Coral19.JPG,19,0.1776,Sapangan,T2,1
Sapangan (Deep Only)\2024_JUL_SAP_D\SAP-D_T2\GOPR3296.JPG,Sapangan (Deep Only)\2024_JUL_SAP_D\SAP-D_T2\GOPR3296\Coral22.JPG,22,0.2238,Sapangan,T2,1
Sapangan (Deep Only)\2024_AUG_SAP_D\2024_AUG_S_T2\GOPR4784.JPG,Sapangan (Deep Only)\2024_AUG_SAP_D\2024_AUG_S_T2\GOPR4784\Coral1.JPG,1,0.7844,Sapangan,T2,1
Sapangan (Deep Only)\2024_AUG_SAP_D\2024_AUG_S_T2\GOPR4765.JPG,Sapangan (Deep Only)\2024_AUG_SAP_D\2024_AUG_S_T2\GOPR4765\Coral25.JPG,25,0.2301,Sapangan,T2,1
Sapangan (Deep Only)\2024_AUG_SAP_D\2024_AUG_S_T2\GOPR4777.JPG,Sapangan (Deep Only)\2024_AUG_SAP_D\2024_AUG_S_T2\GOPR4777\Coral6.JPG,6,0.2472,Sapangan,T2,1
Sapangan (Deep Only)\2024_JUL_SAP_D\SAP-D_T2\GOPR3274.JPG,Sapangan (Deep Only)\2024_JUL_SAP_D\SAP-D_T2\GOPR3274\Coral5.JPG,5,0.5118,Sapangan,T2,1
Sapangan (Deep Only)\2024_AUG_SAP_D\2024_AUG_S_T2\GOPR4799.JPG,Sapangan (Deep Only)\2024_AUG_SAP_D\2024_AUG_S_T2\GOPR4799\Coral16.JPG,16,0.3093,Sapangan,T2,1
Sapangan (Deep Only)\2024_AUG_SAP_D\2024_AUG_S_T2\GOPR4775.JPG,Sapangan (Deep Only)\2024_AUG_SAP_D\2024_AUG_S_T2\GOPR4775\Coral33.JPG,33,0.1886,Sapangan,T2,1
Sapangan (Deep Only)\2024_JUL_SAP_D\SAP-D_T2\GOPR3312.JPG,Sapangan (Deep Only)\2024_JUL_SAP_D\SAP-D_T2\GOPR3312\Coral29.JPG,29,0.2035,Sapangan,T2,1
Sapangan (Deep Only)\2024_AUG_SAP_D\2024_AUG_S_T2\GOPR4788.JPG,Sapangan (Deep Only)\2024_AUG_SAP_D\2024_AUG_S_T2\GOPR4788\Coral6.JPG,6,0.1835,Sapangan,T2,1
Sapangan (Deep Only)\2024_JUL_SAP_D\SAP-D_T2\GOPR3307.JPG,Sapangan (Deep Only)\2024_JUL_SAP_D\SAP-D_T2\GOPR3307\Coral4.JPG,4,0.6416,Sapangan,T2,1
Sapangan (Deep Only)\2024_AUG_SAP_D\2024_AUG_S_T2\GOPR4793.JPG,Sapangan (Deep Only)\2024_AUG_SAP_D\2024_AUG_S_T2\GOPR4793\Coral9.JPG,9,0.3309,Sapangan,T2,1
Sapangan (Deep Only)\2024_JUL_SAP_D\SAP-D_T2\GOPR3313.JPG,Sapangan (Deep Only)\2024_JUL_SAP_D\SAP-D_T2\GOPR3313\Coral4.JPG,4,0.4038,Sapangan,T2,1
Sapangan (Deep Only)\2024_AUG_SAP_D\2024_AUG_S_T2\GOPR4801.JPG,Sapangan (Deep Only)\2024_AUG_SAP_D\2024_AUG_S_T2\GOPR4801\Coral6.JPG,6,0.4336,Sapangan,T2,1
Sapangan (Deep Only)\2024_AUG_SAP_D\2024_AUG_S_T2\GOPR4814.JPG,Sapangan (Deep Only)\2024_AUG_SAP_D\2024_AUG_S_T2\GOPR4814\Coral18.JPG,18,0.158,Sapangan,T2,1
Sapangan (Deep Only)\2024_JUL_SAP_D\SAP-D_T2\GOPR3288.JPG,Sapangan (Deep Only)\2024_JUL_SAP_D\SAP-D_T2\GOPR3288\Coral13.JPG,13,0.2346,Sapangan,T2,1
Sapangan (Deep Only)\2024_AUG_SAP_D\2024_AUG_S_T2\GOPR4807.JPG,Sapangan (Deep Only)\2024_AUG_SAP_D\2024_AUG_S_T2\GOPR4807\Coral6.JPG,6,0.167,Sapangan,T2,1
Sapangan (Deep Only)\2024_AUG_SAP_D\2024_AUG_S_T2\GOPR4780.JPG,Sapangan (Deep Only)\2024_AUG_SAP_D\2024_AUG_S_T2\GOPR4780\Coral31.JPG,31,0.1945,Sapangan,T2,1
Sapangan (Deep Only)\2024_AUG_SAP_D\2024_AUG_S_T2\GOPR4770.JPG,Sapangan (Deep Only)\2024_AUG_SAP_D\2024_AUG_S_T2\GOPR4770\Coral2.JPG,2,0.3799,Sapangan,T2,1
Sapangan (Deep Only)\2024_JUL_SAP_D\SAP-D_T2\GOPR3295.JPG,Sapangan (Deep Only)\2024_JUL_SAP_D\SAP-D_T2\GOPR3295\Coral24.JPG,24,0.197,Sapangan,T2,1
Sapangan (Deep Only)\2024_AUG_SAP_D\2024_AUG_S_T2\GOPR4790.JPG,Sapangan (Deep Only)\2024_AUG_SAP_D\2024_AUG_S_T2\GOPR4790\Coral20.JPG,20,0.1708,Sapangan,T2,1
Sapangan (Deep Only)\2024_AUG_SAP_D\2024_AUG_S_T2\GOPR4768.JPG,Sapangan (Deep Only)\2024_AUG_SAP_D\2024_AUG_S_T2\GOPR4768\Coral7.JPG,7,0.185,Sapangan,T2,1
Sapangan (Deep Only)\2024_AUG_SAP_D\2024_AUG_S_T2\GOPR4784.JPG,Sapangan (Deep Only)\2024_AUG_SAP_D\2024_AUG_S_T2\GOPR4784\Coral4.JPG,4,0.1967,Sapangan,T2,1
Sapangan (Deep Only)\2024_AUG_SAP_D\2024_AUG_S_T2\GOPR4775.JPG,Sapangan (Deep Only)\2024_AUG_SAP_D\2024_AUG_S_T2\GOPR4775\Coral8.JPG,8,0.5549,Sapangan,T2,1
Sapangan (Deep Only)\2024_JUL_SAP_D\SAP-D_T2\GOPR3279.JPG,Sapangan (Deep Only)\2024_JUL_SAP_D\SAP-D_T2\GOPR3279\Coral10.JPG,10,0.4128,Sapangan,T2,1
Sapangan (Deep Only)\2024_AUG_SAP_D\2024_AUG_S_T2\GOPR4767.JPG,Sapangan (Deep Only)\2024_AUG_SAP_D\2024_AUG_S_T2\GOPR4767\Coral5.JPG,5,0.5105,Sapangan,T2,1
Sapangan (Deep Only)\2024_AUG_SAP_D\2024_AUG_S_T2\GOPR4794.JPG,Sapangan (Deep Only)\2024_AUG_SAP_D\2024_AUG_S_T2\GOPR4794\Coral3.JPG,3,0.2982,Sapangan,T2,1
Sapangan (Deep Only)\2024_AUG_SAP_D\2024_AUG_S_T2\GOPR4815.JPG,Sapangan (Deep Only)\2024_AUG_SAP_D\2024_AUG_S_T2\GOPR4815\Coral4.JPG,4,0.4833,Sapangan,T2,1
Sapangan (Deep Only)\2024_JUL_SAP_D\SAP-D_T2\GOPR3301.JPG,Sapangan (Deep Only)\2024_JUL_SAP_D\SAP-D_T2\GOPR3301\Coral6.JPG,6,0.1662,Sapangan,T2,1
Sapangan (Deep Only)\2024_AUG_SAP_D\2024_AUG_S_T2\GOPR4789.JPG,Sapangan (Deep Only)\2024_AUG_SAP_D\2024_AUG_S_T2\GOPR4789\Coral5.JPG,5,0.1941,Sapangan,T2,1
Sapangan (Deep Only)\2024_AUG_SAP_D\2024_AUG_S_T2\GOPR4810.JPG,Sapangan (Deep Only)\2024_AUG_SAP_D\2024_AUG_S_T2\GOPR4810\Coral2.JPG,2,0.3616,Sapangan,T2,1
Sapangan (Deep Only)\2024_AUG_SAP_D\2024_AUG_S_T2\GOPR4776.JPG,Sapangan (Deep Only)\2024_AUG_SAP_D\2024_AUG_S_T2\GOPR4776\Coral4.JPG,4,0.3186,Sapangan,T2,1
Sapangan (Deep Only)\2024_JUL_SAP_D\SAP-D_T2\GOPR3273.JPG,Sapangan (Deep Only)\2024_JUL_SAP_D\SAP-D_T2\GOPR3273\Coral16.JPG,16,0.2227,Sapangan,T2,1
Sapangan (Deep Only)\2024_JUL_SAP_D\SAP-D_T2\GOPR3266.JPG,Sapangan (Deep Only)\2024_JUL_SAP_D\SAP-D_T2\GOPR3266\Coral4.JPG,4,0.1922,Sapangan,T2,1
Sapangan (Deep Only)\2024_JUL_SAP_D\SAP-D_T2\GOPR3282.JPG,Sapangan (Deep Only)\2024_JUL_SAP_D\SAP-D_T2\GOPR3282\Coral5.JPG,5,0.1904,Sapangan,T2,1
Sapangan (Deep Only)\2024_JUL_SAP_D\SAP-D_T2\GOPR3313.JPG,Sapangan (Deep Only)\2024_JUL_SAP_D\SAP-D_T2\GOPR3313\Coral20.JPG,20,0.1737,Sapangan,T2,1
Sapangan (Deep Only)\2024_JUL_SAP_D\SAP-D_T2\GOPR3289.JPG,Sapangan (Deep Only)\2024_JUL_SAP_D\SAP-D_T2\GOPR3289\Coral3.JPG,3,0.536,Sapangan,T2,1
Sapangan (Deep Only)\2024_AUG_SAP_D\2024_AUG_S_T2\GOPR4802.JPG,Sapangan (Deep Only)\2024_AUG_SAP_D\2024_AUG_S_T2\GOPR4802\Coral24.JPG,24,0.389,Sapangan,T2,1
Sapangan (Deep Only)\2024_AUG_SAP_D\2024_AUG_S_T2\GOPR4797.JPG,Sapangan (Deep Only)\2024_AUG_SAP_D\2024_AUG_S_T2\GOPR4797\Coral16.JPG,16,0.1545,Sapangan,T2,1
Sapangan (Deep Only)\2024_AUG_SAP_D\2024_AUG_S_T2\GOPR4787.JPG,Sapangan (Deep Only)\2024_AUG_SAP_D\2024_AUG_S_T2\GOPR4787\Coral2.JPG,2,0.5732,Sapangan,T2,1
Sapangan (Deep Only)\2024_AUG_SAP_D\2024_AUG_S_T2\GOPR4807.JPG,Sapangan (Deep Only)\2024_AUG_SAP_D\2024_AUG_S_T2\GOPR4807\Coral5.JPG,5,0.172,Sapangan,T2,1
Sapangan (Deep Only)\2024_JUL_SAP_D\SAP-D_T2\GOPR3286.JPG,Sapangan (Deep Only)\2024_JUL_SAP_D\SAP-D_T2\GOPR3286\Coral15.JPG,15,0.2033,Sapangan,T2,1
Sapangan (Deep Only)\2024_AUG_SAP_D\2024_AUG_S_T2\GOPR4782.JPG,Sapangan (Deep Only)\2024_AUG_SAP_D\2024_AUG_S_T2\GOPR4782\Coral10.JPG,10,0.2577,Sapangan,T2,1
Sapangan (Deep Only)\2024_JUL_SAP_D\SAP-D_T2\GOPR3268.JPG,Sapangan (Deep Only)\2024_JUL_SAP_D\SAP-D_T2\GOPR3268\Coral7.JPG,7,0.1603,Sapangan,T2,1
Sapangan (Deep Only)\2024_AUG_SAP_D\2024_AUG_S_T2\GOPR4768.JPG,Sapangan (Deep Only)\2024_AUG_SAP_D\2024_AUG_S_T2\GOPR4768\Coral1.JPG,1,0.6571,Sapangan,T2,1
Sapangan (Deep Only)\2024_AUG_SAP_D\2024_AUG_S_T2\GOPR4775.JPG,Sapangan (Deep Only)\2024_AUG_SAP_D\2024_AUG_S_T2\GOPR4775\Coral14.JPG,14,0.4031,Sapangan,T2,1
Sapangan (Deep Only)\2024_AUG_SAP_D\2024_AUG_S_T2\GOPR4779.JPG,Sapangan (Deep Only)\2024_AUG_SAP_D\2024_AUG_S_T2\GOPR4779\Coral37.JPG,37,0.1771,Sapangan,T2,1
Sapangan (Deep Only)\2024_JUL_SAP_D\SAP-D_T2\GOPR3280.JPG,Sapangan (Deep Only)\2024_JUL_SAP_D\SAP-D_T2\GOPR3280\Coral2.JPG,2,0.6299,Sapangan,T2,1
Sapangan (Deep Only)\2024_JUL_SAP_D\SAP-D_T2\GOPR3265.JPG,Sapangan (Deep Only)\2024_JUL_SAP_D\SAP-D_T2\GOPR3265\Coral17.JPG,17,0.2049,Sapangan,T2,1
Sapangan (Deep Only)\2024_AUG_SAP_D\2024_AUG_S_T2\GOPR4769.JPG,Sapangan (Deep Only)\2024_AUG_SAP_D\2024_AUG_S_T2\GOPR4769\Coral9.JPG,9,0.2159,Sapangan,T2,1
Sapangan (Deep Only)\2024_JUL_SAP_D\SAP-D_T2\GOPR3307.JPG,Sapangan (Deep Only)\2024_JUL_SAP_D\SAP-D_T2\GOPR3307\Coral26.JPG,26,0.1956,Sapangan,T2,1
Sapangan (Deep Only)\2024_AUG_SAP_D\2024_AUG_S_T2\GOPR4794.JPG,Sapangan (Deep Only)\2024_AUG_SAP_D\2024_AUG_S_T2\GOPR4794\Coral1.JPG,1,0.4125,Sapangan,T2,1
Sapangan (Deep Only)\2024_AUG_SAP_D\2024_AUG_S_T2\GOPR4815.JPG,Sapangan (Deep Only)\2024_AUG_SAP_D\2024_AUG_S_T2\GOPR4815\Coral20.JPG,20,0.1551,Sapangan,T2,1
Sapangan (Deep Only)\2024_AUG_SAP_D\2024_AUG_S_T2\GOPR4815.JPG,Sapangan (Deep Only)\2024_AUG_SAP_D\2024_AUG_S_T2\GOPR4815\Coral18.JPG,18,0.1676,Sapangan,T2,1
Sapangan (Deep Only)\2024_AUG_SAP_D\2024_AUG_S_T2\GOPR4815.JPG,Sapangan (Deep Only)\2024_AUG_SAP_D\2024_AUG_S_T2\GOPR4815\Coral5.JPG,5,0.3819,Sapangan,T2,1
Sapangan (Deep Only)\2024_AUG_SAP_D\2024_AUG_S_T2\GOPR4815.JPG,Sapangan (Deep Only)\2024_AUG_SAP_D\2024_AUG_S_T2\GOPR4815\Coral17.JPG,17,0.1736,Sapangan,T2,1
Sapangan (Deep Only)\2024_AUG_SAP_D\2024_AUG_S_T2\GOPR4815.JPG,Sapangan (Deep Only)\2024_AUG_SAP_D\2024_AUG_S_T2\GOPR4815\Coral16.JPG,16,0.2041,Sapangan,T2,1
Sapangan (Deep Only)\2024_JUL_SAP_D\SAP-D_T2\GOPR3299.JPG,Sapangan (Deep Only)\2024_JUL_SAP_D\SAP-D_T2\GOPR3299\Coral20.JPG,20,0.2546,Sapangan,T2,1
Sapangan (Deep Only)\2024_JUL_SAP_D\SAP-D_T2\GOPR3299.JPG,Sapangan (Deep Only)\2024_JUL_SAP_D\SAP-D_T2\GOPR3299\Coral5.JPG,5,0.5003,Sapangan,T2,1
Sapangan (Deep Only)\2024_JUL_SAP_D\SAP-D_T2\GOPR3299.JPG,Sapangan (Deep Only)\2024_JUL_SAP_D\SAP-D_T2\GOPR3299\Coral24.JPG,24,0.2149,Sapangan,T2,1
Sapangan (Deep Only)\2024_JUL_SAP_D\SAP-D_T2\GOPR3299.JPG,Sapangan (Deep Only)\2024_JUL_SAP_D\SAP-D_T2\GOPR3299\Coral30.JPG,30,0.1844,Sapangan,T2,1
Sapangan (Deep Only)\2024_AUG_SAP_D\2024_AUG_S_T2\GOPR4800.JPG,Sapangan (Deep Only)\2024_AUG_SAP_D\2024_AUG_S_T2\GOPR4800\Coral16.JPG,16,0.4007,Sapangan,T2,1
Sapangan (Deep Only)\2024_AUG_SAP_D\2024_AUG_S_T2\GOPR4800.JPG,Sapangan (Deep Only)\2024_AUG_SAP_D\2024_AUG_S_T2\GOPR4800\Coral29.JPG,29,0.2688,Sapangan,T2,1
Sapangan (Deep Only)\2024_AUG_SAP_D\2024_AUG_S_T2\GOPR4800.JPG,Sapangan (Deep Only)\2024_AUG_SAP_D\2024_AUG_S_T2\GOPR4800\Coral3.JPG,3,0.7064,Sapangan,T2,1
Sapangan (Deep Only)\2024_AUG_SAP_D\2024_AUG_S_T2\GOPR4800.JPG,Sapangan (Deep Only)\2024_AUG_SAP_D\2024_AUG_S_T2\GOPR4800\Coral4.JPG,4,0.6832,Sapangan,T2,1
Sapangan (Deep Only)\2024_AUG_SAP_D\2024_AUG_S_T2\GOPR4800.JPG,Sapangan (Deep Only)\2024_AUG_SAP_D\2024_AUG_S_T2\GOPR4800\Coral33.JPG,33,0.2353,Sapangan,T2,1
Sapangan (Deep Only)\2024_AUG_SAP_D\2024_AUG_S_T2\GOPR4800.JPG,Sapangan (Deep Only)\2024_AUG_SAP_D\2024_AUG_S_T2\GOPR4800\Coral12.JPG,12,0.4827,Sapangan,T2,1
Sapangan (Deep Only)\2024_AUG_SAP_D\2024_AUG_S_T2\GOPR4800.JPG,Sapangan (Deep Only)\2024_AUG_SAP_D\2024_AUG_S_T2\GOPR4800\Coral7.JPG,7,0.5772,Sapangan,T2,1
Sapangan (Deep Only)\2024_AUG_SAP_D\2024_AUG_S_T2\GOPR4800.JPG,Sapangan (Deep Only)\2024_AUG_SAP_D\2024_AUG_S_T2\GOPR4800\Coral10.JPG,10,0.5183,Sapangan,T2,1
Sapangan (Deep Only)\2024_JUL_SAP_D\SAP-D_T2\GOPR3303.JPG,Sapangan (Deep Only)\2024_JUL_SAP_D\SAP-D_T2\GOPR3303\Coral7.JPG,7,0.3849,Sapangan,T2,1
Sapangan (Deep Only)\2024_JUL_SAP_D\SAP-D_T2\GOPR3303.JPG,Sapangan (Deep Only)\2024_JUL_SAP_D\SAP-D_T2\GOPR3303\Coral14.JPG,14,0.1534,Sapangan,T2,1
Sapangan (Deep Only)\2024_JUL_SAP_D\SAP-D_T2\GOPR3303.JPG,Sapangan (Deep Only)\2024_JUL_SAP_D\SAP-D_T2\GOPR3303\Coral6.JPG,6,0.4061,Sapangan,T2,1
Sapangan (Deep Only)\2024_JUL_SAP_D\SAP-D_T2\GOPR3303.JPG,Sapangan (Deep Only)\2024_JUL_SAP_D\SAP-D_T2\GOPR3303\Coral8.JPG,8,0.3761,Sapangan,T2,1
Sapangan (Deep Only)\2024_JUL_SAP_D\SAP-D_T2\GOPR3271.JPG,Sapangan (Deep Only)\2024_JUL_SAP_D\SAP-D_T2\GOPR3271\Coral12.JPG,12,0.3906,Sapangan,T2,1
Sapangan (Deep Only)\2024_JUL_SAP_D\SAP-D_T2\GOPR3271.JPG,Sapangan (Deep Only)\2024_JUL_SAP_D\SAP-D_T2\GOPR3271\Coral34.JPG,34,0.1617,Sapangan,T2,1
Sapangan (Deep Only)\2024_JUL_SAP_D\SAP-D_T2\GOPR3271.JPG,Sapangan (Deep Only)\2024_JUL_SAP_D\SAP-D_T2\GOPR3271\Coral32.JPG,32,0.1655,Sapangan,T2,1
Sapangan (Deep Only)\2024_JUL_SAP_D\SAP-D_T2\GOPR3271.JPG,Sapangan (Deep Only)\2024_JUL_SAP_D\SAP-D_T2\GOPR3271\Coral2.JPG,2,0.6359,Sapangan,T2,1
Sapangan (Deep Only)\2024_AUG_SAP_D\2024_AUG_S_T2\GOPR4783.JPG,Sapangan (Deep Only)\2024_AUG_SAP_D\2024_AUG_S_T2\GOPR4783\Coral11.JPG,11,0.5423,Sapangan,T2,1
Sapangan (Deep Only)\2024_AUG_SAP_D\2024_AUG_S_T2\GOPR4783.JPG,Sapangan (Deep Only)\2024_AUG_SAP_D\2024_AUG_S_T2\GOPR4783\Coral9.JPG,9,0.5789,Sapangan,T2,1
Sapangan (Deep Only)\2024_AUG_SAP_D\2024_AUG_S_T2\GOPR4783.JPG,Sapangan (Deep Only)\2024_AUG_SAP_D\2024_AUG_S_T2\GOPR4783\Coral25.JPG,25,0.213,Sapangan,T2,1
Sapangan (Deep Only)\2024_AUG_SAP_D\2024_AUG_S_T2\GOPR4783.JPG,Sapangan (Deep Only)\2024_AUG_SAP_D\2024_AUG_S_T2\GOPR4783\Coral8.JPG,8,0.5936,Sapangan,T2,1
Sapangan (Deep Only)\2024_AUG_SAP_D\2024_AUG_S_T2\GOPR4783.JPG,Sapangan (Deep Only)\2024_AUG_SAP_D\2024_AUG_S_T2\GOPR4783\Coral28.JPG,28,0.1811,Sapangan,T2,1
Sapangan (Deep Only)\2024_AUG_SAP_D\2024_AUG_S_T2\GOPR4783.JPG,Sapangan (Deep Only)\2024_AUG_SAP_D\2024_AUG_S_T2\GOPR4783\Coral31.JPG,31,0.1639,Sapangan,T2,1
Sapangan (Deep Only)\2024_AUG_SAP_D\2024_AUG_S_T2\GOPR4783.JPG,Sapangan (Deep Only)\2024_AUG_SAP_D\2024_AUG_S_T2\GOPR4783\Coral27.JPG,27,0.1998,Sapangan,T2,1
Sapangan (Deep Only)\2024_AUG_SAP_D\2024_AUG_S_T2\GOPR4789.JPG,Sapangan (Deep Only)\2024_AUG_SAP_D\2024_AUG_S_T2\GOPR4789\Coral4.JPG,4,0.2269,Sapangan,T2,1
Sapangan (Deep Only)\2024_JUL_SAP_D\SAP-D_T2\GOPR3294.JPG,Sapangan (Deep Only)\2024_JUL_SAP_D\SAP-D_T2\GOPR3294\Coral33.JPG,33,0.3318,Sapangan,T2,1
Sapangan (Deep Only)\2024_JUL_SAP_D\SAP-D_T2\GOPR3294.JPG,Sapangan (Deep Only)\2024_JUL_SAP_D\SAP-D_T2\GOPR3294\Coral43.JPG,43,0.2562,Sapangan,T2,1
Sapangan (Deep Only)\2024_JUL_SAP_D\SAP-D_T2\GOPR3294.JPG,Sapangan (Deep Only)\2024_JUL_SAP_D\SAP-D_T2\GOPR3294\Coral54.JPG,54,0.216,Sapangan,T2,1
Sapangan (Deep Only)\2024_JUL_SAP_D\SAP-D_T2\GOPR3294.JPG,Sapangan (Deep Only)\2024_JUL_SAP_D\SAP-D_T2\GOPR3294\Coral62.JPG,62,0.1878,Sapangan,T2,1
Sapangan (Deep Only)\2024_JUL_SAP_D\SAP-D_T2\GOPR3294.JPG,Sapangan (Deep Only)\2024_JUL_SAP_D\SAP-D_T2\GOPR3294\Coral55.JPG,55,0.2083,Sapangan,T2,1
Sapangan (Deep Only)\2024_JUL_SAP_D\SAP-D_T2\GOPR3294.JPG,Sapangan (Deep Only)\2024_JUL_SAP_D\SAP-D_T2\GOPR3294\Coral20.JPG,20,0.4808,Sapangan,T2,1
Sapangan (Deep Only)\2024_JUL_SAP_D\SAP-D_T2\GOPR3294.JPG,Sapangan (Deep Only)\2024_JUL_SAP_D\SAP-D_T2\GOPR3294\Coral52.JPG,52,0.2209,Sapangan,T2,1
Sapangan (Deep Only)\2024_JUL_SAP_D\SAP-D_T2\GOPR3294.JPG,Sapangan (Deep Only)\2024_JUL_SAP_D\SAP-D_T2\GOPR3294\Coral64.JPG,64,0.1745,Sapangan,T2,1
Sapangan (Deep Only)\2024_JUL_SAP_D\SAP-D_T2\GOPR3294.JPG,Sapangan (Deep Only)\2024_JUL_SAP_D\SAP-D_T2\GOPR3294\Coral3.JPG,3,0.7156,Sapangan,T2,1
Sapangan (Deep Only)\2024_JUL_SAP_D\SAP-D_T2\GOPR3294.JPG,Sapangan (Deep Only)\2024_JUL_SAP_D\SAP-D_T2\GOPR3294\Coral2.JPG,2,0.7372,Sapangan,T2,1
Sapangan (Deep Only)\2024_JUL_SAP_D\SAP-D_T2\GOPR3294.JPG,Sapangan (Deep Only)\2024_JUL_SAP_D\SAP-D_T2\GOPR3294\Coral57.JPG,57,0.2067,Sapangan,T2,1
Sapangan (Deep Only)\2024_JUL_SAP_D\SAP-D_T2\GOPR3294.JPG,Sapangan (Deep Only)\2024_JUL_SAP_D\SAP-D_T2\GOPR3294\Coral16.JPG,16,0.526,Sapangan,T2,1
Sapangan (Deep Only)\2024_JUL_SAP_D\SAP-D_T2\GOPR3294.JPG,Sapangan (Deep Only)\2024_JUL_SAP_D\SAP-D_T2\GOPR3294\Coral38.JPG,38,0.3019,Sapangan,T2,1
Sapangan (Deep Only)\2024_JUL_SAP_D\SAP-D_T2\GOPR3294.JPG,Sapangan (Deep Only)\2024_JUL_SAP_D\SAP-D_T2\GOPR3294\Coral69.JPG,69,0.1567,Sapangan,T2,1
Sapangan (Deep Only)\2024_JUL_SAP_D\SAP-D_T2\GOPR3294.JPG,Sapangan (Deep Only)\2024_JUL_SAP_D\SAP-D_T2\GOPR3294\Coral22.JPG,22,0.4636,Sapangan,T2,1
Sapangan (Deep Only)\2024_AUG_SAP_D\2024_AUG_S_T2\GOPR4810.JPG,Sapangan (Deep Only)\2024_AUG_SAP_D\2024_AUG_S_T2\GOPR4810\Coral9.JPG,9,0.2447,Sapangan,T2,1
Sapangan (Deep Only)\2024_AUG_SAP_D\2024_AUG_S_T2\GOPR4810.JPG,Sapangan (Deep Only)\2024_AUG_SAP_D\2024_AUG_S_T2\GOPR4810\Coral11.JPG,11,0.2256,Sapangan,T2,1
Sapangan (Deep Only)\2024_JUL_SAP_D\SAP-D_T3\GOPR3327.JPG,Sapangan (Deep Only)\2024_JUL_SAP_D\SAP-D_T3\GOPR3327\Coral5.JPG,5,0.4158,Sapangan,T3,1
Sapangan (Deep Only)\2024_JUL_SAP_D\SAP-D_T3\GOPR3324.JPG,Sapangan (Deep Only)\2024_JUL_SAP_D\SAP-D_T3\GOPR3324\Coral16.JPG,16,0.1524,Sapangan,T3,1
Sapangan (Deep Only)\2024_JUL_SAP_D\SAP-D_T3\GOPR3356.JPG,Sapangan (Deep Only)\2024_JUL_SAP_D\SAP-D_T3\GOPR3356\Coral7.JPG,7,0.2354,Sapangan,T3,1
Sapangan (Deep Only)\2024_JUL_SAP_D\SAP-D_T3\GOPR3333.JPG,Sapangan (Deep Only)\2024_JUL_SAP_D\SAP-D_T3\GOPR3333\Coral11.JPG,11,0.1663,Sapangan,T3,1
Sapangan (Deep Only)\2024_JUL_SAP_D\SAP-D_T3\GOPR3338.JPG,Sapangan (Deep Only)\2024_JUL_SAP_D\SAP-D_T3\GOPR3338\Coral5.JPG,5,0.2412,Sapangan,T3,1
Sapangan (Deep Only)\2024_AUG_SAP_D\2024_AUG_S_T3\GOPR5027.JPG,Sapangan (Deep Only)\2024_AUG_SAP_D\2024_AUG_S_T3\GOPR5027\Coral3.JPG,3,0.3308,Sapangan,T3,1
Sapangan (Deep Only)\2024_JUL_SAP_D\SAP-D_T3\GOPR3355.JPG,Sapangan (Deep Only)\2024_JUL_SAP_D\SAP-D_T3\GOPR3355\Coral14.JPG,14,0.2425,Sapangan,T3,1
Sapangan (Deep Only)\2024_JUL_SAP_D\SAP-D_T3\GOPR3354.JPG,Sapangan (Deep Only)\2024_JUL_SAP_D\SAP-D_T3\GOPR3354\Coral6.JPG,6,0.1607,Sapangan,T3,1
Sapangan (Deep Only)\2024_JUL_SAP_D\SAP-D_T3\GOPR3334.JPG,Sapangan (Deep Only)\2024_JUL_SAP_D\SAP-D_T3\GOPR3334\Coral12.JPG,12,0.1952,Sapangan,T3,1
Sapangan (Deep Only)\2024_AUG_SAP_D\2024_AUG_S_T3\GOPR5022.JPG,Sapangan (Deep Only)\2024_AUG_SAP_D\2024_AUG_S_T3\GOPR5022\Coral2.JPG,2,0.5234,Sapangan,T3,1
Sapangan (Deep Only)\2024_AUG_SAP_D\2024_AUG_S_T3\GOPR5062.JPG,Sapangan (Deep Only)\2024_AUG_SAP_D\2024_AUG_S_T3\GOPR5062\Coral1.JPG,1,0.8282,Sapangan,T3,1
Sapangan (Deep Only)\2024_AUG_SAP_D\2024_AUG_S_T3\GOPR5073.JPG,Sapangan (Deep Only)\2024_AUG_SAP_D\2024_AUG_S_T3\GOPR5073\Coral1.JPG,1,0.7135,Sapangan,T3,1
Sapangan (Deep Only)\2024_AUG_SAP_D\2024_AUG_S_T3\GOPR5083.JPG,Sapangan (Deep Only)\2024_AUG_SAP_D\2024_AUG_S_T3\GOPR5083\Coral4.JPG,4,0.37,Sapangan,T3,1
Sapangan (Deep Only)\2024_AUG_SAP_D\2024_AUG_S_T3\GOPR5028.JPG,Sapangan (Deep Only)\2024_AUG_SAP_D\2024_AUG_S_T3\GOPR5028\Coral7.JPG,7,0.2438,Sapangan,T3,1
Sapangan (Deep Only)\2024_AUG_SAP_D\2024_AUG_S_T3\GOPR5032.JPG,Sapangan (Deep Only)\2024_AUG_SAP_D\2024_AUG_S_T3\GOPR5032\Coral1.JPG,1,0.6729,Sapangan,T3,1
Sapangan (Deep Only)\2024_JUL_SAP_D\SAP-D_T3\GOPR3330.JPG,Sapangan (Deep Only)\2024_JUL_SAP_D\SAP-D_T3\GOPR3330\Coral12.JPG,12,0.3934,Sapangan,T3,1
Sapangan (Deep Only)\2024_JUL_SAP_D\SAP-D_T3\GOPR3329.JPG,Sapangan (Deep Only)\2024_JUL_SAP_D\SAP-D_T3\GOPR3329\Coral4.JPG,4,0.4295,Sapangan,T3,1
Sapangan (Deep Only)\2024_AUG_SAP_D\2024_AUG_S_T3\GOPR5023.JPG,Sapangan (Deep Only)\2024_AUG_SAP_D\2024_AUG_S_T3\GOPR5023\Coral2.JPG,2,0.4758,Sapangan,T3,1
Sapangan (Deep Only)\2024_AUG_SAP_D\2024_AUG_S_T3\GOPR5061.JPG,Sapangan (Deep Only)\2024_AUG_SAP_D\2024_AUG_S_T3\GOPR5061\Coral5.JPG,5,0.3396,Sapangan,T3,1
Sapangan (Deep Only)\2024_AUG_SAP_D\2024_AUG_S_T3\GOPR5056.JPG,Sapangan (Deep Only)\2024_AUG_SAP_D\2024_AUG_S_T3\GOPR5056\Coral20.JPG,20,0.193,Sapangan,T3,1
Sapangan (Deep Only)\2024_AUG_SAP_D\2024_AUG_S_T3\GOPR5025.JPG,Sapangan (Deep Only)\2024_AUG_SAP_D\2024_AUG_S_T3\GOPR5025\Coral4.JPG,4,0.2286,Sapangan,T3,1
Sapangan (Deep Only)\2024_AUG_SAP_D\2024_AUG_S_T3\GOPR5033.JPG,Sapangan (Deep Only)\2024_AUG_SAP_D\2024_AUG_S_T3\GOPR5033\Coral3.JPG,3,0.4897,Sapangan,T3,1
Sapangan (Deep Only)\2024_JUL_SAP_D\SAP-D_T3\GOPR3327.JPG,Sapangan (Deep Only)\2024_JUL_SAP_D\SAP-D_T3\GOPR3327\Coral10.JPG,10,0.2396,Sapangan,T3,1
Sapangan (Deep Only)\2024_JUL_SAP_D\SAP-D_T3\GOPR3324.JPG,Sapangan (Deep Only)\2024_JUL_SAP_D\SAP-D_T3\GOPR3324\Coral1.JPG,1,0.6204,Sapangan,T3,1
Sapangan (Deep Only)\2024_JUL_SAP_D\SAP-D_T3\GOPR3356.JPG,Sapangan (Deep Only)\2024_JUL_SAP_D\SAP-D_T3\GOPR3356\Coral8.JPG,8,0.2242,Sapangan,T3,1
Sapangan (Deep Only)\2024_AUG_SAP_D\2024_AUG_S_T3\GOPR5071.JPG,Sapangan (Deep Only)\2024_AUG_SAP_D\2024_AUG_S_T3\GOPR5071\Coral10.JPG,10,0.5063,Sapangan,T3,1
Sapangan (Deep Only)\2024_JUL_SAP_D\SAP-D_T3\GOPR3338.JPG,Sapangan (Deep Only)\2024_JUL_SAP_D\SAP-D_T3\GOPR3338\Coral9.JPG,9,0.1822,Sapangan,T3,1
Sapangan (Deep Only)\2024_JUL_SAP_D\SAP-D_T3\GOPR3357.JPG,Sapangan (Deep Only)\2024_JUL_SAP_D\SAP-D_T3\GOPR3357\Coral14.JPG,14,0.2964,Sapangan,T3,1
Sapangan (Deep Only)\2024_JUL_SAP_D\SAP-D_T3\GOPR3355.JPG,Sapangan (Deep Only)\2024_JUL_SAP_D\SAP-D_T3\GOPR3355\Coral24.JPG,24,0.152,Sapangan,T3,1
Sapangan (Deep Only)\2024_AUG_SAP_D\2024_AUG_S_T3\GOPR5038.JPG,Sapangan (Deep Only)\2024_AUG_SAP_D\2024_AUG_S_T3\GOPR5038\Coral13.JPG,13,0.3277,Sapangan,T3,1
Sapangan (Deep Only)\2024_JUL_SAP_D\SAP-D_T3\GOPR3334.JPG,Sapangan (Deep Only)\2024_JUL_SAP_D\SAP-D_T3\GOPR3334\Coral10.JPG,10,0.2101,Sapangan,T3,1
Sapangan (Deep Only)\2024_JUL_SAP_D\SAP-D_T3\GOPR3358.JPG,Sapangan (Deep Only)\2024_JUL_SAP_D\SAP-D_T3\GOPR3358\Coral29.JPG,29,0.2131,Sapangan,T3,1
Sapangan (Deep Only)\2024_JUL_SAP_D\SAP-D_T3\GOPR3326.JPG,Sapangan (Deep Only)\2024_JUL_SAP_D\SAP-D_T3\GOPR3326\Coral2.JPG,2,0.4418,Sapangan,T3,1
Sapangan (Deep Only)\2024_JUL_SAP_D\SAP-D_T3\GOPR3336.JPG,Sapangan (Deep Only)\2024_JUL_SAP_D\SAP-D_T3\GOPR3336\Coral14.JPG,14,0.2344,Sapangan,T3,1
Sapangan (Deep Only)\2024_AUG_SAP_D\2024_AUG_S_T3\GOPR5083.JPG,Sapangan (Deep Only)\2024_AUG_SAP_D\2024_AUG_S_T3\GOPR5083\Coral8.JPG,8,0.2851,Sapangan,T3,1
Sapangan (Deep Only)\2024_JUL_SAP_D\SAP-D_T3\GOPR3328.JPG,Sapangan (Deep Only)\2024_JUL_SAP_D\SAP-D_T3\GOPR3328\Coral6.JPG,6,0.4593,Sapangan,T3,1
Sapangan (Deep Only)\2024_AUG_SAP_D\2024_AUG_S_T3\GOPR5032.JPG,Sapangan (Deep Only)\2024_AUG_SAP_D\2024_AUG_S_T3\GOPR5032\Coral2.JPG,2,0.4213,Sapangan,T3,1
Sapangan (Deep Only)\2024_AUG_SAP_D\2024_AUG_S_T3\GOPR5034.JPG,Sapangan (Deep Only)\2024_AUG_SAP_D\2024_AUG_S_T3\GOPR5034\Coral6.JPG,6,0.2872,Sapangan,T3,1
Sapangan (Deep Only)\2024_JUL_SAP_D\SAP-D_T3\GOPR3329.JPG,Sapangan (Deep Only)\2024_JUL_SAP_D\SAP-D_T3\GOPR3329\Coral7.JPG,7,0.2882,Sapangan,T3,1
Sapangan (Deep Only)\2024_JUL_SAP_D\SAP-D_T3\GOPR3347.JPG,Sapangan (Deep Only)\2024_JUL_SAP_D\SAP-D_T3\GOPR3347\Coral16.JPG,16,0.34,Sapangan,T3,1
Sapangan (Deep Only)\2024_AUG_SAP_D\2024_AUG_S_T3\GOPR5084.JPG,Sapangan (Deep Only)\2024_AUG_SAP_D\2024_AUG_S_T3\GOPR5084\Coral6.JPG,6,0.4835,Sapangan,T3,1
Sapangan (Deep Only)\2024_JUL_SAP_D\SAP-D_T3\GOPR3365.JPG,Sapangan (Deep Only)\2024_JUL_SAP_D\SAP-D_T3\GOPR3365\Coral2.JPG,2,0.2836,Sapangan,T3,1
Sapangan (Deep Only)\2024_AUG_SAP_D\2024_AUG_S_T3\GOPR5031.JPG,Sapangan (Deep Only)\2024_AUG_SAP_D\2024_AUG_S_T3\GOPR5031\Coral10.JPG,10,0.2007,Sapangan,T3,1
Sapangan (Deep Only)\2024_AUG_SAP_D\2024_AUG_S_T3\GOPR5072.JPG,Sapangan (Deep Only)\2024_AUG_SAP_D\2024_AUG_S_T3\GOPR5072\Coral5.JPG,5,0.378,Sapangan,T3,1
Sapangan (Deep Only)\2024_JUL_SAP_D\SAP-D_T3\GOPR3361.JPG,Sapangan (Deep Only)\2024_JUL_SAP_D\SAP-D_T3\GOPR3361\Coral11.JPG,11,0.2592,Sapangan,T3,1
Sapangan (Deep Only)\2024_JUL_SAP_D\SAP-D_T3\GOPR3335.JPG,Sapangan (Deep Only)\2024_JUL_SAP_D\SAP-D_T3\GOPR3335\Coral2.JPG,2,0.3573,Sapangan,T3,1
Sapangan (Deep Only)\2024_JUL_SAP_D\SAP-D_T3\GOPR3319.JPG,Sapangan (Deep Only)\2024_JUL_SAP_D\SAP-D_T3\GOPR3319\Coral4.JPG,4,0.3879,Sapangan,T3,1
Sapangan (Deep Only)\2024_JUL_SAP_D\SAP-D_T3\GOPR3354.JPG,Sapangan (Deep Only)\2024_JUL_SAP_D\SAP-D_T3\GOPR3354\Coral8.JPG,8,0.1537,Sapangan,T3,1
Sapangan (Deep Only)\2024_JUL_SAP_D\SAP-D_T3\GOPR3358.JPG,Sapangan (Deep Only)\2024_JUL_SAP_D\SAP-D_T3\GOPR3358\Coral10.JPG,10,0.393,Sapangan,T3,1
Sapangan (Deep Only)\2024_JUL_SAP_D\SAP-D_T3\GOPR3337.JPG,Sapangan (Deep Only)\2024_JUL_SAP_D\SAP-D_T3\GOPR3337\Coral16.JPG,16,0.1793,Sapangan,T3,1
Sapangan (Deep Only)\2024_JUL_SAP_D\SAP-D_T3\GOPR3321.JPG,Sapangan (Deep Only)\2024_JUL_SAP_D\SAP-D_T3\GOPR3321\Coral6.JPG,6,0.4055,Sapangan,T3,1
Sapangan (Deep Only)\2024_JUL_SAP_D\SAP-D_T3\GOPR3332.JPG,Sapangan (Deep Only)\2024_JUL_SAP_D\SAP-D_T3\GOPR3332\Coral7.JPG,7,0.4899,Sapangan,T3,1
Sapangan (Deep Only)\2024_JUL_SAP_D\SAP-D_T3\GOPR3322.JPG,Sapangan (Deep Only)\2024_JUL_SAP_D\SAP-D_T3\GOPR3322\Coral1.JPG,1,0.8489,Sapangan,T3,1
Sapangan (Deep Only)\2024_JUL_SAP_D\SAP-D_T3\GOPR3330.JPG,Sapangan (Deep Only)\2024_JUL_SAP_D\SAP-D_T3\GOPR3330\Coral9.JPG,9,0.4351,Sapangan,T3,1
Sapangan (Deep Only)\2024_AUG_SAP_D\2024_AUG_S_T3\GOPR5059.JPG,Sapangan (Deep Only)\2024_AUG_SAP_D\2024_AUG_S_T3\GOPR5059\Coral11.JPG,11,0.3703,Sapangan,T3,1
Sapangan (Deep Only)\2024_JUL_SAP_D\SAP-D_T3\GOPR3347.JPG,Sapangan (Deep Only)\2024_JUL_SAP_D\SAP-D_T3\GOPR3347\Coral2.JPG,2,0.6379,Sapangan,T3,1
Sapangan (Deep Only)\2024_AUG_SAP_D\2024_AUG_S_T3\GOPR5056.JPG,Sapangan (Deep Only)\2024_AUG_SAP_D\2024_AUG_S_T3\GOPR5056\Coral22.JPG,22,0.1516,Sapangan,T3,1
Sapangan (Deep Only)\2024_AUG_SAP_D\2024_AUG_S_T3\GOPR5031.JPG,Sapangan (Deep Only)\2024_AUG_SAP_D\2024_AUG_S_T3\GOPR5031\Coral5.JPG,5,0.5119,Sapangan,T3,1
Sapangan (Deep Only)\2024_AUG_SAP_D\2024_AUG_S_T3\GOPR5055.JPG,Sapangan (Deep Only)\2024_AUG_SAP_D\2024_AUG_S_T3\GOPR5055\Coral16.JPG,16,0.2034,Sapangan,T3,1
Sapangan (Deep Only)\2024_JUL_SAP_D\SAP-D_T3\GOPR3342.JPG,Sapangan (Deep Only)\2024_JUL_SAP_D\SAP-D_T3\GOPR3342\Coral8.JPG,8,0.2315,Sapangan,T3,1
Sapangan (Deep Only)\2024_AUG_SAP_D\2024_AUG_S_T3\GOPR5053.JPG,Sapangan (Deep Only)\2024_AUG_SAP_D\2024_AUG_S_T3\GOPR5053\Coral23.JPG,23,0.225,Sapangan,T3,1
Sapangan (Deep Only)\2024_AUG_SAP_D\2024_AUG_S_T3\GOPR5033.JPG,Sapangan (Deep Only)\2024_AUG_SAP_D\2024_AUG_S_T3\GOPR5033\Coral8.JPG,8,0.3114,Sapangan,T3,1
Sapangan (Deep Only)\2024_AUG_SAP_D\2024_AUG_S_T3\GOPR5048.JPG,Sapangan (Deep Only)\2024_AUG_SAP_D\2024_AUG_S_T3\GOPR5048\Coral12.JPG,12,0.3,Sapangan,T3,1
Sapangan (Deep Only)\2024_AUG_SAP_D\2024_AUG_S_T3\GOPR5048.JPG,Sapangan (Deep Only)\2024_AUG_SAP_D\2024_AUG_S_T3\GOPR5048\Coral1.JPG,1,0.8255,Sapangan,T3,1
Sapangan (Deep Only)\2024_AUG_SAP_D\2024_AUG_S_T3\GOPR5048.JPG,Sapangan (Deep Only)\2024_AUG_SAP_D\2024_AUG_S_T3\GOPR5048\Coral3.JPG,3,0.6676,Sapangan,T3,1
Sapangan (Deep Only)\2024_AUG_SAP_D\2024_AUG_S_T3\GOPR5048.JPG,Sapangan (Deep Only)\2024_AUG_SAP_D\2024_AUG_S_T3\GOPR5048\Coral17.JPG,17,0.2071,Sapangan,T3,1
Sapangan (Deep Only)\2024_JUL_SAP_D\SAP-D_T3\GOPR3345.JPG,Sapangan (Deep Only)\2024_JUL_SAP_D\SAP-D_T3\GOPR3345\Coral2.JPG,2,0.3488,Sapangan,T3,1
Sapangan (Deep Only)\2024_AUG_SAP_D\2024_AUG_S_T3\GOPR5060.JPG,Sapangan (Deep Only)\2024_AUG_SAP_D\2024_AUG_S_T3\GOPR5060\Coral19.JPG,19,0.2267,Sapangan,T3,1
Sapangan (Deep Only)\2024_AUG_SAP_D\2024_AUG_S_T3\GOPR5060.JPG,Sapangan (Deep Only)\2024_AUG_SAP_D\2024_AUG_S_T3\GOPR5060\Coral15.JPG,15,0.2936,Sapangan,T3,1
Sapangan (Deep Only)\2024_AUG_SAP_D\2024_AUG_S_T3\GOPR5060.JPG,Sapangan (Deep Only)\2024_AUG_SAP_D\2024_AUG_S_T3\GOPR5060\Coral11.JPG,11,0.4492,Sapangan,T3,1
Sapangan (Deep Only)\2024_AUG_SAP_D\2024_AUG_S_T3\GOPR5060.JPG,Sapangan (Deep Only)\2024_AUG_SAP_D\2024_AUG_S_T3\GOPR5060\Coral16.JPG,16,0.2911,Sapangan,T3,1
Sapangan (Deep Only)\2024_AUG_SAP_D\2024_AUG_S_T3\GOPR5060.JPG,Sapangan (Deep Only)\2024_AUG_SAP_D\2024_AUG_S_T3\GOPR5060\Coral24.JPG,24,0.1678,Sapangan,T3,1
Sapangan (Deep Only)\2024_JUL_SAP_D\SAP-D_T3\GOPR3327.JPG,Sapangan (Deep Only)\2024_JUL_SAP_D\SAP-D_T3\GOPR3327\Coral2.JPG,2,0.4987,Sapangan,T3,1
Sapangan (Deep Only)\2024_AUG_SAP_D\2024_AUG_S_T3\GOPR5024.JPG,Sapangan (Deep Only)\2024_AUG_SAP_D\2024_AUG_S_T3\GOPR5024\Coral9.JPG,9,0.2252,Sapangan,T3,1
Sapangan (Deep Only)\2024_AUG_SAP_D\2024_AUG_S_T3\GOPR5024.JPG,Sapangan (Deep Only)\2024_AUG_SAP_D\2024_AUG_S_T3\GOPR5024\Coral7.JPG,7,0.2777,Sapangan,T3,1
Sapangan (Deep Only)\2024_AUG_SAP_D\2024_AUG_S_T3\GOPR5024.JPG,Sapangan (Deep Only)\2024_AUG_SAP_D\2024_AUG_S_T3\GOPR5024\Coral5.JPG,5,0.3082,Sapangan,T3,1
Sapangan (Deep Only)\2024_AUG_SAP_D\2024_AUG_S_T3\GOPR5064.JPG,Sapangan (Deep Only)\2024_AUG_SAP_D\2024_AUG_S_T3\GOPR5064\Coral21.JPG,21,0.328,Sapangan,T3,1
Sapangan (Deep Only)\2024_AUG_SAP_D\2024_AUG_S_T3\GOPR5064.JPG,Sapangan (Deep Only)\2024_AUG_SAP_D\2024_AUG_S_T3\GOPR5064\Coral16.JPG,16,0.3889,Sapangan,T3,1
Sapangan (Deep Only)\2024_AUG_SAP_D\2024_AUG_S_T3\GOPR5064.JPG,Sapangan (Deep Only)\2024_AUG_SAP_D\2024_AUG_S_T3\GOPR5064\Coral29.JPG,29,0.1817,Sapangan,T3,1
Sapangan (Deep Only)\2024_AUG_SAP_D\2024_AUG_S_T3\GOPR5064.JPG,Sapangan (Deep Only)\2024_AUG_SAP_D\2024_AUG_S_T3\GOPR5064\Coral25.JPG,25,0.215,Sapangan,T3,1
Sapangan (Deep Only)\2024_AUG_SAP_D\2024_AUG_S_T3\GOPR5064.JPG,Sapangan (Deep Only)\2024_AUG_SAP_D\2024_AUG_S_T3\GOPR5064\Coral8.JPG,8,0.6559,Sapangan,T3,1
Sapangan (Deep Only)\2024_AUG_SAP_D\2024_AUG_S_T3\GOPR5064.JPG,Sapangan (Deep Only)\2024_AUG_SAP_D\2024_AUG_S_T3\GOPR5064\Coral11.JPG,11,0.5021,Sapangan,T3,1
Sapangan (Deep Only)\2024_AUG_SAP_D\2024_AUG_S_T3\GOPR5064.JPG,Sapangan (Deep Only)\2024_AUG_SAP_D\2024_AUG_S_T3\GOPR5064\Coral10.JPG,10,0.5853,Sapangan,T3,1
Sapangan (Deep Only)\2024_AUG_SAP_D\2024_AUG_S_T3\GOPR5064.JPG,Sapangan (Deep Only)\2024_AUG_SAP_D\2024_AUG_S_T3\GOPR5064\Coral14.JPG,14,0.4742,Sapangan,T3,1
Sapangan (Deep Only)\2024_JUL_SAP_D\SAP-D_T3\GOPR3324.JPG,Sapangan (Deep Only)\2024_JUL_SAP_D\SAP-D_T3\GOPR3324\Coral4.JPG,4,0.427,Sapangan,T3,1
Sapangan (Deep Only)\2024_JUL_SAP_D\SAP-D_T3\GOPR3324.JPG,Sapangan (Deep Only)\2024_JUL_SAP_D\SAP-D_T3\GOPR3324\Coral2.JPG,2,0.5829,Sapangan,T3,1
Sapangan (Deep Only)\2024_AUG_SAP_D\2024_AUG_S_T3\GOPR5036.JPG,Sapangan (Deep Only)\2024_AUG_SAP_D\2024_AUG_S_T3\GOPR5036\Coral16.JPG,16,0.2037,Sapangan,T3,1
Sapangan (Deep Only)\2024_AUG_SAP_D\2024_AUG_S_T3\GOPR5036.JPG,Sapangan (Deep Only)\2024_AUG_SAP_D\2024_AUG_S_T3\GOPR5036\Coral3.JPG,3,0.4982,Sapangan,T3,1
Sapangan (Deep Only)\2024_AUG_SAP_D\2024_AUG_S_T3\GOPR5036.JPG,Sapangan (Deep Only)\2024_AUG_SAP_D\2024_AUG_S_T3\GOPR5036\Coral1.JPG,1,0.5651,Sapangan,T3,1
Sapangan (Deep Only)\2024_AUG_SAP_D\2024_AUG_S_T3\GOPR5070.JPG,Sapangan (Deep Only)\2024_AUG_SAP_D\2024_AUG_S_T3\GOPR5070\Coral15.JPG,15,0.3314,Sapangan,T3,1
Sapangan (Deep Only)\2024_AUG_SAP_D\2024_AUG_S_T3\GOPR5070.JPG,Sapangan (Deep Only)\2024_AUG_SAP_D\2024_AUG_S_T3\GOPR5070\Coral7.JPG,7,0.4771,Sapangan,T3,1
Sapangan (Deep Only)\2024_AUG_SAP_D\2024_AUG_S_T3\GOPR5070.JPG,Sapangan (Deep Only)\2024_AUG_SAP_D\2024_AUG_S_T3\GOPR5070\Coral6.JPG,6,0.478,Sapangan,T3,1
Sapangan (Deep Only)\2024_AUG_SAP_D\2024_AUG_S_T3\GOPR5070.JPG,Sapangan (Deep Only)\2024_AUG_SAP_D\2024_AUG_S_T3\GOPR5070\Coral23.JPG,23,0.2738,Sapangan,T3,1
Sapangan (Deep Only)\2024_AUG_SAP_D\2024_AUG_S_T3\GOPR5070.JPG,Sapangan (Deep Only)\2024_AUG_SAP_D\2024_AUG_S_T3\GOPR5070\Coral36.JPG,36,0.1652,Sapangan,T3,1
Sapangan (Deep Only)\2024_AUG_SAP_D\2024_AUG_S_T3\GOPR5070.JPG,Sapangan (Deep Only)\2024_AUG_SAP_D\2024_AUG_S_T3\GOPR5070\Coral31.JPG,31,0.2053,Sapangan,T3,1
Sapangan (Deep Only)\2024_AUG_SAP_D\2024_AUG_S_T3\GOPR5070.JPG,Sapangan (Deep Only)\2024_AUG_SAP_D\2024_AUG_S_T3\GOPR5070\Coral1.JPG,1,0.8233,Sapangan,T3,1
Sapangan (Deep Only)\2024_AUG_SAP_D\2024_AUG_S_T3\GOPR5070.JPG,Sapangan (Deep Only)\2024_AUG_SAP_D\2024_AUG_S_T3\GOPR5070\Coral18.JPG,18,0.3046,Sapangan,T3,1
Sapangan (Deep Only)\2024_AUG_SAP_D\2024_AUG_S_T3\GOPR5070.JPG,Sapangan (Deep Only)\2024_AUG_SAP_D\2024_AUG_S_T3\GOPR5070\Coral26.JPG,26,0.2539,Sapangan,T3,1
Sapangan (Deep Only)\2024_AUG_SAP_D\2024_AUG_S_T3\GOPR5070.JPG,Sapangan (Deep Only)\2024_AUG_SAP_D\2024_AUG_S_T3\GOPR5070\Coral35.JPG,35,0.1734,Sapangan,T3,1
Sapangan (Deep Only)\2024_AUG_SAP_D\2024_AUG_S_T3\GOPR5070.JPG,Sapangan (Deep Only)\2024_AUG_SAP_D\2024_AUG_S_T3\GOPR5070\Coral30.JPG,30,0.2071,Sapangan,T3,1
Sapangan (Deep Only)\2024_JUL_SAP_D\SAP-D_T3\GOPR3335.JPG,Sapangan (Deep Only)\2024_JUL_SAP_D\SAP-D_T3\GOPR3335\Coral5.JPG,5,0.2118,Sapangan,T3,1
Sapangan (Deep Only)\2024_JUL_SAP_D\SAP-D_T3\GOPR3356.JPG,Sapangan (Deep Only)\2024_JUL_SAP_D\SAP-D_T3\GOPR3356\Coral4.JPG,4,0.4482,Sapangan,T3,1
Sapangan (Deep Only)\2024_JUL_SAP_D\SAP-D_T3\GOPR3356.JPG,Sapangan (Deep Only)\2024_JUL_SAP_D\SAP-D_T3\GOPR3356\Coral11.JPG,11,0.1739,Sapangan,T3,1
Sapangan (Deep Only)\2024_JUL_SAP_D\SAP-D_T3\GOPR3356.JPG,Sapangan (Deep Only)\2024_JUL_SAP_D\SAP-D_T3\GOPR3356\Coral10.JPG,10,0.2139,Sapangan,T3,1
Sapangan (Deep Only)\2024_JUL_SAP_D\SAP-D_T3\GOPR3356.JPG,Sapangan (Deep Only)\2024_JUL_SAP_D\SAP-D_T3\GOPR3356\Coral3.JPG,3,0.552,Sapangan,T3,1
Sapangan (Deep Only)\2024_AUG_SAP_D\2024_AUG_S_T3\GOPR5071.JPG,Sapangan (Deep Only)\2024_AUG_SAP_D\2024_AUG_S_T3\GOPR5071\Coral14.JPG,14,0.4543,Sapangan,T3,1
Sapangan (Deep Only)\2024_AUG_SAP_D\2024_AUG_S_T3\GOPR5071.JPG,Sapangan (Deep Only)\2024_AUG_SAP_D\2024_AUG_S_T3\GOPR5071\Coral53.JPG,53,0.1564,Sapangan,T3,1
Sapangan (Deep Only)\2024_AUG_SAP_D\2024_AUG_S_T3\GOPR5071.JPG,Sapangan (Deep Only)\2024_AUG_SAP_D\2024_AUG_S_T3\GOPR5071\Coral3.JPG,3,0.6459,Sapangan,T3,1
Sapangan (Deep Only)\2024_AUG_SAP_D\2024_AUG_S_T3\GOPR5071.JPG,Sapangan (Deep Only)\2024_AUG_SAP_D\2024_AUG_S_T3\GOPR5071\Coral24.JPG,24,0.3672,Sapangan,T3,1
Sapangan (Deep Only)\2024_AUG_SAP_D\2024_AUG_S_T3\GOPR5071.JPG,Sapangan (Deep Only)\2024_AUG_SAP_D\2024_AUG_S_T3\GOPR5071\Coral18.JPG,18,0.4261,Sapangan,T3,1
Sapangan (Deep Only)\2024_JUL_SAP_D\SAP-D_T3\GOPR3359.JPG,Sapangan (Deep Only)\2024_JUL_SAP_D\SAP-D_T3\GOPR3359\Coral16.JPG,16,0.1602,Sapangan,T3,1
