source_image_relpath,patch_relpath,patch_index,confidence,monitoring_station,transect,assigned_annotator
Coral Garden\2024_AUG_CG_S\2024_AUG_CG_S_T1\GOPR4852.JPG,Coral Garden\2024_AUG_CG_S\2024_AUG_CG_S_T1\GOPR4852\Coral2.JPG,2,0.6982,Coral Garden S,T1,3
Coral Garden\2024_JUL_CG_S\CG-S_T1\GOPR3097.JPG,Coral Garden\2024_JUL_CG_S\CG-S_T1\GOPR3097\Coral2.JPG,2,0.7474,Coral Garden S,T1,3
Coral Garden\2024_AUG_CG_S\2024_AUG_CG_S_T1\GOPR4826.JPG,Coral Garden\2024_AUG_CG_S\2024_AUG_CG_S_T1\GOPR4826\Coral16.JPG,16,0.3458,Coral Garden S,T1,3
Coral Garden\2024_AUG_CG_S\2024_AUG_CG_S_T1\GOPR4832.JPG,Coral Garden\2024_AUG_CG_S\2024_AUG_CG_S_T1\GOPR4832\Coral2.JPG,2,0.1781,Coral Garden S,T1,3
Coral Garden\2024_JUL_CG_S\CG-S_T1\GOPR3126.JPG,Coral Garden\2024_JUL_CG_S\CG-S_T1\GOPR3126\Coral1.JPG,1,0.4752,Coral Garden S,T1,3
Coral Garden\2024_JUL_CG_S\CG-S_T1\GOPR3094.JPG,Coral Garden\2024_JUL_CG_S\CG-S_T1\GOPR3094\Coral17.JPG,17,0.2326,Coral Garden S,T1,3
Coral Garden\2024_JUL_CG_S\CG-S_T1\GOPR3115.JPG,Coral Garden\2024_JUL_CG_S\CG-S_T1\GOPR3115\Coral6.JPG,6,0.4438,Coral Garden S,T1,3
Coral Garden\2024_AUG_CG_S\2024_AUG_CG_S_T1\GOPR4839.JPG,Coral Garden\2024_AUG_CG_S\2024_AUG_CG_S_T1\GOPR4839\Coral3.JPG,3,0.3864,Coral Garden S,T1,3
Coral Garden\2024_JUL_CG_S\CG-S_T1\GOPR3130.JPG,Coral Garden\2024_JUL_CG_S\CG-S_T1\GOPR3130\Coral27.JPG,27,0.2788,Coral Garden S,T1,3
Coral Garden\2024_JUL_CG_S\CG-S_T1\GOPR3120.JPG,Coral Garden\2024_JUL_CG_S\CG-S_T1\GOPR3120\Coral10.JPG,10,0.287,Coral Garden S,T1,3
Coral Garden\2024_JUL_CG_S\CG-S_T1\GOPR3136.JPG,Coral Garden\2024_JUL_CG_S\CG-S_T1\GOPR3136\Coral9.JPG,9,0.193,Coral Garden S,T1,3
Coral Garden\2024_JUL_CG_S\CG-S_T1\GOPR3108.JPG,Coral Garden\2024_JUL_CG_S\CG-S_T1\GOPR3108\Coral6.JPG,6,0.4388,Coral Garden S,T1,3
Coral Garden\2024_JUL_CG_S\CG-S_T1\GOPR3122.JPG,Coral Garden\2024_JUL_CG_S\CG-S_T1\GOPR3122\Coral7.JPG,7,0.3206,Coral Garden S,T1,3
Coral Garden\2024_AUG_CG_S\2024_AUG_CG_S_T1\GOPR4866.JPG,Coral Garden\2024_AUG_CG_S\2024_AUG_CG_S_T1\GOPR4866\Coral1.JPG,1,0.7314,Coral Garden S,T1,3
Coral Garden\2024_JUL_CG_S\CG-S_T1\GOPR3101.JPG,Coral Garden\2024_JUL_CG_S\CG-S_T1\GOPR3101\Coral3.JPG,3,0.6288,Coral Garden S,T1,3
Coral Garden\2024_JUL_CG_S\CG-S_T1\GOPR3124.JPG,Coral Garden\2024_JUL_CG_S\CG-S_T1\GOPR3124\Coral28.JPG,28,0.1674,Coral Garden S,T1,3
Coral Garden\2024_JUL_CG_S\CG-S_T1\GOPR3111.JPG,Coral Garden\2024_JUL_CG_S\CG-S_T1\GOPR3111\Coral12.JPG,12,0.3946,Coral Garden S,T1,3
Coral Garden\2024_AUG_CG_S\2024_AUG_CG_S_T1\GOPR4852.JPG,Coral Garden\2024_AUG_CG_S\2024_AUG_CG_S_T1\GOPR4852\Coral4.JPG,4,0.2929,Coral Garden S,T1,3
Coral Garden\2024_AUG_CG_S\2024_AUG_CG_S_T1\GOPR4826.JPG,Coral Garden\2024_AUG_CG_S\2024_AUG_CG_S_T1\GOPR4826\Coral1.JPG,1,0.8511,Coral Garden S,T1,3
Coral Garden\2024_AUG_CG_S\2024_AUG_CG_S_T1\GOPR4849.JPG,Coral Garden\2024_AUG_CG_S\2024_AUG_CG_S_T1\GOPR4849\Coral46.JPG,46,0.1833,Coral Garden S,T1,3
Coral Garden\2024_AUG_CG_S\2024_AUG_CG_S_T1\GOPR4859.JPG,Coral Garden\2024_AUG_CG_S\2024_AUG_CG_S_T1\GOPR4859\Coral1.JPG,1,0.8457,Coral Garden S,T1,3
Coral Garden\2024_JUL_CG_S\CG-S_T1\GOPR3128.JPG,Coral Garden\2024_JUL_CG_S\CG-S_T1\GOPR3128\Coral5.JPG,5,0.5642,Coral Garden S,T1,3
Coral Garden\2024_JUL_CG_S\CG-S_T1\GOPR3134.JPG,Coral Garden\2024_JUL_CG_S\CG-S_T1\GOPR3134\Coral6.JPG,6,0.2715,Coral Garden S,T1,3
Coral Garden\2024_AUG_CG_S\2024_AUG_CG_S_T1\GOPR4854.JPG,Coral Garden\2024_AUG_CG_S\2024_AUG_CG_S_T1\GOPR4854\Coral9.JPG,9,0.2216,Coral Garden S,T1,3
Coral Garden\2024_JUL_CG_S\CG-S_T1\GOPR3100.JPG,Coral Garden\2024_JUL_CG_S\CG-S_T1\GOPR3100\Coral17.JPG,17,0.2549,Coral Garden S,T1,3
Coral Garden\2024_AUG_CG_S\2024_AUG_CG_S_T1\GOPR4853.JPG,Coral Garden\2024_AUG_CG_S\2024_AUG_CG_S_T1\GOPR4853\Coral12.JPG,12,0.2105,Coral Garden S,T1,3
Coral Garden\2024_AUG_CG_S\2024_AUG_CG_S_T1\GOPR4842.JPG,Coral Garden\2024_AUG_CG_S\2024_AUG_CG_S_T1\GOPR4842\Coral10.JPG,10,0.2796,Coral Garden S,T1,3
Coral Garden\2024_JUL_CG_S\CG-S_T1\GOPR3132.JPG,Coral Garden\2024_JUL_CG_S\CG-S_T1\GOPR3132\Coral20.JPG,20,0.2204,Coral Garden S,T1,3
Coral Garden\2024_AUG_CG_S\2024_AUG_CG_S_T1\GOPR4855.JPG,Coral Garden\2024_AUG_CG_S\2024_AUG_CG_S_T1\GOPR4855\Coral2.JPG,2,0.552,Coral Garden S,T1,3
Coral Garden\2024_JUL_CG_S\CG-S_T1\GOPR3089.JPG,Coral Garden\2024_JUL_CG_S\CG-S_T1\GOPR3089\Coral22.JPG,22,0.2402,Coral Garden S,T1,3
Coral Garden\2024_JUL_CG_S\CG-S_T1\GOPR3122.JPG,Coral Garden\2024_JUL_CG_S\CG-S_T1\GOPR3122\Coral15.JPG,15,0.167,Coral Garden S,T1,3
Coral Garden\2024_AUG_CG_S\2024_AUG_CG_S_T1\GOPR4885.JPG,Coral Garden\2024_AUG_CG_S\2024_AUG_CG_S_T1\GOPR4885\Coral4.JPG,4,0.3575,Coral Garden S,T1,3
Coral Garden\2024_AUG_CG_S\2024_AUG_CG_S_T1\GOPR4843.JPG,Coral Garden\2024_AUG_CG_S\2024_AUG_CG_S_T1\GOPR4843\Coral13.JPG,13,0.1611,Coral Garden S,T1,3
Coral Garden\2024_AUG_CG_S\2024_AUG_CG_S_T1\GOPR4840.JPG,Coral Garden\2024_AUG_CG_S\2024_AUG_CG_S_T1\GOPR4840\Coral3.JPG,3,0.3641,Coral Garden S,T1,3
Coral Garden\2024_AUG_CG_S\2024_AUG_CG_S_T1\GOPR4851.JPG,Coral Garden\2024_AUG_CG_S\2024_AUG_CG_S_T1\GOPR4851\Coral17.JPG,17,0.3218,Coral Garden S,T1,3
Coral Garden\2024_JUL_CG_S\CG-S_T1\GOPR3133.JPG,Coral Garden\2024_JUL_CG_S\CG-S_T1\GOPR3133\Coral10.JPG,10,0.1514,Coral Garden S,T1,3
Coral Garden\2024_JUL_CG_S\CG-S_T1\GOPR3111.JPG,Coral Garden\2024_JUL_CG_S\CG-S_T1\GOPR3111\Coral9.JPG,9,0.4426,Coral Garden S,T1,3
Coral Garden\2024_JUL_CG_S\CG-S_T1\GOPR3113.JPG,Coral Garden\2024_JUL_CG_S\CG-S_T1\GOPR3113\Coral6.JPG,6,0.6114,Coral Garden S,T1,3
Coral Garden\2024_JUL_CG_S\CG-S_T1\GOPR3109.JPG,Coral Garden\2024_JUL_CG_S\CG-S_T1\GOPR3109\Coral16.JPG,16,0.3083,Coral Garden S,T1,3
Coral Garden\2024_JUL_CG_S\CG-S_T1\GOPR3088.JPG,Coral Garden\2024_JUL_CG_S\CG-S_T1\GOPR3088\Coral2.JPG,2,0.5318,Coral Garden S,T1,3
Coral Garden\2024_JUL_CG_S\CG-S_T1\GOPR3134.JPG,Coral Garden\2024_JUL_CG_S\CG-S_T1\GOPR3134\Coral4.JPG,4,0.3583,Coral Garden S,T1,3
Coral Garden\2024_AUG_CG_S\2024_AUG_CG_S_T1\GOPR4836.JPG,Coral Garden\2024_AUG_CG_S\2024_AUG_CG_S_T1\GOPR4836\Coral4.JPG,4,0.5038,Coral Garden S,T1,3
Coral Garden\2024_JUL_CG_S\CG-S_T1\GOPR3090.JPG,Coral Garden\2024_JUL_CG_S\CG-S_T1\GOPR3090\Coral1.JPG,1,0.7815,Coral Garden S,T1,3
Coral Garden\2024_AUG_CG_S\2024_AUG_CG_S_T1\GOPR4825.JPG,Coral Garden\2024_AUG_CG_S\2024_AUG_CG_S_T1\GOPR4825\Coral9.JPG,9,0.2436,Coral Garden S,T1,3
Coral Garden\2024_AUG_CG_S\2024_AUG_CG_S_T1\GOPR4843.JPG,Coral Garden\2024_AUG_CG_S\2024_AUG_CG_S_T1\GOPR4843\Coral9.JPG,9,0.2994,Coral Garden S,T1,3
Coral Garden\2024_AUG_CG_S\2024_AUG_CG_S_T1\GOPR4847.JPG,Coral Garden\2024_AUG_CG_S\2024_AUG_CG_S_T1\GOPR4847\Coral13.JPG,13,0.3569,Coral Garden S,T1,3
Coral Garden\2024_JUL_CG_S\CG-S_T1\GOPR3106.JPG,Coral Garden\2024_JUL_CG_S\CG-S_T1\GOPR3106\Coral5.JPG,5,0.4847,Coral Garden S,T1,3
Coral Garden\2024_AUG_CG_S\2024_AUG_CG_S_T1\GOPR4851.JPG,Coral Garden\2024_AUG_CG_S\2024_AUG_CG_S_T1\GOPR4851\Coral9.JPG,9,0.4765,Coral Garden S,T1,3
Coral Garden\2024_AUG_CG_S\2024_AUG_CG_S_T1\GOPR4851.JPG,Coral Garden\2024_AUG_CG_S\2024_AUG_CG_S_T1\GOPR4851\Coral34.JPG,34,0.1571,Coral Garden S,T1,3
Coral Garden\2024_AUG_CG_S\2024_AUG_CG_S_T1\GOPR4851.JPG,Coral Garden\2024_AUG_CG_S\2024_AUG_CG_S_T1\GOPR4851\Coral22.JPG,22,0.2574,Coral Garden S,T1,3
Coral Garden\2024_AUG_CG_S\2024_AUG_CG_S_T1\GOPR4851.JPG,Coral Garden\2024_AUG_CG_S\2024_AUG_CG_S_T1\GOPR4851\Coral13.JPG,13,0.4126,Coral Garden S,T1,3
Coral Garden\2024_AUG_CG_S\2024_AUG_CG_S_T1\GOPR4851.JPG,Coral Garden\2024_AUG_CG_S\2024_AUG_CG_S_T1\GOPR4851\Coral2.JPG,2,0.719,Coral Garden S,T1,3
Coral Garden\2024_AUG_CG_S\2024_AUG_CG_S_T1\GOPR4851.JPG,Coral Garden\2024_AUG_CG_S\2024_AUG_CG_S_T1\GOPR4851\Coral30.JPG,30,0.1829,Coral Garden S,T1,3
Coral Garden\2024_AUG_CG_S\2024_AUG_CG_S_T1\GOPR4851.JPG,Coral Garden\2024_AUG_CG_S\2024_AUG_CG_S_T1\GOPR4851\Coral26.JPG,26,0.2184,Coral Garden S,T1,3
Coral Garden\2024_JUL_CG_S\CG-S_T1\GOPR3133.JPG,Coral Garden\2024_JUL_CG_S\CG-S_T1\GOPR3133\Coral9.JPG,9,0.1527,Coral Garden S,T1,3
Coral Garden\2024_JUL_CG_S\CG-S_T1\GOPR3111.JPG,Coral Garden\2024_JUL_CG_S\CG-S_T1\GOPR3111\Coral7.JPG,7,0.4522,Coral Garden S,T1,3
Coral Garden\2024_JUL_CG_S\CG-S_T1\GOPR3111.JPG,Coral Garden\2024_JUL_CG_S\CG-S_T1\GOPR3111\Coral8.JPG,8,0.4486,Coral Garden S,T1,3
Coral Garden\2024_JUL_CG_S\CG-S_T1\GOPR3111.JPG,Coral Garden\2024_JUL_CG_S\CG-S_T1\GOPR3111\Coral16.JPG,16,0.256,Coral Garden S,T1,3
Coral Garden\2024_JUL_CG_S\CG-S_T1\GOPR3111.JPG,Coral Garden\2024_JUL_CG_S\CG-S_T1\GOPR3111\Coral11.JPG,11,0.4106,Coral Garden S,T1,3
Coral Garden\2024_JUL_CG_S\CG-S_T1\GOPR3111.JPG,Coral Garden\2024_JUL_CG_S\CG-S_T1\GOPR3111\Coral1.JPG,1,0.8039,Coral Garden S,T1,3
Coral Garden\2024_JUL_CG_S\CG-S_T1\GOPR3111.JPG,Coral Garden\2024_JUL_CG_S\CG-S_T1\GOPR3111\Coral6.JPG,6,0.5044,Coral Garden S,T1,3
Coral Garden\2024_AUG_CG_S\2024_AUG_CG_S_T1\GOPR4861.JPG,Coral Garden\2024_AUG_CG_S\2024_AUG_CG_S_T1\GOPR4861\Coral5.JPG,5,0.3706,Coral Garden S,T1,3
Coral Garden\2024_AUG_CG_S\2024_AUG_CG_S_T1\GOPR4861.JPG,Coral Garden\2024_AUG_CG_S\2024_AUG_CG_S_T1\GOPR4861\Coral4.JPG,4,0.3781,Coral Garden S,T1,3
Coral Garden\2024_JUL_CG_S\CG-S_T1\GOPR3102.JPG,Coral Garden\2024_JUL_CG_S\CG-S_T1\GOPR3102\Coral14.JPG,14,0.254,Coral Garden S,T1,3
Coral Garden\2024_JUL_CG_S\CG-S_T1\GOPR3102.JPG,Coral Garden\2024_JUL_CG_S\CG-S_T1\GOPR3102\Coral22.JPG,22,0.2034,Coral Garden S,T1,3
Coral Garden\2024_JUL_CG_S\CG-S_T1\GOPR3102.JPG,Coral Garden\2024_JUL_CG_S\CG-S_T1\GOPR3102\Coral2.JPG,2,0.753,Coral Garden S,T1,3
Coral Garden\2024_JUL_CG_S\CG-S_T1\GOPR3102.JPG,Coral Garden\2024_JUL_CG_S\CG-S_T1\GOPR3102\Coral21.JPG,21,0.209,Coral Garden S,T1,3
Coral Garden\2024_JUL_CG_S\CG-S_T1\GOPR3102.JPG,Coral Garden\2024_JUL_CG_S\CG-S_T1\GOPR3102\Coral1.JPG,1,0.781,Coral Garden S,T1,3
Coral Garden\2024_JUL_CG_S\CG-S_T1\GOPR3102.JPG,Coral Garden\2024_JUL_CG_S\CG-S_T1\GOPR3102\Coral4.JPG,4,0.5375,Coral Garden S,T1,3
Coral Garden\2024_JUL_CG_S\CG-S_T1\GOPR3104.JPG,Coral Garden\2024_JUL_CG_S\CG-S_T1\GOPR3104\Coral12.JPG,12,0.3926,Coral Garden S,T1,3
Coral Garden\2024_JUL_CG_S\CG-S_T1\GOPR3104.JPG,Coral Garden\2024_JUL_CG_S\CG-S_T1\GOPR3104\Coral26.JPG,26,0.2134,Coral Garden S,T1,3
Coral Garden\2024_JUL_CG_S\CG-S_T1\GOPR3104.JPG,Coral Garden\2024_JUL_CG_S\CG-S_T1\GOPR3104\Coral18.JPG,18,0.2937,Coral Garden S,T1,3
Coral Garden\2024_JUL_CG_S\CG-S_T1\GOPR3104.JPG,Coral Garden\2024_JUL_CG_S\CG-S_T1\GOPR3104\Coral11.JPG,11,0.4446,Coral Garden S,T1,3
Coral Garden\2024_JUL_CG_S\CG-S_T1\GOPR3110.JPG,Coral Garden\2024_JUL_CG_S\CG-S_T1\GOPR3110\Coral4.JPG,4,0.685,Coral Garden S,T1,3
Coral Garden\2024_JUL_CG_S\CG-S_T1\GOPR3110.JPG,Coral Garden\2024_JUL_CG_S\CG-S_T1\GOPR3110\Coral2.JPG,2,0.777,Coral Garden S,T1,3
Coral Garden\2024_JUL_CG_S\CG-S_T1\GOPR3110.JPG,Coral Garden\2024_JUL_CG_S\CG-S_T1\GOPR3110\Coral36.JPG,36,0.1898,Coral Garden S,T1,3
Coral Garden\2024_JUL_CG_S\CG-S_T1\GOPR3110.JPG,Coral Garden\2024_JUL_CG_S\CG-S_T1\GOPR3110\Coral37.JPG,37,0.1832,Coral Garden S,T1,3
Coral Garden\2024_JUL_CG_S\CG-S_T1\GOPR3110.JPG,Coral Garden\2024_JUL_CG_S\CG-S_T1\GOPR3110\Coral35.JPG,35,0.1994,Coral Garden S,T1,3
Coral Garden\2024_JUL_CG_S\CG-S_T1\GOPR3110.JPG,Coral Garden\2024_JUL_CG_S\CG-S_T1\GOPR3110\Coral18.JPG,18,0.425,Coral Garden S,T1,3
Coral Garden\2024_JUL_CG_S\CG-S_T1\GOPR3110.JPG,Coral Garden\2024_JUL_CG_S\CG-S_T1\GOPR3110\Coral12.JPG,12,0.5092,Coral Garden S,T1,3
Coral Garden\2024_JUL_CG_S\CG-S_T1\GOPR3119.JPG,Coral Garden\2024_JUL_CG_S\CG-S_T1\GOPR3119\Coral8.JPG,8,0.2777,Coral Garden S,T1,3
Coral Garden\2024_JUL_CG_S\CG-S_T1\GOPR3119.JPG,Coral Garden\2024_JUL_CG_S\CG-S_T1\GOPR3119\Coral10.JPG,10,0.2637,Coral Garden S,T1,3
Coral Garden\2024_JUL_CG_S\CG-S_T1\GOPR3119.JPG,Coral Garden\2024_JUL_CG_S\CG-S_T1\GOPR3119\Coral15.JPG,15,0.1564,Coral Garden S,T1,3
Coral Garden\2024_JUL_CG_S\CG-S_T1\GOPR3119.JPG,Coral Garden\2024_JUL_CG_S\CG-S_T1\GOPR3119\Coral9.JPG,9,0.277,Coral Garden S,T1,3
Coral Garden\2024_JUL_CG_S\CG-S_T1\GOPR3113.JPG,Coral Garden\2024_JUL_CG_S\CG-S_T1\GOPR3113\Coral10.JPG,10,0.5425,Coral Garden S,T1,3
Coral Garden\2024_JUL_CG_S\CG-S_T1\GOPR3113.JPG,Coral Garden\2024_JUL_CG_S\CG-S_T1\GOPR3113\Coral15.JPG,15,0.4511,Coral Garden S,T1,3
Coral Garden\2024_JUL_CG_S\CG-S_T1\GOPR3113.JPG,Coral Garden\2024_JUL_CG_S\CG-S_T1\GOPR3113\Coral33.JPG,33,0.2262,Coral Garden S,T1,3
Coral Garden\2024_JUL_CG_S\CG-S_T1\GOPR3113.JPG,Coral Garden\2024_JUL_CG_S\CG-S_T1\GOPR3113\Coral20.JPG,20,0.4256,Coral Garden S,T1,3
Coral Garden\2024_JUL_CG_S\CG-S_T1\GOPR3113.JPG,Coral Garden\2024_JUL_CG_S\CG-S_T1\GOPR3113\Coral7.JPG,7,0.5883,Coral Garden S,T1,3
Coral Garden\2024_JUL_CG_S\CG-S_T1\GOPR3113.JPG,Coral Garden\2024_JUL_CG_S\CG-S_T1\GOPR3113\Coral39.JPG,39,0.1644,Coral Garden S,T1,3
Coral Garden\2024_JUL_CG_S\CG-S_T1\GOPR3113.JPG,Coral Garden\2024_JUL_CG_S\CG-S_T1\GOPR3113\Coral28.JPG,28,0.3117,Coral Garden S,T1,3
Coral Garden\2024_JUL_CG_S\CG-S_T1\GOPR3113.JPG,Coral Garden\2024_JUL_CG_S\CG-S_T1\GOPR3113\Coral4.JPG,4,0.6153,Coral Garden S,T1,3
Coral Garden\2024_AUG_CG_S\2024_AUG_CG_S_T1\GOPR4886.JPG,Coral Garden\2024_AUG_CG_S\2024_AUG_CG_S_T1\GOPR4886\Coral7.JPG,7,0.5523,Coral Garden S,T1,3
Coral Garden\2024_AUG_CG_S\2024_AUG_CG_S_T1\GOPR4886.JPG,Coral Garden\2024_AUG_CG_S\2024_AUG_CG_S_T1\GOPR4886\Coral23.JPG,23,0.1672,Coral Garden S,T1,3
Coral Garden\2024_AUG_CG_S\2024_AUG_CG_S_T1\GOPR4886.JPG,Coral Garden\2024_AUG_CG_S\2024_AUG_CG_S_T1\GOPR4886\Coral21.JPG,21,0.1974,Coral Garden S,T1,3
Coral Garden\2024_AUG_CG_S\2024_AUG_CG_S_T1\GOPR4864.JPG,Coral Garden\2024_AUG_CG_S\2024_AUG_CG_S_T1\GOPR4864\Coral6.JPG,6,0.3003,Coral Garden S,T1,3
Coral Garden\2024_JUL_CG_S\CG-S_T1\GOPR3092.JPG,Coral Garden\2024_JUL_CG_S\CG-S_T1\GOPR3092\Coral34.JPG,34,0.198,Coral Garden S,T1,3
Coral Garden\2024_JUL_CG_S\CG-S_T1\GOPR3092.JPG,Coral Garden\2024_JUL_CG_S\CG-S_T1\GOPR3092\Coral33.JPG,33,0.2006,Coral Garden S,T1,3
Coral Garden\2024_JUL_CG_S\CG-S_T1\GOPR3092.JPG,Coral Garden\2024_JUL_CG_S\CG-S_T1\GOPR3092\Coral38.JPG,38,0.161,Coral Garden S,T1,3
Coral Garden\2024_JUL_CG_S\CG-S_T1\GOPR3092.JPG,Coral Garden\2024_JUL_CG_S\CG-S_T1\GOPR3092\Coral20.JPG,20,0.358,Coral Garden S,T1,3
Coral Garden\2024_JUL_CG_S\CG-S_T1\GOPR3092.JPG,Coral Garden\2024_JUL_CG_S\CG-S_T1\GOPR3092\Coral8.JPG,8,0.58,Coral Garden S,T1,3
Coral Garden\2024_JUL_CG_S\CG-S_T1\GOPR3092.JPG,Coral Garden\2024_JUL_CG_S\CG-S_T1\GOPR3092\Coral1.JPG,1,0.8026,Coral Garden S,T1,3
Coral Garden\2024_JUL_CG_S\CG-S_T1\GOPR3092.JPG,Coral Garden\2024_JUL_CG_S\CG-S_T1\GOPR3092\Coral23.JPG,23,0.3331,Coral Garden S,T1,3
Coral Garden\2024_AUG_CG_S\2024_AUG_CG_S_T1\GOPR4845.JPG,Coral Garden\2024_AUG_CG_S\2024_AUG_CG_S_T1\GOPR4845\Coral8.JPG,8,0.1852,Coral Garden S,T1,3
Coral Garden\2024_JUL_CG_S\CG-S_T1\GOPR3109.JPG,Coral Garden\2024_JUL_CG_S\CG-S_T1\GOPR3109\Coral26.JPG,26,0.2042,Coral Garden S,T1,3
Coral Garden\2024_JUL_CG_S\CG-S_T1\GOPR3109.JPG,Coral Garden\2024_JUL_CG_S\CG-S_T1\GOPR3109\Coral4.JPG,4,0.5387,Coral Garden S,T1,3
Coral Garden\2024_JUL_CG_S\CG-S_T1\GOPR3109.JPG,Coral Garden\2024_JUL_CG_S\CG-S_T1\GOPR3109\Coral30.JPG,30,0.1753,Coral Garden S,T1,3
Coral Garden\2024_JUL_CG_S\CG-S_T1\GOPR3109.JPG,Coral Garden\2024_JUL_CG_S\CG-S_T1\GOPR3109\Coral25.JPG,25,0.2104,Coral Garden S,T1,3
Coral Garden\2024_JUL_CG_S\CG-S_T1\GOPR3109.JPG,Coral Garden\2024_JUL_CG_S\CG-S_T1\GOPR3109\Coral6.JPG,6,0.4959,Coral Garden S,T1,3
Coral Garden\2024_JUL_CG_S\CG-S_T1\GOPR3109.JPG,Coral Garden\2024_JUL_CG_S\CG-S_T1\GOPR3109\Coral8.JPG,8,0.4419,Coral Garden S,T1,3
Coral Garden\2024_JUL_CG_S\CG-S_T1\GOPR3109.JPG,Coral Garden\2024_JUL_CG_S\CG-S_T1\GOPR3109\Coral3.JPG,3,0.6288,Coral Garden S,T1,3
Coral Garden\2024_JUL_CG_S\CG-S_T2\GOPR3146.JPG,Coral Garden\2024_JUL_CG_S\CG-S_T2\GOPR3146\Coral9.JPG,9,0.1934,Coral Garden S,T2,3
Coral Garden\2024_JUL_CG_S\CG-S_T2\GOPR3167.JPG,Coral Garden\2024_JUL_CG_S\CG-S_T2\GOPR3167\Coral5.JPG,5,0.7332,Coral Garden S,T2,3
Coral Garden\2024_JUL_CG_S\CG-S_T2\GOPR3185.JPG,Coral Garden\2024_JUL_CG_S\CG-S_T2\GOPR3185\Coral10.JPG,10,0.1875,Coral Garden S,T2,3
Coral Garden\2024_JUL_CG_S\CG-S_T2\GOPR3171.JPG,Coral Garden\2024_JUL_CG_S\CG-S_T2\GOPR3171\Coral4.JPG,4,0.4359,Coral Garden S,T2,3
Coral Garden\2024_JUL_CG_S\CG-S_T2\GOPR3173.JPG,Coral Garden\2024_JUL_CG_S\CG-S_T2\GOPR3173\Coral15.JPG,15,0.1664,Coral Garden S,T2,3
Coral Garden\2024_AUG_CG_S\2024_AUG_CG_S_T2\GOPR4945.JPG,Coral Garden\2024_AUG_CG_S\2024_AUG_CG_S_T2\GOPR4945\Coral20.JPG,20,0.285,Coral Garden S,T2,3
Coral Garden\2024_AUG_CG_S\2024_AUG_CG_S_T2\GOPR4898.JPG,Coral Garden\2024_AUG_CG_S\2024_AUG_CG_S_T2\GOPR4898\Coral1.JPG,1,0.4268,Coral Garden S,T2,3
Coral Garden\2024_JUL_CG_S\CG-S_T2\GOPR3166.JPG,Coral Garden\2024_JUL_CG_S\CG-S_T2\GOPR3166\Coral2.JPG,2,0.7816,Coral Garden S,T2,3
Coral Garden\2024_AUG_CG_S\2024_AUG_CG_S_T2\GOPR4919.JPG,Coral Garden\2024_AUG_CG_S\2024_AUG_CG_S_T2\GOPR4919\Coral19.JPG,19,0.2096,Coral Garden S,T2,3
Coral Garden\2024_JUL_CG_S\CG-S_T2\GOPR3179.JPG,Coral Garden\2024_JUL_CG_S\CG-S_T2\GOPR3179\Coral17.JPG,17,0.171,Coral Garden S,T2,3
Coral Garden\2024_JUL_CG_S\CG-S_T2\GOPR3155.JPG,Coral Garden\2024_JUL_CG_S\CG-S_T2\GOPR3155\Coral1.JPG,1,0.5697,Coral Garden S,T2,3
Coral Garden\2024_AUG_CG_S\2024_AUG_CG_S_T2\GOPR4944.JPG,Coral Garden\2024_AUG_CG_S\2024_AUG_CG_S_T2\GOPR4944\Coral32.JPG,32,0.1598,Coral Garden S,T2,3
Coral Garden\2024_AUG_CG_S\2024_AUG_CG_S_T2\GOPR4934.JPG,Coral Garden\2024_AUG_CG_S\2024_AUG_CG_S_T2\GOPR4934\Coral15.JPG,15,0.1517,Coral Garden S,T2,3
Coral Garden\2024_JUL_CG_S\CG-S_T2\GOPR3176.JPG,Coral Garden\2024_JUL_CG_S\CG-S_T2\GOPR3176\Coral1.JPG,1,0.377,Coral Garden S,T2,3
Coral Garden\2024_JUL_CG_S\CG-S_T2\GOPR3147.JPG,Coral Garden\2024_JUL_CG_S\CG-S_T2\GOPR3147\Coral1.JPG,1,0.7427,Coral Garden S,T2,3
Coral Garden\2024_AUG_CG_S\2024_AUG_CG_S_T2\GOPR4935.JPG,Coral Garden\2024_AUG_CG_S\2024_AUG_CG_S_T2\GOPR4935\Coral8.JPG,8,0.6197,Coral Garden S,T2,3
Coral Garden\2024_AUG_CG_S\2024_AUG_CG_S_T2\GOPR4915.JPG,Coral Garden\2024_AUG_CG_S\2024_AUG_CG_S_T2\GOPR4915\Coral16.JPG,16,0.24,Coral Garden S,T2,3
Coral Garden\2024_AUG_CG_S\2024_AUG_CG_S_T2\GOPR4928.JPG,Coral Garden\2024_AUG_CG_S\2024_AUG_CG_S_T2\GOPR4928\Coral7.JPG,7,0.2049,Coral Garden S,T2,3
Coral Garden\2024_JUL_CG_S\CG-S_T2\GOPR3159.JPG,Coral Garden\2024_JUL_CG_S\CG-S_T2\GOPR3159\Coral4.JPG,4,0.5996,Coral Garden S,T2,3
Coral Garden\2024_AUG_CG_S\2024_AUG_CG_S_T2\GOPR4926.JPG,Coral Garden\2024_AUG_CG_S\2024_AUG_CG_S_T2\GOPR4926\Coral5.JPG,5,0.24,Coral Garden S,T2,3
Coral Garden\2024_JUL_CG_S\CG-S_T2\GOPR3167.JPG,Coral Garden\2024_JUL_CG_S\CG-S_T2\GOPR3167\Coral37.JPG,37,0.3019,Coral Garden S,T2,3
Coral Garden\2024_JUL_CG_S\CG-S_T2\GOPR3160.JPG,Coral Garden\2024_JUL_CG_S\CG-S_T2\GOPR3160\Coral7.JPG,7,0.2188,Coral Garden S,T2,3
Coral Garden\2024_JUL_CG_S\CG-S_T2\GOPR3152.JPG,Coral Garden\2024_JUL_CG_S\CG-S_T2\GOPR3152\Coral11.JPG,11,0.5054,Coral Garden S,T2,3
Coral Garden\2024_AUG_CG_S\2024_AUG_CG_S_T2\GOPR4937.JPG,Coral Garden\2024_AUG_CG_S\2024_AUG_CG_S_T2\GOPR4937\Coral2.JPG,2,0.5278,Coral Garden S,T2,3
Coral Garden\2024_AUG_CG_S\2024_AUG_CG_S_T2\GOPR4922.JPG,Coral Garden\2024_AUG_CG_S\2024_AUG_CG_S_T2\GOPR4922\Coral16.JPG,16,0.3203,Coral Garden S,T2,3
Coral Garden\2024_AUG_CG_S\2024_AUG_CG_S_T2\GOPR4911.JPG,Coral Garden\2024_AUG_CG_S\2024_AUG_CG_S_T2\GOPR4911\Coral3.JPG,3,0.473,Coral Garden S,T2,3
Coral Garden\2024_AUG_CG_S\2024_AUG_CG_S_T2\GOPR4893.JPG,Coral Garden\2024_AUG_CG_S\2024_AUG_CG_S_T2\GOPR4893\Coral15.JPG,15,0.1999,Coral Garden S,T2,3
Coral Garden\2024_AUG_CG_S\2024_AUG_CG_S_T2\GOPR4898.JPG,Coral Garden\2024_AUG_CG_S\2024_AUG_CG_S_T2\GOPR4898\Coral9.JPG,9,0.1734,Coral Garden S,T2,3
Coral Garden\2024_JUL_CG_S\CG-S_T2\GOPR3161.JPG,Coral Garden\2024_JUL_CG_S\CG-S_T2\GOPR3161\Coral16.JPG,16,0.1631,Coral Garden S,T2,3
Coral Garden\2024_JUL_CG_S\CG-S_T2\GOPR3187.JPG,Coral Garden\2024_JUL_CG_S\CG-S_T2\GOPR3187\Coral12.JPG,12,0.2969,Coral Garden S,T2,3
Coral Garden\2024_JUL_CG_S\CG-S_T2\GOPR3189.JPG,Coral Garden\2024_JUL_CG_S\CG-S_T2\GOPR3189\Coral8.JPG,8,0.227,Coral Garden S,T2,3
Coral Garden\2024_JUL_CG_S\CG-S_T2\GOPR3181.JPG,Coral Garden\2024_JUL_CG_S\CG-S_T2\GOPR3181\Coral20.JPG,20,0.1527,Coral Garden S,T2,3
Coral Garden\2024_JUL_CG_S\CG-S_T2\GOPR3192.JPG,Coral Garden\2024_JUL_CG_S\CG-S_T2\GOPR3192\Coral6.JPG,6,0.346,Coral Garden S,T2,3
Coral Garden\2024_JUL_CG_S\CG-S_T2\GOPR3165.JPG,Coral Garden\2024_JUL_CG_S\CG-S_T2\GOPR3165\Coral7.JPG,7,0.6906,Coral Garden S,T2,3
Coral Garden\2024_JUL_CG_S\CG-S_T2\GOPR3155.JPG,Coral Garden\2024_JUL_CG_S\CG-S_T2\GOPR3155\Coral12.JPG,12,0.2918,Coral Garden S,T2,3
Coral Garden\2024_JUL_CG_S\CG-S_T2\GOPR3154.JPG,Coral Garden\2024_JUL_CG_S\CG-S_T2\GOPR3154\Coral17.JPG,17,0.213,Coral Garden S,T2,3
Coral Garden\2024_JUL_CG_S\CG-S_T2\GOPR3191.JPG,Coral Garden\2024_JUL_CG_S\CG-S_T2\GOPR3191\Coral7.JPG,7,0.4536,Coral Garden S,T2,3
Coral Garden\2024_JUL_CG_S\CG-S_T2\GOPR3190.JPG,Coral Garden\2024_JUL_CG_S\CG-S_T2\GOPR3190\Coral10.JPG,10,0.358,Coral Garden S,T2,3
Coral Garden\2024_AUG_CG_S\2024_AUG_CG_S_T2\GOPR4908.JPG,Coral Garden\2024_AUG_CG_S\2024_AUG_CG_S_T2\GOPR4908\Coral9.JPG,9,0.3707,Coral Garden S,T2,3
Coral Garden\2024_AUG_CG_S\2024_AUG_CG_S_T2\GOPR4932.JPG,Coral Garden\2024_AUG_CG_S\2024_AUG_CG_S_T2\GOPR4932\Coral3.JPG,3,0.301,Coral Garden S,T2,3
Coral Garden\2024_AUG_CG_S\2024_AUG_CG_S_T2\GOPR4910.JPG,Coral Garden\2024_AUG_CG_S\2024_AUG_CG_S_T2\GOPR4910\Coral24.JPG,24,0.2104,Coral Garden S,T2,3
Coral Garden\2024_AUG_CG_S\2024_AUG_CG_S_T2\GOPR4906.JPG,Coral Garden\2024_AUG_CG_S\2024_AUG_CG_S_T2\GOPR4906\Coral10.JPG,10,0.2964,Coral Garden S,T2,3
Coral Garden\2024_JUL_CG_S\CG-S_T2\GOPR3176.JPG,Coral Garden\2024_JUL_CG_S\CG-S_T2\GOPR3176\Coral4.JPG,4,0.251,Coral Garden S,T2,3
Coral Garden\2024_JUL_CG_S\CG-S_T2\GOPR3186.JPG,Coral Garden\2024_JUL_CG_S\CG-S_T2\GOPR3186\Coral22.JPG,22,0.1683,Coral Garden S,T2,3
Coral Garden\2024_AUG_CG_S\2024_AUG_CG_S_T2\GOPR4913.JPG,Coral Garden\2024_AUG_CG_S\2024_AUG_CG_S_T2\GOPR4913\Coral19.JPG,19,0.1628,Coral Garden S,T2,3
Coral Garden\2024_JUL_CG_S\CG-S_T2\GOPR3159.JPG,Coral Garden\2024_JUL_CG_S\CG-S_T2\GOPR3159\Coral23.JPG,23,0.1853,Coral Garden S,T2,3
Coral Garden\2024_JUL_CG_S\CG-S_T2\GOPR3184.JPG,Coral Garden\2024_JUL_CG_S\CG-S_T2\GOPR3184\Coral1.JPG,1,0.6991,Coral Garden S,T2,3
Coral Garden\2024_AUG_CG_S\2024_AUG_CG_S_T2\GOPR4916.JPG,Coral Garden\2024_AUG_CG_S\2024_AUG_CG_S_T2\GOPR4916\Coral17.JPG,17,0.4425,Coral Garden S,T2,3
Coral Garden\2024_AUG_CG_S\2024_AUG_CG_S_T2\GOPR4936.JPG,Coral Garden\2024_AUG_CG_S\2024_AUG_CG_S_T2\GOPR4936\Coral14.JPG,14,0.2717,Coral Garden S,T2,3
Coral Garden\2024_AUG_CG_S\2024_AUG_CG_S_T2\GOPR4924.JPG,Coral Garden\2024_AUG_CG_S\2024_AUG_CG_S_T2\GOPR4924\Coral3.JPG,3,0.3901,Coral Garden S,T2,3
Coral Garden\2024_JUL_CG_S\CG-S_T2\GOPR3158.JPG,Coral Garden\2024_JUL_CG_S\CG-S_T2\GOPR3158\Coral19.JPG,19,0.2095,Coral Garden S,T2,3
Coral Garden\2024_JUL_CG_S\CG-S_T2\GOPR3145.JPG,Coral Garden\2024_JUL_CG_S\CG-S_T2\GOPR3145\Coral7.JPG,7,0.2326,Coral Garden S,T2,3
Coral Garden\2024_JUL_CG_S\CG-S_T2\GOPR3189.JPG,Coral Garden\2024_JUL_CG_S\CG-S_T2\GOPR3189\Coral3.JPG,3,0.3258,Coral Garden S,T2,3
Coral Garden\2024_JUL_CG_S\CG-S_T2\GOPR3181.JPG,Coral Garden\2024_JUL_CG_S\CG-S_T2\GOPR3181\Coral16.JPG,16,0.1801,Coral Garden S,T2,3
Coral Garden\2024_JUL_CG_S\CG-S_T2\GOPR3192.JPG,Coral Garden\2024_JUL_CG_S\CG-S_T2\GOPR3192\Coral3.JPG,3,0.5536,Coral Garden S,T2,3
Coral Garden\2024_JUL_CG_S\CG-S_T2\GOPR3153.JPG,Coral Garden\2024_JUL_CG_S\CG-S_T2\GOPR3153\Coral10.JPG,10,0.2437,Coral Garden S,T2,3
Coral Garden\2024_AUG_CG_S\2024_AUG_CG_S_T2\GOPR4919.JPG,Coral Garden\2024_AUG_CG_S\2024_AUG_CG_S_T2\GOPR4919\Coral7.JPG,7,0.4712,Coral Garden S,T2,3
Coral Garden\2024_AUG_CG_S\2024_AUG_CG_S_T2\GOPR4917.JPG,Coral Garden\2024_AUG_CG_S\2024_AUG_CG_S_T2\GOPR4917\Coral21.JPG,21,0.1522,Coral Garden S,T2,3
Coral Garden\2024_JUL_CG_S\CG-S_T2\GOPR3150.JPG,Coral Garden\2024_JUL_CG_S\CG-S_T2\GOPR3150\Coral1.JPG,1,0.7089,Coral Garden S,T2,3
Coral Garden\2024_AUG_CG_S\2024_AUG_CG_S_T2\GOPR4933.JPG,Coral Garden\2024_AUG_CG_S\2024_AUG_CG_S_T2\GOPR4933\Coral12.JPG,12,0.1689,Coral Garden S,T2,3
Coral Garden\2024_AUG_CG_S\2024_AUG_CG_S_T2\GOPR4940.JPG,Coral Garden\2024_AUG_CG_S\2024_AUG_CG_S_T2\GOPR4940\Coral17.JPG,17,0.2198,Coral Garden S,T2,3
Coral Garden\2024_JUL_CG_S\CG-S_T2\GOPR3154.JPG,Coral Garden\2024_JUL_CG_S\CG-S_T2\GOPR3154\Coral7.JPG,7,0.433,Coral Garden S,T2,3
Coral Garden\2024_AUG_CG_S\2024_AUG_CG_S_T2\GOPR4943.JPG,Coral Garden\2024_AUG_CG_S\2024_AUG_CG_S_T2\GOPR4943\Coral14.JPG,14,0.3312,Coral Garden S,T2,3
Coral Garden\2024_JUL_CG_S\CG-S_T2\GOPR3164.JPG,Coral Garden\2024_JUL_CG_S\CG-S_T2\GOPR3164\Coral7.JPG,7,0.6595,Coral Garden S,T2,3
Coral Garden\2024_JUL_CG_S\CG-S_T2\GOPR3190.JPG,Coral Garden\2024_JUL_CG_S\CG-S_T2\GOPR3190\Coral20.JPG,20,0.1769,Coral Garden S,T2,3
Coral Garden\2024_JUL_CG_S\CG-S_T2\GOPR3156.JPG,Coral Garden\2024_JUL_CG_S\CG-S_T2\GOPR3156\Coral8.JPG,8,0.2451,Coral Garden S,T2,3
Coral Garden\2024_AUG_CG_S\2024_AUG_CG_S_T2\GOPR4914.JPG,Coral Garden\2024_AUG_CG_S\2024_AUG_CG_S_T2\GOPR4914\Coral19.JPG,19,0.1761,Coral Garden S,T2,3
Coral Garden\2024_AUG_CG_S\2024_AUG_CG_S_T2\GOPR4915.JPG,Coral Garden\2024_AUG_CG_S\2024_AUG_CG_S_T2\GOPR4915\Coral17.JPG,17,0.2189,Coral Garden S,T2,3
Coral Garden\2024_AUG_CG_S\2024_AUG_CG_S_T2\GOPR4928.JPG,Coral Garden\2024_AUG_CG_S\2024_AUG_CG_S_T2\GOPR4928\Coral11.JPG,11,0.1544,Coral Garden S,T2,3
Coral Garden\2024_JUL_CG_S\CG-S_T2\GOPR3186.JPG,Coral Garden\2024_JUL_CG_S\CG-S_T2\GOPR3186\Coral10.JPG,10,0.3391,Coral Garden S,T2,3
Coral Garden\2024_JUL_CG_S\CG-S_T2\GOPR3186.JPG,Coral Garden\2024_JUL_CG_S\CG-S_T2\GOPR3186\Coral9.JPG,9,0.3639,Coral Garden S,T2,3
Coral Garden\2024_JUL_CG_S\CG-S_T2\GOPR3186.JPG,Coral Garden\2024_JUL_CG_S\CG-S_T2\GOPR3186\Coral21.JPG,21,0.1717,Coral Garden S,T2,3
Coral Garden\2024_AUG_CG_S\2024_AUG_CG_S_T2\GOPR4913.JPG,Coral Garden\2024_AUG_CG_S\2024_AUG_CG_S_T2\GOPR4913\Coral6.JPG,6,0.337,Coral Garden S,T2,3
Coral Garden\2024_AUG_CG_S\2024_AUG_CG_S_T2\GOPR4913.JPG,Coral Garden\2024_AUG_CG_S\2024_AUG_CG_S_T2\GOPR4913\Coral7.JPG,7,0.327,Coral Garden S,T2,3
Coral Garden\2024_AUG_CG_S\2024_AUG_CG_S_T2\GOPR4913.JPG,Coral Garden\2024_AUG_CG_S\2024_AUG_CG_S_T2\GOPR4913\Coral8.JPG,8,0.3071,Coral Garden S,T2,3
Coral Garden\2024_JUL_CG_S\CG-S_T2\GOPR3146.JPG,Coral Garden\2024_JUL_CG_S\CG-S_T2\GOPR3146\Coral7.JPG,7,0.2139,Coral Garden S,T2,3
Coral Garden\2024_JUL_CG_S\CG-S_T2\GOPR3159.JPG,Coral Garden\2024_JUL_CG_S\CG-S_T2\GOPR3159\Coral2.JPG,2,0.6529,Coral Garden S,T2,3
Coral Garden\2024_JUL_CG_S\CG-S_T2\GOPR3159.JPG,Coral Garden\2024_JUL_CG_S\CG-S_T2\GOPR3159\Coral17.JPG,17,0.2865,Coral Garden S,T2,3
Coral Garden\2024_JUL_CG_S\CG-S_T2\GOPR3159.JPG,Coral Garden\2024_JUL_CG_S\CG-S_T2\GOPR3159\Coral11.JPG,11,0.4034,Coral Garden S,T2,3
Coral Garden\2024_AUG_CG_S\2024_AUG_CG_S_T2\GOPR4926.JPG,Coral Garden\2024_AUG_CG_S\2024_AUG_CG_S_T2\GOPR4926\Coral6.JPG,6,0.2237,Coral Garden S,T2,3
Coral Garden\2024_AUG_CG_S\2024_AUG_CG_S_T2\GOPR4926.JPG,Coral Garden\2024_AUG_CG_S\2024_AUG_CG_S_T2\GOPR4926\Coral9.JPG,9,0.1905,Coral Garden S,T2,3
Coral Garden\2024_AUG_CG_S\2024_AUG_CG_S_T2\GOPR4926.JPG,Coral Garden\2024_AUG_CG_S\2024_AUG_CG_S_T2\GOPR4926\Coral11.JPG,11,0.1749,Coral Garden S,T2,3
Coral Garden\2024_JUL_CG_S\CG-S_T2\GOPR3174.JPG,Coral Garden\2024_JUL_CG_S\CG-S_T2\GOPR3174\Coral9.JPG,9,0.1758,Coral Garden S,T2,3
Coral Garden\2024_JUL_CG_S\CG-S_T2\GOPR3167.JPG,Coral Garden\2024_JUL_CG_S\CG-S_T2\GOPR3167\Coral39.JPG,39,0.2676,Coral Garden S,T2,3
Coral Garden\2024_JUL_CG_S\CG-S_T2\GOPR3167.JPG,Coral Garden\2024_JUL_CG_S\CG-S_T2\GOPR3167\Coral20.JPG,20,0.5478,Coral Garden S,T2,3
Coral Garden\2024_JUL_CG_S\CG-S_T2\GOPR3167.JPG,Coral Garden\2024_JUL_CG_S\CG-S_T2\GOPR3167\Coral30.JPG,30,0.395,Coral Garden S,T2,3
Coral Garden\2024_JUL_CG_S\CG-S_T2\GOPR3167.JPG,Coral Garden\2024_JUL_CG_S\CG-S_T2\GOPR3167\Coral19.JPG,19,0.5545,Coral Garden S,T2,3
Coral Garden\2024_JUL_CG_S\CG-S_T2\GOPR3167.JPG,Coral Garden\2024_JUL_CG_S\CG-S_T2\GOPR3167\Coral40.JPG,40,0.2499,Coral Garden S,T2,3
Coral Garden\2024_AUG_CG_S\2024_AUG_CG_S_T2\GOPR4907.JPG,Coral Garden\2024_AUG_CG_S\2024_AUG_CG_S_T2\GOPR4907\Coral25.JPG,25,0.1512,Coral Garden S,T2,3
Coral Garden\2024_AUG_CG_S\2024_AUG_CG_S_T2\GOPR4907.JPG,Coral Garden\2024_AUG_CG_S\2024_AUG_CG_S_T2\GOPR4907\Coral15.JPG,15,0.22,Coral Garden S,T2,3
Coral Garden\2024_AUG_CG_S\2024_AUG_CG_S_T2\GOPR4907.JPG,Coral Garden\2024_AUG_CG_S\2024_AUG_CG_S_T2\GOPR4907\Coral19.JPG,19,0.1958,Coral Garden S,T2,3
Coral Garden\2024_AUG_CG_S\2024_AUG_CG_S_T2\GOPR4921.JPG,Coral Garden\2024_AUG_CG_S\2024_AUG_CG_S_T2\GOPR4921\Coral17.JPG,17,0.1561,Coral Garden S,T2,3
Coral Garden\2024_AUG_CG_S\2024_AUG_CG_S_T2\GOPR4912.JPG,Coral Garden\2024_AUG_CG_S\2024_AUG_CG_S_T2\GOPR4912\Coral28.JPG,28,0.2417,Coral Garden S,T2,3
Coral Garden\2024_AUG_CG_S\2024_AUG_CG_S_T2\GOPR4912.JPG,Coral Garden\2024_AUG_CG_S\2024_AUG_CG_S_T2\GOPR4912\Coral22.JPG,22,0.3051,Coral Garden S,T2,3
Coral Garden\2024_AUG_CG_S\2024_AUG_CG_S_T2\GOPR4912.JPG,Coral Garden\2024_AUG_CG_S\2024_AUG_CG_S_T2\GOPR4912\Coral4.JPG,4,0.5995,Coral Garden S,T2,3
Coral Garden\2024_AUG_CG_S\2024_AUG_CG_S_T2\GOPR4912.JPG,Coral Garden\2024_AUG_CG_S\2024_AUG_CG_S_T2\GOPR4912\Coral34.JPG,34,0.202,Coral Garden S,T2,3
Coral Garden\2024_JUL_CG_S\CG-S_T2\GOPR3152.JPG,Coral Garden\2024_JUL_CG_S\CG-S_T2\GOPR3152\Coral13.JPG,13,0.4458,Coral Garden S,T2,3
Coral Garden\2024_JUL_CG_S\CG-S_T2\GOPR3152.JPG,Coral Garden\2024_JUL_CG_S\CG-S_T2\GOPR3152\Coral27.JPG,27,0.1874,Coral Garden S,T2,3
Coral Garden\2024_JUL_CG_S\CG-S_T2\GOPR3152.JPG,Coral Garden\2024_JUL_CG_S\CG-S_T2\GOPR3152\Coral22.JPG,22,0.2742,Coral Garden S,T2,3
Coral Garden\2024_JUL_CG_S\CG-S_T2\GOPR3152.JPG,Coral Garden\2024_JUL_CG_S\CG-S_T2\GOPR3152\Coral4.JPG,4,0.6684,Coral Garden S,T2,3
Coral Garden\2024_AUG_CG_S\2024_AUG_CG_S_T2\GOPR4937.JPG,Coral Garden\2024_AUG_CG_S\2024_AUG_CG_S_T2\GOPR4937\Coral11.JPG,11,0.1967,Coral Garden S,T2,3
Coral Garden\2024_JUL_CG_S\CG-S_T2\GOPR3149.JPG,Coral Garden\2024_JUL_CG_S\CG-S_T2\GOPR3149\Coral10.JPG,10,0.3684,Coral Garden S,T2,3
Coral Garden\2024_JUL_CG_S\CG-S_T2\GOPR3149.JPG,Coral Garden\2024_JUL_CG_S\CG-S_T2\GOPR3149\Coral1.JPG,1,0.7031,Coral Garden S,T2,3
Coral Garden\2024_JUL_CG_S\CG-S_T2\GOPR3149.JPG,Coral Garden\2024_JUL_CG_S\CG-S_T2\GOPR3149\Coral6.JPG,6,0.4959,Coral Garden S,T2,3
Coral Garden\2024_JUL_CG_S\CG-S_T2\GOPR3185.JPG,Coral Garden\2024_JUL_CG_S\CG-S_T2\GOPR3185\Coral7.JPG,7,0.2176,Coral Garden S,T2,3
Coral Garden\2024_JUL_CG_S\CG-S_T2\GOPR3185.JPG,Coral Garden\2024_JUL_CG_S\CG-S_T2\GOPR3185\Coral1.JPG,1,0.4995,Coral Garden S,T2,3
Coral Garden\2024_JUL_CG_S\CG-S_T2\GOPR3185.JPG,Coral Garden\2024_JUL_CG_S\CG-S_T2\GOPR3185\Coral8.JPG,8,0.216,Coral Garden S,T2,3
Coral Garden\2024_JUL_CG_S\CG-S_T2\GOPR3171.JPG,Coral Garden\2024_JUL_CG_S\CG-S_T2\GOPR3171\Coral12.JPG,12,0.1704,Coral Garden S,T2,3
Coral Garden\2024_JUL_CG_S\CG-S_T2\GOPR3171.JPG,Coral Garden\2024_JUL_CG_S\CG-S_T2\GOPR3171\Coral6.JPG,6,0.2527,Coral Garden S,T2,3
Coral Garden\2024_JUL_CG_S\CG-S_T2\GOPR3171.JPG,Coral Garden\2024_JUL_CG_S\CG-S_T2\GOPR3171\Coral3.JPG,3,0.4432,Coral Garden S,T2,3
Coral Garden\2024_JUL_CG_S\CG-S_T2\GOPR3180.JPG,Coral Garden\2024_JUL_CG_S\CG-S_T2\GOPR3180\Coral4.JPG,4,0.397,Coral Garden S,T2,3
Coral Garden\2024_AUG_CG_S\2024_AUG_CG_S_T3\GOPR4981.JPG,Coral Garden\2024_AUG_CG_S\2024_AUG_CG_S_T3\GOPR4981\Coral27.JPG,27,0.215,Coral Garden S,T3,3
Coral Garden\2024_JUL_CG_S\CG-S_T3\GOPR3212.JPG,Coral Garden\2024_JUL_CG_S\CG-S_T3\GOPR3212\Coral5.JPG,5,0.177,Coral Garden S,T3,3
Coral Garden\2024_AUG_CG_S\2024_AUG_CG_S_T3\GOPR4957.JPG,Coral Garden\2024_AUG_CG_S\2024_AUG_CG_S_T3\GOPR4957\Coral2.JPG,2,0.66,Coral Garden S,T3,3
Coral Garden\2024_JUL_CG_S\CG-S_T3\GOPR3231.JPG,Coral Garden\2024_JUL_CG_S\CG-S_T3\GOPR3231\Coral6.JPG,6,0.4655,Coral Garden S,T3,3
Coral Garden\2024_JUL_CG_S\CG-S_T3\GOPR3213.JPG,Coral Garden\2024_JUL_CG_S\CG-S_T3\GOPR3213\Coral2.JPG,2,0.5264,Coral Garden S,T3,3
Coral Garden\2024_AUG_CG_S\2024_AUG_CG_S_T3\GOPR4989.JPG,Coral Garden\2024_AUG_CG_S\2024_AUG_CG_S_T3\GOPR4989\Coral10.JPG,10,0.1741,Coral Garden S,T3,3
Coral Garden\2024_AUG_CG_S\2024_AUG_CG_S_T3\GOPR4990.JPG,Coral Garden\2024_AUG_CG_S\2024_AUG_CG_S_T3\GOPR4990\Coral5.JPG,5,0.3041,Coral Garden S,T3,3
Coral Garden\2024_AUG_CG_S\2024_AUG_CG_S_T3\GOPR4966.JPG,Coral Garden\2024_AUG_CG_S\2024_AUG_CG_S_T3\GOPR4966\Coral48.JPG,48,0.152,Coral Garden S,T3,3
Coral Garden\2024_JUL_CG_S\CG-S_T3\GOPR3199.JPG,Coral Garden\2024_JUL_CG_S\CG-S_T3\GOPR3199\Coral5.JPG,5,0.3046,Coral Garden S,T3,3
Coral Garden\2024_AUG_CG_S\2024_AUG_CG_S_T3\GOPR4988.JPG,Coral Garden\2024_AUG_CG_S\2024_AUG_CG_S_T3\GOPR4988\Coral12.JPG,12,0.2201,Coral Garden S,T3,3
Coral Garden\2024_AUG_CG_S\2024_AUG_CG_S_T3\GOPR4956.JPG,Coral Garden\2024_AUG_CG_S\2024_AUG_CG_S_T3\GOPR4956\Coral25.JPG,25,0.1625,Coral Garden S,T3,3
Coral Garden\2024_AUG_CG_S\2024_AUG_CG_S_T3\GOPR4952.JPG,Coral Garden\2024_AUG_CG_S\2024_AUG_CG_S_T3\GOPR4952\Coral8.JPG,8,0.2296,Coral Garden S,T3,3
Coral Garden\2024_AUG_CG_S\2024_AUG_CG_S_T3\GOPR4991.JPG,Coral Garden\2024_AUG_CG_S\2024_AUG_CG_S_T3\GOPR4991\Coral4.JPG,4,0.532,Coral Garden S,T3,3
Coral Garden\2024_AUG_CG_S\2024_AUG_CG_S_T3\GOPR4958.JPG,Coral Garden\2024_AUG_CG_S\2024_AUG_CG_S_T3\GOPR4958\Coral20.JPG,20,0.263,Coral Garden S,T3,3
Coral Garden\2024_AUG_CG_S\2024_AUG_CG_S_T3\GOPR4974.JPG,Coral Garden\2024_AUG_CG_S\2024_AUG_CG_S_T3\GOPR4974\Coral25.JPG,25,0.1727,Coral Garden S,T3,3
Coral Garden\2024_JUL_CG_S\CG-S_T3\GOPR3227.JPG,Coral Garden\2024_JUL_CG_S\CG-S_T3\GOPR3227\Coral14.JPG,14,0.1731,Coral Garden S,T3,3
Coral Garden\2024_JUL_CG_S\CG-S_T3\GOPR3223.JPG,Coral Garden\2024_JUL_CG_S\CG-S_T3\GOPR3223\Coral5.JPG,5,0.2393,Coral Garden S,T3,3
Coral Garden\2024_JUL_CG_S\CG-S_T3\GOPR3207.JPG,Coral Garden\2024_JUL_CG_S\CG-S_T3\GOPR3207\Coral39.JPG,39,0.1785,Coral Garden S,T3,3
Coral Garden\2024_JUL_CG_S\CG-S_T3\GOPR3241.JPG,Coral Garden\2024_JUL_CG_S\CG-S_T3\GOPR3241\Coral4.JPG,4,0.3069,Coral Garden S,T3,3
Coral Garden\2024_JUL_CG_S\CG-S_T3\GOPR3221.JPG,Coral Garden\2024_JUL_CG_S\CG-S_T3\GOPR3221\Coral6.JPG,6,0.1669,Coral Garden S,T3,3
Coral Garden\2024_JUL_CG_S\CG-S_T3\GOPR3230.JPG,Coral Garden\2024_JUL_CG_S\CG-S_T3\GOPR3230\Coral7.JPG,7,0.1885,Coral Garden S,T3,3
Coral Garden\2024_AUG_CG_S\2024_AUG_CG_S_T3\GOPR4975.JPG,Coral Garden\2024_AUG_CG_S\2024_AUG_CG_S_T3\GOPR4975\Coral1.JPG,1,0.5836,Coral Garden S,T3,3
Coral Garden\2024_JUL_CG_S\CG-S_T3\GOPR3243.JPG,Coral Garden\2024_JUL_CG_S\CG-S_T3\GOPR3243\Coral4.JPG,4,0.2447,Coral Garden S,T3,3
Coral Garden\2024_JUL_CG_S\CG-S_T3\GOPR3228.JPG,Coral Garden\2024_JUL_CG_S\CG-S_T3\GOPR3228\Coral5.JPG,5,0.2133,Coral Garden S,T3,3
Coral Garden\2024_AUG_CG_S\2024_AUG_CG_S_T3\GOPR4955.JPG,Coral Garden\2024_AUG_CG_S\2024_AUG_CG_S_T3\GOPR4955\Coral12.JPG,12,0.3227,Coral Garden S,T3,3
Coral Garden\2024_AUG_CG_S\2024_AUG_CG_S_T3\GOPR4983.JPG,Coral Garden\2024_AUG_CG_S\2024_AUG_CG_S_T3\GOPR4983\Coral14.JPG,14,0.2757,Coral Garden S,T3,3
Coral Garden\2024_JUL_CG_S\CG-S_T3\GOPR3215.JPG,Coral Garden\2024_JUL_CG_S\CG-S_T3\GOPR3215\Coral5.JPG,5,0.2268,Coral Garden S,T3,3
Coral Garden\2024_AUG_CG_S\2024_AUG_CG_S_T3\GOPR4976.JPG,Coral Garden\2024_AUG_CG_S\2024_AUG_CG_S_T3\GOPR4976\Coral16.JPG,16,0.1706,Coral Garden S,T3,3
Coral Garden\2024_JUL_CG_S\CG-S_T3\GOPR3231.JPG,Coral Garden\2024_JUL_CG_S\CG-S_T3\GOPR3231\Coral24.JPG,24,0.1525,Coral Garden S,T3,3
Coral Garden\2024_JUL_CG_S\CG-S_T3\GOPR3213.JPG,Coral Garden\2024_JUL_CG_S\CG-S_T3\GOPR3213\Coral8.JPG,8,0.2955,Coral Garden S,T3,3
Coral Garden\2024_AUG_CG_S\2024_AUG_CG_S_T3\GOPR5002.JPG,Coral Garden\2024_AUG_CG_S\2024_AUG_CG_S_T3\GOPR5002\Coral1.JPG,1,0.5784,Coral Garden S,T3,3
Coral Garden\2024_AUG_CG_S\2024_AUG_CG_S_T3\GOPR4989.JPG,Coral Garden\2024_AUG_CG_S\2024_AUG_CG_S_T3\GOPR4989\Coral6.JPG,6,0.281,Coral Garden S,T3,3
Coral Garden\2024_AUG_CG_S\2024_AUG_CG_S_T3\GOPR4952.JPG,Coral Garden\2024_AUG_CG_S\2024_AUG_CG_S_T3\GOPR4952\Coral9.JPG,9,0.1945,Coral Garden S,T3,3
Coral Garden\2024_AUG_CG_S\2024_AUG_CG_S_T3\GOPR4993.JPG,Coral Garden\2024_AUG_CG_S\2024_AUG_CG_S_T3\GOPR4993\Coral6.JPG,6,0.1748,Coral Garden S,T3,3
Coral Garden\2024_JUL_CG_S\CG-S_T3\GOPR3226.JPG,Coral Garden\2024_JUL_CG_S\CG-S_T3\GOPR3226\Coral3.JPG,3,0.496,Coral Garden S,T3,3
Coral Garden\2024_AUG_CG_S\2024_AUG_CG_S_T3\GOPR4995.JPG,Coral Garden\2024_AUG_CG_S\2024_AUG_CG_S_T3\GOPR4995\Coral3.JPG,3,0.3225,Coral Garden S,T3,3
Coral Garden\2024_AUG_CG_S\2024_AUG_CG_S_T3\GOPR4958.JPG,Coral Garden\2024_AUG_CG_S\2024_AUG_CG_S_T3\GOPR4958\Coral16.JPG,16,0.335,Coral Garden S,T3,3
Coral Garden\2024_AUG_CG_S\2024_AUG_CG_S_T3\GOPR5006.JPG,Coral Garden\2024_AUG_CG_S\2024_AUG_CG_S_T3\GOPR5006\Coral4.JPG,4,0.2084,Coral Garden S,T3,3
Coral Garden\2024_JUL_CG_S\CG-S_T3\GOPR3225.JPG,Coral Garden\2024_JUL_CG_S\CG-S_T3\GOPR3225\Coral2.JPG,2,0.5037,Coral Garden S,T3,3
Coral Garden\2024_JUL_CG_S\CG-S_T3\GOPR3240.JPG,Coral Garden\2024_JUL_CG_S\CG-S_T3\GOPR3240\Coral1.JPG,1,0.5765,Coral Garden S,T3,3
Coral Garden\2024_JUL_CG_S\CG-S_T3\GOPR3219.JPG,Coral Garden\2024_JUL_CG_S\CG-S_T3\GOPR3219\Coral4.JPG,4,0.612,Coral Garden S,T3,3
Coral Garden\2024_JUL_CG_S\CG-S_T3\GOPR3207.JPG,Coral Garden\2024_JUL_CG_S\CG-S_T3\GOPR3207\Coral3.JPG,3,0.661,Coral Garden S,T3,3
Coral Garden\2024_JUL_CG_S\CG-S_T3\GOPR3241.JPG,Coral Garden\2024_JUL_CG_S\CG-S_T3\GOPR3241\Coral3.JPG,3,0.3156,Coral Garden S,T3,3
Coral Garden\2024_JUL_CG_S\CG-S_T3\GOPR3234.JPG,Coral Garden\2024_JUL_CG_S\CG-S_T3\GOPR3234\Coral5.JPG,5,0.2495,Coral Garden S,T3,3
Coral Garden\2024_JUL_CG_S\CG-S_T3\GOPR3205.JPG,Coral Garden\2024_JUL_CG_S\CG-S_T3\GOPR3205\Coral2.JPG,2,0.6772,Coral Garden S,T3,3
Coral Garden\2024_AUG_CG_S\2024_AUG_CG_S_T3\GOPR4979.JPG,Coral Garden\2024_AUG_CG_S\2024_AUG_CG_S_T3\GOPR4979\Coral6.JPG,6,0.4793,Coral Garden S,T3,3
Coral Garden\2024_JUL_CG_S\CG-S_T3\GOPR3206.JPG,Coral Garden\2024_JUL_CG_S\CG-S_T3\GOPR3206\Coral2.JPG,2,0.6379,Coral Garden S,T3,3
Coral Garden\2024_JUL_CG_S\CG-S_T3\GOPR3215.JPG,Coral Garden\2024_JUL_CG_S\CG-S_T3\GOPR3215\Coral8.JPG,8,0.1835,Coral Garden S,T3,3
Coral Garden\2024_JUL_CG_S\CG-S_T3\GOPR3212.JPG,Coral Garden\2024_JUL_CG_S\CG-S_T3\GOPR3212\Coral1.JPG,1,0.5596,Coral Garden S,T3,3
Coral Garden\2024_JUL_CG_S\CG-S_T3\GOPR3231.JPG,Coral Garden\2024_JUL_CG_S\CG-S_T3\GOPR3231\Coral22.JPG,22,0.1545,Coral Garden S,T3,3
Coral Garden\2024_AUG_CG_S\2024_AUG_CG_S_T3\GOPR4992.JPG,Coral Garden\2024_AUG_CG_S\2024_AUG_CG_S_T3\GOPR4992\Coral5.JPG,5,0.4519,Coral Garden S,T3,3
Coral Garden\2024_AUG_CG_S\2024_AUG_CG_S_T3\GOPR4980.JPG,Coral Garden\2024_AUG_CG_S\2024_AUG_CG_S_T3\GOPR4980\Coral1.JPG,1,0.7804,Coral Garden S,T3,3
Coral Garden\2024_JUL_CG_S\CG-S_T3\GOPR3224.JPG,Coral Garden\2024_JUL_CG_S\CG-S_T3\GOPR3224\Coral13.JPG,13,0.1627,Coral Garden S,T3,3
Coral Garden\2024_AUG_CG_S\2024_AUG_CG_S_T3\GOPR4990.JPG,Coral Garden\2024_AUG_CG_S\2024_AUG_CG_S_T3\GOPR4990\Coral10.JPG,10,0.1861,Coral Garden S,T3,3
Coral Garden\2024_JUL_CG_S\CG-S_T3\GOPR3199.JPG,Coral Garden\2024_JUL_CG_S\CG-S_T3\GOPR3199\Coral4.JPG,4,0.3256,Coral Garden S,T3,3
Coral Garden\2024_AUG_CG_S\2024_AUG_CG_S_T3\GOPR4988.JPG,Coral Garden\2024_AUG_CG_S\2024_AUG_CG_S_T3\GOPR4988\Coral8.JPG,8,0.2499,Coral Garden S,T3,3
Coral Garden\2024_AUG_CG_S\2024_AUG_CG_S_T3\GOPR4954.JPG,Coral Garden\2024_AUG_CG_S\2024_AUG_CG_S_T3\GOPR4954\Coral7.JPG,7,0.5949,Coral Garden S,T3,3
Coral Garden\2024_JUL_CG_S\CG-S_T3\GOPR3222.JPG,Coral Garden\2024_JUL_CG_S\CG-S_T3\GOPR3222\Coral7.JPG,7,0.2413,Coral Garden S,T3,3
Coral Garden\2024_JUL_CG_S\CG-S_T3\GOPR3242.JPG,Coral Garden\2024_JUL_CG_S\CG-S_T3\GOPR3242\Coral18.JPG,18,0.1901,Coral Garden S,T3,3
Coral Garden\2024_JUL_CG_S\CG-S_T3\GOPR3226.JPG,Coral Garden\2024_JUL_CG_S\CG-S_T3\GOPR3226\Coral5.JPG,5,0.4055,Coral Garden S,T3,3
Coral Garden\2024_JUL_CG_S\CG-S_T3\GOPR3210.JPG,Coral Garden\2024_JUL_CG_S\CG-S_T3\GOPR3210\Coral1.JPG,1,0.7297,Coral Garden S,T3,3
Coral Garden\2024_AUG_CG_S\2024_AUG_CG_S_T3\GOPR4991.JPG,Coral Garden\2024_AUG_CG_S\2024_AUG_CG_S_T3\GOPR4991\Coral2.JPG,2,0.6564,Coral Garden S,T3,3
Coral Garden\2024_AUG_CG_S\2024_AUG_CG_S_T3\GOPR4974.JPG,Coral Garden\2024_AUG_CG_S\2024_AUG_CG_S_T3\GOPR4974\Coral27.JPG,27,0.1707,Coral Garden S,T3,3
Coral Garden\2024_AUG_CG_S\2024_AUG_CG_S_T3\GOPR4994.JPG,Coral Garden\2024_AUG_CG_S\2024_AUG_CG_S_T3\GOPR4994\Coral4.JPG,4,0.2431,Coral Garden S,T3,3
Coral Garden\2024_JUL_CG_S\CG-S_T3\GOPR3234.JPG,Coral Garden\2024_JUL_CG_S\CG-S_T3\GOPR3234\Coral3.JPG,3,0.3556,Coral Garden S,T3,3
Coral Garden\2024_JUL_CG_S\CG-S_T3\GOPR3205.JPG,Coral Garden\2024_JUL_CG_S\CG-S_T3\GOPR3205\Coral33.JPG,33,0.1745,Coral Garden S,T3,3
Coral Garden\2024_JUL_CG_S\CG-S_T3\GOPR3216.JPG,Coral Garden\2024_JUL_CG_S\CG-S_T3\GOPR3216\Coral14.JPG,14,0.2341,Coral Garden S,T3,3
Coral Garden\2024_JUL_CG_S\CG-S_T3\GOPR3203.JPG,Coral Garden\2024_JUL_CG_S\CG-S_T3\GOPR3203\Coral28.JPG,28,0.2021,Coral Garden S,T3,3
Coral Garden\2024_JUL_CG_S\CG-S_T3\GOPR3206.JPG,Coral Garden\2024_JUL_CG_S\CG-S_T3\GOPR3206\Coral27.JPG,27,0.2389,Coral Garden S,T3,3
Coral Garden\2024_JUL_CG_S\CG-S_T3\GOPR3246.JPG,Coral Garden\2024_JUL_CG_S\CG-S_T3\GOPR3246\Coral16.JPG,16,0.1756,Coral Garden S,T3,3
Coral Garden\2024_AUG_CG_S\2024_AUG_CG_S_T3\GOPR5007.JPG,Coral Garden\2024_AUG_CG_S\2024_AUG_CG_S_T3\GOPR5007\Coral4.JPG,4,0.2942,Coral Garden S,T3,3
Coral Garden\2024_AUG_CG_S\2024_AUG_CG_S_T3\GOPR5007.JPG,Coral Garden\2024_AUG_CG_S\2024_AUG_CG_S_T3\GOPR5007\Coral7.JPG,7,0.2702,Coral Garden S,T3,3
Coral Garden\2024_JUL_CG_S\CG-S_T3\GOPR3204.JPG,Coral Garden\2024_JUL_CG_S\CG-S_T3\GOPR3204\Coral2.JPG,2,0.6743,Coral Garden S,T3,3
Coral Garden\2024_AUG_CG_S\2024_AUG_CG_S_T3\GOPR4981.JPG,Coral Garden\2024_AUG_CG_S\2024_AUG_CG_S_T3\GOPR4981\Coral2.JPG,2,0.6525,Coral Garden S,T3,3
Coral Garden\2024_AUG_CG_S\2024_AUG_CG_S_T3\GOPR4981.JPG,Coral Garden\2024_AUG_CG_S\2024_AUG_CG_S_T3\GOPR4981\Coral30.JPG,30,0.1567,Coral Garden S,T3,3
Coral Garden\2024_AUG_CG_S\2024_AUG_CG_S_T3\GOPR4981.JPG,Coral Garden\2024_AUG_CG_S\2024_AUG_CG_S_T3\GOPR4981\Coral13.JPG,13,0.4087,Coral Garden S,T3,3
Coral Garden\2024_AUG_CG_S\2024_AUG_CG_S_T3\GOPR4981.JPG,Coral Garden\2024_AUG_CG_S\2024_AUG_CG_S_T3\GOPR4981\Coral8.JPG,8,0.466,Coral Garden S,T3,3
Coral Garden\2024_AUG_CG_S\2024_AUG_CG_S_T3\GOPR4981.JPG,Coral Garden\2024_AUG_CG_S\2024_AUG_CG_S_T3\GOPR4981\Coral23.JPG,23,0.246,Coral Garden S,T3,3
Coral Garden\2024_JUL_CG_S\CG-S_T3\GOPR3212.JPG,Coral Garden\2024_JUL_CG_S\CG-S_T3\GOPR3212\Coral6.JPG,6,0.1716,Coral Garden S,T3,3
Coral Garden\2024_AUG_CG_S\2024_AUG_CG_S_T3\GOPR4976.JPG,Coral Garden\2024_AUG_CG_S\2024_AUG_CG_S_T3\GOPR4976\Coral8.JPG,8,0.3827,Coral Garden S,T3,3
Coral Garden\2024_AUG_CG_S\2024_AUG_CG_S_T3\GOPR4976.JPG,Coral Garden\2024_AUG_CG_S\2024_AUG_CG_S_T3\GOPR4976\Coral6.JPG,6,0.5896,Coral Garden S,T3,3
Coral Garden\2024_AUG_CG_S\2024_AUG_CG_S_T3\GOPR4984.JPG,Coral Garden\2024_AUG_CG_S\2024_AUG_CG_S_T3\GOPR4984\Coral2.JPG,2,0.5691,Coral Garden S,T3,3
Coral Garden\2024_AUG_CG_S\2024_AUG_CG_S_T3\GOPR4984.JPG,Coral Garden\2024_AUG_CG_S\2024_AUG_CG_S_T3\GOPR4984\Coral1.JPG,1,0.634,Coral Garden S,T3,3
Coral Garden\2024_AUG_CG_S\2024_AUG_CG_S_T3\GOPR4997.JPG,Coral Garden\2024_AUG_CG_S\2024_AUG_CG_S_T3\GOPR4997\Coral4.JPG,4,0.294,Coral Garden S,T3,3
Coral Garden\2024_AUG_CG_S\2024_AUG_CG_S_T3\GOPR4997.JPG,Coral Garden\2024_AUG_CG_S\2024_AUG_CG_S_T3\GOPR4997\Coral6.JPG,6,0.2124,Coral Garden S,T3,3
Coral Garden\2024_AUG_CG_S\2024_AUG_CG_S_T3\GOPR4987.JPG,Coral Garden\2024_AUG_CG_S\2024_AUG_CG_S_T3\GOPR4987\Coral13.JPG,13,0.152,Coral Garden S,T3,3
Coral Garden\2024_AUG_CG_S\2024_AUG_CG_S_T3\GOPR4987.JPG,Coral Garden\2024_AUG_CG_S\2024_AUG_CG_S_T3\GOPR4987\Coral2.JPG,2,0.5826,Coral Garden S,T3,3
Coral Garden\2024_AUG_CG_S\2024_AUG_CG_S_T3\GOPR4957.JPG,Coral Garden\2024_AUG_CG_S\2024_AUG_CG_S_T3\GOPR4957\Coral10.JPG,10,0.4412,Coral Garden S,T3,3
Coral Garden\2024_AUG_CG_S\2024_AUG_CG_S_T3\GOPR4957.JPG,Coral Garden\2024_AUG_CG_S\2024_AUG_CG_S_T3\GOPR4957\Coral20.JPG,20,0.2686,Coral Garden S,T3,3
Coral Garden\2024_AUG_CG_S\2024_AUG_CG_S_T3\GOPR4957.JPG,Coral Garden\2024_AUG_CG_S\2024_AUG_CG_S_T3\GOPR4957\Coral31.JPG,31,0.156,Coral Garden S,T3,3
Coral Garden\2024_AUG_CG_S\2024_AUG_CG_S_T3\GOPR4957.JPG,Coral Garden\2024_AUG_CG_S\2024_AUG_CG_S_T3\GOPR4957\Coral8.JPG,8,0.4951,Coral Garden S,T3,3
Coral Garden\2024_JUL_CG_S\CG-S_T3\GOPR3201.JPG,Coral Garden\2024_JUL_CG_S\CG-S_T3\GOPR3201\Coral11.JPG,11,0.3421,Coral Garden S,T3,3
Coral Garden\2024_JUL_CG_S\CG-S_T3\GOPR3231.JPG,Coral Garden\2024_JUL_CG_S\CG-S_T3\GOPR3231\Coral17.JPG,17,0.21,Coral Garden S,T3,3
Coral Garden\2024_AUG_CG_S\2024_AUG_CG_S_T3\GOPR4992.JPG,Coral Garden\2024_AUG_CG_S\2024_AUG_CG_S_T3\GOPR4992\Coral9.JPG,9,0.2972,Coral Garden S,T3,3
Coral Garden\2024_AUG_CG_S\2024_AUG_CG_S_T3\GOPR4992.JPG,Coral Garden\2024_AUG_CG_S\2024_AUG_CG_S_T3\GOPR4992\Coral10.JPG,10,0.2806,Coral Garden S,T3,3
Coral Garden\2024_AUG_CG_S\2024_AUG_CG_S_T3\GOPR4992.JPG,Coral Garden\2024_AUG_CG_S\2024_AUG_CG_S_T3\GOPR4992\Coral7.JPG,7,0.3212,Coral Garden S,T3,3
Coral Garden\2024_AUG_CG_S\2024_AUG_CG_S_T3\GOPR4992.JPG,Coral Garden\2024_AUG_CG_S\2024_AUG_CG_S_T3\GOPR4992\Coral1.JPG,1,0.654,Coral Garden S,T3,3
Coral Garden\2024_AUG_CG_S\2024_AUG_CG_S_T3\GOPR4982.JPG,Coral Garden\2024_AUG_CG_S\2024_AUG_CG_S_T3\GOPR4982\Coral6.JPG,6,0.5939,Coral Garden S,T3,3
Coral Garden\2024_AUG_CG_S\2024_AUG_CG_S_T3\GOPR4982.JPG,Coral Garden\2024_AUG_CG_S\2024_AUG_CG_S_T3\GOPR4982\Coral2.JPG,2,0.734,Coral Garden S,T3,3
Coral Garden\2024_AUG_CG_S\2024_AUG_CG_S_T3\GOPR4982.JPG,Coral Garden\2024_AUG_CG_S\2024_AUG_CG_S_T3\GOPR4982\Coral24.JPG,24,0.1655,Coral Garden S,T3,3
Coral Garden\2024_AUG_CG_S\2024_AUG_CG_S_T3\GOPR4982.JPG,Coral Garden\2024_AUG_CG_S\2024_AUG_CG_S_T3\GOPR4982\Coral21.JPG,21,0.2326,Coral Garden S,T3,3
Coral Garden\2024_AUG_CG_S\2024_AUG_CG_S_T3\GOPR4982.JPG,Coral Garden\2024_AUG_CG_S\2024_AUG_CG_S_T3\GOPR4982\Coral28.JPG,28,0.1555,Coral Garden S,T3,3
Coral Garden\2024_AUG_CG_S\2024_AUG_CG_S_T3\GOPR4982.JPG,Coral Garden\2024_AUG_CG_S\2024_AUG_CG_S_T3\GOPR4982\Coral4.JPG,4,0.6698,Coral Garden S,T3,3
Coral Garden\2024_AUG_CG_S\2024_AUG_CG_S_T3\GOPR4982.JPG,Coral Garden\2024_AUG_CG_S\2024_AUG_CG_S_T3\GOPR4982\Coral29.JPG,29,0.1543,Coral Garden S,T3,3
Coral Garden\2024_AUG_CG_S\2024_AUG_CG_S_T3\GOPR4953.JPG,Coral Garden\2024_AUG_CG_S\2024_AUG_CG_S_T3\GOPR4953\Coral25.JPG,25,0.1512,Coral Garden S,T3,3
Coral Garden\2024_AUG_CG_S\2024_AUG_CG_S_T3\GOPR4980.JPG,Coral Garden\2024_AUG_CG_S\2024_AUG_CG_S_T3\GOPR4980\Coral22.JPG,22,0.1897,Coral Garden S,T3,3
Coral Garden\2024_AUG_CG_S\2024_AUG_CG_S_T3\GOPR4980.JPG,Coral Garden\2024_AUG_CG_S\2024_AUG_CG_S_T3\GOPR4980\Coral11.JPG,11,0.3536,Coral Garden S,T3,3
Coral Garden\2024_AUG_CG_S\2024_AUG_CG_S_T3\GOPR4980.JPG,Coral Garden\2024_AUG_CG_S\2024_AUG_CG_S_T3\GOPR4980\Coral3.JPG,3,0.6683,Coral Garden S,T3,3
Coral Garden\2024_AUG_CG_S\2024_AUG_CG_S_T3\GOPR4980.JPG,Coral Garden\2024_AUG_CG_S\2024_AUG_CG_S_T3\GOPR4980\Coral18.JPG,18,0.2584,Coral Garden S,T3,3
Coral Garden\2024_AUG_CG_S\2024_AUG_CG_S_T3\GOPR4980.JPG,Coral Garden\2024_AUG_CG_S\2024_AUG_CG_S_T3\GOPR4980\Coral23.JPG,23,0.1752,Coral Garden S,T3,3
Coral Garden\2024_AUG_CG_S\2024_AUG_CG_S_T3\GOPR4980.JPG,Coral Garden\2024_AUG_CG_S\2024_AUG_CG_S_T3\GOPR4980\Coral16.JPG,16,0.2712,Coral Garden S,T3,3
Coral Garden\AUG 2024_CG_D\AUG_2024_CG_D_T1\GOPR4565.JPG,Coral Garden\AUG 2024_CG_D\AUG_2024_CG_D_T1\GOPR4565\Coral1.JPG,1,0.4942,Coral Garden D,T1,3
Coral Garden\AUG 2024_CG_D\AUG_2024_CG_D_T1\GOPR4576.JPG,Coral Garden\AUG 2024_CG_D\AUG_2024_CG_D_T1\GOPR4576\Coral1.JPG,1,0.3345,Coral Garden D,T1,3
Coral Garden\AUG 2024_CG_D\AUG_2024_CG_D_T1\GOPR4566.JPG,Coral Garden\AUG 2024_CG_D\AUG_2024_CG_D_T1\GOPR4566\Coral2.JPG,2,0.8289,Coral Garden D,T1,3
Coral Garden\AUG 2024_CG_D\AUG_2024_CG_D_T1\GOPR4568.JPG,Coral Garden\AUG 2024_CG_D\AUG_2024_CG_D_T1\GOPR4568\Coral1.JPG,1,0.5244,Coral Garden D,T1,3
Coral Garden\AUG 2024_CG_D\AUG_2024_CG_D_T1\GOPR4584.JPG,Coral Garden\AUG 2024_CG_D\AUG_2024_CG_D_T1\GOPR4584\Coral1.JPG,1,0.6157,Coral Garden D,T1,3
Coral Garden\AUG 2024_CG_D\AUG_2024_CG_D_T1\GOPR4555.JPG,Coral Garden\AUG 2024_CG_D\AUG_2024_CG_D_T1\GOPR4555\Coral19.JPG,19,0.1717,Coral Garden D,T1,3
Coral Garden\JULY 2024_CG_D\CG-D_T1\GOPR2934.JPG,Coral Garden\JULY 2024_CG_D\CG-D_T1\GOPR2934\Coral3.JPG,3,0.3099,Coral Garden D,T1,3
Coral Garden\AUG 2024_CG_D\AUG_2024_CG_D_T1\GOPR4529.JPG,Coral Garden\AUG 2024_CG_D\AUG_2024_CG_D_T1\GOPR4529\Coral2.JPG,2,0.476,Coral Garden D,T1,3
Coral Garden\JULY 2024_CG_D\CG-D_T1\GOPR2929.JPG,Coral Garden\JULY 2024_CG_D\CG-D_T1\GOPR2929\Coral2.JPG,2,0.2594,Coral Garden D,T1,3
Coral Garden\AUG 2024_CG_D\AUG_2024_CG_D_T1\GOPR4556.JPG,Coral Garden\AUG 2024_CG_D\AUG_2024_CG_D_T1\GOPR4556\Coral2.JPG,2,0.6353,Coral Garden D,T1,3
Coral Garden\AUG 2024_CG_D\AUG_2024_CG_D_T1\GOPR4549.JPG,Coral Garden\AUG 2024_CG_D\AUG_2024_CG_D_T1\GOPR4549\Coral1.JPG,1,0.5822,Coral Garden D,T1,3
Coral Garden\JULY 2024_CG_D\CG-D_T1\GOPR2952.JPG,Coral Garden\JULY 2024_CG_D\CG-D_T1\GOPR2952\Coral21.JPG,21,0.3906,Coral Garden D,T1,3
Coral Garden\AUG 2024_CG_D\AUG_2024_CG_D_T1\GOPR4570.JPG,Coral Garden\AUG 2024_CG_D\AUG_2024_CG_D_T1\GOPR4570\Coral13.JPG,13,0.2092,Coral Garden D,T1,3
Coral Garden\JULY 2024_CG_D\CG-D_T1\GOPR2949.JPG,Coral Garden\JULY 2024_CG_D\CG-D_T1\GOPR2949\Coral2.JPG,2,0.5914,Coral Garden D,T1,3
Coral Garden\JULY 2024_CG_D\CG-D_T1\GOPR2966.JPG,Coral Garden\JULY 2024_CG_D\CG-D_T1\GOPR2966\Coral16.JPG,16,0.1645,Coral Garden D,T1,3
Coral Garden\AUG 2024_CG_D\AUG_2024_CG_D_T1\GOPR4581.JPG,Coral Garden\AUG 2024_CG_D\AUG_2024_CG_D_T1\GOPR4581\Coral2.JPG,2,0.6606,Coral Garden D,T1,3
Coral Garden\JULY 2024_CG_D\CG-D_T1\GOPR2938.JPG,Coral Garden\JULY 2024_CG_D\CG-D_T1\GOPR2938\Coral8.JPG,8,0.4203,Coral Garden D,T1,3
Coral Garden\AUG 2024_CG_D\AUG_2024_CG_D_T1\GOPR4528.JPG,Coral Garden\AUG 2024_CG_D\AUG_2024_CG_D_T1\GOPR4528\Coral5.JPG,5,0.4604,Coral Garden D,T1,3
Coral Garden\AUG 2024_CG_D\AUG_2024_CG_D_T1\GOPR4532.JPG,Coral Garden\AUG 2024_CG_D\AUG_2024_CG_D_T1\GOPR4532\Coral11.JPG,11,0.1981,Coral Garden D,T1,3
Coral Garden\JULY 2024_CG_D\CG-D_T1\GOPR2962.JPG,Coral Garden\JULY 2024_CG_D\CG-D_T1\GOPR2962\Coral1.JPG,1,0.5461,Coral Garden D,T1,3
Coral Garden\AUG 2024_CG_D\AUG_2024_CG_D_T1\GOPR4557.JPG,Coral Garden\AUG 2024_CG_D\AUG_2024_CG_D_T1\GOPR4557\Coral4.JPG,4,0.4243,Coral Garden D,T1,3
Coral Garden\JULY 2024_CG_D\CG-D_T1\GOPR2953.JPG,Coral Garden\JULY 2024_CG_D\CG-D_T1\GOPR2953\Coral5.JPG,5,0.5422,Coral Garden D,T1,3
Coral Garden\AUG 2024_CG_D\AUG_2024_CG_D_T1\GOPR4554.JPG,Coral Garden\AUG 2024_CG_D\AUG_2024_CG_D_T1\GOPR4554\Coral4.JPG,4,0.2298,Coral Garden D,T1,3
Coral Garden\JULY 2024_CG_D\CG-D_T1\GOPR2955.JPG,Coral Garden\JULY 2024_CG_D\CG-D_T1\GOPR2955\Coral3.JPG,3,0.7894,Coral Garden D,T1,3
Coral Garden\JULY 2024_CG_D\CG-D_T1\GOPR2920.JPG,Coral Garden\JULY 2024_CG_D\CG-D_T1\GOPR2920\Coral6.JPG,6,0.4504,Coral Garden D,T1,3
Coral Garden\AUG 2024_CG_D\AUG_2024_CG_D_T1\GOPR4574.JPG,Coral Garden\AUG 2024_CG_D\AUG_2024_CG_D_T1\GOPR4574\Coral31.JPG,31,0.158,Coral Garden D,T1,3
Coral Garden\JULY 2024_CG_D\CG-D_T1\GOPR2964.JPG,Coral Garden\JULY 2024_CG_D\CG-D_T1\GOPR2964\Coral1.JPG,1,0.5795,Coral Garden D,T1,3
Coral Garden\AUG 2024_CG_D\AUG_2024_CG_D_T1\GOPR4533.JPG,Coral Garden\AUG 2024_CG_D\AUG_2024_CG_D_T1\GOPR4533\Coral2.JPG,2,0.4532,Coral Garden D,T1,3
Coral Garden\JULY 2024_CG_D\CG-D_T1\GOPR2957.JPG,Coral Garden\JULY 2024_CG_D\CG-D_T1\GOPR2957\Coral5.JPG,5,0.3033,Coral Garden D,T1,3
Coral Garden\AUG 2024_CG_D\AUG_2024_CG_D_T1\GOPR4558.JPG,Coral Garden\AUG 2024_CG_D\AUG_2024_CG_D_T1\GOPR4558\Coral9.JPG,9,0.1976,Coral Garden D,T1,3
Coral Garden\JULY 2024_CG_D\CG-D_T1\GOPR2933.JPG,Coral Garden\JULY 2024_CG_D\CG-D_T1\GOPR2933\Coral16.JPG,16,0.2234,Coral Garden D,T1,3
Coral Garden\JULY 2024_CG_D\CG-D_T1\GOPR2954.JPG,Coral Garden\JULY 2024_CG_D\CG-D_T1\GOPR2954\Coral14.JPG,14,0.2878,Coral Garden D,T1,3
Coral Garden\JULY 2024_CG_D\CG-D_T1\GOPR2937.JPG,Coral Garden\JULY 2024_CG_D\CG-D_T1\GOPR2937\Coral3.JPG,3,0.5937,Coral Garden D,T1,3
Coral Garden\AUG 2024_CG_D\AUG_2024_CG_D_T1\GOPR4528.JPG,Coral Garden\AUG 2024_CG_D\AUG_2024_CG_D_T1\GOPR4528\Coral20.JPG,20,0.2665,Coral Garden D,T1,3
Coral Garden\AUG 2024_CG_D\AUG_2024_CG_D_T1\GOPR4551.JPG,Coral Garden\AUG 2024_CG_D\AUG_2024_CG_D_T1\GOPR4551\Coral16.JPG,16,0.2604,Coral Garden D,T1,3
Coral Garden\AUG 2024_CG_D\AUG_2024_CG_D_T1\GOPR4557.JPG,Coral Garden\AUG 2024_CG_D\AUG_2024_CG_D_T1\GOPR4557\Coral7.JPG,7,0.19,Coral Garden D,T1,3
Coral Garden\JULY 2024_CG_D\CG-D_T1\GOPR2955.JPG,Coral Garden\JULY 2024_CG_D\CG-D_T1\GOPR2955\Coral8.JPG,8,0.5718,Coral Garden D,T1,3
Coral Garden\JULY 2024_CG_D\CG-D_T1\GOPR2921.JPG,Coral Garden\JULY 2024_CG_D\CG-D_T1\GOPR2921\Coral13.JPG,13,0.1556,Coral Garden D,T1,3
Coral Garden\AUG 2024_CG_D\AUG_2024_CG_D_T1\GOPR4574.JPG,Coral Garden\AUG 2024_CG_D\AUG_2024_CG_D_T1\GOPR4574\Coral30.JPG,30,0.1638,Coral Garden D,T1,3
Coral Garden\AUG 2024_CG_D\AUG_2024_CG_D_T1\GOPR4529.JPG,Coral Garden\AUG 2024_CG_D\AUG_2024_CG_D_T1\GOPR4529\Coral9.JPG,9,0.3262,Coral Garden D,T1,3
Coral Garden\JULY 2024_CG_D\CG-D_T1\GOPR2916.JPG,Coral Garden\JULY 2024_CG_D\CG-D_T1\GOPR2916\Coral9.JPG,9,0.2523,Coral Garden D,T1,3
Coral Garden\JULY 2024_CG_D\CG-D_T1\GOPR2918.JPG,Coral Garden\JULY 2024_CG_D\CG-D_T1\GOPR2918\Coral14.JPG,14,0.4006,Coral Garden D,T1,3
Coral Garden\AUG 2024_CG_D\AUG_2024_CG_D_T1\GOPR4564.JPG,Coral Garden\AUG 2024_CG_D\AUG_2024_CG_D_T1\GOPR4564\Coral6.JPG,6,0.2703,Coral Garden D,T1,3
Coral Garden\AUG 2024_CG_D\AUG_2024_CG_D_T1\GOPR4572.JPG,Coral Garden\AUG 2024_CG_D\AUG_2024_CG_D_T1\GOPR4572\Coral6.JPG,6,0.2011,Coral Garden D,T1,3
Coral Garden\JULY 2024_CG_D\CG-D_T1\GOPR2952.JPG,Coral Garden\JULY 2024_CG_D\CG-D_T1\GOPR2952\Coral31.JPG,31,0.2671,Coral Garden D,T1,3
Coral Garden\AUG 2024_CG_D\AUG_2024_CG_D_T1\GOPR4558.JPG,Coral Garden\AUG 2024_CG_D\AUG_2024_CG_D_T1\GOPR4558\Coral7.JPG,7,0.3401,Coral Garden D,T1,3
Coral Garden\JULY 2024_CG_D\CG-D_T1\GOPR2949.JPG,Coral Garden\JULY 2024_CG_D\CG-D_T1\GOPR2949\Coral5.JPG,5,0.2301,Coral Garden D,T1,3
Coral Garden\JULY 2024_CG_D\CG-D_T1\GOPR2966.JPG,Coral Garden\JULY 2024_CG_D\CG-D_T1\GOPR2966\Coral9.JPG,9,0.2421,Coral Garden D,T1,3
Coral Garden\AUG 2024_CG_D\AUG_2024_CG_D_T1\GOPR4571.JPG,Coral Garden\AUG 2024_CG_D\AUG_2024_CG_D_T1\GOPR4571\Coral5.JPG,5,0.4958,Coral Garden D,T1,3
Coral Garden\AUG 2024_CG_D\AUG_2024_CG_D_T1\GOPR4573.JPG,Coral Garden\AUG 2024_CG_D\AUG_2024_CG_D_T1\GOPR4573\Coral8.JPG,8,0.224,Coral Garden D,T1,3
Coral Garden\AUG 2024_CG_D\AUG_2024_CG_D_T1\GOPR4583.JPG,Coral Garden\AUG 2024_CG_D\AUG_2024_CG_D_T1\GOPR4583\Coral4.JPG,4,0.7337,Coral Garden D,T1,3
Coral Garden\JULY 2024_CG_D\CG-D_T1\GOPR2925.JPG,Coral Garden\JULY 2024_CG_D\CG-D_T1\GOPR2925\Coral7.JPG,7,0.4738,Coral Garden D,T1,3
Coral Garden\JULY 2024_CG_D\CG-D_T1\GOPR2919.JPG,Coral Garden\JULY 2024_CG_D\CG-D_T1\GOPR2919\Coral14.JPG,14,0.3097,Coral Garden D,T1,3
Coral Garden\JULY 2024_CG_D\CG-D_T1\GOPR2919.JPG,Coral Garden\JULY 2024_CG_D\CG-D_T1\GOPR2919\Coral25.JPG,25,0.1835,Coral Garden D,T1,3
Coral Garden\JULY 2024_CG_D\CG-D_T1\GOPR2919.JPG,Coral Garden\JULY 2024_CG_D\CG-D_T1\GOPR2919\Coral7.JPG,7,0.5028,Coral Garden D,T1,3
Coral Garden\JULY 2024_CG_D\CG-D_T1\GOPR2953.JPG,Coral Garden\JULY 2024_CG_D\CG-D_T1\GOPR2953\Coral6.JPG,6,0.5321,Coral Garden D,T1,3
Coral Garden\AUG 2024_CG_D\AUG_2024_CG_D_T1\GOPR4585.JPG,Coral Garden\AUG 2024_CG_D\AUG_2024_CG_D_T1\GOPR4585\Coral2.JPG,2,0.3507,Coral Garden D,T1,3
Coral Garden\AUG 2024_CG_D\AUG_2024_CG_D_T1\GOPR4552.JPG,Coral Garden\AUG 2024_CG_D\AUG_2024_CG_D_T1\GOPR4552\Coral23.JPG,23,0.3132,Coral Garden D,T1,3
Coral Garden\AUG 2024_CG_D\AUG_2024_CG_D_T1\GOPR4552.JPG,Coral Garden\AUG 2024_CG_D\AUG_2024_CG_D_T1\GOPR4552\Coral41.JPG,41,0.2007,Coral Garden D,T1,3
Coral Garden\AUG 2024_CG_D\AUG_2024_CG_D_T1\GOPR4552.JPG,Coral Garden\AUG 2024_CG_D\AUG_2024_CG_D_T1\GOPR4552\Coral34.JPG,34,0.2291,Coral Garden D,T1,3
Coral Garden\AUG 2024_CG_D\AUG_2024_CG_D_T1\GOPR4552.JPG,Coral Garden\AUG 2024_CG_D\AUG_2024_CG_D_T1\GOPR4552\Coral46.JPG,46,0.1776,Coral Garden D,T1,3
Coral Garden\AUG 2024_CG_D\AUG_2024_CG_D_T1\GOPR4552.JPG,Coral Garden\AUG 2024_CG_D\AUG_2024_CG_D_T1\GOPR4552\Coral10.JPG,10,0.4678,Coral Garden D,T1,3
Coral Garden\AUG 2024_CG_D\AUG_2024_CG_D_T1\GOPR4552.JPG,Coral Garden\AUG 2024_CG_D\AUG_2024_CG_D_T1\GOPR4552\Coral3.JPG,3,0.6514,Coral Garden D,T1,3
Coral Garden\AUG 2024_CG_D\AUG_2024_CG_D_T1\GOPR4552.JPG,Coral Garden\AUG 2024_CG_D\AUG_2024_CG_D_T1\GOPR4552\Coral1.JPG,1,0.7531,Coral Garden D,T1,3
Coral Garden\JULY 2024_CG_D\CG-D_T1\GOPR2955.JPG,Coral Garden\JULY 2024_CG_D\CG-D_T1\GOPR2955\Coral4.JPG,4,0.7198,Coral Garden D,T1,3
Coral Garden\JULY 2024_CG_D\CG-D_T1\GOPR2955.JPG,Coral Garden\JULY 2024_CG_D\CG-D_T1\GOPR2955\Coral24.JPG,24,0.2144,Coral Garden D,T1,3
Coral Garden\JULY 2024_CG_D\CG-D_T1\GOPR2955.JPG,Coral Garden\JULY 2024_CG_D\CG-D_T1\GOPR2955\Coral27.JPG,27,0.1935,Coral Garden D,T1,3
Coral Garden\JULY 2024_CG_D\CG-D_T1\GOPR2955.JPG,Coral Garden\JULY 2024_CG_D\CG-D_T1\GOPR2955\Coral11.JPG,11,0.4541,Coral Garden D,T1,3
Coral Garden\AUG 2024_CG_D\AUG_2024_CG_D_T1\GOPR4531.JPG,Coral Garden\AUG 2024_CG_D\AUG_2024_CG_D_T1\GOPR4531\Coral19.JPG,19,0.2143,Coral Garden D,T1,3
Coral Garden\AUG 2024_CG_D\AUG_2024_CG_D_T1\GOPR4531.JPG,Coral Garden\AUG 2024_CG_D\AUG_2024_CG_D_T1\GOPR4531\Coral7.JPG,7,0.4229,Coral Garden D,T1,3
Coral Garden\AUG 2024_CG_D\AUG_2024_CG_D_T1\GOPR4531.JPG,Coral Garden\AUG 2024_CG_D\AUG_2024_CG_D_T1\GOPR4531\Coral15.JPG,15,0.2789,Coral Garden D,T1,3
Coral Garden\JULY 2024_CG_D\CG-D_T1\GOPR2920.JPG,Coral Garden\JULY 2024_CG_D\CG-D_T1\GOPR2920\Coral3.JPG,3,0.599,Coral Garden D,T1,3
Coral Garden\JULY 2024_CG_D\CG-D_T1\GOPR2920.JPG,Coral Garden\JULY 2024_CG_D\CG-D_T1\GOPR2920\Coral4.JPG,4,0.5869,Coral Garden D,T1,3
Coral Garden\JULY 2024_CG_D\CG-D_T1\GOPR2921.JPG,Coral Garden\JULY 2024_CG_D\CG-D_T1\GOPR2921\Coral9.JPG,9,0.2683,Coral Garden D,T1,3
Coral Garden\AUG 2024_CG_D\AUG_2024_CG_D_T1\GOPR4574.JPG,Coral Garden\AUG 2024_CG_D\AUG_2024_CG_D_T1\GOPR4574\Coral23.JPG,23,0.2476,Coral Garden D,T1,3
Coral Garden\AUG 2024_CG_D\AUG_2024_CG_D_T1\GOPR4574.JPG,Coral Garden\AUG 2024_CG_D\AUG_2024_CG_D_T1\GOPR4574\Coral6.JPG,6,0.5631,Coral Garden D,T1,3
Coral Garden\AUG 2024_CG_D\AUG_2024_CG_D_T1\GOPR4574.JPG,Coral Garden\AUG 2024_CG_D\AUG_2024_CG_D_T1\GOPR4574\Coral17.JPG,17,0.3214,Coral Garden D,T1,3
Coral Garden\AUG 2024_CG_D\AUG_2024_CG_D_T1\GOPR4574.JPG,Coral Garden\AUG 2024_CG_D\AUG_2024_CG_D_T1\GOPR4574\Coral7.JPG,7,0.542,Coral Garden D,T1,3
Coral Garden\AUG 2024_CG_D\AUG_2024_CG_D_T1\GOPR4574.JPG,Coral Garden\AUG 2024_CG_D\AUG_2024_CG_D_T1\GOPR4574\Coral19.JPG,19,0.3093,Coral Garden D,T1,3
Coral Garden\AUG 2024_CG_D\AUG_2024_CG_D_T1\GOPR4574.JPG,Coral Garden\AUG 2024_CG_D\AUG_2024_CG_D_T1\GOPR4574\Coral25.JPG,25,0.2328,Coral Garden D,T1,3
Coral Garden\AUG 2024_CG_D\AUG_2024_CG_D_T1\GOPR4555.JPG,Coral Garden\AUG 2024_CG_D\AUG_2024_CG_D_T1\GOPR4555\Coral11.JPG,11,0.3144,Coral Garden D,T1,3
Coral Garden\AUG 2024_CG_D\AUG_2024_CG_D_T1\GOPR4555.JPG,Coral Garden\AUG 2024_CG_D\AUG_2024_CG_D_T1\GOPR4555\Coral18.JPG,18,0.1801,Coral Garden D,T1,3
Coral Garden\AUG 2024_CG_D\AUG_2024_CG_D_T1\GOPR4555.JPG,Coral Garden\AUG 2024_CG_D\AUG_2024_CG_D_T1\GOPR4555\Coral7.JPG,7,0.4012,Coral Garden D,T1,3
Coral Garden\AUG 2024_CG_D\AUG_2024_CG_D_T1\GOPR4555.JPG,Coral Garden\AUG 2024_CG_D\AUG_2024_CG_D_T1\GOPR4555\Coral5.JPG,5,0.4425,Coral Garden D,T1,3
Coral Garden\AUG 2024_CG_D\AUG_2024_CG_D_T1\GOPR4562.JPG,Coral Garden\AUG 2024_CG_D\AUG_2024_CG_D_T1\GOPR4562\Coral1.JPG,1,0.7412,Coral Garden D,T1,3
Coral Garden\AUG 2024_CG_D\AUG_2024_CG_D_T1\GOPR4562.JPG,Coral Garden\AUG 2024_CG_D\AUG_2024_CG_D_T1\GOPR4562\Coral7.JPG,7,0.4795,Coral Garden D,T1,3
Coral Garden\AUG 2024_CG_D\AUG_2024_CG_D_T1\GOPR4562.JPG,Coral Garden\AUG 2024_CG_D\AUG_2024_CG_D_T1\GOPR4562\Coral34.JPG,34,0.1905,Coral Garden D,T1,3
Coral Garden\AUG 2024_CG_D\AUG_2024_CG_D_T1\GOPR4562.JPG,Coral Garden\AUG 2024_CG_D\AUG_2024_CG_D_T1\GOPR4562\Coral39.JPG,39,0.1658,Coral Garden D,T1,3
Coral Garden\AUG 2024_CG_D\AUG_2024_CG_D_T1\GOPR4562.JPG,Coral Garden\AUG 2024_CG_D\AUG_2024_CG_D_T1\GOPR4562\Coral44.JPG,44,0.1555,Coral Garden D,T1,3
Coral Garden\AUG 2024_CG_D\AUG_2024_CG_D_T1\GOPR4562.JPG,Coral Garden\AUG 2024_CG_D\AUG_2024_CG_D_T1\GOPR4562\Coral9.JPG,9,0.4068,Coral Garden D,T1,3
Coral Garden\AUG 2024_CG_D\AUG_2024_CG_D_T1\GOPR4562.JPG,Coral Garden\AUG 2024_CG_D\AUG_2024_CG_D_T1\GOPR4562\Coral28.JPG,28,0.2185,Coral Garden D,T1,3
Coral Garden\JULY 2024_CG_D\CG-D_T1\GOPR2941.JPG,Coral Garden\JULY 2024_CG_D\CG-D_T1\GOPR2941\Coral5.JPG,5,0.3734,Coral Garden D,T1,3
Coral Garden\JULY 2024_CG_D\CG-D_T1\GOPR2941.JPG,Coral Garden\JULY 2024_CG_D\CG-D_T1\GOPR2941\Coral10.JPG,10,0.1909,Coral Garden D,T1,3
Coral Garden\AUG 2024_CG_D\AUG_2024_CG_D_T1\GOPR4529.JPG,Coral Garden\AUG 2024_CG_D\AUG_2024_CG_D_T1\GOPR4529\Coral17.JPG,17,0.228,Coral Garden D,T1,3
Coral Garden\AUG 2024_CG_D\AUG_2024_CG_D_T1\GOPR4529.JPG,Coral Garden\AUG 2024_CG_D\AUG_2024_CG_D_T1\GOPR4529\Coral18.JPG,18,0.2235,Coral Garden D,T1,3
Coral Garden\AUG 2024_CG_D\AUG_2024_CG_D_T1\GOPR4529.JPG,Coral Garden\AUG 2024_CG_D\AUG_2024_CG_D_T1\GOPR4529\Coral13.JPG,13,0.2819,Coral Garden D,T1,3
Coral Garden\AUG 2024_CG_D\AUG_2024_CG_D_T1\GOPR4529.JPG,Coral Garden\AUG 2024_CG_D\AUG_2024_CG_D_T1\GOPR4529\Coral8.JPG,8,0.3308,Coral Garden D,T1,3
Coral Garden\AUG 2024_CG_D\AUG_2024_CG_D_T1\GOPR4529.JPG,Coral Garden\AUG 2024_CG_D\AUG_2024_CG_D_T1\GOPR4529\Coral4.JPG,4,0.4091,Coral Garden D,T1,3
Coral Garden\AUG 2024_CG_D\AUG_2024_CG_D_T1\GOPR4529.JPG,Coral Garden\AUG 2024_CG_D\AUG_2024_CG_D_T1\GOPR4529\Coral16.JPG,16,0.2433,Coral Garden D,T1,3
Coral Garden\AUG 2024_CG_D\AUG_2024_CG_D_T1\GOPR4529.JPG,Coral Garden\AUG 2024_CG_D\AUG_2024_CG_D_T1\GOPR4529\Coral10.JPG,10,0.3144,Coral Garden D,T1,3
Coral Garden\AUG 2024_CG_D\AUG_2024_CG_D_T1\GOPR4529.JPG,Coral Garden\AUG 2024_CG_D\AUG_2024_CG_D_T1\GOPR4529\Coral20.JPG,20,0.1759,Coral Garden D,T1,3
Coral Garden\JULY 2024_CG_D\CG-D_T1\GOPR2940.JPG,Coral Garden\JULY 2024_CG_D\CG-D_T1\GOPR2940\Coral5.JPG,5,0.5933,Coral Garden D,T1,3
Coral Garden\AUG 2024_CG_D\AUG_2024_CG_D_T1\GOPR4582.JPG,Coral Garden\AUG 2024_CG_D\AUG_2024_CG_D_T1\GOPR4582\Coral5.JPG,5,0.2048,Coral Garden D,T1,3
Coral Garden\JULY 2024_CG_D\CG-D_T1\GOPR2942.JPG,Coral Garden\JULY 2024_CG_D\CG-D_T1\GOPR2942\Coral9.JPG,9,0.5812,Coral Garden D,T1,3
Coral Garden\JULY 2024_CG_D\CG-D_T1\GOPR2942.JPG,Coral Garden\JULY 2024_CG_D\CG-D_T1\GOPR2942\Coral37.JPG,37,0.1508,Coral Garden D,T1,3
Coral Garden\JULY 2024_CG_D\CG-D_T1\GOPR2942.JPG,Coral Garden\JULY 2024_CG_D\CG-D_T1\GOPR2942\Coral2.JPG,2,0.7672,Coral Garden D,T1,3
Coral Garden\JULY 2024_CG_D\CG-D_T1\GOPR2942.JPG,Coral Garden\JULY 2024_CG_D\CG-D_T1\GOPR2942\Coral22.JPG,22,0.2496,Coral Garden D,T1,3
Coral Garden\JULY 2024_CG_D\CG-D_T1\GOPR2942.JPG,Coral Garden\JULY 2024_CG_D\CG-D_T1\GOPR2942\Coral20.JPG,20,0.3222,Coral Garden D,T1,3
Coral Garden\JULY 2024_CG_D\CG-D_T1\GOPR2942.JPG,Coral Garden\JULY 2024_CG_D\CG-D_T1\GOPR2942\Coral38.JPG,38,0.1507,Coral Garden D,T1,3
Coral Garden\JULY 2024_CG_D\CG-D_T1\GOPR2942.JPG,Coral Garden\JULY 2024_CG_D\CG-D_T1\GOPR2942\Coral27.JPG,27,0.1963,Coral Garden D,T1,3
Coral Garden\AUG 2024_CG_D\AUG_2024_CG_D_T1\GOPR4569.JPG,Coral Garden\AUG 2024_CG_D\AUG_2024_CG_D_T1\GOPR4569\Coral11.JPG,11,0.1543,Coral Garden D,T1,3
Coral Garden\JULY 2024_CG_D\CG-D_T2\GOPR2986.JPG,Coral Garden\JULY 2024_CG_D\CG-D_T2\GOPR2986\Coral25.JPG,25,0.2183,Coral Garden D,T2,3
Coral Garden\AUG 2024_CG_D\AUG_2024_CG_D_T2\GOPR4603.JPG,Coral Garden\AUG 2024_CG_D\AUG_2024_CG_D_T2\GOPR4603\Coral4.JPG,4,0.2432,Coral Garden D,T2,3
Coral Garden\AUG 2024_CG_D\AUG_2024_CG_D_T2\GOPR4604.JPG,Coral Garden\AUG 2024_CG_D\AUG_2024_CG_D_T2\GOPR4604\Coral5.JPG,5,0.2961,Coral Garden D,T2,3
Coral Garden\JULY 2024_CG_D\CG-D_T2\GOPR2971.JPG,Coral Garden\JULY 2024_CG_D\CG-D_T2\GOPR2971\Coral7.JPG,7,0.3027,Coral Garden D,T2,3
Coral Garden\AUG 2024_CG_D\AUG_2024_CG_D_T2\GOPR4607.JPG,Coral Garden\AUG 2024_CG_D\AUG_2024_CG_D_T2\GOPR4607\Coral1.JPG,1,0.5561,Coral Garden D,T2,3
Coral Garden\JULY 2024_CG_D\CG-D_T2\GOPR2977.JPG,Coral Garden\JULY 2024_CG_D\CG-D_T2\GOPR2977\Coral3.JPG,3,0.3196,Coral Garden D,T2,3
Coral Garden\JULY 2024_CG_D\CG-D_T2\GOPR2978.JPG,Coral Garden\JULY 2024_CG_D\CG-D_T2\GOPR2978\Coral3.JPG,3,0.4937,Coral Garden D,T2,3
Coral Garden\AUG 2024_CG_D\AUG_2024_CG_D_T2\GOPR4627.JPG,Coral Garden\AUG 2024_CG_D\AUG_2024_CG_D_T2\GOPR4627\Coral29.JPG,29,0.2483,Coral Garden D,T2,3
Coral Garden\AUG 2024_CG_D\AUG_2024_CG_D_T2\GOPR4635.JPG,Coral Garden\AUG 2024_CG_D\AUG_2024_CG_D_T2\GOPR4635\Coral8.JPG,8,0.2673,Coral Garden D,T2,3
Coral Garden\AUG 2024_CG_D\AUG_2024_CG_D_T2\GOPR4590.JPG,Coral Garden\AUG 2024_CG_D\AUG_2024_CG_D_T2\GOPR4590\Coral1.JPG,1,0.3996,Coral Garden D,T2,3
Coral Garden\JULY 2024_CG_D\CG-D_T2\GOPR2988.JPG,Coral Garden\JULY 2024_CG_D\CG-D_T2\GOPR2988\Coral14.JPG,14,0.214,Coral Garden D,T2,3
Coral Garden\JULY 2024_CG_D\CG-D_T2\GOPR2987.JPG,Coral Garden\JULY 2024_CG_D\CG-D_T2\GOPR2987\Coral1.JPG,1,0.6361,Coral Garden D,T2,3
Coral Garden\JULY 2024_CG_D\CG-D_T2\GOPR2980.JPG,Coral Garden\JULY 2024_CG_D\CG-D_T2\GOPR2980\Coral2.JPG,2,0.7381,Coral Garden D,T2,3
Coral Garden\JULY 2024_CG_D\CG-D_T2\GOPR3002.JPG,Coral Garden\JULY 2024_CG_D\CG-D_T2\GOPR3002\Coral1.JPG,1,0.7939,Coral Garden D,T2,3
Coral Garden\AUG 2024_CG_D\AUG_2024_CG_D_T2\GOPR4625.JPG,Coral Garden\AUG 2024_CG_D\AUG_2024_CG_D_T2\GOPR4625\Coral4.JPG,4,0.192,Coral Garden D,T2,3
Coral Garden\AUG 2024_CG_D\AUG_2024_CG_D_T2\GOPR4622.JPG,Coral Garden\AUG 2024_CG_D\AUG_2024_CG_D_T2\GOPR4622\Coral2.JPG,2,0.4863,Coral Garden D,T2,3
Coral Garden\JULY 2024_CG_D\CG-D_T2\GOPR3010.JPG,Coral Garden\JULY 2024_CG_D\CG-D_T2\GOPR3010\Coral24.JPG,24,0.1865,Coral Garden D,T2,3
Coral Garden\JULY 2024_CG_D\CG-D_T2\GOPR2974.JPG,Coral Garden\JULY 2024_CG_D\CG-D_T2\GOPR2974\Coral1.JPG,1,0.6943,Coral Garden D,T2,3
Coral Garden\AUG 2024_CG_D\AUG_2024_CG_D_T2\GOPR4598.JPG,Coral Garden\AUG 2024_CG_D\AUG_2024_CG_D_T2\GOPR4598\Coral5.JPG,5,0.4575,Coral Garden D,T2,3
Coral Garden\JULY 2024_CG_D\CG-D_T2\GOPR3000.JPG,Coral Garden\JULY 2024_CG_D\CG-D_T2\GOPR3000\Coral8.JPG,8,0.3631,Coral Garden D,T2,3
Coral Garden\AUG 2024_CG_D\AUG_2024_CG_D_T2\GOPR4614.JPG,Coral Garden\AUG 2024_CG_D\AUG_2024_CG_D_T2\GOPR4614\Coral3.JPG,3,0.5514,Coral Garden D,T2,3
Coral Garden\AUG 2024_CG_D\AUG_2024_CG_D_T2\GOPR4599.JPG,Coral Garden\AUG 2024_CG_D\AUG_2024_CG_D_T2\GOPR4599\Coral23.JPG,23,0.2393,Coral Garden D,T2,3
Coral Garden\JULY 2024_CG_D\CG-D_T2\GOPR2973.JPG,Coral Garden\JULY 2024_CG_D\CG-D_T2\GOPR2973\Coral8.JPG,8,0.2271,Coral Garden D,T2,3
Coral Garden\JULY 2024_CG_D\CG-D_T2\GOPR3009.JPG,Coral Garden\JULY 2024_CG_D\CG-D_T2\GOPR3009\Coral15.JPG,15,0.3652,Coral Garden D,T2,3
Coral Garden\JULY 2024_CG_D\CG-D_T2\GOPR3005.JPG,Coral Garden\JULY 2024_CG_D\CG-D_T2\GOPR3005\Coral1.JPG,1,0.547,Coral Garden D,T2,3
Coral Garden\JULY 2024_CG_D\CG-D_T2\GOPR2995.JPG,Coral Garden\JULY 2024_CG_D\CG-D_T2\GOPR2995\Coral2.JPG,2,0.7161,Coral Garden D,T2,3
Coral Garden\AUG 2024_CG_D\AUG_2024_CG_D_T2\GOPR4630.JPG,Coral Garden\AUG 2024_CG_D\AUG_2024_CG_D_T2\GOPR4630\Coral13.JPG,13,0.1918,Coral Garden D,T2,3
Coral Garden\JULY 2024_CG_D\CG-D_T2\GOPR2997.JPG,Coral Garden\JULY 2024_CG_D\CG-D_T2\GOPR2997\Coral2.JPG,2,0.1913,Coral Garden D,T2,3
Coral Garden\AUG 2024_CG_D\AUG_2024_CG_D_T2\GOPR4608.JPG,Coral Garden\AUG 2024_CG_D\AUG_2024_CG_D_T2\GOPR4608\Coral5.JPG,5,0.264,Coral Garden D,T2,3
Coral Garden\JULY 2024_CG_D\CG-D_T2\GOPR2988.JPG,Coral Garden\JULY 2024_CG_D\CG-D_T2\GOPR2988\Coral21.JPG,21,0.1772,Coral Garden D,T2,3
Coral Garden\JULY 2024_CG_D\CG-D_T2\GOPR2993.JPG,Coral Garden\JULY 2024_CG_D\CG-D_T2\GOPR2993\Coral10.JPG,10,0.2002,Coral Garden D,T2,3
Coral Garden\AUG 2024_CG_D\AUG_2024_CG_D_T2\GOPR4623.JPG,Coral Garden\AUG 2024_CG_D\AUG_2024_CG_D_T2\GOPR4623\Coral2.JPG,2,0.2172,Coral Garden D,T2,3
Coral Garden\AUG 2024_CG_D\AUG_2024_CG_D_T2\GOPR4595.JPG,Coral Garden\AUG 2024_CG_D\AUG_2024_CG_D_T2\GOPR4595\Coral1.JPG,1,0.1717,Coral Garden D,T2,3
Coral Garden\AUG 2024_CG_D\AUG_2024_CG_D_T2\GOPR4622.JPG,Coral Garden\AUG 2024_CG_D\AUG_2024_CG_D_T2\GOPR4622\Coral4.JPG,4,0.1958,Coral Garden D,T2,3
Coral Garden\JULY 2024_CG_D\CG-D_T2\GOPR3008.JPG,Coral Garden\JULY 2024_CG_D\CG-D_T2\GOPR3008\Coral33.JPG,33,0.1511,Coral Garden D,T2,3
Coral Garden\AUG 2024_CG_D\AUG_2024_CG_D_T2\GOPR4629.JPG,Coral Garden\AUG 2024_CG_D\AUG_2024_CG_D_T2\GOPR4629\Coral18.JPG,18,0.2669,Coral Garden D,T2,3
Coral Garden\JULY 2024_CG_D\CG-D_T2\GOPR3000.JPG,Coral Garden\JULY 2024_CG_D\CG-D_T2\GOPR3000\Coral22.JPG,22,0.1613,Coral Garden D,T2,3
Coral Garden\JULY 2024_CG_D\CG-D_T2\GOPR2972.JPG,Coral Garden\JULY 2024_CG_D\CG-D_T2\GOPR2972\Coral6.JPG,6,0.2406,Coral Garden D,T2,3
Coral Garden\AUG 2024_CG_D\AUG_2024_CG_D_T2\GOPR4592.JPG,Coral Garden\AUG 2024_CG_D\AUG_2024_CG_D_T2\GOPR4592\Coral4.JPG,4,0.5564,Coral Garden D,T2,3
Coral Garden\AUG 2024_CG_D\AUG_2024_CG_D_T2\GOPR4619.JPG,Coral Garden\AUG 2024_CG_D\AUG_2024_CG_D_T2\GOPR4619\Coral6.JPG,6,0.1672,Coral Garden D,T2,3
Coral Garden\AUG 2024_CG_D\AUG_2024_CG_D_T2\GOPR4588.JPG,Coral Garden\AUG 2024_CG_D\AUG_2024_CG_D_T2\GOPR4588\Coral4.JPG,4,0.6607,Coral Garden D,T2,3
Coral Garden\AUG 2024_CG_D\AUG_2024_CG_D_T2\GOPR4601.JPG,Coral Garden\AUG 2024_CG_D\AUG_2024_CG_D_T2\GOPR4601\Coral18.JPG,18,0.1515,Coral Garden D,T2,3
Coral Garden\JULY 2024_CG_D\CG-D_T2\GOPR3001.JPG,Coral Garden\JULY 2024_CG_D\CG-D_T2\GOPR3001\Coral7.JPG,7,0.2843,Coral Garden D,T2,3
Coral Garden\AUG 2024_CG_D\AUG_2024_CG_D_T2\GOPR4608.JPG,Coral Garden\AUG 2024_CG_D\AUG_2024_CG_D_T2\GOPR4608\Coral3.JPG,3,0.4425,Coral Garden D,T2,3
Coral Garden\JULY 2024_CG_D\CG-D_T2\GOPR2987.JPG,Coral Garden\JULY 2024_CG_D\CG-D_T2\GOPR2987\Coral5.JPG,5,0.4502,Coral Garden D,T2,3
Coral Garden\JULY 2024_CG_D\CG-D_T2\GOPR2980.JPG,Coral Garden\JULY 2024_CG_D\CG-D_T2\GOPR2980\Coral22.JPG,22,0.317,Coral Garden D,T2,3
Coral Garden\JULY 2024_CG_D\CG-D_T2\GOPR3010.JPG,Coral Garden\JULY 2024_CG_D\CG-D_T2\GOPR3010\Coral20.JPG,20,0.2534,Coral Garden D,T2,3
Coral Garden\JULY 2024_CG_D\CG-D_T2\GOPR3008.JPG,Coral Garden\JULY 2024_CG_D\CG-D_T2\GOPR3008\Coral31.JPG,31,0.1622,Coral Garden D,T2,3
Coral Garden\JULY 2024_CG_D\CG-D_T2\GOPR3008.JPG,Coral Garden\JULY 2024_CG_D\CG-D_T2\GOPR3008\Coral1.JPG,1,0.7163,Coral Garden D,T2,3
Coral Garden\JULY 2024_CG_D\CG-D_T2\GOPR3008.JPG,Coral Garden\JULY 2024_CG_D\CG-D_T2\GOPR3008\Coral4.JPG,4,0.6456,Coral Garden D,T2,3
Coral Garden\JULY 2024_CG_D\CG-D_T2\GOPR3008.JPG,Coral Garden\JULY 2024_CG_D\CG-D_T2\GOPR3008\Coral30.JPG,30,0.1787,Coral Garden D,T2,3
Coral Garden\JULY 2024_CG_D\CG-D_T2\GOPR3008.JPG,Coral Garden\JULY 2024_CG_D\CG-D_T2\GOPR3008\Coral19.JPG,19,0.2944,Coral Garden D,T2,3
Coral Garden\JULY 2024_CG_D\CG-D_T2\GOPR3008.JPG,Coral Garden\JULY 2024_CG_D\CG-D_T2\GOPR3008\Coral7.JPG,7,0.5505,Coral Garden D,T2,3
Coral Garden\JULY 2024_CG_D\CG-D_T2\GOPR3008.JPG,Coral Garden\JULY 2024_CG_D\CG-D_T2\GOPR3008\Coral10.JPG,10,0.4957,Coral Garden D,T2,3
Coral Garden\JULY 2024_CG_D\CG-D_T2\GOPR3008.JPG,Coral Garden\JULY 2024_CG_D\CG-D_T2\GOPR3008\Coral22.JPG,22,0.2752,Coral Garden D,T2,3
Coral Garden\JULY 2024_CG_D\CG-D_T2\GOPR3008.JPG,Coral Garden\JULY 2024_CG_D\CG-D_T2\GOPR3008\Coral25.JPG,25,0.2329,Coral Garden D,T2,3
Coral Garden\JULY 2024_CG_D\CG-D_T2\GOPR3008.JPG,Coral Garden\JULY 2024_CG_D\CG-D_T2\GOPR3008\Coral23.JPG,23,0.27,Coral Garden D,T2,3
Coral Garden\AUG 2024_CG_D\AUG_2024_CG_D_T2\GOPR4618.JPG,Coral Garden\AUG 2024_CG_D\AUG_2024_CG_D_T2\GOPR4618\Coral4.JPG,4,0.4621,Coral Garden D,T2,3
Coral Garden\AUG 2024_CG_D\AUG_2024_CG_D_T2\GOPR4618.JPG,Coral Garden\AUG 2024_CG_D\AUG_2024_CG_D_T2\GOPR4618\Coral11.JPG,11,0.1954,Coral Garden D,T2,3
Coral Garden\JULY 2024_CG_D\CG-D_T2\GOPR2994.JPG,Coral Garden\JULY 2024_CG_D\CG-D_T2\GOPR2994\Coral24.JPG,24,0.3244,Coral Garden D,T2,3
Coral Garden\JULY 2024_CG_D\CG-D_T2\GOPR2994.JPG,Coral Garden\JULY 2024_CG_D\CG-D_T2\GOPR2994\Coral11.JPG,11,0.5431,Coral Garden D,T2,3
Coral Garden\JULY 2024_CG_D\CG-D_T2\GOPR2994.JPG,Coral Garden\JULY 2024_CG_D\CG-D_T2\GOPR2994\Coral3.JPG,3,0.7124,Coral Garden D,T2,3
Coral Garden\JULY 2024_CG_D\CG-D_T2\GOPR2994.JPG,Coral Garden\JULY 2024_CG_D\CG-D_T2\GOPR2994\Coral18.JPG,18,0.4072,Coral Garden D,T2,3
Coral Garden\JULY 2024_CG_D\CG-D_T2\GOPR2994.JPG,Coral Garden\JULY 2024_CG_D\CG-D_T2\GOPR2994\Coral20.JPG,20,0.3782,Coral Garden D,T2,3
Coral Garden\JULY 2024_CG_D\CG-D_T2\GOPR2994.JPG,Coral Garden\JULY 2024_CG_D\CG-D_T2\GOPR2994\Coral32.JPG,32,0.2644,Coral Garden D,T2,3
Coral Garden\JULY 2024_CG_D\CG-D_T2\GOPR2994.JPG,Coral Garden\JULY 2024_CG_D\CG-D_T2\GOPR2994\Coral33.JPG,33,0.2639,Coral Garden D,T2,3
Coral Garden\JULY 2024_CG_D\CG-D_T2\GOPR2994.JPG,Coral Garden\JULY 2024_CG_D\CG-D_T2\GOPR2994\Coral10.JPG,10,0.5993,Coral Garden D,T2,3
Coral Garden\JULY 2024_CG_D\CG-D_T2\GOPR2994.JPG,Coral Garden\JULY 2024_CG_D\CG-D_T2\GOPR2994\Coral14.JPG,14,0.4488,Coral Garden D,T2,3
Coral Garden\JULY 2024_CG_D\CG-D_T2\GOPR2994.JPG,Coral Garden\JULY 2024_CG_D\CG-D_T2\GOPR2994\Coral16.JPG,16,0.4223,Coral Garden D,T2,3
Coral Garden\JULY 2024_CG_D\CG-D_T2\GOPR2994.JPG,Coral Garden\JULY 2024_CG_D\CG-D_T2\GOPR2994\Coral28.JPG,28,0.3037,Coral Garden D,T2,3
Coral Garden\JULY 2024_CG_D\CG-D_T2\GOPR2986.JPG,Coral Garden\JULY 2024_CG_D\CG-D_T2\GOPR2986\Coral18.JPG,18,0.2929,Coral Garden D,T2,3
Coral Garden\JULY 2024_CG_D\CG-D_T2\GOPR2986.JPG,Coral Garden\JULY 2024_CG_D\CG-D_T2\GOPR2986\Coral33.JPG,33,0.1551,Coral Garden D,T2,3
Coral Garden\JULY 2024_CG_D\CG-D_T2\GOPR2986.JPG,Coral Garden\JULY 2024_CG_D\CG-D_T2\GOPR2986\Coral4.JPG,4,0.6215,Coral Garden D,T2,3
Coral Garden\AUG 2024_CG_D\AUG_2024_CG_D_T2\GOPR4598.JPG,Coral Garden\AUG 2024_CG_D\AUG_2024_CG_D_T2\GOPR4598\Coral12.JPG,12,0.2928,Coral Garden D,T2,3
Coral Garden\AUG 2024_CG_D\AUG_2024_CG_D_T2\GOPR4598.JPG,Coral Garden\AUG 2024_CG_D\AUG_2024_CG_D_T2\GOPR4598\Coral16.JPG,16,0.2459,Coral Garden D,T2,3
Coral Garden\AUG 2024_CG_D\AUG_2024_CG_D_T2\GOPR4598.JPG,Coral Garden\AUG 2024_CG_D\AUG_2024_CG_D_T2\GOPR4598\Coral17.JPG,17,0.2215,Coral Garden D,T2,3
Coral Garden\AUG 2024_CG_D\AUG_2024_CG_D_T2\GOPR4598.JPG,Coral Garden\AUG 2024_CG_D\AUG_2024_CG_D_T2\GOPR4598\Coral2.JPG,2,0.5802,Coral Garden D,T2,3
Coral Garden\AUG 2024_CG_D\AUG_2024_CG_D_T2\GOPR4629.JPG,Coral Garden\AUG 2024_CG_D\AUG_2024_CG_D_T2\GOPR4629\Coral10.JPG,10,0.4502,Coral Garden D,T2,3
Coral Garden\AUG 2024_CG_D\AUG_2024_CG_D_T2\GOPR4629.JPG,Coral Garden\AUG 2024_CG_D\AUG_2024_CG_D_T2\GOPR4629\Coral24.JPG,24,0.2163,Coral Garden D,T2,3
Coral Garden\AUG 2024_CG_D\AUG_2024_CG_D_T2\GOPR4629.JPG,Coral Garden\AUG 2024_CG_D\AUG_2024_CG_D_T2\GOPR4629\Coral34.JPG,34,0.1578,Coral Garden D,T2,3
Coral Garden\AUG 2024_CG_D\AUG_2024_CG_D_T2\GOPR4629.JPG,Coral Garden\AUG 2024_CG_D\AUG_2024_CG_D_T2\GOPR4629\Coral1.JPG,1,0.7647,Coral Garden D,T2,3
Coral Garden\AUG 2024_CG_D\AUG_2024_CG_D_T2\GOPR4629.JPG,Coral Garden\AUG 2024_CG_D\AUG_2024_CG_D_T2\GOPR4629\Coral16.JPG,16,0.2894,Coral Garden D,T2,3
Coral Garden\JULY 2024_CG_D\CG-D_T2\GOPR3000.JPG,Coral Garden\JULY 2024_CG_D\CG-D_T2\GOPR3000\Coral16.JPG,16,0.2424,Coral Garden D,T2,3
Coral Garden\JULY 2024_CG_D\CG-D_T2\GOPR3000.JPG,Coral Garden\JULY 2024_CG_D\CG-D_T2\GOPR3000\Coral9.JPG,9,0.3353,Coral Garden D,T2,3
Coral Garden\JULY 2024_CG_D\CG-D_T2\GOPR3000.JPG,Coral Garden\JULY 2024_CG_D\CG-D_T2\GOPR3000\Coral11.JPG,11,0.316,Coral Garden D,T2,3
Coral Garden\JULY 2024_CG_D\CG-D_T2\GOPR3000.JPG,Coral Garden\JULY 2024_CG_D\CG-D_T2\GOPR3000\Coral14.JPG,14,0.258,Coral Garden D,T2,3
Coral Garden\JULY 2024_CG_D\CG-D_T2\GOPR3000.JPG,Coral Garden\JULY 2024_CG_D\CG-D_T2\GOPR3000\Coral12.JPG,12,0.2949,Coral Garden D,T2,3
Coral Garden\JULY 2024_CG_D\CG-D_T2\GOPR3000.JPG,Coral Garden\JULY 2024_CG_D\CG-D_T2\GOPR3000\Coral21.JPG,21,0.1781,Coral Garden D,T2,3
Coral Garden\JULY 2024_CG_D\CG-D_T2\GOPR3000.JPG,Coral Garden\JULY 2024_CG_D\CG-D_T2\GOPR3000\Coral5.JPG,5,0.4938,Coral Garden D,T2,3
Coral Garden\JULY 2024_CG_D\CG-D_T2\GOPR3000.JPG,Coral Garden\JULY 2024_CG_D\CG-D_T2\GOPR3000\Coral1.JPG,1,0.7644,Coral Garden D,T2,3
Coral Garden\JULY 2024_CG_D\CG-D_T2\GOPR2972.JPG,Coral Garden\JULY 2024_CG_D\CG-D_T2\GOPR2972\Coral10.JPG,10,0.1553,Coral Garden D,T2,3
Coral Garden\AUG 2024_CG_D\AUG_2024_CG_D_T2\GOPR4602.JPG,Coral Garden\AUG 2024_CG_D\AUG_2024_CG_D_T2\GOPR4602\Coral12.JPG,12,0.1628,Coral Garden D,T2,3
Coral Garden\JULY 2024_CG_D\CG-D_T2\GOPR3015.JPG,Coral Garden\JULY 2024_CG_D\CG-D_T2\GOPR3015\Coral4.JPG,4,0.4187,Coral Garden D,T2,3
Coral Garden\JULY 2024_CG_D\CG-D_T2\GOPR3015.JPG,Coral Garden\JULY 2024_CG_D\CG-D_T2\GOPR3015\Coral10.JPG,10,0.244,Coral Garden D,T2,3
Coral Garden\JULY 2024_CG_D\CG-D_T2\GOPR3022.JPG,Coral Garden\JULY 2024_CG_D\CG-D_T2\GOPR3022\Coral17.JPG,17,0.2762,Coral Garden D,T2,3
Coral Garden\JULY 2024_CG_D\CG-D_T2\GOPR3022.JPG,Coral Garden\JULY 2024_CG_D\CG-D_T2\GOPR3022\Coral29.JPG,29,0.1517,Coral Garden D,T2,3
Coral Garden\AUG 2024_CG_D\AUG_2024_CG_D_T2\GOPR4592.JPG,Coral Garden\AUG 2024_CG_D\AUG_2024_CG_D_T2\GOPR4592\Coral5.JPG,5,0.5509,Coral Garden D,T2,3
Coral Garden\AUG 2024_CG_D\AUG_2024_CG_D_T2\GOPR4592.JPG,Coral Garden\AUG 2024_CG_D\AUG_2024_CG_D_T2\GOPR4592\Coral19.JPG,19,0.1616,Coral Garden D,T2,3
Coral Garden\AUG 2024_CG_D\AUG_2024_CG_D_T2\GOPR4592.JPG,Coral Garden\AUG 2024_CG_D\AUG_2024_CG_D_T2\GOPR4592\Coral6.JPG,6,0.3235,Coral Garden D,T2,3
Coral Garden\AUG 2024_CG_D\AUG_2024_CG_D_T2\GOPR4619.JPG,Coral Garden\AUG 2024_CG_D\AUG_2024_CG_D_T2\GOPR4619\Coral4.JPG,4,0.2234,Coral Garden D,T2,3
Coral Garden\AUG 2024_CG_D\AUG_2024_CG_D_T2\GOPR4619.JPG,Coral Garden\AUG 2024_CG_D\AUG_2024_CG_D_T2\GOPR4619\Coral2.JPG,2,0.3029,Coral Garden D,T2,3
Coral Garden\AUG 2024_CG_D\AUG_2024_CG_D_T2\GOPR4617.JPG,Coral Garden\AUG 2024_CG_D\AUG_2024_CG_D_T2\GOPR4617\Coral28.JPG,28,0.2541,Coral Garden D,T2,3
Coral Garden\AUG 2024_CG_D\AUG_2024_CG_D_T2\GOPR4617.JPG,Coral Garden\AUG 2024_CG_D\AUG_2024_CG_D_T2\GOPR4617\Coral46.JPG,46,0.1539,Coral Garden D,T2,3
Coral Garden\AUG 2024_CG_D\AUG_2024_CG_D_T2\GOPR4617.JPG,Coral Garden\AUG 2024_CG_D\AUG_2024_CG_D_T2\GOPR4617\Coral45.JPG,45,0.1626,Coral Garden D,T2,3
Coral Garden\AUG 2024_CG_D\AUG_2024_CG_D_T2\GOPR4617.JPG,Coral Garden\AUG 2024_CG_D\AUG_2024_CG_D_T2\GOPR4617\Coral20.JPG,20,0.4032,Coral Garden D,T2,3
Coral Garden\AUG 2024_CG_D\AUG_2024_CG_D_T2\GOPR4617.JPG,Coral Garden\AUG 2024_CG_D\AUG_2024_CG_D_T2\GOPR4617\Coral48.JPG,48,0.1505,Coral Garden D,T2,3
Coral Garden\AUG 2024_CG_D\AUG_2024_CG_D_T2\GOPR4617.JPG,Coral Garden\AUG 2024_CG_D\AUG_2024_CG_D_T2\GOPR4617\Coral17.JPG,17,0.4541,Coral Garden D,T2,3
Coral Garden\AUG 2024_CG_D\AUG_2024_CG_D_T2\GOPR4617.JPG,Coral Garden\AUG 2024_CG_D\AUG_2024_CG_D_T2\GOPR4617\Coral11.JPG,11,0.5672,Coral Garden D,T2,3
Coral Garden\AUG 2024_CG_D\AUG_2024_CG_D_T2\GOPR4626.JPG,Coral Garden\AUG 2024_CG_D\AUG_2024_CG_D_T2\GOPR4626\Coral22.JPG,22,0.2641,Coral Garden D,T2,3
Coral Garden\AUG 2024_CG_D\AUG_2024_CG_D_T2\GOPR4626.JPG,Coral Garden\AUG 2024_CG_D\AUG_2024_CG_D_T2\GOPR4626\Coral3.JPG,3,0.608,Coral Garden D,T2,3
Coral Garden\AUG 2024_CG_D\AUG_2024_CG_D_T2\GOPR4626.JPG,Coral Garden\AUG 2024_CG_D\AUG_2024_CG_D_T2\GOPR4626\Coral8.JPG,8,0.5046,Coral Garden D,T2,3
Coral Garden\AUG 2024_CG_D\AUG_2024_CG_D_T3\GOPR4643.JPG,Coral Garden\AUG 2024_CG_D\AUG_2024_CG_D_T3\GOPR4643\Coral5.JPG,5,0.4973,Coral Garden D,T3,3
Coral Garden\AUG 2024_CG_D\AUG_2024_CG_D_T3\GOPR4684.JPG,Coral Garden\AUG 2024_CG_D\AUG_2024_CG_D_T3\GOPR4684\Coral1.JPG,1,0.2159,Coral Garden D,T3,3
Coral Garden\JULY 2024_CG_D\CG-D_T3\GOPR3047.JPG,Coral Garden\JULY 2024_CG_D\CG-D_T3\GOPR3047\Coral6.JPG,6,0.3699,Coral Garden D,T3,3
Coral Garden\AUG 2024_CG_D\AUG_2024_CG_D_T3\GOPR4656.JPG,Coral Garden\AUG 2024_CG_D\AUG_2024_CG_D_T3\GOPR4656\Coral29.JPG,29,0.2216,Coral Garden D,T3,3
Coral Garden\AUG 2024_CG_D\AUG_2024_CG_D_T3\GOPR4692.JPG,Coral Garden\AUG 2024_CG_D\AUG_2024_CG_D_T3\GOPR4692\Coral1.JPG,1,0.6081,Coral Garden D,T3,3
Coral Garden\JULY 2024_CG_D\CG-D_T3\GOPR3055.JPG,Coral Garden\JULY 2024_CG_D\CG-D_T3\GOPR3055\Coral4.JPG,4,0.3723,Coral Garden D,T3,3
Coral Garden\JULY 2024_CG_D\CG-D_T3\GOPR3046.JPG,Coral Garden\JULY 2024_CG_D\CG-D_T3\GOPR3046\Coral1.JPG,1,0.7893,Coral Garden D,T3,3
Coral Garden\JULY 2024_CG_D\CG-D_T3\GOPR3058.JPG,Coral Garden\JULY 2024_CG_D\CG-D_T3\GOPR3058\Coral3.JPG,3,0.2828,Coral Garden D,T3,3
Coral Garden\JULY 2024_CG_D\CG-D_T3\GOPR3056.JPG,Coral Garden\JULY 2024_CG_D\CG-D_T3\GOPR3056\Coral5.JPG,5,0.2517,Coral Garden D,T3,3
Coral Garden\JULY 2024_CG_D\CG-D_T3\GOPR3051.JPG,Coral Garden\JULY 2024_CG_D\CG-D_T3\GOPR3051\Coral3.JPG,3,0.4237,Coral Garden D,T3,3
Coral Garden\AUG 2024_CG_D\AUG_2024_CG_D_T3\GOPR4668.JPG,Coral Garden\AUG 2024_CG_D\AUG_2024_CG_D_T3\GOPR4668\Coral5.JPG,5,0.4468,Coral Garden D,T3,3
Coral Garden\JULY 2024_CG_D\CG-D_T3\GOPR3060.JPG,Coral Garden\JULY 2024_CG_D\CG-D_T3\GOPR3060\Coral6.JPG,6,0.3387,Coral Garden D,T3,3
Coral Garden\AUG 2024_CG_D\AUG_2024_CG_D_T3\GOPR4671.JPG,Coral Garden\AUG 2024_CG_D\AUG_2024_CG_D_T3\GOPR4671\Coral4.JPG,4,0.5341,Coral Garden D,T3,3
Coral Garden\AUG 2024_CG_D\AUG_2024_CG_D_T3\GOPR4694.JPG,Coral Garden\AUG 2024_CG_D\AUG_2024_CG_D_T3\GOPR4694\Coral4.JPG,4,0.2627,Coral Garden D,T3,3
Coral Garden\AUG 2024_CG_D\AUG_2024_CG_D_T3\GOPR4695.JPG,Coral Garden\AUG 2024_CG_D\AUG_2024_CG_D_T3\GOPR4695\Coral8.JPG,8,0.2734,Coral Garden D,T3,3
Coral Garden\JULY 2024_CG_D\CG-D_T3\GOPR3059.JPG,Coral Garden\JULY 2024_CG_D\CG-D_T3\GOPR3059\Coral1.JPG,1,0.6694,Coral Garden D,T3,3
Coral Garden\JULY 2024_CG_D\CG-D_T3\GOPR3061.JPG,Coral Garden\JULY 2024_CG_D\CG-D_T3\GOPR3061\Coral15.JPG,15,0.184,Coral Garden D,T3,3
Coral Garden\AUG 2024_CG_D\AUG_2024_CG_D_T3\GOPR4663.JPG,Coral Garden\AUG 2024_CG_D\AUG_2024_CG_D_T3\GOPR4663\Coral4.JPG,4,0.1868,Coral Garden D,T3,3
Coral Garden\AUG 2024_CG_D\AUG_2024_CG_D_T3\GOPR4684.JPG,Coral Garden\AUG 2024_CG_D\AUG_2024_CG_D_T3\GOPR4684\Coral2.JPG,2,0.1696,Coral Garden D,T3,3
Coral Garden\AUG 2024_CG_D\AUG_2024_CG_D_T3\GOPR4659.JPG,Coral Garden\AUG 2024_CG_D\AUG_2024_CG_D_T3\GOPR4659\Coral3.JPG,3,0.2794,Coral Garden D,T3,3
Coral Garden\JULY 2024_CG_D\CG-D_T3\GOPR3048.JPG,Coral Garden\JULY 2024_CG_D\CG-D_T3\GOPR3048\Coral7.JPG,7,0.1732,Coral Garden D,T3,3
Coral Garden\JULY 2024_CG_D\CG-D_T3\GOPR3057.JPG,Coral Garden\JULY 2024_CG_D\CG-D_T3\GOPR3057\Coral7.JPG,7,0.2819,Coral Garden D,T3,3
Coral Garden\AUG 2024_CG_D\AUG_2024_CG_D_T3\GOPR4682.JPG,Coral Garden\AUG 2024_CG_D\AUG_2024_CG_D_T3\GOPR4682\Coral22.JPG,22,0.3451,Coral Garden D,T3,3
Coral Garden\JULY 2024_CG_D\CG-D_T3\GOPR3038.JPG,Coral Garden\JULY 2024_CG_D\CG-D_T3\GOPR3038\Coral6.JPG,6,0.1868,Coral Garden D,T3,3
Coral Garden\JULY 2024_CG_D\CG-D_T3\GOPR3067.JPG,Coral Garden\JULY 2024_CG_D\CG-D_T3\GOPR3067\Coral6.JPG,6,0.2259,Coral Garden D,T3,3
Coral Garden\JULY 2024_CG_D\CG-D_T3\GOPR3036.JPG,Coral Garden\JULY 2024_CG_D\CG-D_T3\GOPR3036\Coral9.JPG,9,0.4264,Coral Garden D,T3,3
Coral Garden\AUG 2024_CG_D\AUG_2024_CG_D_T3\GOPR4669.JPG,Coral Garden\AUG 2024_CG_D\AUG_2024_CG_D_T3\GOPR4669\Coral13.JPG,13,0.2131,Coral Garden D,T3,3
Coral Garden\AUG 2024_CG_D\AUG_2024_CG_D_T3\GOPR4665.JPG,Coral Garden\AUG 2024_CG_D\AUG_2024_CG_D_T3\GOPR4665\Coral7.JPG,7,0.2458,Coral Garden D,T3,3
Coral Garden\JULY 2024_CG_D\CG-D_T3\GOPR3030.JPG,Coral Garden\JULY 2024_CG_D\CG-D_T3\GOPR3030\Coral6.JPG,6,0.1724,Coral Garden D,T3,3
Coral Garden\JULY 2024_CG_D\CG-D_T3\GOPR3040.JPG,Coral Garden\JULY 2024_CG_D\CG-D_T3\GOPR3040\Coral6.JPG,6,0.16,Coral Garden D,T3,3
Coral Garden\AUG 2024_CG_D\AUG_2024_CG_D_T3\GOPR4661.JPG,Coral Garden\AUG 2024_CG_D\AUG_2024_CG_D_T3\GOPR4661\Coral7.JPG,7,0.4778,Coral Garden D,T3,3
Coral Garden\AUG 2024_CG_D\AUG_2024_CG_D_T3\GOPR4657.JPG,Coral Garden\AUG 2024_CG_D\AUG_2024_CG_D_T3\GOPR4657\Coral12.JPG,12,0.3181,Coral Garden D,T3,3
Coral Garden\AUG 2024_CG_D\AUG_2024_CG_D_T3\GOPR4658.JPG,Coral Garden\AUG 2024_CG_D\AUG_2024_CG_D_T3\GOPR4658\Coral17.JPG,17,0.2067,Coral Garden D,T3,3
Coral Garden\JULY 2024_CG_D\CG-D_T3\GOPR3061.JPG,Coral Garden\JULY 2024_CG_D\CG-D_T3\GOPR3061\Coral7.JPG,7,0.4886,Coral Garden D,T3,3
Coral Garden\JULY 2024_CG_D\CG-D_T3\GOPR3052.JPG,Coral Garden\JULY 2024_CG_D\CG-D_T3\GOPR3052\Coral9.JPG,9,0.1602,Coral Garden D,T3,3
Coral Garden\AUG 2024_CG_D\AUG_2024_CG_D_T3\GOPR4676.JPG,Coral Garden\AUG 2024_CG_D\AUG_2024_CG_D_T3\GOPR4676\Coral19.JPG,19,0.1872,Coral Garden D,T3,3
Coral Garden\JULY 2024_CG_D\CG-D_T3\GOPR3035.JPG,Coral Garden\JULY 2024_CG_D\CG-D_T3\GOPR3035\Coral3.JPG,3,0.7059,Coral Garden D,T3,3
Coral Garden\AUG 2024_CG_D\AUG_2024_CG_D_T3\GOPR4696.JPG,Coral Garden\AUG 2024_CG_D\AUG_2024_CG_D_T3\GOPR4696\Coral14.JPG,14,0.274,Coral Garden D,T3,3
Coral Garden\JULY 2024_CG_D\CG-D_T3\GOPR3046.JPG,Coral Garden\JULY 2024_CG_D\CG-D_T3\GOPR3046\Coral4.JPG,4,0.7071,Coral Garden D,T3,3
Coral Garden\JULY 2024_CG_D\CG-D_T3\GOPR3056.JPG,Coral Garden\JULY 2024_CG_D\CG-D_T3\GOPR3056\Coral2.JPG,2,0.5083,Coral Garden D,T3,3
Coral Garden\JULY 2024_CG_D\CG-D_T3\GOPR3032.JPG,Coral Garden\JULY 2024_CG_D\CG-D_T3\GOPR3032\Coral1.JPG,1,0.8024,Coral Garden D,T3,3
Coral Garden\AUG 2024_CG_D\AUG_2024_CG_D_T3\GOPR4668.JPG,Coral Garden\AUG 2024_CG_D\AUG_2024_CG_D_T3\GOPR4668\Coral12.JPG,12,0.1738,Coral Garden D,T3,3
Coral Garden\AUG 2024_CG_D\AUG_2024_CG_D_T3\GOPR4667.JPG,Coral Garden\AUG 2024_CG_D\AUG_2024_CG_D_T3\GOPR4667\Coral3.JPG,3,0.2668,Coral Garden D,T3,3
Coral Garden\AUG 2024_CG_D\AUG_2024_CG_D_T3\GOPR4652.JPG,Coral Garden\AUG 2024_CG_D\AUG_2024_CG_D_T3\GOPR4652\Coral3.JPG,3,0.2407,Coral Garden D,T3,3
Coral Garden\JULY 2024_CG_D\CG-D_T3\GOPR3034.JPG,Coral Garden\JULY 2024_CG_D\CG-D_T3\GOPR3034\Coral7.JPG,7,0.3237,Coral Garden D,T3,3
Coral Garden\AUG 2024_CG_D\AUG_2024_CG_D_T3\GOPR4669.JPG,Coral Garden\AUG 2024_CG_D\AUG_2024_CG_D_T3\GOPR4669\Coral20.JPG,20,0.1689,Coral Garden D,T3,3
Coral Garden\AUG 2024_CG_D\AUG_2024_CG_D_T3\GOPR4689.JPG,Coral Garden\AUG 2024_CG_D\AUG_2024_CG_D_T3\GOPR4689\Coral5.JPG,5,0.2633,Coral Garden D,T3,3
Coral Garden\JULY 2024_CG_D\CG-D_T3\GOPR3037.JPG,Coral Garden\JULY 2024_CG_D\CG-D_T3\GOPR3037\Coral8.JPG,8,0.2955,Coral Garden D,T3,3
Coral Garden\JULY 2024_CG_D\CG-D_T3\GOPR3065.JPG,Coral Garden\JULY 2024_CG_D\CG-D_T3\GOPR3065\Coral5.JPG,5,0.1804,Coral Garden D,T3,3
Coral Garden\AUG 2024_CG_D\AUG_2024_CG_D_T3\GOPR4672.JPG,Coral Garden\AUG 2024_CG_D\AUG_2024_CG_D_T3\GOPR4672\Coral22.JPG,22,0.3055,Coral Garden D,T3,3
Coral Garden\AUG 2024_CG_D\AUG_2024_CG_D_T3\GOPR4643.JPG,Coral Garden\AUG 2024_CG_D\AUG_2024_CG_D_T3\GOPR4643\Coral6.JPG,6,0.3559,Coral Garden D,T3,3
Coral Garden\JULY 2024_CG_D\CG-D_T3\GOPR3042.JPG,Coral Garden\JULY 2024_CG_D\CG-D_T3\GOPR3042\Coral7.JPG,7,0.3677,Coral Garden D,T3,3
Coral Garden\JULY 2024_CG_D\CG-D_T3\GOPR3042.JPG,Coral Garden\JULY 2024_CG_D\CG-D_T3\GOPR3042\Coral9.JPG,9,0.3245,Coral Garden D,T3,3
Coral Garden\AUG 2024_CG_D\AUG_2024_CG_D_T3\GOPR4666.JPG,Coral Garden\AUG 2024_CG_D\AUG_2024_CG_D_T3\GOPR4666\Coral6.JPG,6,0.2905,Coral Garden D,T3,3
Coral Garden\JULY 2024_CG_D\CG-D_T3\GOPR3066.JPG,Coral Garden\JULY 2024_CG_D\CG-D_T3\GOPR3066\Coral4.JPG,4,0.3042,Coral Garden D,T3,3
Coral Garden\JULY 2024_CG_D\CG-D_T3\GOPR3041.JPG,Coral Garden\JULY 2024_CG_D\CG-D_T3\GOPR3041\Coral15.JPG,15,0.1969,Coral Garden D,T3,3
Coral Garden\JULY 2024_CG_D\CG-D_T3\GOPR3071.JPG,Coral Garden\JULY 2024_CG_D\CG-D_T3\GOPR3071\Coral2.JPG,2,0.4412,Coral Garden D,T3,3
Coral Garden\JULY 2024_CG_D\CG-D_T3\GOPR3071.JPG,Coral Garden\JULY 2024_CG_D\CG-D_T3\GOPR3071\Coral23.JPG,23,0.1679,Coral Garden D,T3,3
Coral Garden\JULY 2024_CG_D\CG-D_T3\GOPR3071.JPG,Coral Garden\JULY 2024_CG_D\CG-D_T3\GOPR3071\Coral19.JPG,19,0.1818,Coral Garden D,T3,3
Coral Garden\JULY 2024_CG_D\CG-D_T3\GOPR3071.JPG,Coral Garden\JULY 2024_CG_D\CG-D_T3\GOPR3071\Coral6.JPG,6,0.3777,Coral Garden D,T3,3
Coral Garden\JULY 2024_CG_D\CG-D_T3\GOPR3052.JPG,Coral Garden\JULY 2024_CG_D\CG-D_T3\GOPR3052\Coral1.JPG,1,0.445,Coral Garden D,T3,3
Coral Garden\JULY 2024_CG_D\CG-D_T3\GOPR3052.JPG,Coral Garden\JULY 2024_CG_D\CG-D_T3\GOPR3052\Coral4.JPG,4,0.2674,Coral Garden D,T3,3
Coral Garden\JULY 2024_CG_D\CG-D_T3\GOPR3052.JPG,Coral Garden\JULY 2024_CG_D\CG-D_T3\GOPR3052\Coral5.JPG,5,0.2323,Coral Garden D,T3,3
Coral Garden\AUG 2024_CG_D\AUG_2024_CG_D_T3\GOPR4663.JPG,Coral Garden\AUG 2024_CG_D\AUG_2024_CG_D_T3\GOPR4663\Coral1.JPG,1,0.7878,Coral Garden D,T3,3
Coral Garden\AUG 2024_CG_D\AUG_2024_CG_D_T3\GOPR4674.JPG,Coral Garden\AUG 2024_CG_D\AUG_2024_CG_D_T3\GOPR4674\Coral29.JPG,29,0.1952,Coral Garden D,T3,3
Coral Garden\AUG 2024_CG_D\AUG_2024_CG_D_T3\GOPR4674.JPG,Coral Garden\AUG 2024_CG_D\AUG_2024_CG_D_T3\GOPR4674\Coral16.JPG,16,0.3467,Coral Garden D,T3,3
Coral Garden\AUG 2024_CG_D\AUG_2024_CG_D_T3\GOPR4674.JPG,Coral Garden\AUG 2024_CG_D\AUG_2024_CG_D_T3\GOPR4674\Coral28.JPG,28,0.1982,Coral Garden D,T3,3
Coral Garden\AUG 2024_CG_D\AUG_2024_CG_D_T3\GOPR4674.JPG,Coral Garden\AUG 2024_CG_D\AUG_2024_CG_D_T3\GOPR4674\Coral36.JPG,36,0.1687,Coral Garden D,T3,3
Coral Garden\AUG 2024_CG_D\AUG_2024_CG_D_T3\GOPR4674.JPG,Coral Garden\AUG 2024_CG_D\AUG_2024_CG_D_T3\GOPR4674\Coral20.JPG,20,0.274,Coral Garden D,T3,3
Coral Garden\AUG 2024_CG_D\AUG_2024_CG_D_T3\GOPR4674.JPG,Coral Garden\AUG 2024_CG_D\AUG_2024_CG_D_T3\GOPR4674\Coral37.JPG,37,0.1526,Coral Garden D,T3,3
Coral Garden\AUG 2024_CG_D\AUG_2024_CG_D_T3\GOPR4674.JPG,Coral Garden\AUG 2024_CG_D\AUG_2024_CG_D_T3\GOPR4674\Coral21.JPG,21,0.2684,Coral Garden D,T3,3
Coral Garden\AUG 2024_CG_D\AUG_2024_CG_D_T3\GOPR4674.JPG,Coral Garden\AUG 2024_CG_D\AUG_2024_CG_D_T3\GOPR4674\Coral35.JPG,35,0.1688,Coral Garden D,T3,3
Coral Garden\JULY 2024_CG_D\CG-D_T3\GOPR3064.JPG,Coral Garden\JULY 2024_CG_D\CG-D_T3\GOPR3064\Coral4.JPG,4,0.5387,Coral Garden D,T3,3
Coral Garden\JULY 2024_CG_D\CG-D_T3\GOPR3064.JPG,Coral Garden\JULY 2024_CG_D\CG-D_T3\GOPR3064\Coral17.JPG,17,0.2518,Coral Garden D,T3,3
Coral Garden\JULY 2024_CG_D\CG-D_T3\GOPR3064.JPG,Coral Garden\JULY 2024_CG_D\CG-D_T3\GOPR3064\Coral7.JPG,7,0.4966,Coral Garden D,T3,3
Coral Garden\JULY 2024_CG_D\CG-D_T3\GOPR3064.JPG,Coral Garden\JULY 2024_CG_D\CG-D_T3\GOPR3064\Coral5.JPG,5,0.5367,Coral Garden D,T3,3
Coral Garden\JULY 2024_CG_D\CG-D_T3\GOPR3064.JPG,Coral Garden\JULY 2024_CG_D\CG-D_T3\GOPR3064\Coral24.JPG,24,0.1662,Coral Garden D,T3,3
Coral Garden\JULY 2024_CG_D\CG-D_T3\GOPR3062.JPG,Coral Garden\JULY 2024_CG_D\CG-D_T3\GOPR3062\Coral4.JPG,4,0.3985,Coral Garden D,T3,3
Coral Garden\JULY 2024_CG_D\CG-D_T3\GOPR3072.JPG,Coral Garden\JULY 2024_CG_D\CG-D_T3\GOPR3072\Coral16.JPG,16,0.1746,Coral Garden D,T3,3
Coral Garden\JULY 2024_CG_D\CG-D_T3\GOPR3072.JPG,Coral Garden\JULY 2024_CG_D\CG-D_T3\GOPR3072\Coral10.JPG,10,0.3456,Coral Garden D,T3,3
Coral Garden\JULY 2024_CG_D\CG-D_T3\GOPR3072.JPG,Coral Garden\JULY 2024_CG_D\CG-D_T3\GOPR3072\Coral7.JPG,7,0.4094,Coral Garden D,T3,3
Coral Garden\JULY 2024_CG_D\CG-D_T3\GOPR3072.JPG,Coral Garden\JULY 2024_CG_D\CG-D_T3\GOPR3072\Coral13.JPG,13,0.2822,Coral Garden D,T3,3
Coral Garden\JULY 2024_CG_D\CG-D_T3\GOPR3072.JPG,Coral Garden\JULY 2024_CG_D\CG-D_T3\GOPR3072\Coral15.JPG,15,0.2505,Coral Garden D,T3,3
Coral Garden\AUG 2024_CG_D\AUG_2024_CG_D_T3\GOPR4676.JPG,Coral Garden\AUG 2024_CG_D\AUG_2024_CG_D_T3\GOPR4676\Coral16.JPG,16,0.2056,Coral Garden D,T3,3
Coral Garden\AUG 2024_CG_D\AUG_2024_CG_D_T3\GOPR4676.JPG,Coral Garden\AUG 2024_CG_D\AUG_2024_CG_D_T3\GOPR4676\Coral6.JPG,6,0.414,Coral Garden D,T3,3
Coral Garden\AUG 2024_CG_D\AUG_2024_CG_D_T3\GOPR4676.JPG,Coral Garden\AUG 2024_CG_D\AUG_2024_CG_D_T3\GOPR4676\Coral23.JPG,23,0.1596,Coral Garden D,T3,3
Coral Garden\AUG 2024_CG_D\AUG_2024_CG_D_T3\GOPR4676.JPG,Coral Garden\AUG 2024_CG_D\AUG_2024_CG_D_T3\GOPR4676\Coral4.JPG,4,0.4349,Coral Garden D,T3,3
Coral Garden\AUG 2024_CG_D\AUG_2024_CG_D_T3\GOPR4659.JPG,Coral Garden\AUG 2024_CG_D\AUG_2024_CG_D_T3\GOPR4659\Coral5.JPG,5,0.1531,Coral Garden D,T3,3
Coral Garden\JULY 2024_CG_D\CG-D_T3\GOPR3047.JPG,Coral Garden\JULY 2024_CG_D\CG-D_T3\GOPR3047\Coral9.JPG,9,0.255,Coral Garden D,T3,3
Coral Garden\JULY 2024_CG_D\CG-D_T3\GOPR3047.JPG,Coral Garden\JULY 2024_CG_D\CG-D_T3\GOPR3047\Coral10.JPG,10,0.2493,Coral Garden D,T3,3
Coral Garden\JULY 2024_CG_D\CG-D_T3\GOPR3047.JPG,Coral Garden\JULY 2024_CG_D\CG-D_T3\GOPR3047\Coral12.JPG,12,0.1912,Coral Garden D,T3,3
Coral Garden\AUG 2024_CG_D\AUG_2024_CG_D_T3\GOPR4656.JPG,Coral Garden\AUG 2024_CG_D\AUG_2024_CG_D_T3\GOPR4656\Coral25.JPG,25,0.2366,Coral Garden D,T3,3
Coral Garden\AUG 2024_CG_D\AUG_2024_CG_D_T3\GOPR4656.JPG,Coral Garden\AUG 2024_CG_D\AUG_2024_CG_D_T3\GOPR4656\Coral33.JPG,33,0.1923,Coral Garden D,T3,3
Coral Garden\AUG 2024_CG_D\AUG_2024_CG_D_T3\GOPR4656.JPG,Coral Garden\AUG 2024_CG_D\AUG_2024_CG_D_T3\GOPR4656\Coral35.JPG,35,0.1786,Coral Garden D,T3,3
Coral Garden\AUG 2024_CG_D\AUG_2024_CG_D_T3\GOPR4656.JPG,Coral Garden\AUG 2024_CG_D\AUG_2024_CG_D_T3\GOPR4656\Coral18.JPG,18,0.3395,Coral Garden D,T3,3
Coral Garden\AUG 2024_CG_D\AUG_2024_CG_D_T3\GOPR4692.JPG,Coral Garden\AUG 2024_CG_D\AUG_2024_CG_D_T3\GOPR4692\Coral3.JPG,3,0.5507,Coral Garden D,T3,3
Coral Garden\AUG 2024_CG_D\AUG_2024_CG_D_T3\GOPR4692.JPG,Coral Garden\AUG 2024_CG_D\AUG_2024_CG_D_T3\GOPR4692\Coral12.JPG,12,0.2913,Coral Garden D,T3,3
Coral Garden\AUG 2024_CG_D\AUG_2024_CG_D_T3\GOPR4692.JPG,Coral Garden\AUG 2024_CG_D\AUG_2024_CG_D_T3\GOPR4692\Coral2.JPG,2,0.5631,Coral Garden D,T3,3
Coral Garden\AUG 2024_CG_D\AUG_2024_CG_D_T3\GOPR4692.JPG,Coral Garden\AUG 2024_CG_D\AUG_2024_CG_D_T3\GOPR4692\Coral9.JPG,9,0.3544,Coral Garden D,T3,3
Coral Garden\AUG 2024_CG_D\AUG_2024_CG_D_T3\GOPR4692.JPG,Coral Garden\AUG 2024_CG_D\AUG_2024_CG_D_T3\GOPR4692\Coral13.JPG,13,0.2872,Coral Garden D,T3,3
Coral Garden\JULY 2024_CG_D\CG-D_T3\GOPR3028.JPG,Coral Garden\JULY 2024_CG_D\CG-D_T3\GOPR3028\Coral26.JPG,26,0.1501,Coral Garden D,T3,3
Coral Garden\JULY 2024_CG_D\CG-D_T3\GOPR3028.JPG,Coral Garden\JULY 2024_CG_D\CG-D_T3\GOPR3028\Coral2.JPG,2,0.7502,Coral Garden D,T3,3
Coral Garden\JULY 2024_CG_D\CG-D_T3\GOPR3035.JPG,Coral Garden\JULY 2024_CG_D\CG-D_T3\GOPR3035\Coral6.JPG,6,0.3809,Coral Garden D,T3,3
Coral Garden\JULY 2024_CG_D\CG-D_T3\GOPR3035.JPG,Coral Garden\JULY 2024_CG_D\CG-D_T3\GOPR3035\Coral8.JPG,8,0.3099,Coral Garden D,T3,3
Coral Garden\JULY 2024_CG_D\CG-D_T3\GOPR3035.JPG,Coral Garden\JULY 2024_CG_D\CG-D_T3\GOPR3035\Coral4.JPG,4,0.5326,Coral Garden D,T3,3
Coral Garden\JULY 2024_CG_D\CG-D_T3\GOPR3055.JPG,Coral Garden\JULY 2024_CG_D\CG-D_T3\GOPR3055\Coral11.JPG,11,0.1982,Coral Garden D,T3,3
Coral Garden\JULY 2024_CG_D\CG-D_T3\GOPR3055.JPG,Coral Garden\JULY 2024_CG_D\CG-D_T3\GOPR3055\Coral10.JPG,10,0.2056,Coral Garden D,T3,3
Coral Garden\JULY 2024_CG_D\CG-D_T3\GOPR3055.JPG,Coral Garden\JULY 2024_CG_D\CG-D_T3\GOPR3055\Coral9.JPG,9,0.252,Coral Garden D,T3,3
Coral Garden\JULY 2024_CG_D\CG-D_T3\GOPR3055.JPG,Coral Garden\JULY 2024_CG_D\CG-D_T3\GOPR3055\Coral12.JPG,12,0.177,Coral Garden D,T3,3
Coral Garden\AUG 2024_CG_D\AUG_2024_CG_D_T3\GOPR4696.JPG,Coral Garden\AUG 2024_CG_D\AUG_2024_CG_D_T3\GOPR4696\Coral21.JPG,21,0.2168,Coral Garden D,T3,3
Coral Garden\AUG 2024_CG_D\AUG_2024_CG_D_T3\GOPR4696.JPG,Coral Garden\AUG 2024_CG_D\AUG_2024_CG_D_T3\GOPR4696\Coral25.JPG,25,0.1542,Coral Garden D,T3,3
Giant Clam (Shallow Only)\2024_AUG_GC_D\2024_AUG_GC_T1\GOPR4375.JPG,Giant Clam (Shallow Only)\2024_AUG_GC_D\2024_AUG_GC_T1\GOPR4375\Coral2.JPG,2,0.6363,Giant Clam,T1,3
Giant Clam (Shallow Only)\2024_AUG_GC_D\2024_AUG_GC_T1\GOPR4390.JPG,Giant Clam (Shallow Only)\2024_AUG_GC_D\2024_AUG_GC_T1\GOPR4390\Coral7.JPG,7,0.354,Giant Clam,T1,3
Giant Clam (Shallow Only)\2024_AUG_GC_D\2024_AUG_GC_T1\GOPR4380.JPG,Giant Clam (Shallow Only)\2024_AUG_GC_D\2024_AUG_GC_T1\GOPR4380\Coral4.JPG,4,0.3637,Giant Clam,T1,3
Giant Clam (Shallow Only)\2024_AUG_GC_D\2024_AUG_GC_T1\GOPR4415.JPG,Giant Clam (Shallow Only)\2024_AUG_GC_D\2024_AUG_GC_T1\GOPR4415\Coral31.JPG,31,0.2231,Giant Clam,T1,3
Giant Clam (Shallow Only)\2024_JUL_GC_D\2024_JUL_GC-D_T1\GOPR3385.JPG,Giant Clam (Shallow Only)\2024_JUL_GC_D\2024_JUL_GC-D_T1\GOPR3385\Coral37.JPG,37,0.1933,Giant Clam,T1,3
Giant Clam (Shallow Only)\2024_JUL_GC_D\2024_JUL_GC-D_T1\GOPR3386.JPG,Giant Clam (Shallow Only)\2024_JUL_GC_D\2024_JUL_GC-D_T1\GOPR3386\Coral11.JPG,11,0.2726,Giant Clam,T1,3
Giant Clam (Shallow Only)\2024_JUL_GC_D\2024_JUL_GC-D_T1\GOPR3400.JPG,Giant Clam (Shallow Only)\2024_JUL_GC_D\2024_JUL_GC-D_T1\GOPR3400\Coral10.JPG,10,0.3057,Giant Clam,T1,3
Giant Clam (Shallow Only)\2024_JUL_GC_D\2024_JUL_GC-D_T1\GOPR3422.JPG,Giant Clam (Shallow Only)\2024_JUL_GC_D\2024_JUL_GC-D_T1\GOPR3422\Coral7.JPG,7,0.6845,Giant Clam,T1,3
Giant Clam (Shallow Only)\2024_JUL_GC_D\2024_JUL_GC-D_T1\GOPR3423.JPG,Giant Clam (Shallow Only)\2024_JUL_GC_D\2024_JUL_GC-D_T1\GOPR3423\Coral30.JPG,30,0.1534,Giant Clam,T1,3
Giant Clam (Shallow Only)\2024_JUL_GC_D\2024_JUL_GC-D_T1\GOPR3395.JPG,Giant Clam (Shallow Only)\2024_JUL_GC_D\2024_JUL_GC-D_T1\GOPR3395\Coral1.JPG,1,0.6969,Giant Clam,T1,3
Giant Clam (Shallow Only)\2024_JUL_GC_D\2024_JUL_GC-D_T1\GOPR3415.JPG,Giant Clam (Shallow Only)\2024_JUL_GC_D\2024_JUL_GC-D_T1\GOPR3415\Coral6.JPG,6,0.492,Giant Clam,T1,3
Giant Clam (Shallow Only)\2024_JUL_GC_D\2024_JUL_GC-D_T1\GOPR3419.JPG,Giant Clam (Shallow Only)\2024_JUL_GC_D\2024_JUL_GC-D_T1\GOPR3419\Coral15.JPG,15,0.3564,Giant Clam,T1,3
Giant Clam (Shallow Only)\2024_AUG_GC_D\2024_AUG_GC_T1\GOPR4401.JPG,Giant Clam (Shallow Only)\2024_AUG_GC_D\2024_AUG_GC_T1\GOPR4401\Coral24.JPG,24,0.1758,Giant Clam,T1,3
Giant Clam (Shallow Only)\2024_JUL_GC_D\2024_JUL_GC-D_T1\GOPR3418.JPG,Giant Clam (Shallow Only)\2024_JUL_GC_D\2024_JUL_GC-D_T1\GOPR3418\Coral21.JPG,21,0.2831,Giant Clam,T1,3
Giant Clam (Shallow Only)\2024_AUG_GC_D\2024_AUG_GC_T1\GOPR4382.JPG,Giant Clam (Shallow Only)\2024_AUG_GC_D\2024_AUG_GC_T1\GOPR4382\Coral13.JPG,13,0.2972,Giant Clam,T1,3
Giant Clam (Shallow Only)\2024_JUL_GC_D\2024_JUL_GC-D_T1\GOPR3426.JPG,Giant Clam (Shallow Only)\2024_JUL_GC_D\2024_JUL_GC-D_T1\GOPR3426\Coral17.JPG,17,0.2943,Giant Clam,T1,3
Giant Clam (Shallow Only)\2024_JUL_GC_D\2024_JUL_GC-D_T1\GOPR3421.JPG,Giant Clam (Shallow Only)\2024_JUL_GC_D\2024_JUL_GC-D_T1\GOPR3421\Coral7.JPG,7,0.6405,Giant Clam,T1,3
Giant Clam (Shallow Only)\2024_JUL_GC_D\2024_JUL_GC-D_T1\GOPR3407.JPG,Giant Clam (Shallow Only)\2024_JUL_GC_D\2024_JUL_GC-D_T1\GOPR3407\Coral3.JPG,3,0.6462,Giant Clam,T1,3
Giant Clam (Shallow Only)\2024_JUL_GC_D\2024_JUL_GC-D_T1\GOPR3377.JPG,Giant Clam (Shallow Only)\2024_JUL_GC_D\2024_JUL_GC-D_T1\GOPR3377\Coral7.JPG,7,0.6706,Giant Clam,T1,3
Giant Clam (Shallow Only)\2024_JUL_GC_D\2024_JUL_GC-D_T1\GOPR3404.JPG,Giant Clam (Shallow Only)\2024_JUL_GC_D\2024_JUL_GC-D_T1\GOPR3404\Coral10.JPG,10,0.1811,Giant Clam,T1,3
Giant Clam (Shallow Only)\2024_JUL_GC_D\2024_JUL_GC-D_T1\GOPR3381.JPG,Giant Clam (Shallow Only)\2024_JUL_GC_D\2024_JUL_GC-D_T1\GOPR3381\Coral23.JPG,23,0.1981,Giant Clam,T1,3
Giant Clam (Shallow Only)\2024_JUL_GC_D\2024_JUL_GC-D_T1\GOPR3410.JPG,Giant Clam (Shallow Only)\2024_JUL_GC_D\2024_JUL_GC-D_T1\GOPR3410\Coral10.JPG,10,0.3647,Giant Clam,T1,3
Giant Clam (Shallow Only)\2024_AUG_GC_D\2024_AUG_GC_T1\GOPR4407.JPG,Giant Clam (Shallow Only)\2024_AUG_GC_D\2024_AUG_GC_T1\GOPR4407\Coral17.JPG,17,0.1661,Giant Clam,T1,3
Giant Clam (Shallow Only)\2024_AUG_GC_D\2024_AUG_GC_T1\GOPR4396.JPG,Giant Clam (Shallow Only)\2024_AUG_GC_D\2024_AUG_GC_T1\GOPR4396\Coral3.JPG,3,0.7367,Giant Clam,T1,3
Giant Clam (Shallow Only)\2024_JUL_GC_D\2024_JUL_GC-D_T1\GOPR3411.JPG,Giant Clam (Shallow Only)\2024_JUL_GC_D\2024_JUL_GC-D_T1\GOPR3411\Coral35.JPG,35,0.1784,Giant Clam,T1,3
Giant Clam (Shallow Only)\2024_AUG_GC_D\2024_AUG_GC_T1\GOPR4411.JPG,Giant Clam (Shallow Only)\2024_AUG_GC_D\2024_AUG_GC_T1\GOPR4411\Coral13.JPG,13,0.3867,Giant Clam,T1,3
Giant Clam (Shallow Only)\2024_JUL_GC_D\2024_JUL_GC-D_T1\GOPR3390.JPG,Giant Clam (Shallow Only)\2024_JUL_GC_D\2024_JUL_GC-D_T1\GOPR3390\Coral13.JPG,13,0.5484,Giant Clam,T1,3
Giant Clam (Shallow Only)\2024_AUG_GC_D\2024_AUG_GC_T1\GOPR4376.JPG,Giant Clam (Shallow Only)\2024_AUG_GC_D\2024_AUG_GC_T1\GOPR4376\Coral4.JPG,4,0.1709,Giant Clam,T1,3
Giant Clam (Shallow Only)\2024_AUG_GC_D\2024_AUG_GC_T1\GOPR4366.JPG,Giant Clam (Shallow Only)\2024_AUG_GC_D\2024_AUG_GC_T1\GOPR4366\Coral3.JPG,3,0.2769,Giant Clam,T1,3
Giant Clam (Shallow Only)\2024_JUL_GC_D\2024_JUL_GC-D_T1\GOPR3405.JPG,Giant Clam (Shallow Only)\2024_JUL_GC_D\2024_JUL_GC-D_T1\GOPR3405\Coral40.JPG,40,0.2498,Giant Clam,T1,3
Giant Clam (Shallow Only)\2024_JUL_GC_D\2024_JUL_GC-D_T1\GOPR3385.JPG,Giant Clam (Shallow Only)\2024_JUL_GC_D\2024_JUL_GC-D_T1\GOPR3385\Coral7.JPG,7,0.593,Giant Clam,T1,3
Giant Clam (Shallow Only)\2024_AUG_GC_D\2024_AUG_GC_T1\GOPR4387.JPG,Giant Clam (Shallow Only)\2024_AUG_GC_D\2024_AUG_GC_T1\GOPR4387\Coral4.JPG,4,0.3673,Giant Clam,T1,3
Giant Clam (Shallow Only)\2024_JUL_GC_D\2024_JUL_GC-D_T1\GOPR3406.JPG,Giant Clam (Shallow Only)\2024_JUL_GC_D\2024_JUL_GC-D_T1\GOPR3406\Coral24.JPG,24,0.2578,Giant Clam,T1,3
Giant Clam (Shallow Only)\2024_AUG_GC_D\2024_AUG_GC_T1\GOPR4401.JPG,Giant Clam (Shallow Only)\2024_AUG_GC_D\2024_AUG_GC_T1\GOPR4401\Coral9.JPG,9,0.4526,Giant Clam,T1,3
Giant Clam (Shallow Only)\2024_AUG_GC_D\2024_AUG_GC_T1\GOPR4379.JPG,Giant Clam (Shallow Only)\2024_AUG_GC_D\2024_AUG_GC_T1\GOPR4379\Coral13.JPG,13,0.1598,Giant Clam,T1,3
Giant Clam (Shallow Only)\2024_AUG_GC_D\2024_AUG_GC_T1\GOPR4397.JPG,Giant Clam (Shallow Only)\2024_AUG_GC_D\2024_AUG_GC_T1\GOPR4397\Coral12.JPG,12,0.2777,Giant Clam,T1,3
Giant Clam (Shallow Only)\2024_AUG_GC_D\2024_AUG_GC_T1\GOPR4368.JPG,Giant Clam (Shallow Only)\2024_AUG_GC_D\2024_AUG_GC_T1\GOPR4368\Coral13.JPG,13,0.2209,Giant Clam,T1,3
Giant Clam (Shallow Only)\2024_AUG_GC_D\2024_AUG_GC_T1\GOPR4412.JPG,Giant Clam (Shallow Only)\2024_AUG_GC_D\2024_AUG_GC_T1\GOPR4412\Coral32.JPG,32,0.1557,Giant Clam,T1,3
Giant Clam (Shallow Only)\2024_AUG_GC_D\2024_AUG_GC_T1\GOPR4414.JPG,Giant Clam (Shallow Only)\2024_AUG_GC_D\2024_AUG_GC_T1\GOPR4414\Coral14.JPG,14,0.2915,Giant Clam,T1,3
Giant Clam (Shallow Only)\2024_AUG_GC_D\2024_AUG_GC_T1\GOPR4392.JPG,Giant Clam (Shallow Only)\2024_AUG_GC_D\2024_AUG_GC_T1\GOPR4392\Coral4.JPG,4,0.25,Giant Clam,T1,3
Giant Clam (Shallow Only)\2024_JUL_GC_D\2024_JUL_GC-D_T1\GOPR3420.JPG,Giant Clam (Shallow Only)\2024_JUL_GC_D\2024_JUL_GC-D_T1\GOPR3420\Coral8.JPG,8,0.4147,Giant Clam,T1,3
Giant Clam (Shallow Only)\2024_AUG_GC_D\2024_AUG_GC_T1\GOPR4369.JPG,Giant Clam (Shallow Only)\2024_AUG_GC_D\2024_AUG_GC_T1\GOPR4369\Coral2.JPG,2,0.346,Giant Clam,T1,3
Giant Clam (Shallow Only)\2024_AUG_GC_D\2024_AUG_GC_T1\GOPR4413.JPG,Giant Clam (Shallow Only)\2024_AUG_GC_D\2024_AUG_GC_T1\GOPR4413\Coral18.JPG,18,0.2577,Giant Clam,T1,3
Giant Clam (Shallow Only)\2024_AUG_GC_D\2024_AUG_GC_T1\GOPR4389.JPG,Giant Clam (Shallow Only)\2024_AUG_GC_D\2024_AUG_GC_T1\GOPR4389\Coral20.JPG,20,0.2414,Giant Clam,T1,3
Giant Clam (Shallow Only)\2024_JUL_GC_D\2024_JUL_GC-D_T1\GOPR3391.JPG,Giant Clam (Shallow Only)\2024_JUL_GC_D\2024_JUL_GC-D_T1\GOPR3391\Coral24.JPG,24,0.2233,Giant Clam,T1,3
Giant Clam (Shallow Only)\2024_AUG_GC_D\2024_AUG_GC_T1\GOPR4411.JPG,Giant Clam (Shallow Only)\2024_AUG_GC_D\2024_AUG_GC_T1\GOPR4411\Coral9.JPG,9,0.4676,Giant Clam,T1,3
Giant Clam (Shallow Only)\2024_AUG_GC_D\2024_AUG_GC_T1\GOPR4398.JPG,Giant Clam (Shallow Only)\2024_AUG_GC_D\2024_AUG_GC_T1\GOPR4398\Coral10.JPG,10,0.2822,Giant Clam,T1,3
Giant Clam (Shallow Only)\2024_JUL_GC_D\2024_JUL_GC-D_T1\GOPR3392.JPG,Giant Clam (Shallow Only)\2024_JUL_GC_D\2024_JUL_GC-D_T1\GOPR3392\Coral15.JPG,15,0.2654,Giant Clam,T1,3
Giant Clam (Shallow Only)\2024_AUG_GC_D\2024_AUG_GC_T1\GOPR4415.JPG,Giant Clam (Shallow Only)\2024_AUG_GC_D\2024_AUG_GC_T1\GOPR4415\Coral9.JPG,9,0.551,Giant Clam,T1,3
Giant Clam (Shallow Only)\2024_JUL_GC_D\2024_JUL_GC-D_T1\GOPR3378.JPG,Giant Clam (Shallow Only)\2024_JUL_GC_D\2024_JUL_GC-D_T1\GOPR3378\Coral16.JPG,16,0.1812,Giant Clam,T1,3
Giant Clam (Shallow Only)\2024_AUG_GC_D\2024_AUG_GC_T1\GOPR4387.JPG,Giant Clam (Shallow Only)\2024_AUG_GC_D\2024_AUG_GC_T1\GOPR4387\Coral9.JPG,9,0.2653,Giant Clam,T1,3
Giant Clam (Shallow Only)\2024_JUL_GC_D\2024_JUL_GC-D_T1\GOPR3395.JPG,Giant Clam (Shallow Only)\2024_JUL_GC_D\2024_JUL_GC-D_T1\GOPR3395\Coral5.JPG,5,0.4806,Giant Clam,T1,3
Giant Clam (Shallow Only)\2024_JUL_GC_D\2024_JUL_GC-D_T1\GOPR3396.JPG,Giant Clam (Shallow Only)\2024_JUL_GC_D\2024_JUL_GC-D_T1\GOPR3396\Coral19.JPG,19,0.2052,Giant Clam,T1,3
Giant Clam (Shallow Only)\2024_AUG_GC_D\2024_AUG_GC_T1\GOPR4405.JPG,Giant Clam (Shallow Only)\2024_AUG_GC_D\2024_AUG_GC_T1\GOPR4405\Coral11.JPG,11,0.1851,Giant Clam,T1,3
Giant Clam (Shallow Only)\2024_JUL_GC_D\2024_JUL_GC-D_T1\GOPR3389.JPG,Giant Clam (Shallow Only)\2024_JUL_GC_D\2024_JUL_GC-D_T1\GOPR3389\Coral2.JPG,2,0.6873,Giant Clam,T1,3
Giant Clam (Shallow Only)\2024_AUG_GC_D\2024_AUG_GC_T1\GOPR4414.JPG,Giant Clam (Shallow Only)\2024_AUG_GC_D\2024_AUG_GC_T1\GOPR4414\Coral16.JPG,16,0.2829,Giant Clam,T1,3
Giant Clam (Shallow Only)\2024_JUL_GC_D\2024_JUL_GC-D_T1\GOPR3420.JPG,Giant Clam (Shallow Only)\2024_JUL_GC_D\2024_JUL_GC-D_T1\GOPR3420\Coral5.JPG,5,0.5755,Giant Clam,T1,3
Giant Clam (Shallow Only)\2024_JUL_GC_D\2024_JUL_GC-D_T1\GOPR3381.JPG,Giant Clam (Shallow Only)\2024_JUL_GC_D\2024_JUL_GC-D_T1\GOPR3381\Coral6.JPG,6,0.6234,Giant Clam,T1,3
Giant Clam (Shallow Only)\2024_JUL_GC_D\2024_JUL_GC-D_T1\GOPR3425.JPG,Giant Clam (Shallow Only)\2024_JUL_GC_D\2024_JUL_GC-D_T1\GOPR3425\Coral14.JPG,14,0.4278,Giant Clam,T1,3
Giant Clam (Shallow Only)\2024_JUL_GC_D\2024_JUL_GC-D_T1\GOPR3399.JPG,Giant Clam (Shallow Only)\2024_JUL_GC_D\2024_JUL_GC-D_T1\GOPR3399\Coral3.JPG,3,0.7471,Giant Clam,T1,3
Giant Clam (Shallow Only)\2024_AUG_GC_D\2024_AUG_GC_T1\GOPR4393.JPG,Giant Clam (Shallow Only)\2024_AUG_GC_D\2024_AUG_GC_T1\GOPR4393\Coral3.JPG,3,0.5678,Giant Clam,T1,3
Giant Clam (Shallow Only)\2024_JUL_GC_D\2024_JUL_GC-D_T1\GOPR3390.JPG,Giant Clam (Shallow Only)\2024_JUL_GC_D\2024_JUL_GC-D_T1\GOPR3390\Coral5.JPG,5,0.7179,Giant Clam,T1,3
Giant Clam (Shallow Only)\2024_JUL_GC_D\2024_JUL_GC-D_T1\GOPR3390.JPG,Giant Clam (Shallow Only)\2024_JUL_GC_D\2024_JUL_GC-D_T1\GOPR3390\Coral30.JPG,30,0.1564,Giant Clam,T1,3
Giant Clam (Shallow Only)\2024_JUL_GC_D\2024_JUL_GC-D_T1\GOPR3390.JPG,Giant Clam (Shallow Only)\2024_JUL_GC_D\2024_JUL_GC-D_T1\GOPR3390\Coral10.JPG,10,0.6349,Giant Clam,T1,3
Giant Clam (Shallow Only)\2024_JUL_GC_D\2024_JUL_GC-D_T1\GOPR3390.JPG,Giant Clam (Shallow Only)\2024_JUL_GC_D\2024_JUL_GC-D_T1\GOPR3390\Coral16.JPG,16,0.4928,Giant Clam,T1,3
Giant Clam (Shallow Only)\2024_JUL_GC_D\2024_JUL_GC-D_T1\GOPR3390.JPG,Giant Clam (Shallow Only)\2024_JUL_GC_D\2024_JUL_GC-D_T1\GOPR3390\Coral6.JPG,6,0.7092,Giant Clam,T1,3
Giant Clam (Shallow Only)\2024_JUL_GC_D\2024_JUL_GC-D_T1\GOPR3390.JPG,Giant Clam (Shallow Only)\2024_JUL_GC_D\2024_JUL_GC-D_T1\GOPR3390\Coral26.JPG,26,0.2205,Giant Clam,T1,3
Giant Clam (Shallow Only)\2024_AUG_GC_D\2024_AUG_GC_T1\GOPR4398.JPG,Giant Clam (Shallow Only)\2024_AUG_GC_D\2024_AUG_GC_T1\GOPR4398\Coral11.JPG,11,0.2697,Giant Clam,T1,3
Giant Clam (Shallow Only)\2024_AUG_GC_D\2024_AUG_GC_T1\GOPR4398.JPG,Giant Clam (Shallow Only)\2024_AUG_GC_D\2024_AUG_GC_T1\GOPR4398\Coral9.JPG,9,0.2882,Giant Clam,T1,3
Giant Clam (Shallow Only)\2024_AUG_GC_D\2024_AUG_GC_T1\GOPR4398.JPG,Giant Clam (Shallow Only)\2024_AUG_GC_D\2024_AUG_GC_T1\GOPR4398\Coral4.JPG,4,0.4652,Giant Clam,T1,3
Giant Clam (Shallow Only)\2024_AUG_GC_D\2024_AUG_GC_T1\GOPR4398.JPG,Giant Clam (Shallow Only)\2024_AUG_GC_D\2024_AUG_GC_T1\GOPR4398\Coral18.JPG,18,0.1773,Giant Clam,T1,3
Giant Clam (Shallow Only)\2024_JUL_GC_D\2024_JUL_GC-D_T1\GOPR3392.JPG,Giant Clam (Shallow Only)\2024_JUL_GC_D\2024_JUL_GC-D_T1\GOPR3392\Coral16.JPG,16,0.2434,Giant Clam,T1,3
Giant Clam (Shallow Only)\2024_JUL_GC_D\2024_JUL_GC-D_T1\GOPR3392.JPG,Giant Clam (Shallow Only)\2024_JUL_GC_D\2024_JUL_GC-D_T1\GOPR3392\Coral10.JPG,10,0.3338,Giant Clam,T1,3
Giant Clam (Shallow Only)\2024_JUL_GC_D\2024_JUL_GC-D_T1\GOPR3398.JPG,Giant Clam (Shallow Only)\2024_JUL_GC_D\2024_JUL_GC-D_T1\GOPR3398\Coral8.JPG,8,0.2002,Giant Clam,T1,3
Giant Clam (Shallow Only)\2024_JUL_GC_D\2024_JUL_GC-D_T1\GOPR3398.JPG,Giant Clam (Shallow Only)\2024_JUL_GC_D\2024_JUL_GC-D_T1\GOPR3398\Coral2.JPG,2,0.4267,Giant Clam,T1,3
Giant Clam (Shallow Only)\2024_JUL_GC_D\2024_JUL_GC-D_T1\GOPR3398.JPG,Giant Clam (Shallow Only)\2024_JUL_GC_D\2024_JUL_GC-D_T1\GOPR3398\Coral1.JPG,1,0.452,Giant Clam,T1,3
Giant Clam (Shallow Only)\2024_AUG_GC_D\2024_AUG_GC_T1\GOPR4390.JPG,Giant Clam (Shallow Only)\2024_AUG_GC_D\2024_AUG_GC_T1\GOPR4390\Coral1.JPG,1,0.7632,Giant Clam,T1,3
Giant Clam (Shallow Only)\2024_AUG_GC_D\2024_AUG_GC_T1\GOPR4390.JPG,Giant Clam (Shallow Only)\2024_AUG_GC_D\2024_AUG_GC_T1\GOPR4390\Coral16.JPG,16,0.1594,Giant Clam,T1,3
Giant Clam (Shallow Only)\2024_AUG_GC_D\2024_AUG_GC_T1\GOPR4390.JPG,Giant Clam (Shallow Only)\2024_AUG_GC_D\2024_AUG_GC_T1\GOPR4390\Coral14.JPG,14,0.1775,Giant Clam,T1,3
Giant Clam (Shallow Only)\2024_AUG_GC_D\2024_AUG_GC_T1\GOPR4403.JPG,Giant Clam (Shallow Only)\2024_AUG_GC_D\2024_AUG_GC_T1\GOPR4403\Coral10.JPG,10,0.3215,Giant Clam,T1,3
Giant Clam (Shallow Only)\2024_AUG_GC_D\2024_AUG_GC_T1\GOPR4403.JPG,Giant Clam (Shallow Only)\2024_AUG_GC_D\2024_AUG_GC_T1\GOPR4403\Coral6.JPG,6,0.4134,Giant Clam,T1,3
Giant Clam (Shallow Only)\2024_AUG_GC_D\2024_AUG_GC_T1\GOPR4403.JPG,Giant Clam (Shallow Only)\2024_AUG_GC_D\2024_AUG_GC_T1\GOPR4403\Coral20.JPG,20,0.1714,Giant Clam,T1,3
Giant Clam (Shallow Only)\2024_JUL_GC_D\2024_JUL_GC-D_T1\GOPR3413.JPG,Giant Clam (Shallow Only)\2024_JUL_GC_D\2024_JUL_GC-D_T1\GOPR3413\Coral2.JPG,2,0.789,Giant Clam,T1,3
Giant Clam (Shallow Only)\2024_JUL_GC_D\2024_JUL_GC-D_T1\GOPR3413.JPG,Giant Clam (Shallow Only)\2024_JUL_GC_D\2024_JUL_GC-D_T1\GOPR3413\Coral24.JPG,24,0.4014,Giant Clam,T1,3
Giant Clam (Shallow Only)\2024_JUL_GC_D\2024_JUL_GC-D_T1\GOPR3413.JPG,Giant Clam (Shallow Only)\2024_JUL_GC_D\2024_JUL_GC-D_T1\GOPR3413\Coral14.JPG,14,0.482,Giant Clam,T1,3
Giant Clam (Shallow Only)\2024_JUL_GC_D\2024_JUL_GC-D_T1\GOPR3413.JPG,Giant Clam (Shallow Only)\2024_JUL_GC_D\2024_JUL_GC-D_T1\GOPR3413\Coral12.JPG,12,0.4854,Giant Clam,T1,3
Giant Clam (Shallow Only)\2024_JUL_GC_D\2024_JUL_GC-D_T1\GOPR3413.JPG,Giant Clam (Shallow Only)\2024_JUL_GC_D\2024_JUL_GC-D_T1\GOPR3413\Coral25.JPG,25,0.3983,Giant Clam,T1,3
Giant Clam (Shallow Only)\2024_JUL_GC_D\2024_JUL_GC-D_T1\GOPR3413.JPG,Giant Clam (Shallow Only)\2024_JUL_GC_D\2024_JUL_GC-D_T1\GOPR3413\Coral32.JPG,32,0.2657,Giant Clam,T1,3
Giant Clam (Shallow Only)\2024_JUL_GC_D\2024_JUL_GC-D_T1\GOPR3413.JPG,Giant Clam (Shallow Only)\2024_JUL_GC_D\2024_JUL_GC-D_T1\GOPR3413\Coral11.JPG,11,0.4987,Giant Clam,T1,3
Giant Clam (Shallow Only)\2024_JUL_GC_D\2024_JUL_GC-D_T1\GOPR3413.JPG,Giant Clam (Shallow Only)\2024_JUL_GC_D\2024_JUL_GC-D_T1\GOPR3413\Coral8.JPG,8,0.5597,Giant Clam,T1,3
Giant Clam (Shallow Only)\2024_AUG_GC_D\2024_AUG_GC_T1\GOPR4366.JPG,Giant Clam (Shallow Only)\2024_AUG_GC_D\2024_AUG_GC_T1\GOPR4366\Coral5.JPG,5,0.2128,Giant Clam,T1,3
Giant Clam (Shallow Only)\2024_AUG_GC_D\2024_AUG_GC_T1\GOPR4366.JPG,Giant Clam (Shallow Only)\2024_AUG_GC_D\2024_AUG_GC_T1\GOPR4366\Coral4.JPG,4,0.2237,Giant Clam,T1,3
Giant Clam (Shallow Only)\2024_AUG_GC_D\2024_AUG_GC_T1\GOPR4371.JPG,Giant Clam (Shallow Only)\2024_AUG_GC_D\2024_AUG_GC_T1\GOPR4371\Coral10.JPG,10,0.2477,Giant Clam,T1,3
Giant Clam (Shallow Only)\2024_AUG_GC_D\2024_AUG_GC_T1\GOPR4415.JPG,Giant Clam (Shallow Only)\2024_AUG_GC_D\2024_AUG_GC_T1\GOPR4415\Coral24.JPG,24,0.3778,Giant Clam,T1,3
Giant Clam (Shallow Only)\2024_AUG_GC_D\2024_AUG_GC_T1\GOPR4415.JPG,Giant Clam (Shallow Only)\2024_AUG_GC_D\2024_AUG_GC_T1\GOPR4415\Coral28.JPG,28,0.3224,Giant Clam,T1,3
Giant Clam (Shallow Only)\2024_AUG_GC_D\2024_AUG_GC_T1\GOPR4415.JPG,Giant Clam (Shallow Only)\2024_AUG_GC_D\2024_AUG_GC_T1\GOPR4415\Coral20.JPG,20,0.4616,Giant Clam,T1,3
Giant Clam (Shallow Only)\2024_AUG_GC_D\2024_AUG_GC_T1\GOPR4400.JPG,Giant Clam (Shallow Only)\2024_AUG_GC_D\2024_AUG_GC_T1\GOPR4400\Coral12.JPG,12,0.2346,Giant Clam,T1,3
Giant Clam (Shallow Only)\2024_AUG_GC_D\2024_AUG_GC_T1\GOPR4400.JPG,Giant Clam (Shallow Only)\2024_AUG_GC_D\2024_AUG_GC_T1\GOPR4400\Coral14.JPG,14,0.2292,Giant Clam,T1,3
Giant Clam (Shallow Only)\2024_AUG_GC_D\2024_AUG_GC_T1\GOPR4400.JPG,Giant Clam (Shallow Only)\2024_AUG_GC_D\2024_AUG_GC_T1\GOPR4400\Coral26.JPG,26,0.1574,Giant Clam,T1,3
Giant Clam (Shallow Only)\2024_AUG_GC_D\2024_AUG_GC_T1\GOPR4400.JPG,Giant Clam (Shallow Only)\2024_AUG_GC_D\2024_AUG_GC_T1\GOPR4400\Coral9.JPG,9,0.2985,Giant Clam,T1,3
Giant Clam (Shallow Only)\2024_AUG_GC_D\2024_AUG_GC_T1\GOPR4400.JPG,Giant Clam (Shallow Only)\2024_AUG_GC_D\2024_AUG_GC_T1\GOPR4400\Coral22.JPG,22,0.1708,Giant Clam,T1,3
Giant Clam (Shallow Only)\2024_JUL_GC_D\2024_JUL_GC-D_T1\GOPR3378.JPG,Giant Clam (Shallow Only)\2024_JUL_GC_D\2024_JUL_GC-D_T1\GOPR3378\Coral18.JPG,18,0.1547,Giant Clam,T1,3
Giant Clam (Shallow Only)\2024_JUL_GC_D\2024_JUL_GC-D_T1\GOPR3378.JPG,Giant Clam (Shallow Only)\2024_JUL_GC_D\2024_JUL_GC-D_T1\GOPR3378\Coral11.JPG,11,0.3385,Giant Clam,T1,3
Giant Clam (Shallow Only)\2024_JUL_GC_D\2024_JUL_GC-D_T1\GOPR3378.JPG,Giant Clam (Shallow Only)\2024_JUL_GC_D\2024_JUL_GC-D_T1\GOPR3378\Coral17.JPG,17,0.1727,Giant Clam,T1,3
Giant Clam (Shallow Only)\2024_JUL_GC_D\2024_JUL_GC-D_T1\GOPR3378.JPG,Giant Clam (Shallow Only)\2024_JUL_GC_D\2024_JUL_GC-D_T1\GOPR3378\Coral9.JPG,9,0.4033,Giant Clam,T1,3
Giant Clam (Shallow Only)\2024_JUL_GC_D\2024_JUL_GC-D_T1\GOPR3378.JPG,Giant Clam (Shallow Only)\2024_JUL_GC_D\2024_JUL_GC-D_T1\GOPR3378\Coral6.JPG,6,0.547,Giant Clam,T1,3
Giant Clam (Shallow Only)\2024_JUL_GC_D\2024_JUL_GC-D_T1\GOPR3378.JPG,Giant Clam (Shallow Only)\2024_JUL_GC_D\2024_JUL_GC-D_T1\GOPR3378\Coral13.JPG,13,0.2247,Giant Clam,T1,3
Giant Clam (Shallow Only)\2024_JUL_GC_D\2024_JUL_GC-D_T1\GOPR3380.JPG,Giant Clam (Shallow Only)\2024_JUL_GC_D\2024_JUL_GC-D_T1\GOPR3380\Coral14.JPG,14,0.2545,Giant Clam,T1,3
Giant Clam (Shallow Only)\2024_JUL_GC_D\2024_JUL_GC-D_T1\GOPR3380.JPG,Giant Clam (Shallow Only)\2024_JUL_GC_D\2024_JUL_GC-D_T1\GOPR3380\Coral20.JPG,20,0.1689,Giant Clam,T1,3
Giant Clam (Shallow Only)\2024_JUL_GC_D\2024_JUL_GC-D_T1\GOPR3380.JPG,Giant Clam (Shallow Only)\2024_JUL_GC_D\2024_JUL_GC-D_T1\GOPR3380\Coral2.JPG,2,0.7204,Giant Clam,T1,3
Giant Clam (Shallow Only)\2024_JUL_GC_D\2024_JUL_GC-D_T1\GOPR3380.JPG,Giant Clam (Shallow Only)\2024_JUL_GC_D\2024_JUL_GC-D_T1\GOPR3380\Coral7.JPG,7,0.482,Giant Clam,T1,3
Giant Clam (Shallow Only)\2024_JUL_GC_D\2024_JUL_GC-D_T2\GOPR3431.JPG,Giant Clam (Shallow Only)\2024_JUL_GC_D\2024_JUL_GC-D_T2\GOPR3431\Coral15.JPG,15,0.4344,Giant Clam,T2,3
Giant Clam (Shallow Only)\2024_JUL_GC_D\2024_JUL_GC-D_T2\GOPR3472.JPG,Giant Clam (Shallow Only)\2024_JUL_GC_D\2024_JUL_GC-D_T2\GOPR3472\Coral21.JPG,21,0.2848,Giant Clam,T2,3
Giant Clam (Shallow Only)\2024_AUG_GC_D\2024_AUG_GC_T2\GOPR4442.JPG,Giant Clam (Shallow Only)\2024_AUG_GC_D\2024_AUG_GC_T2\GOPR4442\Coral20.JPG,20,0.2735,Giant Clam,T2,3
Giant Clam (Shallow Only)\2024_AUG_GC_D\2024_AUG_GC_T2\GOPR4445.JPG,Giant Clam (Shallow Only)\2024_AUG_GC_D\2024_AUG_GC_T2\GOPR4445\Coral25.JPG,25,0.2327,Giant Clam,T2,3
Giant Clam (Shallow Only)\2024_JUL_GC_D\2024_JUL_GC-D_T2\GOPR3469.JPG,Giant Clam (Shallow Only)\2024_JUL_GC_D\2024_JUL_GC-D_T2\GOPR3469\Coral14.JPG,14,0.4508,Giant Clam,T2,3
Giant Clam (Shallow Only)\2024_JUL_GC_D\2024_JUL_GC-D_T2\GOPR3432.JPG,Giant Clam (Shallow Only)\2024_JUL_GC_D\2024_JUL_GC-D_T2\GOPR3432\Coral12.JPG,12,0.327,Giant Clam,T2,3
Giant Clam (Shallow Only)\2024_JUL_GC_D\2024_JUL_GC-D_T2\GOPR3444.JPG,Giant Clam (Shallow Only)\2024_JUL_GC_D\2024_JUL_GC-D_T2\GOPR3444\Coral39.JPG,39,0.1558,Giant Clam,T2,3
Giant Clam (Shallow Only)\2024_JUL_GC_D\2024_JUL_GC-D_T2\GOPR3464.JPG,Giant Clam (Shallow Only)\2024_JUL_GC_D\2024_JUL_GC-D_T2\GOPR3464\Coral9.JPG,9,0.4825,Giant Clam,T2,3
Giant Clam (Shallow Only)\2024_JUL_GC_D\2024_JUL_GC-D_T2\GOPR3445.JPG,Giant Clam (Shallow Only)\2024_JUL_GC_D\2024_JUL_GC-D_T2\GOPR3445\Coral33.JPG,33,0.321,Giant Clam,T2,3
Giant Clam (Shallow Only)\2024_AUG_GC_D\2024_AUG_GC_T2\GOPR4459.JPG,Giant Clam (Shallow Only)\2024_AUG_GC_D\2024_AUG_GC_T2\GOPR4459\Coral13.JPG,13,0.1648,Giant Clam,T2,3
Giant Clam (Shallow Only)\2024_AUG_GC_D\2024_AUG_GC_T2\GOPR4460.JPG,Giant Clam (Shallow Only)\2024_AUG_GC_D\2024_AUG_GC_T2\GOPR4460\Coral8.JPG,8,0.2578,Giant Clam,T2,3
Giant Clam (Shallow Only)\2024_AUG_GC_D\2024_AUG_GC_T2\GOPR4444.JPG,Giant Clam (Shallow Only)\2024_AUG_GC_D\2024_AUG_GC_T2\GOPR4444\Coral23.JPG,23,0.393,Giant Clam,T2,3
Giant Clam (Shallow Only)\2024_AUG_GC_D\2024_AUG_GC_T2\GOPR4421.JPG,Giant Clam (Shallow Only)\2024_AUG_GC_D\2024_AUG_GC_T2\GOPR4421\Coral20.JPG,20,0.1848,Giant Clam,T2,3
Giant Clam (Shallow Only)\2024_JUL_GC_D\2024_JUL_GC-D_T2\GOPR3442.JPG,Giant Clam (Shallow Only)\2024_JUL_GC_D\2024_JUL_GC-D_T2\GOPR3442\Coral6.JPG,6,0.5636,Giant Clam,T2,3
Giant Clam (Shallow Only)\2024_JUL_GC_D\2024_JUL_GC-D_T2\GOPR3477.JPG,Giant Clam (Shallow Only)\2024_JUL_GC_D\2024_JUL_GC-D_T2\GOPR3477\Coral16.JPG,16,0.3005,Giant Clam,T2,3
Giant Clam (Shallow Only)\2024_AUG_GC_D\2024_AUG_GC_T2\GOPR4446.JPG,Giant Clam (Shallow Only)\2024_AUG_GC_D\2024_AUG_GC_T2\GOPR4446\Coral11.JPG,11,0.3649,Giant Clam,T2,3
Giant Clam (Shallow Only)\2024_AUG_GC_D\2024_AUG_GC_T2\GOPR4450.JPG,Giant Clam (Shallow Only)\2024_AUG_GC_D\2024_AUG_GC_T2\GOPR4450\Coral10.JPG,10,0.2525,Giant Clam,T2,3
Giant Clam (Shallow Only)\2024_AUG_GC_D\2024_AUG_GC_T2\GOPR4463.JPG,Giant Clam (Shallow Only)\2024_AUG_GC_D\2024_AUG_GC_T2\GOPR4463\Coral10.JPG,10,0.2484,Giant Clam,T2,3
Giant Clam (Shallow Only)\2024_JUL_GC_D\2024_JUL_GC-D_T2\GOPR3459.JPG,Giant Clam (Shallow Only)\2024_JUL_GC_D\2024_JUL_GC-D_T2\GOPR3459\Coral14.JPG,14,0.2899,Giant Clam,T2,3
Giant Clam (Shallow Only)\2024_AUG_GC_D\2024_AUG_GC_T2\GOPR4468.JPG,Giant Clam (Shallow Only)\2024_AUG_GC_D\2024_AUG_GC_T2\GOPR4468\Coral11.JPG,11,0.2712,Giant Clam,T2,3
Giant Clam (Shallow Only)\2024_AUG_GC_D\2024_AUG_GC_T2\GOPR4443.JPG,Giant Clam (Shallow Only)\2024_AUG_GC_D\2024_AUG_GC_T2\GOPR4443\Coral2.JPG,2,0.7035,Giant Clam,T2,3
Giant Clam (Shallow Only)\2024_JUL_GC_D\2024_JUL_GC-D_T2\GOPR3450.JPG,Giant Clam (Shallow Only)\2024_JUL_GC_D\2024_JUL_GC-D_T2\GOPR3450\Coral11.JPG,11,0.5644,Giant Clam,T2,3
Giant Clam (Shallow Only)\2024_AUG_GC_D\2024_AUG_GC_T2\GOPR4457.JPG,Giant Clam (Shallow Only)\2024_AUG_GC_D\2024_AUG_GC_T2\GOPR4457\Coral1.JPG,1,0.4211,Giant Clam,T2,3
Giant Clam (Shallow Only)\2024_AUG_GC_D\2024_AUG_GC_T2\GOPR4429.JPG,Giant Clam (Shallow Only)\2024_AUG_GC_D\2024_AUG_GC_T2\GOPR4429\Coral26.JPG,26,0.2525,Giant Clam,T2,3
Giant Clam (Shallow Only)\2024_AUG_GC_D\2024_AUG_GC_T2\GOPR4466.JPG,Giant Clam (Shallow Only)\2024_AUG_GC_D\2024_AUG_GC_T2\GOPR4466\Coral6.JPG,6,0.5404,Giant Clam,T2,3
Giant Clam (Shallow Only)\2024_JUL_GC_D\2024_JUL_GC-D_T2\GOPR3456.JPG,Giant Clam (Shallow Only)\2024_JUL_GC_D\2024_JUL_GC-D_T2\GOPR3456\Coral5.JPG,5,0.7593,Giant Clam,T2,3
Giant Clam (Shallow Only)\2024_AUG_GC_D\2024_AUG_GC_T2\GOPR4428.JPG,Giant Clam (Shallow Only)\2024_AUG_GC_D\2024_AUG_GC_T2\GOPR4428\Coral2.JPG,2,0.6743,Giant Clam,T2,3
Giant Clam (Shallow Only)\2024_AUG_GC_D\2024_AUG_GC_T2\GOPR4440.JPG,Giant Clam (Shallow Only)\2024_AUG_GC_D\2024_AUG_GC_T2\GOPR4440\Coral8.JPG,8,0.4341,Giant Clam,T2,3
Giant Clam (Shallow Only)\2024_JUL_GC_D\2024_JUL_GC-D_T2\GOPR3452.JPG,Giant Clam (Shallow Only)\2024_JUL_GC_D\2024_JUL_GC-D_T2\GOPR3452\Coral2.JPG,2,0.6658,Giant Clam,T2,3
Giant Clam (Shallow Only)\2024_JUL_GC_D\2024_JUL_GC-D_T2\GOPR3451.JPG,Giant Clam (Shallow Only)\2024_JUL_GC_D\2024_JUL_GC-D_T2\GOPR3451\Coral24.JPG,24,0.1698,Giant Clam,T2,3
Giant Clam (Shallow Only)\2024_AUG_GC_D\2024_AUG_GC_T2\GOPR4444.JPG,Giant Clam (Shallow Only)\2024_AUG_GC_D\2024_AUG_GC_T2\GOPR4444\Coral43.JPG,43,0.1992,Giant Clam,T2,3
Giant Clam (Shallow Only)\2024_AUG_GC_D\2024_AUG_GC_T2\GOPR4421.JPG,Giant Clam (Shallow Only)\2024_AUG_GC_D\2024_AUG_GC_T2\GOPR4421\Coral1.JPG,1,0.7281,Giant Clam,T2,3
Giant Clam (Shallow Only)\2024_JUL_GC_D\2024_JUL_GC-D_T2\GOPR3442.JPG,Giant Clam (Shallow Only)\2024_JUL_GC_D\2024_JUL_GC-D_T2\GOPR3442\Coral37.JPG,37,0.2006,Giant Clam,T2,3
Giant Clam (Shallow Only)\2024_JUL_GC_D\2024_JUL_GC-D_T2\GOPR3477.JPG,Giant Clam (Shallow Only)\2024_JUL_GC_D\2024_JUL_GC-D_T2\GOPR3477\Coral22.JPG,22,0.2055,Giant Clam,T2,3
Giant Clam (Shallow Only)\2024_AUG_GC_D\2024_AUG_GC_T2\GOPR4454.JPG,Giant Clam (Shallow Only)\2024_AUG_GC_D\2024_AUG_GC_T2\GOPR4454\Coral14.JPG,14,0.3446,Giant Clam,T2,3
Giant Clam (Shallow Only)\2024_AUG_GC_D\2024_AUG_GC_T2\GOPR4437.JPG,Giant Clam (Shallow Only)\2024_AUG_GC_D\2024_AUG_GC_T2\GOPR4437\Coral21.JPG,21,0.2434,Giant Clam,T2,3
Giant Clam (Shallow Only)\2024_AUG_GC_D\2024_AUG_GC_T2\GOPR4448.JPG,Giant Clam (Shallow Only)\2024_AUG_GC_D\2024_AUG_GC_T2\GOPR4448\Coral12.JPG,12,0.302,Giant Clam,T2,3
Giant Clam (Shallow Only)\2024_JUL_GC_D\2024_JUL_GC-D_T2\GOPR3433.JPG,Giant Clam (Shallow Only)\2024_JUL_GC_D\2024_JUL_GC-D_T2\GOPR3433\Coral45.JPG,45,0.2798,Giant Clam,T2,3
Giant Clam (Shallow Only)\2024_JUL_GC_D\2024_JUL_GC-D_T2\GOPR3446.JPG,Giant Clam (Shallow Only)\2024_JUL_GC_D\2024_JUL_GC-D_T2\GOPR3446\Coral44.JPG,44,0.194,Giant Clam,T2,3
Giant Clam (Shallow Only)\2024_JUL_GC_D\2024_JUL_GC-D_T2\GOPR3450.JPG,Giant Clam (Shallow Only)\2024_JUL_GC_D\2024_JUL_GC-D_T2\GOPR3450\Coral20.JPG,20,0.4021,Giant Clam,T2,3
Giant Clam (Shallow Only)\2024_JUL_GC_D\2024_JUL_GC-D_T2\GOPR3479.JPG,Giant Clam (Shallow Only)\2024_JUL_GC_D\2024_JUL_GC-D_T2\GOPR3479\Coral8.JPG,8,0.5547,Giant Clam,T2,3
Giant Clam (Shallow Only)\2024_AUG_GC_D\2024_AUG_GC_T2\GOPR4469.JPG,Giant Clam (Shallow Only)\2024_AUG_GC_D\2024_AUG_GC_T2\GOPR4469\Coral24.JPG,24,0.209,Giant Clam,T2,3
Giant Clam (Shallow Only)\2024_JUL_GC_D\2024_JUL_GC-D_T2\GOPR3480.JPG,Giant Clam (Shallow Only)\2024_JUL_GC_D\2024_JUL_GC-D_T2\GOPR3480\Coral23.JPG,23,0.2003,Giant Clam,T2,3
Giant Clam (Shallow Only)\2024_JUL_GC_D\2024_JUL_GC-D_T2\GOPR3469.JPG,Giant Clam (Shallow Only)\2024_JUL_GC_D\2024_JUL_GC-D_T2\GOPR3469\Coral39.JPG,39,0.1698,Giant Clam,T2,3
Giant Clam (Shallow Only)\2024_AUG_GC_D\2024_AUG_GC_T2\GOPR4465.JPG,Giant Clam (Shallow Only)\2024_AUG_GC_D\2024_AUG_GC_T2\GOPR4465\Coral4.JPG,4,0.536,Giant Clam,T2,3
Giant Clam (Shallow Only)\2024_AUG_GC_D\2024_AUG_GC_T2\GOPR4470.JPG,Giant Clam (Shallow Only)\2024_AUG_GC_D\2024_AUG_GC_T2\GOPR4470\Coral3.JPG,3,0.6568,Giant Clam,T2,3
Giant Clam (Shallow Only)\2024_AUG_GC_D\2024_AUG_GC_T2\GOPR4464.JPG,Giant Clam (Shallow Only)\2024_AUG_GC_D\2024_AUG_GC_T2\GOPR4464\Coral10.JPG,10,0.2621,Giant Clam,T2,3
Giant Clam (Shallow Only)\2024_AUG_GC_D\2024_AUG_GC_T2\GOPR4452.JPG,Giant Clam (Shallow Only)\2024_AUG_GC_D\2024_AUG_GC_T2\GOPR4452\Coral3.JPG,3,0.476,Giant Clam,T2,3
Giant Clam (Shallow Only)\2024_AUG_GC_D\2024_AUG_GC_T2\GOPR4440.JPG,Giant Clam (Shallow Only)\2024_AUG_GC_D\2024_AUG_GC_T2\GOPR4440\Coral20.JPG,20,0.1533,Giant Clam,T2,3
Giant Clam (Shallow Only)\2024_AUG_GC_D\2024_AUG_GC_T2\GOPR4460.JPG,Giant Clam (Shallow Only)\2024_AUG_GC_D\2024_AUG_GC_T2\GOPR4460\Coral7.JPG,7,0.3191,Giant Clam,T2,3
Giant Clam (Shallow Only)\2024_AUG_GC_D\2024_AUG_GC_T2\GOPR4455.JPG,Giant Clam (Shallow Only)\2024_AUG_GC_D\2024_AUG_GC_T2\GOPR4455\Coral15.JPG,15,0.1984,Giant Clam,T2,3
Giant Clam (Shallow Only)\2024_JUL_GC_D\2024_JUL_GC-D_T2\GOPR3440.JPG,Giant Clam (Shallow Only)\2024_JUL_GC_D\2024_JUL_GC-D_T2\GOPR3440\Coral42.JPG,42,0.2618,Giant Clam,T2,3
Giant Clam (Shallow Only)\2024_JUL_GC_D\2024_JUL_GC-D_T2\GOPR3443.JPG,Giant Clam (Shallow Only)\2024_JUL_GC_D\2024_JUL_GC-D_T2\GOPR3443\Coral11.JPG,11,0.3446,Giant Clam,T2,3
Giant Clam (Shallow Only)\2024_JUL_GC_D\2024_JUL_GC-D_T2\GOPR3448.JPG,Giant Clam (Shallow Only)\2024_JUL_GC_D\2024_JUL_GC-D_T2\GOPR3448\Coral27.JPG,27,0.286,Giant Clam,T2,3
Giant Clam (Shallow Only)\2024_JUL_GC_D\2024_JUL_GC-D_T2\GOPR3477.JPG,Giant Clam (Shallow Only)\2024_JUL_GC_D\2024_JUL_GC-D_T2\GOPR3477\Coral13.JPG,13,0.3652,Giant Clam,T2,3
Giant Clam (Shallow Only)\2024_JUL_GC_D\2024_JUL_GC-D_T2\GOPR3471.JPG,Giant Clam (Shallow Only)\2024_JUL_GC_D\2024_JUL_GC-D_T2\GOPR3471\Coral2.JPG,2,0.7607,Giant Clam,T2,3
Giant Clam (Shallow Only)\2024_AUG_GC_D\2024_AUG_GC_T2\GOPR4432.JPG,Giant Clam (Shallow Only)\2024_AUG_GC_D\2024_AUG_GC_T2\GOPR4432\Coral15.JPG,15,0.2301,Giant Clam,T2,3
Giant Clam (Shallow Only)\2024_AUG_GC_D\2024_AUG_GC_T2\GOPR4454.JPG,Giant Clam (Shallow Only)\2024_AUG_GC_D\2024_AUG_GC_T2\GOPR4454\Coral19.JPG,19,0.204,Giant Clam,T2,3
Giant Clam (Shallow Only)\2024_AUG_GC_D\2024_AUG_GC_T2\GOPR4463.JPG,Giant Clam (Shallow Only)\2024_AUG_GC_D\2024_AUG_GC_T2\GOPR4463\Coral3.JPG,3,0.4194,Giant Clam,T2,3
Giant Clam (Shallow Only)\2024_JUL_GC_D\2024_JUL_GC-D_T2\GOPR3453.JPG,Giant Clam (Shallow Only)\2024_JUL_GC_D\2024_JUL_GC-D_T2\GOPR3453\Coral13.JPG,13,0.3245,Giant Clam,T2,3
Giant Clam (Shallow Only)\2024_AUG_GC_D\2024_AUG_GC_T2\GOPR4430.JPG,Giant Clam (Shallow Only)\2024_AUG_GC_D\2024_AUG_GC_T2\GOPR4430\Coral4.JPG,4,0.5446,Giant Clam,T2,3
Giant Clam (Shallow Only)\2024_JUL_GC_D\2024_JUL_GC-D_T2\GOPR3458.JPG,Giant Clam (Shallow Only)\2024_JUL_GC_D\2024_JUL_GC-D_T2\GOPR3458\Coral25.JPG,25,0.1754,Giant Clam,T2,3
Giant Clam (Shallow Only)\2024_JUL_GC_D\2024_JUL_GC-D_T2\GOPR3461.JPG,Giant Clam (Shallow Only)\2024_JUL_GC_D\2024_JUL_GC-D_T2\GOPR3461\Coral8.JPG,8,0.4055,Giant Clam,T2,3
Giant Clam (Shallow Only)\2024_AUG_GC_D\2024_AUG_GC_T2\GOPR4447.JPG,Giant Clam (Shallow Only)\2024_AUG_GC_D\2024_AUG_GC_T2\GOPR4447\Coral3.JPG,3,0.4642,Giant Clam,T2,3
Giant Clam (Shallow Only)\2024_JUL_GC_D\2024_JUL_GC-D_T2\GOPR3457.JPG,Giant Clam (Shallow Only)\2024_JUL_GC_D\2024_JUL_GC-D_T2\GOPR3457\Coral1.JPG,1,0.7761,Giant Clam,T2,3
Giant Clam (Shallow Only)\2024_AUG_GC_D\2024_AUG_GC_T2\GOPR4443.JPG,Giant Clam (Shallow Only)\2024_AUG_GC_D\2024_AUG_GC_T2\GOPR4443\Coral38.JPG,38,0.1739,Giant Clam,T2,3
Giant Clam (Shallow Only)\2024_AUG_GC_D\2024_AUG_GC_T2\GOPR4443.JPG,Giant Clam (Shallow Only)\2024_AUG_GC_D\2024_AUG_GC_T2\GOPR4443\Coral16.JPG,16,0.3293,Giant Clam,T2,3
Giant Clam (Shallow Only)\2024_AUG_GC_D\2024_AUG_GC_T2\GOPR4443.JPG,Giant Clam (Shallow Only)\2024_AUG_GC_D\2024_AUG_GC_T2\GOPR4443\Coral8.JPG,8,0.5148,Giant Clam,T2,3
Giant Clam (Shallow Only)\2024_AUG_GC_D\2024_AUG_GC_T2\GOPR4443.JPG,Giant Clam (Shallow Only)\2024_AUG_GC_D\2024_AUG_GC_T2\GOPR4443\Coral10.JPG,10,0.4798,Giant Clam,T2,3
Giant Clam (Shallow Only)\2024_JUL_GC_D\2024_JUL_GC-D_T2\GOPR3434.JPG,Giant Clam (Shallow Only)\2024_JUL_GC_D\2024_JUL_GC-D_T2\GOPR3434\Coral12.JPG,12,0.3032,Giant Clam,T2,3
Giant Clam (Shallow Only)\2024_JUL_GC_D\2024_JUL_GC-D_T2\GOPR3434.JPG,Giant Clam (Shallow Only)\2024_JUL_GC_D\2024_JUL_GC-D_T2\GOPR3434\Coral14.JPG,14,0.2771,Giant Clam,T2,3
Giant Clam (Shallow Only)\2024_JUL_GC_D\2024_JUL_GC-D_T2\GOPR3434.JPG,Giant Clam (Shallow Only)\2024_JUL_GC_D\2024_JUL_GC-D_T2\GOPR3434\Coral29.JPG,29,0.1584,Giant Clam,T2,3
Giant Clam (Shallow Only)\2024_JUL_GC_D\2024_JUL_GC-D_T2\GOPR3434.JPG,Giant Clam (Shallow Only)\2024_JUL_GC_D\2024_JUL_GC-D_T2\GOPR3434\Coral17.JPG,17,0.2545,Giant Clam,T2,3
Giant Clam (Shallow Only)\2024_JUL_GC_D\2024_JUL_GC-D_T2\GOPR3434.JPG,Giant Clam (Shallow Only)\2024_JUL_GC_D\2024_JUL_GC-D_T2\GOPR3434\Coral22.JPG,22,0.2083,Giant Clam,T2,3
Giant Clam (Shallow Only)\2024_JUL_GC_D\2024_JUL_GC-D_T2\GOPR3434.JPG,Giant Clam (Shallow Only)\2024_JUL_GC_D\2024_JUL_GC-D_T2\GOPR3434\Coral15.JPG,15,0.2723,Giant Clam,T2,3
Giant Clam (Shallow Only)\2024_JUL_GC_D\2024_JUL_GC-D_T2\GOPR3434.JPG,Giant Clam (Shallow Only)\2024_JUL_GC_D\2024_JUL_GC-D_T2\GOPR3434\Coral11.JPG,11,0.3265,Giant Clam,T2,3
Giant Clam (Shallow Only)\2024_AUG_GC_D\2024_AUG_GC_T2\GOPR4435.JPG,Giant Clam (Shallow Only)\2024_AUG_GC_D\2024_AUG_GC_T2\GOPR4435\Coral13.JPG,13,0.2683,Giant Clam,T2,3
Giant Clam (Shallow Only)\2024_AUG_GC_D\2024_AUG_GC_T2\GOPR4435.JPG,Giant Clam (Shallow Only)\2024_AUG_GC_D\2024_AUG_GC_T2\GOPR4435\Coral20.JPG,20,0.1605,Giant Clam,T2,3
Giant Clam (Shallow Only)\2024_AUG_GC_D\2024_AUG_GC_T2\GOPR4435.JPG,Giant Clam (Shallow Only)\2024_AUG_GC_D\2024_AUG_GC_T2\GOPR4435\Coral18.JPG,18,0.2136,Giant Clam,T2,3
Giant Clam (Shallow Only)\2024_AUG_GC_D\2024_AUG_GC_T2\GOPR4435.JPG,Giant Clam (Shallow Only)\2024_AUG_GC_D\2024_AUG_GC_T2\GOPR4435\Coral22.JPG,22,0.1512,Giant Clam,T2,3
Giant Clam (Shallow Only)\2024_JUL_GC_D\2024_JUL_GC-D_T2\GOPR3455.JPG,Giant Clam (Shallow Only)\2024_JUL_GC_D\2024_JUL_GC-D_T2\GOPR3455\Coral11.JPG,11,0.5371,Giant Clam,T2,3
Giant Clam (Shallow Only)\2024_JUL_GC_D\2024_JUL_GC-D_T2\GOPR3455.JPG,Giant Clam (Shallow Only)\2024_JUL_GC_D\2024_JUL_GC-D_T2\GOPR3455\Coral55.JPG,55,0.1523,Giant Clam,T2,3
Giant Clam (Shallow Only)\2024_JUL_GC_D\2024_JUL_GC-D_T2\GOPR3455.JPG,Giant Clam (Shallow Only)\2024_JUL_GC_D\2024_JUL_GC-D_T2\GOPR3455\Coral47.JPG,47,0.1709,Giant Clam,T2,3
Giant Clam (Shallow Only)\2024_JUL_GC_D\2024_JUL_GC-D_T2\GOPR3455.JPG,Giant Clam (Shallow Only)\2024_JUL_GC_D\2024_JUL_GC-D_T2\GOPR3455\Coral4.JPG,4,0.7756,Giant Clam,T2,3
Giant Clam (Shallow Only)\2024_JUL_GC_D\2024_JUL_GC-D_T2\GOPR3455.JPG,Giant Clam (Shallow Only)\2024_JUL_GC_D\2024_JUL_GC-D_T2\GOPR3455\Coral40.JPG,40,0.21,Giant Clam,T2,3
Giant Clam (Shallow Only)\2024_JUL_GC_D\2024_JUL_GC-D_T2\GOPR3455.JPG,Giant Clam (Shallow Only)\2024_JUL_GC_D\2024_JUL_GC-D_T2\GOPR3455\Coral13.JPG,13,0.3981,Giant Clam,T2,3
Giant Clam (Shallow Only)\2024_JUL_GC_D\2024_JUL_GC-D_T2\GOPR3455.JPG,Giant Clam (Shallow Only)\2024_JUL_GC_D\2024_JUL_GC-D_T2\GOPR3455\Coral29.JPG,29,0.2736,Giant Clam,T2,3
Giant Clam (Shallow Only)\2024_JUL_GC_D\2024_JUL_GC-D_T2\GOPR3455.JPG,Giant Clam (Shallow Only)\2024_JUL_GC_D\2024_JUL_GC-D_T2\GOPR3455\Coral39.JPG,39,0.2188,Giant Clam,T2,3
Giant Clam (Shallow Only)\2024_JUL_GC_D\2024_JUL_GC-D_T2\GOPR3450.JPG,Giant Clam (Shallow Only)\2024_JUL_GC_D\2024_JUL_GC-D_T2\GOPR3450\Coral22.JPG,22,0.3855,Giant Clam,T2,3
Giant Clam (Shallow Only)\2024_JUL_GC_D\2024_JUL_GC-D_T2\GOPR3450.JPG,Giant Clam (Shallow Only)\2024_JUL_GC_D\2024_JUL_GC-D_T2\GOPR3450\Coral19.JPG,19,0.4082,Giant Clam,T2,3
Giant Clam (Shallow Only)\2024_JUL_GC_D\2024_JUL_GC-D_T2\GOPR3450.JPG,Giant Clam (Shallow Only)\2024_JUL_GC_D\2024_JUL_GC-D_T2\GOPR3450\Coral10.JPG,10,0.5745,Giant Clam,T2,3
Giant Clam (Shallow Only)\2024_JUL_GC_D\2024_JUL_GC-D_T2\GOPR3450.JPG,Giant Clam (Shallow Only)\2024_JUL_GC_D\2024_JUL_GC-D_T2\GOPR3450\Coral12.JPG,12,0.5157,Giant Clam,T2,3
Giant Clam (Shallow Only)\2024_JUL_GC_D\2024_JUL_GC-D_T2\GOPR3450.JPG,Giant Clam (Shallow Only)\2024_JUL_GC_D\2024_JUL_GC-D_T2\GOPR3450\Coral23.JPG,23,0.3708,Giant Clam,T2,3
Giant Clam (Shallow Only)\2024_JUL_GC_D\2024_JUL_GC-D_T2\GOPR3450.JPG,Giant Clam (Shallow Only)\2024_JUL_GC_D\2024_JUL_GC-D_T2\GOPR3450\Coral33.JPG,33,0.2405,Giant Clam,T2,3
Giant Clam (Shallow Only)\2024_JUL_GC_D\2024_JUL_GC-D_T2\GOPR3450.JPG,Giant Clam (Shallow Only)\2024_JUL_GC_D\2024_JUL_GC-D_T2\GOPR3450\Coral43.JPG,43,0.1724,Giant Clam,T2,3
Giant Clam (Shallow Only)\2024_JUL_GC_D\2024_JUL_GC-D_T2\GOPR3450.JPG,Giant Clam (Shallow Only)\2024_JUL_GC_D\2024_JUL_GC-D_T2\GOPR3450\Coral13.JPG,13,0.4973,Giant Clam,T2,3
Giant Clam (Shallow Only)\2024_JUL_GC_D\2024_JUL_GC-D_T2\GOPR3450.JPG,Giant Clam (Shallow Only)\2024_JUL_GC_D\2024_JUL_GC-D_T2\GOPR3450\Coral40.JPG,40,0.1845,Giant Clam,T2,3
Giant Clam (Shallow Only)\2024_JUL_GC_D\2024_JUL_GC-D_T2\GOPR3450.JPG,Giant Clam (Shallow Only)\2024_JUL_GC_D\2024_JUL_GC-D_T2\GOPR3450\Coral39.JPG,39,0.1912,Giant Clam,T2,3
Giant Clam (Shallow Only)\2024_JUL_GC_D\2024_JUL_GC-D_T2\GOPR3465.JPG,Giant Clam (Shallow Only)\2024_JUL_GC_D\2024_JUL_GC-D_T2\GOPR3465\Coral28.JPG,28,0.2756,Giant Clam,T2,3
Giant Clam (Shallow Only)\2024_JUL_GC_D\2024_JUL_GC-D_T2\GOPR3465.JPG,Giant Clam (Shallow Only)\2024_JUL_GC_D\2024_JUL_GC-D_T2\GOPR3465\Coral14.JPG,14,0.4274,Giant Clam,T2,3
Giant Clam (Shallow Only)\2024_JUL_GC_D\2024_JUL_GC-D_T2\GOPR3465.JPG,Giant Clam (Shallow Only)\2024_JUL_GC_D\2024_JUL_GC-D_T2\GOPR3465\Coral26.JPG,26,0.2805,Giant Clam,T2,3
Giant Clam (Shallow Only)\2024_JUL_GC_D\2024_JUL_GC-D_T2\GOPR3465.JPG,Giant Clam (Shallow Only)\2024_JUL_GC_D\2024_JUL_GC-D_T2\GOPR3465\Coral16.JPG,16,0.3896,Giant Clam,T2,3
Giant Clam (Shallow Only)\2024_JUL_GC_D\2024_JUL_GC-D_T2\GOPR3447.JPG,Giant Clam (Shallow Only)\2024_JUL_GC_D\2024_JUL_GC-D_T2\GOPR3447\Coral46.JPG,46,0.1557,Giant Clam,T2,3
Giant Clam (Shallow Only)\2024_JUL_GC_D\2024_JUL_GC-D_T2\GOPR3447.JPG,Giant Clam (Shallow Only)\2024_JUL_GC_D\2024_JUL_GC-D_T2\GOPR3447\Coral12.JPG,12,0.3754,Giant Clam,T2,3
Giant Clam (Shallow Only)\2024_JUL_GC_D\2024_JUL_GC-D_T2\GOPR3447.JPG,Giant Clam (Shallow Only)\2024_JUL_GC_D\2024_JUL_GC-D_T2\GOPR3447\Coral39.JPG,39,0.2122,Giant Clam,T2,3
Giant Clam (Shallow Only)\2024_JUL_GC_D\2024_JUL_GC-D_T2\GOPR3447.JPG,Giant Clam (Shallow Only)\2024_JUL_GC_D\2024_JUL_GC-D_T2\GOPR3447\Coral4.JPG,4,0.6074,Giant Clam,T2,3
Giant Clam (Shallow Only)\2024_JUL_GC_D\2024_JUL_GC-D_T2\GOPR3447.JPG,Giant Clam (Shallow Only)\2024_JUL_GC_D\2024_JUL_GC-D_T2\GOPR3447\Coral15.JPG,15,0.3415,Giant Clam,T2,3
Giant Clam (Shallow Only)\2024_JUL_GC_D\2024_JUL_GC-D_T2\GOPR3447.JPG,Giant Clam (Shallow Only)\2024_JUL_GC_D\2024_JUL_GC-D_T2\GOPR3447\Coral20.JPG,20,0.2793,Giant Clam,T2,3
Giant Clam (Shallow Only)\2024_JUL_GC_D\2024_JUL_GC-D_T2\GOPR3447.JPG,Giant Clam (Shallow Only)\2024_JUL_GC_D\2024_JUL_GC-D_T2\GOPR3447\Coral43.JPG,43,0.1774,Giant Clam,T2,3
Giant Clam (Shallow Only)\2024_JUL_GC_D\2024_JUL_GC-D_T2\GOPR3447.JPG,Giant Clam (Shallow Only)\2024_JUL_GC_D\2024_JUL_GC-D_T2\GOPR3447\Coral44.JPG,44,0.1718,Giant Clam,T2,3
Giant Clam (Shallow Only)\2024_JUL_GC_D\2024_JUL_GC-D_T2\GOPR3447.JPG,Giant Clam (Shallow Only)\2024_JUL_GC_D\2024_JUL_GC-D_T2\GOPR3447\Coral11.JPG,11,0.425,Giant Clam,T2,3
Giant Clam (Shallow Only)\2024_JUL_GC_D\2024_JUL_GC-D_T3\GOPR3491.JPG,Giant Clam (Shallow Only)\2024_JUL_GC_D\2024_JUL_GC-D_T3\GOPR3491\Coral12.JPG,12,0.3153,Giant Clam,T3,3
Giant Clam (Shallow Only)\2024_AUG_GC_D\2024_AUG_GC_T3\GOPR4485.JPG,Giant Clam (Shallow Only)\2024_AUG_GC_D\2024_AUG_GC_T3\GOPR4485\Coral14.JPG,14,0.3612,Giant Clam,T3,3
Giant Clam (Shallow Only)\2024_AUG_GC_D\2024_AUG_GC_T3\GOPR4506.JPG,Giant Clam (Shallow Only)\2024_AUG_GC_D\2024_AUG_GC_T3\GOPR4506\Coral4.JPG,4,0.4873,Giant Clam,T3,3
Giant Clam (Shallow Only)\2024_AUG_GC_D\2024_AUG_GC_T3\GOPR4480.JPG,Giant Clam (Shallow Only)\2024_AUG_GC_D\2024_AUG_GC_T3\GOPR4480\Coral5.JPG,5,0.3234,Giant Clam,T3,3
Giant Clam (Shallow Only)\2024_AUG_GC_D\2024_AUG_GC_T3\GOPR4483.JPG,Giant Clam (Shallow Only)\2024_AUG_GC_D\2024_AUG_GC_T3\GOPR4483\Coral6.JPG,6,0.2392,Giant Clam,T3,3
Giant Clam (Shallow Only)\2024_AUG_GC_D\2024_AUG_GC_T3\GOPR4504.JPG,Giant Clam (Shallow Only)\2024_AUG_GC_D\2024_AUG_GC_T3\GOPR4504\Coral14.JPG,14,0.2206,Giant Clam,T3,3
Giant Clam (Shallow Only)\2024_JUL_GC_D\2024_JUL_GC-D_T3\GOPR3525.JPG,Giant Clam (Shallow Only)\2024_JUL_GC_D\2024_JUL_GC-D_T3\GOPR3525\Coral5.JPG,5,0.4902,Giant Clam,T3,3
Giant Clam (Shallow Only)\2024_JUL_GC_D\2024_JUL_GC-D_T3\GOPR3512.JPG,Giant Clam (Shallow Only)\2024_JUL_GC_D\2024_JUL_GC-D_T3\GOPR3512\Coral1.JPG,1,0.7045,Giant Clam,T3,3
Giant Clam (Shallow Only)\2024_AUG_GC_D\2024_AUG_GC_T3\GOPR4490.JPG,Giant Clam (Shallow Only)\2024_AUG_GC_D\2024_AUG_GC_T3\GOPR4490\Coral11.JPG,11,0.4768,Giant Clam,T3,3
Giant Clam (Shallow Only)\2024_AUG_GC_D\2024_AUG_GC_T3\GOPR4519.JPG,Giant Clam (Shallow Only)\2024_AUG_GC_D\2024_AUG_GC_T3\GOPR4519\Coral19.JPG,19,0.2226,Giant Clam,T3,3
Giant Clam (Shallow Only)\2024_JUL_GC_D\2024_JUL_GC-D_T3\GOPR3517.JPG,Giant Clam (Shallow Only)\2024_JUL_GC_D\2024_JUL_GC-D_T3\GOPR3517\Coral14.JPG,14,0.3019,Giant Clam,T3,3
Giant Clam (Shallow Only)\2024_JUL_GC_D\2024_JUL_GC-D_T3\GOPR3519.JPG,Giant Clam (Shallow Only)\2024_JUL_GC_D\2024_JUL_GC-D_T3\GOPR3519\Coral3.JPG,3,0.3342,Giant Clam,T3,3
Giant Clam (Shallow Only)\2024_AUG_GC_D\2024_AUG_GC_T3\GOPR4474.JPG,Giant Clam (Shallow Only)\2024_AUG_GC_D\2024_AUG_GC_T3\GOPR4474\Coral2.JPG,2,0.6298,Giant Clam,T3,3
Giant Clam (Shallow Only)\2024_AUG_GC_D\2024_AUG_GC_T3\GOPR4509.JPG,Giant Clam (Shallow Only)\2024_AUG_GC_D\2024_AUG_GC_T3\GOPR4509\Coral1.JPG,1,0.7187,Giant Clam,T3,3
Giant Clam (Shallow Only)\2024_AUG_GC_D\2024_AUG_GC_T3\GOPR4514.JPG,Giant Clam (Shallow Only)\2024_AUG_GC_D\2024_AUG_GC_T3\GOPR4514\Coral15.JPG,15,0.2599,Giant Clam,T3,3
Giant Clam (Shallow Only)\2024_JUL_GC_D\2024_JUL_GC-D_T3\GOPR3503.JPG,Giant Clam (Shallow Only)\2024_JUL_GC_D\2024_JUL_GC-D_T3\GOPR3503\Coral7.JPG,7,0.6368,Giant Clam,T3,3
Giant Clam (Shallow Only)\2024_JUL_GC_D\2024_JUL_GC-D_T3\GOPR3492.JPG,Giant Clam (Shallow Only)\2024_JUL_GC_D\2024_JUL_GC-D_T3\GOPR3492\Coral12.JPG,12,0.3281,Giant Clam,T3,3
Giant Clam (Shallow Only)\2024_AUG_GC_D\2024_AUG_GC_T3\GOPR4513.JPG,Giant Clam (Shallow Only)\2024_AUG_GC_D\2024_AUG_GC_T3\GOPR4513\Coral3.JPG,3,0.4021,Giant Clam,T3,3
Giant Clam (Shallow Only)\2024_JUL_GC_D\2024_JUL_GC-D_T3\GOPR3535.JPG,Giant Clam (Shallow Only)\2024_JUL_GC_D\2024_JUL_GC-D_T3\GOPR3535\Coral2.JPG,2,0.5589,Giant Clam,T3,3
Giant Clam (Shallow Only)\2024_JUL_GC_D\2024_JUL_GC-D_T3\GOPR3486.JPG,Giant Clam (Shallow Only)\2024_JUL_GC_D\2024_JUL_GC-D_T3\GOPR3486\Coral35.JPG,35,0.2331,Giant Clam,T3,3
Giant Clam (Shallow Only)\2024_JUL_GC_D\2024_JUL_GC-D_T3\GOPR3491.JPG,Giant Clam (Shallow Only)\2024_JUL_GC_D\2024_JUL_GC-D_T3\GOPR3491\Coral21.JPG,21,0.1805,Giant Clam,T3,3
Giant Clam (Shallow Only)\2024_AUG_GC_D\2024_AUG_GC_T3\GOPR4497.JPG,Giant Clam (Shallow Only)\2024_AUG_GC_D\2024_AUG_GC_T3\GOPR4497\Coral3.JPG,3,0.3349,Giant Clam,T3,3
Giant Clam (Shallow Only)\2024_JUL_GC_D\2024_JUL_GC-D_T3\GOPR3498.JPG,Giant Clam (Shallow Only)\2024_JUL_GC_D\2024_JUL_GC-D_T3\GOPR3498\Coral20.JPG,20,0.1803,Giant Clam,T3,3
Giant Clam (Shallow Only)\2024_AUG_GC_D\2024_AUG_GC_T3\GOPR4506.JPG,Giant Clam (Shallow Only)\2024_AUG_GC_D\2024_AUG_GC_T3\GOPR4506\Coral9.JPG,9,0.2511,Giant Clam,T3,3
Giant Clam (Shallow Only)\2024_JUL_GC_D\2024_JUL_GC-D_T3\GOPR3507.JPG,Giant Clam (Shallow Only)\2024_JUL_GC_D\2024_JUL_GC-D_T3\GOPR3507\Coral13.JPG,13,0.2162,Giant Clam,T3,3
Giant Clam (Shallow Only)\2024_AUG_GC_D\2024_AUG_GC_T3\GOPR4492.JPG,Giant Clam (Shallow Only)\2024_AUG_GC_D\2024_AUG_GC_T3\GOPR4492\Coral26.JPG,26,0.1657,Giant Clam,T3,3
Giant Clam (Shallow Only)\2024_AUG_GC_D\2024_AUG_GC_T3\GOPR4483.JPG,Giant Clam (Shallow Only)\2024_AUG_GC_D\2024_AUG_GC_T3\GOPR4483\Coral2.JPG,2,0.7088,Giant Clam,T3,3
Giant Clam (Shallow Only)\2024_AUG_GC_D\2024_AUG_GC_T3\GOPR4521.JPG,Giant Clam (Shallow Only)\2024_AUG_GC_D\2024_AUG_GC_T3\GOPR4521\Coral11.JPG,11,0.3208,Giant Clam,T3,3
Giant Clam (Shallow Only)\2024_JUL_GC_D\2024_JUL_GC-D_T3\GOPR3512.JPG,Giant Clam (Shallow Only)\2024_JUL_GC_D\2024_JUL_GC-D_T3\GOPR3512\Coral5.JPG,5,0.3194,Giant Clam,T3,3
Giant Clam (Shallow Only)\2024_AUG_GC_D\2024_AUG_GC_T3\GOPR4502.JPG,Giant Clam (Shallow Only)\2024_AUG_GC_D\2024_AUG_GC_T3\GOPR4502\Coral9.JPG,9,0.269,Giant Clam,T3,3
Giant Clam (Shallow Only)\2024_AUG_GC_D\2024_AUG_GC_T3\GOPR4489.JPG,Giant Clam (Shallow Only)\2024_AUG_GC_D\2024_AUG_GC_T3\GOPR4489\Coral26.JPG,26,0.3443,Giant Clam,T3,3
Giant Clam (Shallow Only)\2024_AUG_GC_D\2024_AUG_GC_T3\GOPR4477.JPG,Giant Clam (Shallow Only)\2024_AUG_GC_D\2024_AUG_GC_T3\GOPR4477\Coral10.JPG,10,0.3487,Giant Clam,T3,3
Giant Clam (Shallow Only)\2024_JUL_GC_D\2024_JUL_GC-D_T3\GOPR3523.JPG,Giant Clam (Shallow Only)\2024_JUL_GC_D\2024_JUL_GC-D_T3\GOPR3523\Coral22.JPG,22,0.157,Giant Clam,T3,3
Giant Clam (Shallow Only)\2024_AUG_GC_D\2024_AUG_GC_T3\GOPR4475.JPG,Giant Clam (Shallow Only)\2024_AUG_GC_D\2024_AUG_GC_T3\GOPR4475\Coral5.JPG,5,0.335,Giant Clam,T3,3
Giant Clam (Shallow Only)\2024_JUL_GC_D\2024_JUL_GC-D_T3\GOPR3518.JPG,Giant Clam (Shallow Only)\2024_JUL_GC_D\2024_JUL_GC-D_T3\GOPR3518\Coral28.JPG,28,0.2722,Giant Clam,T3,3
Giant Clam (Shallow Only)\2024_AUG_GC_D\2024_AUG_GC_T3\GOPR4501.JPG,Giant Clam (Shallow Only)\2024_AUG_GC_D\2024_AUG_GC_T3\GOPR4501\Coral16.JPG,16,0.2183,Giant Clam,T3,3
Giant Clam (Shallow Only)\2024_AUG_GC_D\2024_AUG_GC_T3\GOPR4473.JPG,Giant Clam (Shallow Only)\2024_AUG_GC_D\2024_AUG_GC_T3\GOPR4473\Coral9.JPG,9,0.3124,Giant Clam,T3,3
Giant Clam (Shallow Only)\2024_AUG_GC_D\2024_AUG_GC_T3\GOPR4520.JPG,Giant Clam (Shallow Only)\2024_AUG_GC_D\2024_AUG_GC_T3\GOPR4520\Coral16.JPG,16,0.3225,Giant Clam,T3,3
Giant Clam (Shallow Only)\2024_AUG_GC_D\2024_AUG_GC_T3\GOPR4481.JPG,Giant Clam (Shallow Only)\2024_AUG_GC_D\2024_AUG_GC_T3\GOPR4481\Coral4.JPG,4,0.1812,Giant Clam,T3,3
Giant Clam (Shallow Only)\2024_JUL_GC_D\2024_JUL_GC-D_T3\GOPR3486.JPG,Giant Clam (Shallow Only)\2024_JUL_GC_D\2024_JUL_GC-D_T3\GOPR3486\Coral8.JPG,8,0.583,Giant Clam,T3,3
Giant Clam (Shallow Only)\2024_AUG_GC_D\2024_AUG_GC_T3\GOPR4494.JPG,Giant Clam (Shallow Only)\2024_AUG_GC_D\2024_AUG_GC_T3\GOPR4494\Coral13.JPG,13,0.1782,Giant Clam,T3,3
Giant Clam (Shallow Only)\2024_JUL_GC_D\2024_JUL_GC-D_T3\GOPR3495.JPG,Giant Clam (Shallow Only)\2024_JUL_GC_D\2024_JUL_GC-D_T3\GOPR3495\Coral13.JPG,13,0.232,Giant Clam,T3,3
Giant Clam (Shallow Only)\2024_JUL_GC_D\2024_JUL_GC-D_T3\GOPR3507.JPG,Giant Clam (Shallow Only)\2024_JUL_GC_D\2024_JUL_GC-D_T3\GOPR3507\Coral23.JPG,23,0.161,Giant Clam,T3,3
Giant Clam (Shallow Only)\2024_AUG_GC_D\2024_AUG_GC_T3\GOPR4516.JPG,Giant Clam (Shallow Only)\2024_AUG_GC_D\2024_AUG_GC_T3\GOPR4516\Coral13.JPG,13,0.3053,Giant Clam,T3,3
Giant Clam (Shallow Only)\2024_JUL_GC_D\2024_JUL_GC-D_T3\GOPR3524.JPG,Giant Clam (Shallow Only)\2024_JUL_GC_D\2024_JUL_GC-D_T3\GOPR3524\Coral22.JPG,22,0.1571,Giant Clam,T3,3
Giant Clam (Shallow Only)\2024_JUL_GC_D\2024_JUL_GC-D_T3\GOPR3527.JPG,Giant Clam (Shallow Only)\2024_JUL_GC_D\2024_JUL_GC-D_T3\GOPR3527\Coral11.JPG,11,0.3818,Giant Clam,T3,3
Giant Clam (Shallow Only)\2024_JUL_GC_D\2024_JUL_GC-D_T3\GOPR3525.JPG,Giant Clam (Shallow Only)\2024_JUL_GC_D\2024_JUL_GC-D_T3\GOPR3525\Coral32.JPG,32,0.1536,Giant Clam,T3,3
Giant Clam (Shallow Only)\2024_JUL_GC_D\2024_JUL_GC-D_T3\GOPR3510.JPG,Giant Clam (Shallow Only)\2024_JUL_GC_D\2024_JUL_GC-D_T3\GOPR3510\Coral2.JPG,2,0.7198,Giant Clam,T3,3
Giant Clam (Shallow Only)\2024_JUL_GC_D\2024_JUL_GC-D_T3\GOPR3517.JPG,Giant Clam (Shallow Only)\2024_JUL_GC_D\2024_JUL_GC-D_T3\GOPR3517\Coral20.JPG,20,0.2266,Giant Clam,T3,3
Giant Clam (Shallow Only)\2024_JUL_GC_D\2024_JUL_GC-D_T3\GOPR3518.JPG,Giant Clam (Shallow Only)\2024_JUL_GC_D\2024_JUL_GC-D_T3\GOPR3518\Coral2.JPG,2,0.7646,Giant Clam,T3,3
Giant Clam (Shallow Only)\2024_JUL_GC_D\2024_JUL_GC-D_T3\GOPR3513.JPG,Giant Clam (Shallow Only)\2024_JUL_GC_D\2024_JUL_GC-D_T3\GOPR3513\Coral35.JPG,35,0.2774,Giant Clam,T3,3
Giant Clam (Shallow Only)\2024_AUG_GC_D\2024_AUG_GC_T3\GOPR4474.JPG,Giant Clam (Shallow Only)\2024_AUG_GC_D\2024_AUG_GC_T3\GOPR4474\Coral4.JPG,4,0.4083,Giant Clam,T3,3
Giant Clam (Shallow Only)\2024_AUG_GC_D\2024_AUG_GC_T3\GOPR4479.JPG,Giant Clam (Shallow Only)\2024_AUG_GC_D\2024_AUG_GC_T3\GOPR4479\Coral10.JPG,10,0.5127,Giant Clam,T3,3
Giant Clam (Shallow Only)\2024_AUG_GC_D\2024_AUG_GC_T3\GOPR4473.JPG,Giant Clam (Shallow Only)\2024_AUG_GC_D\2024_AUG_GC_T3\GOPR4473\Coral15.JPG,15,0.2337,Giant Clam,T3,3
Giant Clam (Shallow Only)\2024_AUG_GC_D\2024_AUG_GC_T3\GOPR4510.JPG,Giant Clam (Shallow Only)\2024_AUG_GC_D\2024_AUG_GC_T3\GOPR4510\Coral4.JPG,4,0.4895,Giant Clam,T3,3
Giant Clam (Shallow Only)\2024_AUG_GC_D\2024_AUG_GC_T3\GOPR4513.JPG,Giant Clam (Shallow Only)\2024_AUG_GC_D\2024_AUG_GC_T3\GOPR4513\Coral9.JPG,9,0.1638,Giant Clam,T3,3
Giant Clam (Shallow Only)\2024_AUG_GC_D\2024_AUG_GC_T3\GOPR4513.JPG,Giant Clam (Shallow Only)\2024_AUG_GC_D\2024_AUG_GC_T3\GOPR4513\Coral1.JPG,1,0.7272,Giant Clam,T3,3
Giant Clam (Shallow Only)\2024_JUL_GC_D\2024_JUL_GC-D_T3\GOPR3489.JPG,Giant Clam (Shallow Only)\2024_JUL_GC_D\2024_JUL_GC-D_T3\GOPR3489\Coral11.JPG,11,0.2498,Giant Clam,T3,3
Giant Clam (Shallow Only)\2024_JUL_GC_D\2024_JUL_GC-D_T3\GOPR3535.JPG,Giant Clam (Shallow Only)\2024_JUL_GC_D\2024_JUL_GC-D_T3\GOPR3535\Coral5.JPG,5,0.447,Giant Clam,T3,3
Giant Clam (Shallow Only)\2024_JUL_GC_D\2024_JUL_GC-D_T3\GOPR3535.JPG,Giant Clam (Shallow Only)\2024_JUL_GC_D\2024_JUL_GC-D_T3\GOPR3535\Coral8.JPG,8,0.3408,Giant Clam,T3,3
Giant Clam (Shallow Only)\2024_JUL_GC_D\2024_JUL_GC-D_T3\GOPR3535.JPG,Giant Clam (Shallow Only)\2024_JUL_GC_D\2024_JUL_GC-D_T3\GOPR3535\Coral20.JPG,20,0.1529,Giant Clam,T3,3
Giant Clam (Shallow Only)\2024_JUL_GC_D\2024_JUL_GC-D_T3\GOPR3486.JPG,Giant Clam (Shallow Only)\2024_JUL_GC_D\2024_JUL_GC-D_T3\GOPR3486\Coral10.JPG,10,0.5441,Giant Clam,T3,3
Giant Clam (Shallow Only)\2024_JUL_GC_D\2024_JUL_GC-D_T3\GOPR3486.JPG,Giant Clam (Shallow Only)\2024_JUL_GC_D\2024_JUL_GC-D_T3\GOPR3486\Coral7.JPG,7,0.6222,Giant Clam,T3,3
Giant Clam (Shallow Only)\2024_JUL_GC_D\2024_JUL_GC-D_T3\GOPR3486.JPG,Giant Clam (Shallow Only)\2024_JUL_GC_D\2024_JUL_GC-D_T3\GOPR3486\Coral14.JPG,14,0.4967,Giant Clam,T3,3
Giant Clam (Shallow Only)\2024_JUL_GC_D\2024_JUL_GC-D_T3\GOPR3486.JPG,Giant Clam (Shallow Only)\2024_JUL_GC_D\2024_JUL_GC-D_T3\GOPR3486\Coral13.JPG,13,0.4972,Giant Clam,T3,3
Giant Clam (Shallow Only)\2024_JUL_GC_D\2024_JUL_GC-D_T3\GOPR3486.JPG,Giant Clam (Shallow Only)\2024_JUL_GC_D\2024_JUL_GC-D_T3\GOPR3486\Coral9.JPG,9,0.549,Giant Clam,T3,3
Giant Clam (Shallow Only)\2024_JUL_GC_D\2024_JUL_GC-D_T3\GOPR3486.JPG,Giant Clam (Shallow Only)\2024_JUL_GC_D\2024_JUL_GC-D_T3\GOPR3486\Coral27.JPG,27,0.3541,Giant Clam,T3,3
Giant Clam (Shallow Only)\2024_JUL_GC_D\2024_JUL_GC-D_T3\GOPR3486.JPG,Giant Clam (Shallow Only)\2024_JUL_GC_D\2024_JUL_GC-D_T3\GOPR3486\Coral39.JPG,39,0.2117,Giant Clam,T3,3
Giant Clam (Shallow Only)\2024_JUL_GC_D\2024_JUL_GC-D_T3\GOPR3486.JPG,Giant Clam (Shallow Only)\2024_JUL_GC_D\2024_JUL_GC-D_T3\GOPR3486\Coral5.JPG,5,0.6747,Giant Clam,T3,3
Giant Clam (Shallow Only)\2024_JUL_GC_D\2024_JUL_GC-D_T3\GOPR3486.JPG,Giant Clam (Shallow Only)\2024_JUL_GC_D\2024_JUL_GC-D_T3\GOPR3486\Coral38.JPG,38,0.2125,Giant Clam,T3,3
Giant Clam (Shallow Only)\2024_JUL_GC_D\2024_JUL_GC-D_T3\GOPR3486.JPG,Giant Clam (Shallow Only)\2024_JUL_GC_D\2024_JUL_GC-D_T3\GOPR3486\Coral23.JPG,23,0.3995,Giant Clam,T3,3
Giant Clam (Shallow Only)\2024_JUL_GC_D\2024_JUL_GC-D_T3\GOPR3486.JPG,Giant Clam (Shallow Only)\2024_JUL_GC_D\2024_JUL_GC-D_T3\GOPR3486\Coral22.JPG,22,0.4004,Giant Clam,T3,3
Giant Clam (Shallow Only)\2024_JUL_GC_D\2024_JUL_GC-D_T3\GOPR3486.JPG,Giant Clam (Shallow Only)\2024_JUL_GC_D\2024_JUL_GC-D_T3\GOPR3486\Coral11.JPG,11,0.5415,Giant Clam,T3,3
Giant Clam (Shallow Only)\2024_JUL_GC_D\2024_JUL_GC-D_T3\GOPR3486.JPG,Giant Clam (Shallow Only)\2024_JUL_GC_D\2024_JUL_GC-D_T3\GOPR3486\Coral32.JPG,32,0.2628,Giant Clam,T3,3
Giant Clam (Shallow Only)\2024_AUG_GC_D\2024_AUG_GC_T3\GOPR4522.JPG,Giant Clam (Shallow Only)\2024_AUG_GC_D\2024_AUG_GC_T3\GOPR4522\Coral11.JPG,11,0.5419,Giant Clam,T3,3
Giant Clam (Shallow Only)\2024_AUG_GC_D\2024_AUG_GC_T3\GOPR4522.JPG,Giant Clam (Shallow Only)\2024_AUG_GC_D\2024_AUG_GC_T3\GOPR4522\Coral5.JPG,5,0.6593,Giant Clam,T3,3
Giant Clam (Shallow Only)\2024_AUG_GC_D\2024_AUG_GC_T3\GOPR4522.JPG,Giant Clam (Shallow Only)\2024_AUG_GC_D\2024_AUG_GC_T3\GOPR4522\Coral16.JPG,16,0.4432,Giant Clam,T3,3
Giant Clam (Shallow Only)\2024_AUG_GC_D\2024_AUG_GC_T3\GOPR4522.JPG,Giant Clam (Shallow Only)\2024_AUG_GC_D\2024_AUG_GC_T3\GOPR4522\Coral9.JPG,9,0.5519,Giant Clam,T3,3
Giant Clam (Shallow Only)\2024_JUL_GC_D\2024_JUL_GC-D_T3\GOPR3491.JPG,Giant Clam (Shallow Only)\2024_JUL_GC_D\2024_JUL_GC-D_T3\GOPR3491\Coral11.JPG,11,0.323,Giant Clam,T3,3
Giant Clam (Shallow Only)\2024_JUL_GC_D\2024_JUL_GC-D_T3\GOPR3491.JPG,Giant Clam (Shallow Only)\2024_JUL_GC_D\2024_JUL_GC-D_T3\GOPR3491\Coral4.JPG,4,0.6013,Giant Clam,T3,3
Giant Clam (Shallow Only)\2024_JUL_GC_D\2024_JUL_GC-D_T3\GOPR3491.JPG,Giant Clam (Shallow Only)\2024_JUL_GC_D\2024_JUL_GC-D_T3\GOPR3491\Coral3.JPG,3,0.6869,Giant Clam,T3,3
Giant Clam (Shallow Only)\2024_JUL_GC_D\2024_JUL_GC-D_T3\GOPR3491.JPG,Giant Clam (Shallow Only)\2024_JUL_GC_D\2024_JUL_GC-D_T3\GOPR3491\Coral17.JPG,17,0.2559,Giant Clam,T3,3
Giant Clam (Shallow Only)\2024_JUL_GC_D\2024_JUL_GC-D_T3\GOPR3491.JPG,Giant Clam (Shallow Only)\2024_JUL_GC_D\2024_JUL_GC-D_T3\GOPR3491\Coral5.JPG,5,0.4905,Giant Clam,T3,3
Giant Clam (Shallow Only)\2024_JUL_GC_D\2024_JUL_GC-D_T3\GOPR3491.JPG,Giant Clam (Shallow Only)\2024_JUL_GC_D\2024_JUL_GC-D_T3\GOPR3491\Coral19.JPG,19,0.2168,Giant Clam,T3,3
Giant Clam (Shallow Only)\2024_JUL_GC_D\2024_JUL_GC-D_T3\GOPR3487.JPG,Giant Clam (Shallow Only)\2024_JUL_GC_D\2024_JUL_GC-D_T3\GOPR3487\Coral7.JPG,7,0.5372,Giant Clam,T3,3
Giant Clam (Shallow Only)\2024_JUL_GC_D\2024_JUL_GC-D_T3\GOPR3487.JPG,Giant Clam (Shallow Only)\2024_JUL_GC_D\2024_JUL_GC-D_T3\GOPR3487\Coral9.JPG,9,0.5176,Giant Clam,T3,3
Giant Clam (Shallow Only)\2024_JUL_GC_D\2024_JUL_GC-D_T3\GOPR3487.JPG,Giant Clam (Shallow Only)\2024_JUL_GC_D\2024_JUL_GC-D_T3\GOPR3487\Coral12.JPG,12,0.4814,Giant Clam,T3,3
Giant Clam (Shallow Only)\2024_JUL_GC_D\2024_JUL_GC-D_T3\GOPR3487.JPG,Giant Clam (Shallow Only)\2024_JUL_GC_D\2024_JUL_GC-D_T3\GOPR3487\Coral32.JPG,32,0.22,Giant Clam,T3,3
Giant Clam (Shallow Only)\2024_JUL_GC_D\2024_JUL_GC-D_T3\GOPR3487.JPG,Giant Clam (Shallow Only)\2024_JUL_GC_D\2024_JUL_GC-D_T3\GOPR3487\Coral39.JPG,39,0.1676,Giant Clam,T3,3
Giant Clam (Shallow Only)\2024_JUL_GC_D\2024_JUL_GC-D_T3\GOPR3487.JPG,Giant Clam (Shallow Only)\2024_JUL_GC_D\2024_JUL_GC-D_T3\GOPR3487\Coral17.JPG,17,0.4311,Giant Clam,T3,3
Giant Clam (Shallow Only)\2024_JUL_GC_D\2024_JUL_GC-D_T3\GOPR3487.JPG,Giant Clam (Shallow Only)\2024_JUL_GC_D\2024_JUL_GC-D_T3\GOPR3487\Coral41.JPG,41,0.1578,Giant Clam,T3,3
Giant Clam (Shallow Only)\2024_JUL_GC_D\2024_JUL_GC-D_T3\GOPR3487.JPG,Giant Clam (Shallow Only)\2024_JUL_GC_D\2024_JUL_GC-D_T3\GOPR3487\Coral30.JPG,30,0.2639,Giant Clam,T3,3
Giant Clam (Shallow Only)\2024_JUL_GC_D\2024_JUL_GC-D_T3\GOPR3487.JPG,Giant Clam (Shallow Only)\2024_JUL_GC_D\2024_JUL_GC-D_T3\GOPR3487\Coral27.JPG,27,0.2773,Giant Clam,T3,3
Giant Clam (Shallow Only)\2024_JUL_GC_D\2024_JUL_GC-D_T3\GOPR3487.JPG,Giant Clam (Shallow Only)\2024_JUL_GC_D\2024_JUL_GC-D_T3\GOPR3487\Coral5.JPG,5,0.5724,Giant Clam,T3,3
Giant Clam (Shallow Only)\2024_AUG_GC_D\2024_AUG_GC_T3\GOPR4497.JPG,Giant Clam (Shallow Only)\2024_AUG_GC_D\2024_AUG_GC_T3\GOPR4497\Coral2.JPG,2,0.564,Giant Clam,T3,3
Giant Clam (Shallow Only)\2024_JUL_GC_D\2024_JUL_GC-D_T3\GOPR3499.JPG,Giant Clam (Shallow Only)\2024_JUL_GC_D\2024_JUL_GC-D_T3\GOPR3499\Coral18.JPG,18,0.1793,Giant Clam,T3,3
Giant Clam (Shallow Only)\2024_JUL_GC_D\2024_JUL_GC-D_T3\GOPR3499.JPG,Giant Clam (Shallow Only)\2024_JUL_GC_D\2024_JUL_GC-D_T3\GOPR3499\Coral19.JPG,19,0.1663,Giant Clam,T3,3
Giant Clam (Shallow Only)\2024_JUL_GC_D\2024_JUL_GC-D_T3\GOPR3499.JPG,Giant Clam (Shallow Only)\2024_JUL_GC_D\2024_JUL_GC-D_T3\GOPR3499\Coral15.JPG,15,0.2271,Giant Clam,T3,3
Giant Clam (Shallow Only)\2024_JUL_GC_D\2024_JUL_GC-D_T3\GOPR3499.JPG,Giant Clam (Shallow Only)\2024_JUL_GC_D\2024_JUL_GC-D_T3\GOPR3499\Coral6.JPG,6,0.4481,Giant Clam,T3,3
Giant Clam (Shallow Only)\2024_JUL_GC_D\2024_JUL_GC-D_T3\GOPR3498.JPG,Giant Clam (Shallow Only)\2024_JUL_GC_D\2024_JUL_GC-D_T3\GOPR3498\Coral18.JPG,18,0.19,Giant Clam,T3,3
Giant Clam (Shallow Only)\2024_JUL_GC_D\2024_JUL_GC-D_T3\GOPR3498.JPG,Giant Clam (Shallow Only)\2024_JUL_GC_D\2024_JUL_GC-D_T3\GOPR3498\Coral12.JPG,12,0.2871,Giant Clam,T3,3
Giant Clam (Shallow Only)\2024_JUL_GC_D\2024_JUL_GC-D_T3\GOPR3498.JPG,Giant Clam (Shallow Only)\2024_JUL_GC_D\2024_JUL_GC-D_T3\GOPR3498\Coral3.JPG,3,0.5461,Giant Clam,T3,3
Giant Clam (Shallow Only)\2024_JUL_GC_D\2024_JUL_GC-D_T3\GOPR3498.JPG,Giant Clam (Shallow Only)\2024_JUL_GC_D\2024_JUL_GC-D_T3\GOPR3498\Coral21.JPG,21,0.157,Giant Clam,T3,3
Giant Clam (Shallow Only)\2024_AUG_GC_D\2024_AUG_GC_T3\GOPR4494.JPG,Giant Clam (Shallow Only)\2024_AUG_GC_D\2024_AUG_GC_T3\GOPR4494\Coral3.JPG,3,0.3834,Giant Clam,T3,3
Giant Clam (Shallow Only)\2024_AUG_GC_D\2024_AUG_GC_T3\GOPR4494.JPG,Giant Clam (Shallow Only)\2024_AUG_GC_D\2024_AUG_GC_T3\GOPR4494\Coral1.JPG,1,0.6735,Giant Clam,T3,3
Giant Clam (Shallow Only)\2024_AUG_GC_D\2024_AUG_GC_T3\GOPR4485.JPG,Giant Clam (Shallow Only)\2024_AUG_GC_D\2024_AUG_GC_T3\GOPR4485\Coral38.JPG,38,0.1593,Giant Clam,T3,3
Giant Clam (Shallow Only)\2024_AUG_GC_D\2024_AUG_GC_T3\GOPR4485.JPG,Giant Clam (Shallow Only)\2024_AUG_GC_D\2024_AUG_GC_T3\GOPR4485\Coral25.JPG,25,0.2416,Giant Clam,T3,3
Giant Clam (Shallow Only)\2024_AUG_GC_D\2024_AUG_GC_T3\GOPR4485.JPG,Giant Clam (Shallow Only)\2024_AUG_GC_D\2024_AUG_GC_T3\GOPR4485\Coral9.JPG,9,0.4656,Giant Clam,T3,3
Giant Clam (Shallow Only)\2024_AUG_GC_D\2024_AUG_GC_T3\GOPR4485.JPG,Giant Clam (Shallow Only)\2024_AUG_GC_D\2024_AUG_GC_T3\GOPR4485\Coral11.JPG,11,0.434,Giant Clam,T3,3
Giant Clam (Shallow Only)\2024_AUG_GC_D\2024_AUG_GC_T3\GOPR4485.JPG,Giant Clam (Shallow Only)\2024_AUG_GC_D\2024_AUG_GC_T3\GOPR4485\Coral2.JPG,2,0.7435,Giant Clam,T3,3
Giant Clam (Shallow Only)\2024_AUG_GC_D\2024_AUG_GC_T3\GOPR4485.JPG,Giant Clam (Shallow Only)\2024_AUG_GC_D\2024_AUG_GC_T3\GOPR4485\Coral3.JPG,3,0.7175,Giant Clam,T3,3
Harka Piloto\2024_HP_JUL_S\HP_S_T1\GOPR3898.JPG,Harka Piloto\2024_HP_JUL_S\HP_S_T1\GOPR3898\Coral25.JPG,25,0.163,Harka Piloto S,T1,3
Harka Piloto\2024_HP_JUL_S\HP_S_T1\GOPR3850.JPG,Harka Piloto\2024_HP_JUL_S\HP_S_T1\GOPR3850\Coral25.JPG,25,0.3279,Harka Piloto S,T1,3
Harka Piloto\2024_HP_JUL_S\HP_S_T1\GOPR3865.JPG,Harka Piloto\2024_HP_JUL_S\HP_S_T1\GOPR3865\Coral10.JPG,10,0.2764,Harka Piloto S,T1,3
Harka Piloto\2024_AUG_HPFS_S\2024_AUG_HPFS_S_T1\GOPR5517.JPG,Harka Piloto\2024_AUG_HPFS_S\2024_AUG_HPFS_S_T1\GOPR5517\Coral5.JPG,5,0.5006,Harka Piloto S,T1,3
Harka Piloto\2024_AUG_HPFS_S\2024_AUG_HPFS_S_T1\GOPR5486.JPG,Harka Piloto\2024_AUG_HPFS_S\2024_AUG_HPFS_S_T1\GOPR5486\Coral14.JPG,14,0.252,Harka Piloto S,T1,3
Harka Piloto\2024_AUG_HPFS_S\2024_AUG_HPFS_S_T1\GOPR5474.JPG,Harka Piloto\2024_AUG_HPFS_S\2024_AUG_HPFS_S_T1\GOPR5474\Coral23.JPG,23,0.2006,Harka Piloto S,T1,3
Harka Piloto\2024_HP_JUL_S\HP_S_T1\GOPR3868.JPG,Harka Piloto\2024_HP_JUL_S\HP_S_T1\GOPR3868\Coral24.JPG,24,0.2339,Harka Piloto S,T1,3
Harka Piloto\2024_AUG_HPFS_S\2024_AUG_HPFS_S_T1\GOPR5497.JPG,Harka Piloto\2024_AUG_HPFS_S\2024_AUG_HPFS_S_T1\GOPR5497\Coral6.JPG,6,0.2843,Harka Piloto S,T1,3
Harka Piloto\2024_HP_JUL_S\HP_S_T1\GOPR3875.JPG,Harka Piloto\2024_HP_JUL_S\HP_S_T1\GOPR3875\Coral13.JPG,13,0.3452,Harka Piloto S,T1,3
Harka Piloto\2024_HP_JUL_S\HP_S_T1\GOPR3860.JPG,Harka Piloto\2024_HP_JUL_S\HP_S_T1\GOPR3860\Coral20.JPG,20,0.3668,Harka Piloto S,T1,3
Harka Piloto\2024_AUG_HPFS_S\2024_AUG_HPFS_S_T1\GOPR5511.JPG,Harka Piloto\2024_AUG_HPFS_S\2024_AUG_HPFS_S_T1\GOPR5511\Coral14.JPG,14,0.2947,Harka Piloto S,T1,3
Harka Piloto\2024_AUG_HPFS_S\2024_AUG_HPFS_S_T1\GOPR5473.JPG,Harka Piloto\2024_AUG_HPFS_S\2024_AUG_HPFS_S_T1\GOPR5473\Coral24.JPG,24,0.18,Harka Piloto S,T1,3
Harka Piloto\2024_HP_JUL_S\HP_S_T1\GOPR3884.JPG,Harka Piloto\2024_HP_JUL_S\HP_S_T1\GOPR3884\Coral17.JPG,17,0.2669,Harka Piloto S,T1,3
Harka Piloto\2024_AUG_HPFS_S\2024_AUG_HPFS_S_T1\GOPR5516.JPG,Harka Piloto\2024_AUG_HPFS_S\2024_AUG_HPFS_S_T1\GOPR5516\Coral27.JPG,27,0.1591,Harka Piloto S,T1,3
Harka Piloto\2024_HP_JUL_S\HP_S_T1\GOPR3878.JPG,Harka Piloto\2024_HP_JUL_S\HP_S_T1\GOPR3878\Coral20.JPG,20,0.1708,Harka Piloto S,T1,3
Harka Piloto\2024_AUG_HPFS_S\2024_AUG_HPFS_S_T1\GOPR5502.JPG,Harka Piloto\2024_AUG_HPFS_S\2024_AUG_HPFS_S_T1\GOPR5502\Coral11.JPG,11,0.2846,Harka Piloto S,T1,3
Harka Piloto\2024_AUG_HPFS_S\2024_AUG_HPFS_S_T1\GOPR5480.JPG,Harka Piloto\2024_AUG_HPFS_S\2024_AUG_HPFS_S_T1\GOPR5480\Coral10.JPG,10,0.317,Harka Piloto S,T1,3
Harka Piloto\2024_HP_JUL_S\HP_S_T1\GOPR3856.JPG,Harka Piloto\2024_HP_JUL_S\HP_S_T1\GOPR3856\Coral56.JPG,56,0.1528,Harka Piloto S,T1,3
Harka Piloto\2024_AUG_HPFS_S\2024_AUG_HPFS_S_T1\GOPR5523.JPG,Harka Piloto\2024_AUG_HPFS_S\2024_AUG_HPFS_S_T1\GOPR5523\Coral25.JPG,25,0.2628,Harka Piloto S,T1,3
Harka Piloto\2024_AUG_HPFS_S\2024_AUG_HPFS_S_T1\GOPR5492.JPG,Harka Piloto\2024_AUG_HPFS_S\2024_AUG_HPFS_S_T1\GOPR5492\Coral9.JPG,9,0.2814,Harka Piloto S,T1,3
Harka Piloto\2024_AUG_HPFS_S\2024_AUG_HPFS_S_T1\GOPR5505.JPG,Harka Piloto\2024_AUG_HPFS_S\2024_AUG_HPFS_S_T1\GOPR5505\Coral20.JPG,20,0.1607,Harka Piloto S,T1,3
Harka Piloto\2024_HP_JUL_S\HP_S_T1\GOPR3877.JPG,Harka Piloto\2024_HP_JUL_S\HP_S_T1\GOPR3877\Coral4.JPG,4,0.5635,Harka Piloto S,T1,3
Harka Piloto\2024_HP_JUL_S\HP_S_T1\GOPR3866.JPG,Harka Piloto\2024_HP_JUL_S\HP_S_T1\GOPR3866\Coral21.JPG,21,0.2149,Harka Piloto S,T1,3
Harka Piloto\2024_HP_JUL_S\HP_S_T1\GOPR3876.JPG,Harka Piloto\2024_HP_JUL_S\HP_S_T1\GOPR3876\Coral24.JPG,24,0.2463,Harka Piloto S,T1,3
Harka Piloto\2024_AUG_HPFS_S\2024_AUG_HPFS_S_T1\GOPR5506.JPG,Harka Piloto\2024_AUG_HPFS_S\2024_AUG_HPFS_S_T1\GOPR5506\Coral19.JPG,19,0.1542,Harka Piloto S,T1,3
Harka Piloto\2024_AUG_HPFS_S\2024_AUG_HPFS_S_T1\GOPR5482.JPG,Harka Piloto\2024_AUG_HPFS_S\2024_AUG_HPFS_S_T1\GOPR5482\Coral6.JPG,6,0.3668,Harka Piloto S,T1,3
Harka Piloto\2024_AUG_HPFS_S\2024_AUG_HPFS_S_T1\GOPR5497.JPG,Harka Piloto\2024_AUG_HPFS_S\2024_AUG_HPFS_S_T1\GOPR5497\Coral11.JPG,11,0.2073,Harka Piloto S,T1,3
Harka Piloto\2024_HP_JUL_S\HP_S_T1\GOPR3875.JPG,Harka Piloto\2024_HP_JUL_S\HP_S_T1\GOPR3875\Coral2.JPG,2,0.7837,Harka Piloto S,T1,3
Harka Piloto\2024_AUG_HPFS_S\2024_AUG_HPFS_S_T1\GOPR5495.JPG,Harka Piloto\2024_AUG_HPFS_S\2024_AUG_HPFS_S_T1\GOPR5495\Coral12.JPG,12,0.2731,Harka Piloto S,T1,3
Harka Piloto\2024_AUG_HPFS_S\2024_AUG_HPFS_S_T1\GOPR5508.JPG,Harka Piloto\2024_AUG_HPFS_S\2024_AUG_HPFS_S_T1\GOPR5508\Coral5.JPG,5,0.2476,Harka Piloto S,T1,3
Harka Piloto\2024_AUG_HPFS_S\2024_AUG_HPFS_S_T1\GOPR5511.JPG,Harka Piloto\2024_AUG_HPFS_S\2024_AUG_HPFS_S_T1\GOPR5511\Coral15.JPG,15,0.2734,Harka Piloto S,T1,3
Harka Piloto\2024_HP_JUL_S\HP_S_T1\GOPR3869.JPG,Harka Piloto\2024_HP_JUL_S\HP_S_T1\GOPR3869\Coral19.JPG,19,0.2328,Harka Piloto S,T1,3
Harka Piloto\2024_AUG_HPFS_S\2024_AUG_HPFS_S_T1\GOPR5488.JPG,Harka Piloto\2024_AUG_HPFS_S\2024_AUG_HPFS_S_T1\GOPR5488\Coral15.JPG,15,0.1591,Harka Piloto S,T1,3
Harka Piloto\2024_HP_JUL_S\HP_S_T1\GOPR3874.JPG,Harka Piloto\2024_HP_JUL_S\HP_S_T1\GOPR3874\Coral1.JPG,1,0.8498,Harka Piloto S,T1,3
Harka Piloto\2024_HP_JUL_S\HP_S_T1\GOPR3855.JPG,Harka Piloto\2024_HP_JUL_S\HP_S_T1\GOPR3855\Coral27.JPG,27,0.2799,Harka Piloto S,T1,3
Harka Piloto\2024_AUG_HPFS_S\2024_AUG_HPFS_S_T1\GOPR5502.JPG,Harka Piloto\2024_AUG_HPFS_S\2024_AUG_HPFS_S_T1\GOPR5502\Coral8.JPG,8,0.4183,Harka Piloto S,T1,3
Harka Piloto\2024_HP_JUL_S\HP_S_T1\GOPR3894.JPG,Harka Piloto\2024_HP_JUL_S\HP_S_T1\GOPR3894\Coral26.JPG,26,0.2869,Harka Piloto S,T1,3
Harka Piloto\2024_HP_JUL_S\HP_S_T1\GOPR3867.JPG,Harka Piloto\2024_HP_JUL_S\HP_S_T1\GOPR3867\Coral32.JPG,32,0.1834,Harka Piloto S,T1,3
Harka Piloto\2024_AUG_HPFS_S\2024_AUG_HPFS_S_T1\GOPR5481.JPG,Harka Piloto\2024_AUG_HPFS_S\2024_AUG_HPFS_S_T1\GOPR5481\Coral3.JPG,3,0.4387,Harka Piloto S,T1,3
Harka Piloto\2024_HP_JUL_S\HP_S_T1\GOPR3890.JPG,Harka Piloto\2024_HP_JUL_S\HP_S_T1\GOPR3890\Coral1.JPG,1,0.7428,Harka Piloto S,T1,3
Harka Piloto\2024_AUG_HPFS_S\2024_AUG_HPFS_S_T1\GOPR5519.JPG,Harka Piloto\2024_AUG_HPFS_S\2024_AUG_HPFS_S_T1\GOPR5519\Coral2.JPG,2,0.5199,Harka Piloto S,T1,3
Harka Piloto\2024_HP_JUL_S\HP_S_T1\GOPR3865.JPG,Harka Piloto\2024_HP_JUL_S\HP_S_T1\GOPR3865\Coral4.JPG,4,0.6484,Harka Piloto S,T1,3
Harka Piloto\2024_HP_JUL_S\HP_S_T1\GOPR3895.JPG,Harka Piloto\2024_HP_JUL_S\HP_S_T1\GOPR3895\Coral23.JPG,23,0.2428,Harka Piloto S,T1,3
Harka Piloto\2024_AUG_HPFS_S\2024_AUG_HPFS_S_T1\GOPR5513.JPG,Harka Piloto\2024_AUG_HPFS_S\2024_AUG_HPFS_S_T1\GOPR5513\Coral20.JPG,20,0.1832,Harka Piloto S,T1,3
Harka Piloto\2024_AUG_HPFS_S\2024_AUG_HPFS_S_T1\GOPR5500 - Copy.JPG,Harka Piloto\2024_AUG_HPFS_S\2024_AUG_HPFS_S_T1\GOPR5500 - Copy\Coral22.JPG,22,0.1842,Harka Piloto S,T1,3
Harka Piloto\2024_HP_JUL_S\HP_S_T1\GOPR3888.JPG,Harka Piloto\2024_HP_JUL_S\HP_S_T1\GOPR3888\Coral17.JPG,17,0.2059,Harka Piloto S,T1,3
Harka Piloto\2024_AUG_HPFS_S\2024_AUG_HPFS_S_T1\GOPR5474.JPG,Harka Piloto\2024_AUG_HPFS_S\2024_AUG_HPFS_S_T1\GOPR5474\Coral7.JPG,7,0.3742,Harka Piloto S,T1,3
Harka Piloto\2024_HP_JUL_S\HP_S_T1\GOPR3868.JPG,Harka Piloto\2024_HP_JUL_S\HP_S_T1\GOPR3868\Coral36.JPG,36,0.1526,Harka Piloto S,T1,3
Harka Piloto\2024_HP_JUL_S\HP_S_T1\GOPR3861.JPG,Harka Piloto\2024_HP_JUL_S\HP_S_T1\GOPR3861\Coral10.JPG,10,0.4697,Harka Piloto S,T1,3
Harka Piloto\2024_AUG_HPFS_S\2024_AUG_HPFS_S_T1\GOPR5488.JPG,Harka Piloto\2024_AUG_HPFS_S\2024_AUG_HPFS_S_T1\GOPR5488\Coral4.JPG,4,0.5406,Harka Piloto S,T1,3
Harka Piloto\2024_HP_JUL_S\HP_S_T1\GOPR3863.JPG,Harka Piloto\2024_HP_JUL_S\HP_S_T1\GOPR3863\Coral4.JPG,4,0.5999,Harka Piloto S,T1,3
Harka Piloto\2024_AUG_HPFS_S\2024_AUG_HPFS_S_T1\GOPR5510.JPG,Harka Piloto\2024_AUG_HPFS_S\2024_AUG_HPFS_S_T1\GOPR5510\Coral4.JPG,4,0.5928,Harka Piloto S,T1,3
Harka Piloto\2024_HP_JUL_S\HP_S_T1\GOPR3886.JPG,Harka Piloto\2024_HP_JUL_S\HP_S_T1\GOPR3886\Coral12.JPG,12,0.2541,Harka Piloto S,T1,3
Harka Piloto\2024_AUG_HPFS_S\2024_AUG_HPFS_S_T1\GOPR5490.JPG,Harka Piloto\2024_AUG_HPFS_S\2024_AUG_HPFS_S_T1\GOPR5490\Coral11.JPG,11,0.2652,Harka Piloto S,T1,3
Harka Piloto\2024_HP_JUL_S\HP_S_T1\GOPR3854.JPG,Harka Piloto\2024_HP_JUL_S\HP_S_T1\GOPR3854\Coral53.JPG,53,0.1585,Harka Piloto S,T1,3
Harka Piloto\2024_HP_JUL_S\HP_S_T1\GOPR3856.JPG,Harka Piloto\2024_HP_JUL_S\HP_S_T1\GOPR3856\Coral34.JPG,34,0.3058,Harka Piloto S,T1,3
Harka Piloto\2024_AUG_HPFS_S\2024_AUG_HPFS_S_T1\GOPR5520.JPG,Harka Piloto\2024_AUG_HPFS_S\2024_AUG_HPFS_S_T1\GOPR5520\Coral1.JPG,1,0.7563,Harka Piloto S,T1,3
Harka Piloto\2024_HP_JUL_S\HP_S_T1\GOPR3892.JPG,Harka Piloto\2024_HP_JUL_S\HP_S_T1\GOPR3892\Coral3.JPG,3,0.7181,Harka Piloto S,T1,3
Harka Piloto\2024_AUG_HPFS_S\2024_AUG_HPFS_S_T1\GOPR5519.JPG,Harka Piloto\2024_AUG_HPFS_S\2024_AUG_HPFS_S_T1\GOPR5519\Coral1.JPG,1,0.6976,Harka Piloto S,T1,3
Harka Piloto\2024_AUG_HPFS_S\2024_AUG_HPFS_S_T1\GOPR5519.JPG,Harka Piloto\2024_AUG_HPFS_S\2024_AUG_HPFS_S_T1\GOPR5519\Coral24.JPG,24,0.1575,Harka Piloto S,T1,3
Harka Piloto\2024_AUG_HPFS_S\2024_AUG_HPFS_S_T1\GOPR5519.JPG,Harka Piloto\2024_AUG_HPFS_S\2024_AUG_HPFS_S_T1\GOPR5519\Coral25.JPG,25,0.1573,Harka Piloto S,T1,3
Harka Piloto\2024_AUG_HPFS_S\2024_AUG_HPFS_S_T1\GOPR5519.JPG,Harka Piloto\2024_AUG_HPFS_S\2024_AUG_HPFS_S_T1\GOPR5519\Coral4.JPG,4,0.3983,Harka Piloto S,T1,3
Harka Piloto\2024_AUG_HPFS_S\2024_AUG_HPFS_S_T1\GOPR5519.JPG,Harka Piloto\2024_AUG_HPFS_S\2024_AUG_HPFS_S_T1\GOPR5519\Coral17.JPG,17,0.233,Harka Piloto S,T1,3
Harka Piloto\2024_AUG_HPFS_S\2024_AUG_HPFS_S_T1\GOPR5519.JPG,Harka Piloto\2024_AUG_HPFS_S\2024_AUG_HPFS_S_T1\GOPR5519\Coral16.JPG,16,0.2338,Harka Piloto S,T1,3
Harka Piloto\2024_HP_JUL_S\HP_S_T1\GOPR3898.JPG,Harka Piloto\2024_HP_JUL_S\HP_S_T1\GOPR3898\Coral15.JPG,15,0.2847,Harka Piloto S,T1,3
Harka Piloto\2024_HP_JUL_S\HP_S_T1\GOPR3898.JPG,Harka Piloto\2024_HP_JUL_S\HP_S_T1\GOPR3898\Coral18.JPG,18,0.2223,Harka Piloto S,T1,3
Harka Piloto\2024_AUG_HPFS_S\2024_AUG_HPFS_S_T1\GOPR5505.JPG,Harka Piloto\2024_AUG_HPFS_S\2024_AUG_HPFS_S_T1\GOPR5505\Coral11.JPG,11,0.2003,Harka Piloto S,T1,3
Harka Piloto\2024_AUG_HPFS_S\2024_AUG_HPFS_S_T1\GOPR5505.JPG,Harka Piloto\2024_AUG_HPFS_S\2024_AUG_HPFS_S_T1\GOPR5505\Coral3.JPG,3,0.5236,Harka Piloto S,T1,3
Harka Piloto\2024_AUG_HPFS_S\2024_AUG_HPFS_S_T1\GOPR5505.JPG,Harka Piloto\2024_AUG_HPFS_S\2024_AUG_HPFS_S_T1\GOPR5505\Coral9.JPG,9,0.2111,Harka Piloto S,T1,3
Harka Piloto\2024_AUG_HPFS_S\2024_AUG_HPFS_S_T1\GOPR5505.JPG,Harka Piloto\2024_AUG_HPFS_S\2024_AUG_HPFS_S_T1\GOPR5505\Coral19.JPG,19,0.1623,Harka Piloto S,T1,3
Harka Piloto\2024_AUG_HPFS_S\2024_AUG_HPFS_S_T1\GOPR5505.JPG,Harka Piloto\2024_AUG_HPFS_S\2024_AUG_HPFS_S_T1\GOPR5505\Coral13.JPG,13,0.1902,Harka Piloto S,T1,3
Harka Piloto\2024_AUG_HPFS_S\2024_AUG_HPFS_S_T1\GOPR5499.JPG,Harka Piloto\2024_AUG_HPFS_S\2024_AUG_HPFS_S_T1\GOPR5499\Coral7.JPG,7,0.3016,Harka Piloto S,T1,3
Harka Piloto\2024_AUG_HPFS_S\2024_AUG_HPFS_S_T1\GOPR5499.JPG,Harka Piloto\2024_AUG_HPFS_S\2024_AUG_HPFS_S_T1\GOPR5499\Coral3.JPG,3,0.464,Harka Piloto S,T1,3
Harka Piloto\2024_AUG_HPFS_S\2024_AUG_HPFS_S_T1\GOPR5499.JPG,Harka Piloto\2024_AUG_HPFS_S\2024_AUG_HPFS_S_T1\GOPR5499\Coral14.JPG,14,0.2081,Harka Piloto S,T1,3
Harka Piloto\2024_AUG_HPFS_S\2024_AUG_HPFS_S_T1\GOPR5499.JPG,Harka Piloto\2024_AUG_HPFS_S\2024_AUG_HPFS_S_T1\GOPR5499\Coral11.JPG,11,0.2581,Harka Piloto S,T1,3
Harka Piloto\2024_AUG_HPFS_S\2024_AUG_HPFS_S_T1\GOPR5499.JPG,Harka Piloto\2024_AUG_HPFS_S\2024_AUG_HPFS_S_T1\GOPR5499\Coral17.JPG,17,0.1744,Harka Piloto S,T1,3
Harka Piloto\2024_AUG_HPFS_S\2024_AUG_HPFS_S_T1\GOPR5499.JPG,Harka Piloto\2024_AUG_HPFS_S\2024_AUG_HPFS_S_T1\GOPR5499\Coral18.JPG,18,0.1678,Harka Piloto S,T1,3
Harka Piloto\2024_HP_JUL_S\HP_S_T1\GOPR3850.JPG,Harka Piloto\2024_HP_JUL_S\HP_S_T1\GOPR3850\Coral34.JPG,34,0.2444,Harka Piloto S,T1,3
Harka Piloto\2024_HP_JUL_S\HP_S_T1\GOPR3850.JPG,Harka Piloto\2024_HP_JUL_S\HP_S_T1\GOPR3850\Coral37.JPG,37,0.1989,Harka Piloto S,T1,3
Harka Piloto\2024_HP_JUL_S\HP_S_T1\GOPR3850.JPG,Harka Piloto\2024_HP_JUL_S\HP_S_T1\GOPR3850\Coral4.JPG,4,0.6672,Harka Piloto S,T1,3
Harka Piloto\2024_HP_JUL_S\HP_S_T1\GOPR3850.JPG,Harka Piloto\2024_HP_JUL_S\HP_S_T1\GOPR3850\Coral22.JPG,22,0.3457,Harka Piloto S,T1,3
Harka Piloto\2024_HP_JUL_S\HP_S_T1\GOPR3850.JPG,Harka Piloto\2024_HP_JUL_S\HP_S_T1\GOPR3850\Coral10.JPG,10,0.4654,Harka Piloto S,T1,3
Harka Piloto\2024_HP_JUL_S\HP_S_T1\GOPR3850.JPG,Harka Piloto\2024_HP_JUL_S\HP_S_T1\GOPR3850\Coral15.JPG,15,0.4201,Harka Piloto S,T1,3
Harka Piloto\2024_HP_JUL_S\HP_S_T1\GOPR3850.JPG,Harka Piloto\2024_HP_JUL_S\HP_S_T1\GOPR3850\Coral13.JPG,13,0.4345,Harka Piloto S,T1,3
Harka Piloto\2024_HP_JUL_S\HP_S_T1\GOPR3850.JPG,Harka Piloto\2024_HP_JUL_S\HP_S_T1\GOPR3850\Coral30.JPG,30,0.2713,Harka Piloto S,T1,3
Harka Piloto\2024_HP_JUL_S\HP_S_T1\GOPR3850.JPG,Harka Piloto\2024_HP_JUL_S\HP_S_T1\GOPR3850\Coral38.JPG,38,0.189,Harka Piloto S,T1,3
Harka Piloto\2024_HP_JUL_S\HP_S_T1\GOPR3850.JPG,Harka Piloto\2024_HP_JUL_S\HP_S_T1\GOPR3850\Coral43.JPG,43,0.164,Harka Piloto S,T1,3
Harka Piloto\2024_HP_JUL_S\HP_S_T1\GOPR3889.JPG,Harka Piloto\2024_HP_JUL_S\HP_S_T1\GOPR3889\Coral5.JPG,5,0.1537,Harka Piloto S,T1,3
Harka Piloto\2024_HP_JUL_S\HP_S_T1\GOPR3871.JPG,Harka Piloto\2024_HP_JUL_S\HP_S_T1\GOPR3871\Coral30.JPG,30,0.1819,Harka Piloto S,T1,3
Harka Piloto\2024_HP_JUL_S\HP_S_T1\GOPR3871.JPG,Harka Piloto\2024_HP_JUL_S\HP_S_T1\GOPR3871\Coral12.JPG,12,0.4157,Harka Piloto S,T1,3
Harka Piloto\2024_HP_JUL_S\HP_S_T1\GOPR3871.JPG,Harka Piloto\2024_HP_JUL_S\HP_S_T1\GOPR3871\Coral31.JPG,31,0.1815,Harka Piloto S,T1,3
Harka Piloto\2024_HP_JUL_S\HP_S_T1\GOPR3871.JPG,Harka Piloto\2024_HP_JUL_S\HP_S_T1\GOPR3871\Coral2.JPG,2,0.6615,Harka Piloto S,T1,3
Harka Piloto\2024_HP_JUL_S\HP_S_T1\GOPR3871.JPG,Harka Piloto\2024_HP_JUL_S\HP_S_T1\GOPR3871\Coral16.JPG,16,0.3394,Harka Piloto S,T1,3
Harka Piloto\2024_HP_JUL_S\HP_S_T1\GOPR3871.JPG,Harka Piloto\2024_HP_JUL_S\HP_S_T1\GOPR3871\Coral3.JPG,3,0.5944,Harka Piloto S,T1,3
Harka Piloto\2024_HP_JUL_S\HP_S_T1\GOPR3853.JPG,Harka Piloto\2024_HP_JUL_S\HP_S_T1\GOPR3853\Coral14.JPG,14,0.334,Harka Piloto S,T1,3
Harka Piloto\2024_HP_JUL_S\HP_S_T1\GOPR3853.JPG,Harka Piloto\2024_HP_JUL_S\HP_S_T1\GOPR3853\Coral19.JPG,19,0.248,Harka Piloto S,T1,3
Harka Piloto\2024_HP_JUL_S\HP_S_T1\GOPR3853.JPG,Harka Piloto\2024_HP_JUL_S\HP_S_T1\GOPR3853\Coral29.JPG,29,0.16,Harka Piloto S,T1,3
Harka Piloto\2024_HP_JUL_S\HP_S_T1\GOPR3853.JPG,Harka Piloto\2024_HP_JUL_S\HP_S_T1\GOPR3853\Coral1.JPG,1,0.6856,Harka Piloto S,T1,3
Harka Piloto\2024_HP_JUL_S\HP_S_T1\GOPR3853.JPG,Harka Piloto\2024_HP_JUL_S\HP_S_T1\GOPR3853\Coral27.JPG,27,0.1811,Harka Piloto S,T1,3
Harka Piloto\2024_HP_JUL_S\HP_S_T1\GOPR3853.JPG,Harka Piloto\2024_HP_JUL_S\HP_S_T1\GOPR3853\Coral5.JPG,5,0.5566,Harka Piloto S,T1,3
Harka Piloto\2024_HP_JUL_S\HP_S_T1\GOPR3877.JPG,Harka Piloto\2024_HP_JUL_S\HP_S_T1\GOPR3877\Coral10.JPG,10,0.3856,Harka Piloto S,T1,3
Harka Piloto\2024_HP_JUL_S\HP_S_T1\GOPR3877.JPG,Harka Piloto\2024_HP_JUL_S\HP_S_T1\GOPR3877\Coral9.JPG,9,0.3868,Harka Piloto S,T1,3
Harka Piloto\2024_HP_JUL_S\HP_S_T1\GOPR3877.JPG,Harka Piloto\2024_HP_JUL_S\HP_S_T1\GOPR3877\Coral22.JPG,22,0.1529,Harka Piloto S,T1,3
Harka Piloto\2024_HP_JUL_S\HP_S_T1\GOPR3866.JPG,Harka Piloto\2024_HP_JUL_S\HP_S_T1\GOPR3866\Coral14.JPG,14,0.2854,Harka Piloto S,T1,3
Harka Piloto\2024_HP_JUL_S\HP_S_T1\GOPR3866.JPG,Harka Piloto\2024_HP_JUL_S\HP_S_T1\GOPR3866\Coral12.JPG,12,0.292,Harka Piloto S,T1,3
Harka Piloto\2024_HP_JUL_S\HP_S_T1\GOPR3866.JPG,Harka Piloto\2024_HP_JUL_S\HP_S_T1\GOPR3866\Coral3.JPG,3,0.4733,Harka Piloto S,T1,3
Harka Piloto\2024_HP_JUL_S\HP_S_T1\GOPR3866.JPG,Harka Piloto\2024_HP_JUL_S\HP_S_T1\GOPR3866\Coral4.JPG,4,0.4602,Harka Piloto S,T1,3
Harka Piloto\2024_HP_JUL_S\HP_S_T1\GOPR3866.JPG,Harka Piloto\2024_HP_JUL_S\HP_S_T1\GOPR3866\Coral22.JPG,22,0.1949,Harka Piloto S,T1,3
Harka Piloto\2024_HP_JUL_S\HP_S_T1\GOPR3866.JPG,Harka Piloto\2024_HP_JUL_S\HP_S_T1\GOPR3866\Coral24.JPG,24,0.1842,Harka Piloto S,T1,3
Harka Piloto\2024_AUG_HPFS_S\2024_AUG_HPFS_S_T1\GOPR5484.JPG,Harka Piloto\2024_AUG_HPFS_S\2024_AUG_HPFS_S_T1\GOPR5484\Coral4.JPG,4,0.4594,Harka Piloto S,T1,3
Harka Piloto\2024_AUG_HPFS_S\2024_AUG_HPFS_S_T1\GOPR5484.JPG,Harka Piloto\2024_AUG_HPFS_S\2024_AUG_HPFS_S_T1\GOPR5484\Coral17.JPG,17,0.1746,Harka Piloto S,T1,3
Harka Piloto\2024_AUG_HPFS_S\2024_AUG_HPFS_S_T2\GOPR5563.JPG,Harka Piloto\2024_AUG_HPFS_S\2024_AUG_HPFS_S_T2\GOPR5563\Coral16.JPG,16,0.234,Harka Piloto S,T2,3
Harka Piloto\2024_HP_JUL_S\HP_S_T2\GOPR3761.JPG,Harka Piloto\2024_HP_JUL_S\HP_S_T2\GOPR3761\Coral16.JPG,16,0.2003,Harka Piloto S,T2,3
Harka Piloto\2024_HP_JUL_S\HP_S_T2\GOPR3743.JPG,Harka Piloto\2024_HP_JUL_S\HP_S_T2\GOPR3743\Coral33.JPG,33,0.1696,Harka Piloto S,T2,3
Harka Piloto\2024_AUG_HPFS_S\2024_AUG_HPFS_S_T2\GOPR5554.JPG,Harka Piloto\2024_AUG_HPFS_S\2024_AUG_HPFS_S_T2\GOPR5554\Coral9.JPG,9,0.4491,Harka Piloto S,T2,3
Harka Piloto\2024_AUG_HPFS_S\2024_AUG_HPFS_S_T2\GOPR5553.JPG,Harka Piloto\2024_AUG_HPFS_S\2024_AUG_HPFS_S_T2\GOPR5553\Coral37.JPG,37,0.188,Harka Piloto S,T2,3
Harka Piloto\2024_HP_JUL_S\HP_S_T2\GOPR3771.JPG,Harka Piloto\2024_HP_JUL_S\HP_S_T2\GOPR3771\Coral22.JPG,22,0.1842,Harka Piloto S,T2,3
Harka Piloto\2024_HP_JUL_S\HP_S_T2\GOPR3787.JPG,Harka Piloto\2024_HP_JUL_S\HP_S_T2\GOPR3787\Coral2.JPG,2,0.6493,Harka Piloto S,T2,3
Harka Piloto\2024_AUG_HPFS_S\2024_AUG_HPFS_S_T2\GOPR5572.JPG,Harka Piloto\2024_AUG_HPFS_S\2024_AUG_HPFS_S_T2\GOPR5572\Coral6.JPG,6,0.4751,Harka Piloto S,T2,3
Harka Piloto\2024_AUG_HPFS_S\2024_AUG_HPFS_S_T2\GOPR5546.JPG,Harka Piloto\2024_AUG_HPFS_S\2024_AUG_HPFS_S_T2\GOPR5546\Coral30.JPG,30,0.1654,Harka Piloto S,T2,3
Harka Piloto\2024_HP_JUL_S\HP_S_T2\GOPR3785.JPG,Harka Piloto\2024_HP_JUL_S\HP_S_T2\GOPR3785\Coral36.JPG,36,0.1707,Harka Piloto S,T2,3
Harka Piloto\2024_AUG_HPFS_S\2024_AUG_HPFS_S_T2\GOPR5565.JPG,Harka Piloto\2024_AUG_HPFS_S\2024_AUG_HPFS_S_T2\GOPR5565\Coral38.JPG,38,0.2018,Harka Piloto S,T2,3
Harka Piloto\2024_AUG_HPFS_S\2024_AUG_HPFS_S_T2\GOPR5552.JPG,Harka Piloto\2024_AUG_HPFS_S\2024_AUG_HPFS_S_T2\GOPR5552\Coral1.JPG,1,0.8105,Harka Piloto S,T2,3
Harka Piloto\2024_HP_JUL_S\HP_S_T2\GOPR3755.JPG,Harka Piloto\2024_HP_JUL_S\HP_S_T2\GOPR3755\Coral24.JPG,24,0.203,Harka Piloto S,T2,3
Harka Piloto\2024_AUG_HPFS_S\2024_AUG_HPFS_S_T2\GOPR5559.JPG,Harka Piloto\2024_AUG_HPFS_S\2024_AUG_HPFS_S_T2\GOPR5559\Coral17.JPG,17,0.3869,Harka Piloto S,T2,3
Harka Piloto\2024_AUG_HPFS_S\2024_AUG_HPFS_S_T2\GOPR5534.JPG,Harka Piloto\2024_AUG_HPFS_S\2024_AUG_HPFS_S_T2\GOPR5534\Coral13.JPG,13,0.3996,Harka Piloto S,T2,3
Harka Piloto\2024_AUG_HPFS_S\2024_AUG_HPFS_S_T2\GOPR5536.JPG,Harka Piloto\2024_AUG_HPFS_S\2024_AUG_HPFS_S_T2\GOPR5536\Coral16.JPG,16,0.3946,Harka Piloto S,T2,3
Harka Piloto\2024_AUG_HPFS_S\2024_AUG_HPFS_S_T2\GOPR5575.JPG,Harka Piloto\2024_AUG_HPFS_S\2024_AUG_HPFS_S_T2\GOPR5575\Coral12.JPG,12,0.4108,Harka Piloto S,T2,3
Harka Piloto\2024_HP_JUL_S\HP_S_T2\GOPR3775.JPG,Harka Piloto\2024_HP_JUL_S\HP_S_T2\GOPR3775\Coral13.JPG,13,0.2296,Harka Piloto S,T2,3
Harka Piloto\2024_AUG_HPFS_S\2024_AUG_HPFS_S_T2\GOPR5578.JPG,Harka Piloto\2024_AUG_HPFS_S\2024_AUG_HPFS_S_T2\GOPR5578\Coral5.JPG,5,0.4567,Harka Piloto S,T2,3
Harka Piloto\2024_HP_JUL_S\HP_S_T2\GOPR3768.JPG,Harka Piloto\2024_HP_JUL_S\HP_S_T2\GOPR3768\Coral5.JPG,5,0.5723,Harka Piloto S,T2,3
Harka Piloto\2024_HP_JUL_S\HP_S_T2\GOPR3744.JPG,Harka Piloto\2024_HP_JUL_S\HP_S_T2\GOPR3744\Coral15.JPG,15,0.3858,Harka Piloto S,T2,3
Harka Piloto\2024_HP_JUL_S\HP_S_T2\GOPR3748.JPG,Harka Piloto\2024_HP_JUL_S\HP_S_T2\GOPR3748\Coral34.JPG,34,0.1907,Harka Piloto S,T2,3
Harka Piloto\2024_AUG_HPFS_S\2024_AUG_HPFS_S_T2\GOPR5568.JPG,Harka Piloto\2024_AUG_HPFS_S\2024_AUG_HPFS_S_T2\GOPR5568\Coral60.JPG,60,0.1684,Harka Piloto S,T2,3
Harka Piloto\2024_HP_JUL_S\HP_S_T2\GOPR3788.JPG,Harka Piloto\2024_HP_JUL_S\HP_S_T2\GOPR3788\Coral8.JPG,8,0.5347,Harka Piloto S,T2,3
Harka Piloto\2024_AUG_HPFS_S\2024_AUG_HPFS_S_T2\GOPR5538.JPG,Harka Piloto\2024_AUG_HPFS_S\2024_AUG_HPFS_S_T2\GOPR5538\Coral19.JPG,19,0.2819,Harka Piloto S,T2,3
Harka Piloto\2024_AUG_HPFS_S\2024_AUG_HPFS_S_T2\GOPR5573.JPG,Harka Piloto\2024_AUG_HPFS_S\2024_AUG_HPFS_S_T2\GOPR5573\Coral26.JPG,26,0.2532,Harka Piloto S,T2,3
Harka Piloto\2024_AUG_HPFS_S\2024_AUG_HPFS_S_T2\GOPR5567.JPG,Harka Piloto\2024_AUG_HPFS_S\2024_AUG_HPFS_S_T2\GOPR5567\Coral40.JPG,40,0.2627,Harka Piloto S,T2,3
Harka Piloto\2024_AUG_HPFS_S\2024_AUG_HPFS_S_T2\GOPR5556.JPG,Harka Piloto\2024_AUG_HPFS_S\2024_AUG_HPFS_S_T2\GOPR5556\Coral1.JPG,1,0.6679,Harka Piloto S,T2,3
Harka Piloto\2024_AUG_HPFS_S\2024_AUG_HPFS_S_T2\GOPR5549.JPG,Harka Piloto\2024_AUG_HPFS_S\2024_AUG_HPFS_S_T2\GOPR5549\Coral19.JPG,19,0.1947,Harka Piloto S,T2,3
Harka Piloto\2024_HP_JUL_S\HP_S_T2\GOPR3771.JPG,Harka Piloto\2024_HP_JUL_S\HP_S_T2\GOPR3771\Coral14.JPG,14,0.292,Harka Piloto S,T2,3
Harka Piloto\2024_AUG_HPFS_S\2024_AUG_HPFS_S_T2\GOPR5546.JPG,Harka Piloto\2024_AUG_HPFS_S\2024_AUG_HPFS_S_T2\GOPR5546\Coral25.JPG,25,0.2071,Harka Piloto S,T2,3
Harka Piloto\2024_AUG_HPFS_S\2024_AUG_HPFS_S_T2\GOPR5557.JPG,Harka Piloto\2024_AUG_HPFS_S\2024_AUG_HPFS_S_T2\GOPR5557\Coral9.JPG,9,0.4797,Harka Piloto S,T2,3
Harka Piloto\2024_HP_JUL_S\HP_S_T2\GOPR3780.JPG,Harka Piloto\2024_HP_JUL_S\HP_S_T2\GOPR3780\Coral3.JPG,3,0.6226,Harka Piloto S,T2,3
Harka Piloto\2024_HP_JUL_S\HP_S_T2\GOPR3775.JPG,Harka Piloto\2024_HP_JUL_S\HP_S_T2\GOPR3775\Coral19.JPG,19,0.1886,Harka Piloto S,T2,3
Harka Piloto\2024_HP_JUL_S\HP_S_T2\GOPR3760.JPG,Harka Piloto\2024_HP_JUL_S\HP_S_T2\GOPR3760\Coral17.JPG,17,0.3227,Harka Piloto S,T2,3
Harka Piloto\2024_AUG_HPFS_S\2024_AUG_HPFS_S_T2\GOPR5540.JPG,Harka Piloto\2024_AUG_HPFS_S\2024_AUG_HPFS_S_T2\GOPR5540\Coral1.JPG,1,0.5814,Harka Piloto S,T2,3
Harka Piloto\2024_HP_JUL_S\HP_S_T2\GOPR3744.JPG,Harka Piloto\2024_HP_JUL_S\HP_S_T2\GOPR3744\Coral25.JPG,25,0.2494,Harka Piloto S,T2,3
Harka Piloto\2024_HP_JUL_S\HP_S_T2\GOPR3788.JPG,Harka Piloto\2024_HP_JUL_S\HP_S_T2\GOPR3788\Coral31.JPG,31,0.2102,Harka Piloto S,T2,3
Harka Piloto\2024_AUG_HPFS_S\2024_AUG_HPFS_S_T2\GOPR5533.JPG,Harka Piloto\2024_AUG_HPFS_S\2024_AUG_HPFS_S_T2\GOPR5533\Coral13.JPG,13,0.3488,Harka Piloto S,T2,3
Harka Piloto\2024_HP_JUL_S\HP_S_T2\GOPR3750.JPG,Harka Piloto\2024_HP_JUL_S\HP_S_T2\GOPR3750\Coral21.JPG,21,0.3236,Harka Piloto S,T2,3
Harka Piloto\2024_HP_JUL_S\HP_S_T2\GOPR3752.JPG,Harka Piloto\2024_HP_JUL_S\HP_S_T2\GOPR3752\Coral11.JPG,11,0.4619,Harka Piloto S,T2,3
Harka Piloto\2024_AUG_HPFS_S\2024_AUG_HPFS_S_T2\GOPR5574.JPG,Harka Piloto\2024_AUG_HPFS_S\2024_AUG_HPFS_S_T2\GOPR5574\Coral26.JPG,26,0.1952,Harka Piloto S,T2,3
Harka Piloto\2024_HP_JUL_S\HP_S_T2\GOPR3766.JPG,Harka Piloto\2024_HP_JUL_S\HP_S_T2\GOPR3766\Coral4.JPG,4,0.5706,Harka Piloto S,T2,3
Harka Piloto\2024_AUG_HPFS_S\2024_AUG_HPFS_S_T2\GOPR5562.JPG,Harka Piloto\2024_AUG_HPFS_S\2024_AUG_HPFS_S_T2\GOPR5562\Coral6.JPG,6,0.6304,Harka Piloto S,T2,3
Harka Piloto\2024_AUG_HPFS_S\2024_AUG_HPFS_S_T2\GOPR5539.JPG,Harka Piloto\2024_AUG_HPFS_S\2024_AUG_HPFS_S_T2\GOPR5539\Coral14.JPG,14,0.3513,Harka Piloto S,T2,3
Harka Piloto\2024_AUG_HPFS_S\2024_AUG_HPFS_S_T2\GOPR5541.JPG,Harka Piloto\2024_AUG_HPFS_S\2024_AUG_HPFS_S_T2\GOPR5541\Coral16.JPG,16,0.1991,Harka Piloto S,T2,3
Harka Piloto\2024_AUG_HPFS_S\2024_AUG_HPFS_S_T2\GOPR5571.JPG,Harka Piloto\2024_AUG_HPFS_S\2024_AUG_HPFS_S_T2\GOPR5571\Coral32.JPG,32,0.2545,Harka Piloto S,T2,3
Harka Piloto\2024_HP_JUL_S\HP_S_T2\GOPR3753.JPG,Harka Piloto\2024_HP_JUL_S\HP_S_T2\GOPR3753\Coral15.JPG,15,0.2507,Harka Piloto S,T2,3
Harka Piloto\2024_AUG_HPFS_S\2024_AUG_HPFS_S_T2\GOPR5551.JPG,Harka Piloto\2024_AUG_HPFS_S\2024_AUG_HPFS_S_T2\GOPR5551\Coral15.JPG,15,0.2182,Harka Piloto S,T2,3
Harka Piloto\2024_AUG_HPFS_S\2024_AUG_HPFS_S_T2\GOPR5554.JPG,Harka Piloto\2024_AUG_HPFS_S\2024_AUG_HPFS_S_T2\GOPR5554\Coral29.JPG,29,0.1642,Harka Piloto S,T2,3
Harka Piloto\2024_AUG_HPFS_S\2024_AUG_HPFS_S_T2\GOPR5553.JPG,Harka Piloto\2024_AUG_HPFS_S\2024_AUG_HPFS_S_T2\GOPR5553\Coral18.JPG,18,0.4238,Harka Piloto S,T2,3
Harka Piloto\2024_AUG_HPFS_S\2024_AUG_HPFS_S_T2\GOPR5547.JPG,Harka Piloto\2024_AUG_HPFS_S\2024_AUG_HPFS_S_T2\GOPR5547\Coral9.JPG,9,0.2448,Harka Piloto S,T2,3
Harka Piloto\2024_HP_JUL_S\HP_S_T2\GOPR3785.JPG,Harka Piloto\2024_HP_JUL_S\HP_S_T2\GOPR3785\Coral20.JPG,20,0.3803,Harka Piloto S,T2,3
Harka Piloto\2024_AUG_HPFS_S\2024_AUG_HPFS_S_T2\GOPR5565.JPG,Harka Piloto\2024_AUG_HPFS_S\2024_AUG_HPFS_S_T2\GOPR5565\Coral1.JPG,1,0.711,Harka Piloto S,T2,3
Harka Piloto\2024_HP_JUL_S\HP_S_T2\GOPR3767.JPG,Harka Piloto\2024_HP_JUL_S\HP_S_T2\GOPR3767\Coral25.JPG,25,0.1873,Harka Piloto S,T2,3
Harka Piloto\2024_AUG_HPFS_S\2024_AUG_HPFS_S_T2\GOPR5580.JPG,Harka Piloto\2024_AUG_HPFS_S\2024_AUG_HPFS_S_T2\GOPR5580\Coral11.JPG,11,0.3167,Harka Piloto S,T2,3
Harka Piloto\2024_HP_JUL_S\HP_S_T2\GOPR3772.JPG,Harka Piloto\2024_HP_JUL_S\HP_S_T2\GOPR3772\Coral16.JPG,16,0.4589,Harka Piloto S,T2,3
Harka Piloto\2024_AUG_HPFS_S\2024_AUG_HPFS_S_T2\GOPR5568.JPG,Harka Piloto\2024_AUG_HPFS_S\2024_AUG_HPFS_S_T2\GOPR5568\Coral16.JPG,16,0.5937,Harka Piloto S,T2,3
Harka Piloto\2024_HP_JUL_S\HP_S_T2\GOPR3788.JPG,Harka Piloto\2024_HP_JUL_S\HP_S_T2\GOPR3788\Coral22.JPG,22,0.2865,Harka Piloto S,T2,3
Harka Piloto\2024_AUG_HPFS_S\2024_AUG_HPFS_S_T2\GOPR5555.JPG,Harka Piloto\2024_AUG_HPFS_S\2024_AUG_HPFS_S_T2\GOPR5555\Coral9.JPG,9,0.5407,Harka Piloto S,T2,3
Harka Piloto\2024_AUG_HPFS_S\2024_AUG_HPFS_S_T2\GOPR5535.JPG,Harka Piloto\2024_AUG_HPFS_S\2024_AUG_HPFS_S_T2\GOPR5535\Coral2.JPG,2,0.6332,Harka Piloto S,T2,3
Harka Piloto\2024_HP_JUL_S\HP_S_T2\GOPR3782.JPG,Harka Piloto\2024_HP_JUL_S\HP_S_T2\GOPR3782\Coral2.JPG,2,0.6758,Harka Piloto S,T2,3
Harka Piloto\2024_HP_JUL_S\HP_S_T2\GOPR3765.JPG,Harka Piloto\2024_HP_JUL_S\HP_S_T2\GOPR3765\Coral17.JPG,17,0.2671,Harka Piloto S,T2,3
Harka Piloto\2024_AUG_HPFS_S\2024_AUG_HPFS_S_T2\GOPR5528.JPG,Harka Piloto\2024_AUG_HPFS_S\2024_AUG_HPFS_S_T2\GOPR5528\Coral16.JPG,16,0.2277,Harka Piloto S,T2,3
Harka Piloto\2024_AUG_HPFS_S\2024_AUG_HPFS_S_T2\GOPR5541.JPG,Harka Piloto\2024_AUG_HPFS_S\2024_AUG_HPFS_S_T2\GOPR5541\Coral18.JPG,18,0.1745,Harka Piloto S,T2,3
Harka Piloto\2024_HP_JUL_S\HP_S_T2\GOPR3783.JPG,Harka Piloto\2024_HP_JUL_S\HP_S_T2\GOPR3783\Coral25.JPG,25,0.3248,Harka Piloto S,T2,3
Harka Piloto\2024_AUG_HPFS_S\2024_AUG_HPFS_S_T2\GOPR5529.JPG,Harka Piloto\2024_AUG_HPFS_S\2024_AUG_HPFS_S_T2\GOPR5529\Coral29.JPG,29,0.1817,Harka Piloto S,T2,3
Harka Piloto\2024_AUG_HPFS_S\2024_AUG_HPFS_S_T2\GOPR5529.JPG,Harka Piloto\2024_AUG_HPFS_S\2024_AUG_HPFS_S_T2\GOPR5529\Coral30.JPG,30,0.1786,Harka Piloto S,T2,3
Harka Piloto\2024_AUG_HPFS_S\2024_AUG_HPFS_S_T2\GOPR5529.JPG,Harka Piloto\2024_AUG_HPFS_S\2024_AUG_HPFS_S_T2\GOPR5529\Coral9.JPG,9,0.3576,Harka Piloto S,T2,3
Harka Piloto\2024_AUG_HPFS_S\2024_AUG_HPFS_S_T2\GOPR5529.JPG,Harka Piloto\2024_AUG_HPFS_S\2024_AUG_HPFS_S_T2\GOPR5529\Coral13.JPG,13,0.3219,Harka Piloto S,T2,3
Harka Piloto\2024_HP_JUL_S\HP_S_T2\GOPR3751.JPG,Harka Piloto\2024_HP_JUL_S\HP_S_T2\GOPR3751\Coral29.JPG,29,0.2297,Harka Piloto S,T2,3
Harka Piloto\2024_HP_JUL_S\HP_S_T2\GOPR3751.JPG,Harka Piloto\2024_HP_JUL_S\HP_S_T2\GOPR3751\Coral10.JPG,10,0.4846,Harka Piloto S,T2,3
Harka Piloto\2024_HP_JUL_S\HP_S_T2\GOPR3751.JPG,Harka Piloto\2024_HP_JUL_S\HP_S_T2\GOPR3751\Coral19.JPG,19,0.3526,Harka Piloto S,T2,3
Harka Piloto\2024_HP_JUL_S\HP_S_T2\GOPR3751.JPG,Harka Piloto\2024_HP_JUL_S\HP_S_T2\GOPR3751\Coral3.JPG,3,0.5646,Harka Piloto S,T2,3
Harka Piloto\2024_HP_JUL_S\HP_S_T2\GOPR3751.JPG,Harka Piloto\2024_HP_JUL_S\HP_S_T2\GOPR3751\Coral34.JPG,34,0.1663,Harka Piloto S,T2,3
Harka Piloto\2024_HP_JUL_S\HP_S_T2\GOPR3751.JPG,Harka Piloto\2024_HP_JUL_S\HP_S_T2\GOPR3751\Coral18.JPG,18,0.3621,Harka Piloto S,T2,3
Harka Piloto\2024_HP_JUL_S\HP_S_T2\GOPR3751.JPG,Harka Piloto\2024_HP_JUL_S\HP_S_T2\GOPR3751\Coral6.JPG,6,0.5369,Harka Piloto S,T2,3
Harka Piloto\2024_HP_JUL_S\HP_S_T2\GOPR3784.JPG,Harka Piloto\2024_HP_JUL_S\HP_S_T2\GOPR3784\Coral11.JPG,11,0.4715,Harka Piloto S,T2,3
Harka Piloto\2024_HP_JUL_S\HP_S_T2\GOPR3784.JPG,Harka Piloto\2024_HP_JUL_S\HP_S_T2\GOPR3784\Coral9.JPG,9,0.4914,Harka Piloto S,T2,3
Harka Piloto\2024_HP_JUL_S\HP_S_T2\GOPR3784.JPG,Harka Piloto\2024_HP_JUL_S\HP_S_T2\GOPR3784\Coral15.JPG,15,0.4564,Harka Piloto S,T2,3
Harka Piloto\2024_HP_JUL_S\HP_S_T2\GOPR3784.JPG,Harka Piloto\2024_HP_JUL_S\HP_S_T2\GOPR3784\Coral34.JPG,34,0.1713,Harka Piloto S,T2,3
Harka Piloto\2024_HP_JUL_S\HP_S_T2\GOPR3784.JPG,Harka Piloto\2024_HP_JUL_S\HP_S_T2\GOPR3784\Coral27.JPG,27,0.2578,Harka Piloto S,T2,3
Harka Piloto\2024_HP_JUL_S\HP_S_T2\GOPR3784.JPG,Harka Piloto\2024_HP_JUL_S\HP_S_T2\GOPR3784\Coral31.JPG,31,0.2222,Harka Piloto S,T2,3
Harka Piloto\2024_AUG_HPFS_S\2024_AUG_HPFS_S_T2\GOPR5563.JPG,Harka Piloto\2024_AUG_HPFS_S\2024_AUG_HPFS_S_T2\GOPR5563\Coral21.JPG,21,0.1578,Harka Piloto S,T2,3
Harka Piloto\2024_AUG_HPFS_S\2024_AUG_HPFS_S_T2\GOPR5563.JPG,Harka Piloto\2024_AUG_HPFS_S\2024_AUG_HPFS_S_T2\GOPR5563\Coral12.JPG,12,0.2774,Harka Piloto S,T2,3
Harka Piloto\2024_AUG_HPFS_S\2024_AUG_HPFS_S_T2\GOPR5563.JPG,Harka Piloto\2024_AUG_HPFS_S\2024_AUG_HPFS_S_T2\GOPR5563\Coral10.JPG,10,0.3544,Harka Piloto S,T2,3
Harka Piloto\2024_AUG_HPFS_S\2024_AUG_HPFS_S_T2\GOPR5571.JPG,Harka Piloto\2024_AUG_HPFS_S\2024_AUG_HPFS_S_T2\GOPR5571\Coral47.JPG,47,0.1639,Harka Piloto S,T2,3
Harka Piloto\2024_AUG_HPFS_S\2024_AUG_HPFS_S_T2\GOPR5571.JPG,Harka Piloto\2024_AUG_HPFS_S\2024_AUG_HPFS_S_T2\GOPR5571\Coral5.JPG,5,0.5502,Harka Piloto S,T2,3
Harka Piloto\2024_AUG_HPFS_S\2024_AUG_HPFS_S_T2\GOPR5571.JPG,Harka Piloto\2024_AUG_HPFS_S\2024_AUG_HPFS_S_T2\GOPR5571\Coral36.JPG,36,0.2325,Harka Piloto S,T2,3
Harka Piloto\2024_AUG_HPFS_S\2024_AUG_HPFS_S_T2\GOPR5571.JPG,Harka Piloto\2024_AUG_HPFS_S\2024_AUG_HPFS_S_T2\GOPR5571\Coral29.JPG,29,0.2848,Harka Piloto S,T2,3
Harka Piloto\2024_AUG_HPFS_S\2024_AUG_HPFS_S_T2\GOPR5571.JPG,Harka Piloto\2024_AUG_HPFS_S\2024_AUG_HPFS_S_T2\GOPR5571\Coral18.JPG,18,0.3577,Harka Piloto S,T2,3
Harka Piloto\2024_AUG_HPFS_S\2024_AUG_HPFS_S_T2\GOPR5571.JPG,Harka Piloto\2024_AUG_HPFS_S\2024_AUG_HPFS_S_T2\GOPR5571\Coral12.JPG,12,0.4214,Harka Piloto S,T2,3
Harka Piloto\2024_AUG_HPFS_S\2024_AUG_HPFS_S_T2\GOPR5571.JPG,Harka Piloto\2024_AUG_HPFS_S\2024_AUG_HPFS_S_T2\GOPR5571\Coral26.JPG,26,0.3028,Harka Piloto S,T2,3
Harka Piloto\2024_AUG_HPFS_S\2024_AUG_HPFS_S_T2\GOPR5571.JPG,Harka Piloto\2024_AUG_HPFS_S\2024_AUG_HPFS_S_T2\GOPR5571\Coral14.JPG,14,0.4108,Harka Piloto S,T2,3
Harka Piloto\2024_HP_JUL_S\HP_S_T2\GOPR3774.JPG,Harka Piloto\2024_HP_JUL_S\HP_S_T2\GOPR3774\Coral17.JPG,17,0.377,Harka Piloto S,T2,3
Harka Piloto\2024_HP_JUL_S\HP_S_T2\GOPR3774.JPG,Harka Piloto\2024_HP_JUL_S\HP_S_T2\GOPR3774\Coral6.JPG,6,0.5717,Harka Piloto S,T2,3
Harka Piloto\2024_HP_JUL_S\HP_S_T2\GOPR3774.JPG,Harka Piloto\2024_HP_JUL_S\HP_S_T2\GOPR3774\Coral22.JPG,22,0.2852,Harka Piloto S,T2,3
Harka Piloto\2024_HP_JUL_S\HP_S_T2\GOPR3774.JPG,Harka Piloto\2024_HP_JUL_S\HP_S_T2\GOPR3774\Coral18.JPG,18,0.3731,Harka Piloto S,T2,3
Harka Piloto\2024_HP_JUL_S\HP_S_T2\GOPR3774.JPG,Harka Piloto\2024_HP_JUL_S\HP_S_T2\GOPR3774\Coral14.JPG,14,0.4223,Harka Piloto S,T2,3
Harka Piloto\2024_AUG_HPFS_S\2024_AUG_HPFS_S_T2\GOPR5530.JPG,Harka Piloto\2024_AUG_HPFS_S\2024_AUG_HPFS_S_T2\GOPR5530\Coral12.JPG,12,0.3306,Harka Piloto S,T2,3
Harka Piloto\2024_AUG_HPFS_S\2024_AUG_HPFS_S_T2\GOPR5530.JPG,Harka Piloto\2024_AUG_HPFS_S\2024_AUG_HPFS_S_T2\GOPR5530\Coral7.JPG,7,0.4013,Harka Piloto S,T2,3
Harka Piloto\2024_AUG_HPFS_S\2024_AUG_HPFS_S_T2\GOPR5530.JPG,Harka Piloto\2024_AUG_HPFS_S\2024_AUG_HPFS_S_T2\GOPR5530\Coral17.JPG,17,0.2532,Harka Piloto S,T2,3
Harka Piloto\2024_AUG_HPFS_S\2024_AUG_HPFS_S_T2\GOPR5530.JPG,Harka Piloto\2024_AUG_HPFS_S\2024_AUG_HPFS_S_T2\GOPR5530\Coral22.JPG,22,0.1794,Harka Piloto S,T2,3
Harka Piloto\2024_HP_JUL_S\HP_S_T2\GOPR3753.JPG,Harka Piloto\2024_HP_JUL_S\HP_S_T2\GOPR3753\Coral17.JPG,17,0.2352,Harka Piloto S,T2,3
Harka Piloto\2024_HP_JUL_S\HP_S_T2\GOPR3753.JPG,Harka Piloto\2024_HP_JUL_S\HP_S_T2\GOPR3753\Coral4.JPG,4,0.5068,Harka Piloto S,T2,3
Harka Piloto\2024_HP_JUL_S\HP_S_T2\GOPR3753.JPG,Harka Piloto\2024_HP_JUL_S\HP_S_T2\GOPR3753\Coral7.JPG,7,0.3935,Harka Piloto S,T2,3
Harka Piloto\2024_HP_JUL_S\HP_S_T2\GOPR3753.JPG,Harka Piloto\2024_HP_JUL_S\HP_S_T2\GOPR3753\Coral29.JPG,29,0.1556,Harka Piloto S,T2,3
Harka Piloto\2024_HP_JUL_S\HP_S_T2\GOPR3753.JPG,Harka Piloto\2024_HP_JUL_S\HP_S_T2\GOPR3753\Coral2.JPG,2,0.552,Harka Piloto S,T2,3
Harka Piloto\2024_HP_JUL_S\HP_S_T2\GOPR3753.JPG,Harka Piloto\2024_HP_JUL_S\HP_S_T2\GOPR3753\Coral19.JPG,19,0.2236,Harka Piloto S,T2,3
Harka Piloto\2024_HP_JUL_S\HP_S_T2\GOPR3761.JPG,Harka Piloto\2024_HP_JUL_S\HP_S_T2\GOPR3761\Coral13.JPG,13,0.2304,Harka Piloto S,T2,3
Harka Piloto\2024_HP_JUL_S\HP_S_T2\GOPR3761.JPG,Harka Piloto\2024_HP_JUL_S\HP_S_T2\GOPR3761\Coral18.JPG,18,0.1778,Harka Piloto S,T2,3
Harka Piloto\2024_HP_JUL_S\HP_S_T3\GOPR3822.JPG,Harka Piloto\2024_HP_JUL_S\HP_S_T3\GOPR3822\Coral3.JPG,3,0.6471,Harka Piloto S,T3,3
Harka Piloto\2024_AUG_HPFS_S\2024_AUG_HPFS_S_T3\GOPR5604.JPG,Harka Piloto\2024_AUG_HPFS_S\2024_AUG_HPFS_S_T3\GOPR5604\Coral13.JPG,13,0.2094,Harka Piloto S,T3,3
Harka Piloto\2024_HP_JUL_S\HP_S_T3\GOPR3837.JPG,Harka Piloto\2024_HP_JUL_S\HP_S_T3\GOPR3837\Coral15.JPG,15,0.3063,Harka Piloto S,T3,3
Harka Piloto\2024_HP_JUL_S\HP_S_T3\GOPR3841.JPG,Harka Piloto\2024_HP_JUL_S\HP_S_T3\GOPR3841\Coral18.JPG,18,0.3172,Harka Piloto S,T3,3
Harka Piloto\2024_AUG_HPFS_S\2024_AUG_HPFS_S_T3\GOPR5628.JPG,Harka Piloto\2024_AUG_HPFS_S\2024_AUG_HPFS_S_T3\GOPR5628\Coral19.JPG,19,0.3171,Harka Piloto S,T3,3
Harka Piloto\2024_AUG_HPFS_S\2024_AUG_HPFS_S_T3\GOPR5623.JPG,Harka Piloto\2024_AUG_HPFS_S\2024_AUG_HPFS_S_T3\GOPR5623\Coral19.JPG,19,0.1607,Harka Piloto S,T3,3
Harka Piloto\2024_AUG_HPFS_S\2024_AUG_HPFS_S_T3\GOPR5603.JPG,Harka Piloto\2024_AUG_HPFS_S\2024_AUG_HPFS_S_T3\GOPR5603\Coral8.JPG,8,0.4449,Harka Piloto S,T3,3
Harka Piloto\2024_AUG_HPFS_S\2024_AUG_HPFS_S_T3\GOPR5636.JPG,Harka Piloto\2024_AUG_HPFS_S\2024_AUG_HPFS_S_T3\GOPR5636\Coral14.JPG,14,0.2272,Harka Piloto S,T3,3
Harka Piloto\2024_AUG_HPFS_S\2024_AUG_HPFS_S_T3\GOPR5587.JPG,Harka Piloto\2024_AUG_HPFS_S\2024_AUG_HPFS_S_T3\GOPR5587\Coral4.JPG,4,0.5572,Harka Piloto S,T3,3
Harka Piloto\2024_AUG_HPFS_S\2024_AUG_HPFS_S_T3\GOPR5617.JPG,Harka Piloto\2024_AUG_HPFS_S\2024_AUG_HPFS_S_T3\GOPR5617\Coral14.JPG,14,0.2536,Harka Piloto S,T3,3
Harka Piloto\2024_HP_JUL_S\HP_S_T3\GOPR3818.JPG,Harka Piloto\2024_HP_JUL_S\HP_S_T3\GOPR3818\Coral8.JPG,8,0.5711,Harka Piloto S,T3,3
Harka Piloto\2024_AUG_HPFS_S\2024_AUG_HPFS_S_T3\GOPR5590.JPG,Harka Piloto\2024_AUG_HPFS_S\2024_AUG_HPFS_S_T3\GOPR5590\Coral35.JPG,35,0.1537,Harka Piloto S,T3,3
Harka Piloto\2024_HP_JUL_S\HP_S_T3\GOPR3836.JPG,Harka Piloto\2024_HP_JUL_S\HP_S_T3\GOPR3836\Coral40.JPG,40,0.1836,Harka Piloto S,T3,3
Harka Piloto\2024_AUG_HPFS_S\2024_AUG_HPFS_S_T3\GOPR5598.JPG,Harka Piloto\2024_AUG_HPFS_S\2024_AUG_HPFS_S_T3\GOPR5598\Coral13.JPG,13,0.3217,Harka Piloto S,T3,3
Harka Piloto\2024_HP_JUL_S\HP_S_T3\GOPR3843.JPG,Harka Piloto\2024_HP_JUL_S\HP_S_T3\GOPR3843\Coral15.JPG,15,0.2669,Harka Piloto S,T3,3
Harka Piloto\2024_AUG_HPFS_S\2024_AUG_HPFS_S_T3\GOPR5608.JPG,Harka Piloto\2024_AUG_HPFS_S\2024_AUG_HPFS_S_T3\GOPR5608\Coral16.JPG,16,0.2433,Harka Piloto S,T3,3
Harka Piloto\2024_HP_JUL_S\HP_S_T3\GOPR3826.JPG,Harka Piloto\2024_HP_JUL_S\HP_S_T3\GOPR3826\Coral8.JPG,8,0.4608,Harka Piloto S,T3,3
Harka Piloto\2024_HP_JUL_S\HP_S_T3\GOPR3821.JPG,Harka Piloto\2024_HP_JUL_S\HP_S_T3\GOPR3821\Coral31.JPG,31,0.1618,Harka Piloto S,T3,3
Harka Piloto\2024_AUG_HPFS_S\2024_AUG_HPFS_S_T3\GOPR5625.JPG,Harka Piloto\2024_AUG_HPFS_S\2024_AUG_HPFS_S_T3\GOPR5625\Coral10.JPG,10,0.3037,Harka Piloto S,T3,3
Harka Piloto\2024_AUG_HPFS_S\2024_AUG_HPFS_S_T3\GOPR5629.JPG,Harka Piloto\2024_AUG_HPFS_S\2024_AUG_HPFS_S_T3\GOPR5629\Coral20.JPG,20,0.2766,Harka Piloto S,T3,3
Harka Piloto\2024_AUG_HPFS_S\2024_AUG_HPFS_S_T3\GOPR5616.JPG,Harka Piloto\2024_AUG_HPFS_S\2024_AUG_HPFS_S_T3\GOPR5616\Coral25.JPG,25,0.1886,Harka Piloto S,T3,3
Harka Piloto\2024_AUG_HPFS_S\2024_AUG_HPFS_S_T3\GOPR5615.JPG,Harka Piloto\2024_AUG_HPFS_S\2024_AUG_HPFS_S_T3\GOPR5615\Coral12.JPG,12,0.3546,Harka Piloto S,T3,3
Harka Piloto\2024_AUG_HPFS_S\2024_AUG_HPFS_S_T3\GOPR5605.JPG,Harka Piloto\2024_AUG_HPFS_S\2024_AUG_HPFS_S_T3\GOPR5605\Coral1.JPG,1,0.7704,Harka Piloto S,T3,3
Harka Piloto\2024_AUG_HPFS_S\2024_AUG_HPFS_S_T3\GOPR5609.JPG,Harka Piloto\2024_AUG_HPFS_S\2024_AUG_HPFS_S_T3\GOPR5609\Coral28.JPG,28,0.1735,Harka Piloto S,T3,3
Harka Piloto\2024_AUG_HPFS_S\2024_AUG_HPFS_S_T3\GOPR5593.JPG,Harka Piloto\2024_AUG_HPFS_S\2024_AUG_HPFS_S_T3\GOPR5593\Coral5.JPG,5,0.5646,Harka Piloto S,T3,3
Harka Piloto\2024_HP_JUL_S\HP_S_T3\GOPR3841.JPG,Harka Piloto\2024_HP_JUL_S\HP_S_T3\GOPR3841\Coral24.JPG,24,0.2575,Harka Piloto S,T3,3
Harka Piloto\2024_AUG_HPFS_S\2024_AUG_HPFS_S_T3\GOPR5597.JPG,Harka Piloto\2024_AUG_HPFS_S\2024_AUG_HPFS_S_T3\GOPR5597\Coral4.JPG,4,0.4132,Harka Piloto S,T3,3
Harka Piloto\2024_HP_JUL_S\HP_S_T3\GOPR3814.JPG,Harka Piloto\2024_HP_JUL_S\HP_S_T3\GOPR3814\Coral6.JPG,6,0.5791,Harka Piloto S,T3,3
Harka Piloto\2024_HP_JUL_S\HP_S_T3\GOPR3797.JPG,Harka Piloto\2024_HP_JUL_S\HP_S_T3\GOPR3797\Coral46.JPG,46,0.1749,Harka Piloto S,T3,3
Harka Piloto\2024_AUG_HPFS_S\2024_AUG_HPFS_S_T3\GOPR5598.JPG,Harka Piloto\2024_AUG_HPFS_S\2024_AUG_HPFS_S_T3\GOPR5598\Coral10.JPG,10,0.3354,Harka Piloto S,T3,3
Harka Piloto\2024_HP_JUL_S\HP_S_T3\GOPR3801.JPG,Harka Piloto\2024_HP_JUL_S\HP_S_T3\GOPR3801\Coral1.JPG,1,0.7979,Harka Piloto S,T3,3
Harka Piloto\2024_HP_JUL_S\HP_S_T3\GOPR3826.JPG,Harka Piloto\2024_HP_JUL_S\HP_S_T3\GOPR3826\Coral20.JPG,20,0.2784,Harka Piloto S,T3,3
Harka Piloto\2024_AUG_HPFS_S\2024_AUG_HPFS_S_T3\GOPR5618.JPG,Harka Piloto\2024_AUG_HPFS_S\2024_AUG_HPFS_S_T3\GOPR5618\Coral8.JPG,8,0.3909,Harka Piloto S,T3,3
Harka Piloto\2024_HP_JUL_S\HP_S_T3\GOPR3798.JPG,Harka Piloto\2024_HP_JUL_S\HP_S_T3\GOPR3798\Coral30.JPG,30,0.1921,Harka Piloto S,T3,3
Harka Piloto\2024_HP_JUL_S\HP_S_T3\GOPR3812.JPG,Harka Piloto\2024_HP_JUL_S\HP_S_T3\GOPR3812\Coral32.JPG,32,0.1631,Harka Piloto S,T3,3
Harka Piloto\2024_HP_JUL_S\HP_S_T3\GOPR3824.JPG,Harka Piloto\2024_HP_JUL_S\HP_S_T3\GOPR3824\Coral20.JPG,20,0.3224,Harka Piloto S,T3,3
Harka Piloto\2024_HP_JUL_S\HP_S_T3\GOPR3796.JPG,Harka Piloto\2024_HP_JUL_S\HP_S_T3\GOPR3796\Coral23.JPG,23,0.2513,Harka Piloto S,T3,3
Harka Piloto\2024_AUG_HPFS_S\2024_AUG_HPFS_S_T3\GOPR5589.JPG,Harka Piloto\2024_AUG_HPFS_S\2024_AUG_HPFS_S_T3\GOPR5589\Coral19.JPG,19,0.1882,Harka Piloto S,T3,3
Harka Piloto\2024_HP_JUL_S\HP_S_T3\GOPR3817.JPG,Harka Piloto\2024_HP_JUL_S\HP_S_T3\GOPR3817\Coral26.JPG,26,0.2214,Harka Piloto S,T3,3
Harka Piloto\2024_HP_JUL_S\HP_S_T3\GOPR3813.JPG,Harka Piloto\2024_HP_JUL_S\HP_S_T3\GOPR3813\Coral7.JPG,7,0.4714,Harka Piloto S,T3,3
Harka Piloto\2024_AUG_HPFS_S\2024_AUG_HPFS_S_T3\GOPR5605.JPG,Harka Piloto\2024_AUG_HPFS_S\2024_AUG_HPFS_S_T3\GOPR5605\Coral18.JPG,18,0.1627,Harka Piloto S,T3,3
Harka Piloto\2024_AUG_HPFS_S\2024_AUG_HPFS_S_T3\GOPR5632.JPG,Harka Piloto\2024_AUG_HPFS_S\2024_AUG_HPFS_S_T3\GOPR5632\Coral5.JPG,5,0.4195,Harka Piloto S,T3,3
Harka Piloto\2024_HP_JUL_S\HP_S_T3\GOPR3800.JPG,Harka Piloto\2024_HP_JUL_S\HP_S_T3\GOPR3800\Coral17.JPG,17,0.4253,Harka Piloto S,T3,3
Harka Piloto\2024_AUG_HPFS_S\2024_AUG_HPFS_S_T3\GOPR5600.JPG,Harka Piloto\2024_AUG_HPFS_S\2024_AUG_HPFS_S_T3\GOPR5600\Coral21.JPG,21,0.1821,Harka Piloto S,T3,3
Harka Piloto\2024_HP_JUL_S\HP_S_T3\GOPR3816.JPG,Harka Piloto\2024_HP_JUL_S\HP_S_T3\GOPR3816\Coral42.JPG,42,0.1868,Harka Piloto S,T3,3
Harka Piloto\2024_AUG_HPFS_S\2024_AUG_HPFS_S_T3\GOPR5603.JPG,Harka Piloto\2024_AUG_HPFS_S\2024_AUG_HPFS_S_T3\GOPR5603\Coral13.JPG,13,0.3659,Harka Piloto S,T3,3
Harka Piloto\2024_HP_JUL_S\HP_S_T3\GOPR3804.JPG,Harka Piloto\2024_HP_JUL_S\HP_S_T3\GOPR3804\Coral26.JPG,26,0.3419,Harka Piloto S,T3,3
Harka Piloto\2024_AUG_HPFS_S\2024_AUG_HPFS_S_T3\GOPR5624.JPG,Harka Piloto\2024_AUG_HPFS_S\2024_AUG_HPFS_S_T3\GOPR5624\Coral2.JPG,2,0.3535,Harka Piloto S,T3,3
Harka Piloto\2024_HP_JUL_S\HP_S_T3\GOPR3828.JPG,Harka Piloto\2024_HP_JUL_S\HP_S_T3\GOPR3828\Coral5.JPG,5,0.5869,Harka Piloto S,T3,3
Harka Piloto\2024_HP_JUL_S\HP_S_T3\GOPR3836.JPG,Harka Piloto\2024_HP_JUL_S\HP_S_T3\GOPR3836\Coral46.JPG,46,0.1581,Harka Piloto S,T3,3
Harka Piloto\2024_AUG_HPFS_S\2024_AUG_HPFS_S_T3\GOPR5588.JPG,Harka Piloto\2024_AUG_HPFS_S\2024_AUG_HPFS_S_T3\GOPR5588\Coral22.JPG,22,0.2087,Harka Piloto S,T3,3
Harka Piloto\2024_HP_JUL_S\HP_S_T3\GOPR3826.JPG,Harka Piloto\2024_HP_JUL_S\HP_S_T3\GOPR3826\Coral9.JPG,9,0.4545,Harka Piloto S,T3,3
Harka Piloto\2024_AUG_HPFS_S\2024_AUG_HPFS_S_T3\GOPR5611.JPG,Harka Piloto\2024_AUG_HPFS_S\2024_AUG_HPFS_S_T3\GOPR5611\Coral11.JPG,11,0.494,Harka Piloto S,T3,3
Harka Piloto\2024_HP_JUL_S\HP_S_T3\GOPR3819.JPG,Harka Piloto\2024_HP_JUL_S\HP_S_T3\GOPR3819\Coral37.JPG,37,0.1901,Harka Piloto S,T3,3
Harka Piloto\2024_AUG_HPFS_S\2024_AUG_HPFS_S_T3\GOPR5596.JPG,Harka Piloto\2024_AUG_HPFS_S\2024_AUG_HPFS_S_T3\GOPR5596\Coral19.JPG,19,0.2245,Harka Piloto S,T3,3
Harka Piloto\2024_HP_JUL_S\HP_S_T3\GOPR3796.JPG,Harka Piloto\2024_HP_JUL_S\HP_S_T3\GOPR3796\Coral12.JPG,12,0.5051,Harka Piloto S,T3,3
Harka Piloto\2024_AUG_HPFS_S\2024_AUG_HPFS_S_T3\GOPR5610.JPG,Harka Piloto\2024_AUG_HPFS_S\2024_AUG_HPFS_S_T3\GOPR5610\Coral3.JPG,3,0.6335,Harka Piloto S,T3,3
Harka Piloto\2024_HP_JUL_S\HP_S_T3\GOPR3817.JPG,Harka Piloto\2024_HP_JUL_S\HP_S_T3\GOPR3817\Coral21.JPG,21,0.2571,Harka Piloto S,T3,3
Harka Piloto\2024_AUG_HPFS_S\2024_AUG_HPFS_S_T3\GOPR5615.JPG,Harka Piloto\2024_AUG_HPFS_S\2024_AUG_HPFS_S_T3\GOPR5615\Coral4.JPG,4,0.5866,Harka Piloto S,T3,3
Harka Piloto\2024_AUG_HPFS_S\2024_AUG_HPFS_S_T3\GOPR5614.JPG,Harka Piloto\2024_AUG_HPFS_S\2024_AUG_HPFS_S_T3\GOPR5614\Coral11.JPG,11,0.3169,Harka Piloto S,T3,3
Harka Piloto\2024_AUG_HPFS_S\2024_AUG_HPFS_S_T3\GOPR5614.JPG,Harka Piloto\2024_AUG_HPFS_S\2024_AUG_HPFS_S_T3\GOPR5614\Coral18.JPG,18,0.1851,Harka Piloto S,T3,3
Harka Piloto\2024_AUG_HPFS_S\2024_AUG_HPFS_S_T3\GOPR5614.JPG,Harka Piloto\2024_AUG_HPFS_S\2024_AUG_HPFS_S_T3\GOPR5614\Coral9.JPG,9,0.3822,Harka Piloto S,T3,3
Harka Piloto\2024_AUG_HPFS_S\2024_AUG_HPFS_S_T3\GOPR5605.JPG,Harka Piloto\2024_AUG_HPFS_S\2024_AUG_HPFS_S_T3\GOPR5605\Coral11.JPG,11,0.2943,Harka Piloto S,T3,3
Harka Piloto\2024_AUG_HPFS_S\2024_AUG_HPFS_S_T3\GOPR5605.JPG,Harka Piloto\2024_AUG_HPFS_S\2024_AUG_HPFS_S_T3\GOPR5605\Coral10.JPG,10,0.3188,Harka Piloto S,T3,3
Harka Piloto\2024_AUG_HPFS_S\2024_AUG_HPFS_S_T3\GOPR5605.JPG,Harka Piloto\2024_AUG_HPFS_S\2024_AUG_HPFS_S_T3\GOPR5605\Coral8.JPG,8,0.3618,Harka Piloto S,T3,3
Harka Piloto\2024_AUG_HPFS_S\2024_AUG_HPFS_S_T3\GOPR5605.JPG,Harka Piloto\2024_AUG_HPFS_S\2024_AUG_HPFS_S_T3\GOPR5605\Coral13.JPG,13,0.2906,Harka Piloto S,T3,3
Harka Piloto\2024_AUG_HPFS_S\2024_AUG_HPFS_S_T3\GOPR5605.JPG,Harka Piloto\2024_AUG_HPFS_S\2024_AUG_HPFS_S_T3\GOPR5605\Coral7.JPG,7,0.3753,Harka Piloto S,T3,3
Harka Piloto\2024_AUG_HPFS_S\2024_AUG_HPFS_S_T3\GOPR5632.JPG,Harka Piloto\2024_AUG_HPFS_S\2024_AUG_HPFS_S_T3\GOPR5632\Coral6.JPG,6,0.3244,Harka Piloto S,T3,3
Harka Piloto\2024_AUG_HPFS_S\2024_AUG_HPFS_S_T3\GOPR5632.JPG,Harka Piloto\2024_AUG_HPFS_S\2024_AUG_HPFS_S_T3\GOPR5632\Coral12.JPG,12,0.2221,Harka Piloto S,T3,3
Harka Piloto\2024_AUG_HPFS_S\2024_AUG_HPFS_S_T3\GOPR5632.JPG,Harka Piloto\2024_AUG_HPFS_S\2024_AUG_HPFS_S_T3\GOPR5632\Coral15.JPG,15,0.1757,Harka Piloto S,T3,3
Harka Piloto\2024_AUG_HPFS_S\2024_AUG_HPFS_S_T3\GOPR5632.JPG,Harka Piloto\2024_AUG_HPFS_S\2024_AUG_HPFS_S_T3\GOPR5632\Coral16.JPG,16,0.1558,Harka Piloto S,T3,3
Harka Piloto\2024_AUG_HPFS_S\2024_AUG_HPFS_S_T3\GOPR5609.JPG,Harka Piloto\2024_AUG_HPFS_S\2024_AUG_HPFS_S_T3\GOPR5609\Coral27.JPG,27,0.2179,Harka Piloto S,T3,3
Harka Piloto\2024_AUG_HPFS_S\2024_AUG_HPFS_S_T3\GOPR5609.JPG,Harka Piloto\2024_AUG_HPFS_S\2024_AUG_HPFS_S_T3\GOPR5609\Coral17.JPG,17,0.3393,Harka Piloto S,T3,3
Harka Piloto\2024_AUG_HPFS_S\2024_AUG_HPFS_S_T3\GOPR5609.JPG,Harka Piloto\2024_AUG_HPFS_S\2024_AUG_HPFS_S_T3\GOPR5609\Coral23.JPG,23,0.2697,Harka Piloto S,T3,3
Harka Piloto\2024_AUG_HPFS_S\2024_AUG_HPFS_S_T3\GOPR5609.JPG,Harka Piloto\2024_AUG_HPFS_S\2024_AUG_HPFS_S_T3\GOPR5609\Coral29.JPG,29,0.1575,Harka Piloto S,T3,3
Harka Piloto\2024_AUG_HPFS_S\2024_AUG_HPFS_S_T3\GOPR5609.JPG,Harka Piloto\2024_AUG_HPFS_S\2024_AUG_HPFS_S_T3\GOPR5609\Coral12.JPG,12,0.5181,Harka Piloto S,T3,3
Harka Piloto\2024_AUG_HPFS_S\2024_AUG_HPFS_S_T3\GOPR5609.JPG,Harka Piloto\2024_AUG_HPFS_S\2024_AUG_HPFS_S_T3\GOPR5609\Coral14.JPG,14,0.4391,Harka Piloto S,T3,3
Harka Piloto\2024_AUG_HPFS_S\2024_AUG_HPFS_S_T3\GOPR5609.JPG,Harka Piloto\2024_AUG_HPFS_S\2024_AUG_HPFS_S_T3\GOPR5609\Coral21.JPG,21,0.2784,Harka Piloto S,T3,3
Harka Piloto\2024_HP_JUL_S\HP_S_T3\GOPR3820.JPG,Harka Piloto\2024_HP_JUL_S\HP_S_T3\GOPR3820\Coral11.JPG,11,0.4438,Harka Piloto S,T3,3
Harka Piloto\2024_HP_JUL_S\HP_S_T3\GOPR3820.JPG,Harka Piloto\2024_HP_JUL_S\HP_S_T3\GOPR3820\Coral10.JPG,10,0.457,Harka Piloto S,T3,3
Harka Piloto\2024_HP_JUL_S\HP_S_T3\GOPR3820.JPG,Harka Piloto\2024_HP_JUL_S\HP_S_T3\GOPR3820\Coral13.JPG,13,0.4281,Harka Piloto S,T3,3
Harka Piloto\2024_HP_JUL_S\HP_S_T3\GOPR3820.JPG,Harka Piloto\2024_HP_JUL_S\HP_S_T3\GOPR3820\Coral27.JPG,27,0.1979,Harka Piloto S,T3,3
Harka Piloto\2024_HP_JUL_S\HP_S_T3\GOPR3820.JPG,Harka Piloto\2024_HP_JUL_S\HP_S_T3\GOPR3820\Coral18.JPG,18,0.343,Harka Piloto S,T3,3
Harka Piloto\2024_HP_JUL_S\HP_S_T3\GOPR3845.JPG,Harka Piloto\2024_HP_JUL_S\HP_S_T3\GOPR3845\Coral19.JPG,19,0.2829,Harka Piloto S,T3,3
Harka Piloto\2024_HP_JUL_S\HP_S_T3\GOPR3845.JPG,Harka Piloto\2024_HP_JUL_S\HP_S_T3\GOPR3845\Coral17.JPG,17,0.2886,Harka Piloto S,T3,3
Harka Piloto\2024_HP_JUL_S\HP_S_T3\GOPR3845.JPG,Harka Piloto\2024_HP_JUL_S\HP_S_T3\GOPR3845\Coral27.JPG,27,0.1848,Harka Piloto S,T3,3
Harka Piloto\2024_HP_JUL_S\HP_S_T3\GOPR3845.JPG,Harka Piloto\2024_HP_JUL_S\HP_S_T3\GOPR3845\Coral16.JPG,16,0.2969,Harka Piloto S,T3,3
Harka Piloto\2024_HP_JUL_S\HP_S_T3\GOPR3845.JPG,Harka Piloto\2024_HP_JUL_S\HP_S_T3\GOPR3845\Coral1.JPG,1,0.7009,Harka Piloto S,T3,3
Harka Piloto\2024_HP_JUL_S\HP_S_T3\GOPR3800.JPG,Harka Piloto\2024_HP_JUL_S\HP_S_T3\GOPR3800\Coral6.JPG,6,0.598,Harka Piloto S,T3,3
Harka Piloto\2024_HP_JUL_S\HP_S_T3\GOPR3800.JPG,Harka Piloto\2024_HP_JUL_S\HP_S_T3\GOPR3800\Coral44.JPG,44,0.233,Harka Piloto S,T3,3
Harka Piloto\2024_HP_JUL_S\HP_S_T3\GOPR3800.JPG,Harka Piloto\2024_HP_JUL_S\HP_S_T3\GOPR3800\Coral40.JPG,40,0.254,Harka Piloto S,T3,3
Harka Piloto\2024_HP_JUL_S\HP_S_T3\GOPR3800.JPG,Harka Piloto\2024_HP_JUL_S\HP_S_T3\GOPR3800\Coral56.JPG,56,0.1589,Harka Piloto S,T3,3
Harka Piloto\2024_HP_JUL_S\HP_S_T3\GOPR3800.JPG,Harka Piloto\2024_HP_JUL_S\HP_S_T3\GOPR3800\Coral13.JPG,13,0.4867,Harka Piloto S,T3,3
Harka Piloto\2024_HP_JUL_S\HP_S_T3\GOPR3800.JPG,Harka Piloto\2024_HP_JUL_S\HP_S_T3\GOPR3800\Coral2.JPG,2,0.6817,Harka Piloto S,T3,3
Harka Piloto\2024_HP_JUL_S\HP_S_T3\GOPR3800.JPG,Harka Piloto\2024_HP_JUL_S\HP_S_T3\GOPR3800\Coral45.JPG,45,0.2241,Harka Piloto S,T3,3
Harka Piloto\2024_HP_JUL_S\HP_S_T3\GOPR3800.JPG,Harka Piloto\2024_HP_JUL_S\HP_S_T3\GOPR3800\Coral26.JPG,26,0.3609,Harka Piloto S,T3,3
Harka Piloto\2024_HP_JUL_S\HP_S_T3\GOPR3800.JPG,Harka Piloto\2024_HP_JUL_S\HP_S_T3\GOPR3800\Coral34.JPG,34,0.295,Harka Piloto S,T3,3
Harka Piloto\2024_HP_JUL_S\HP_S_T3\GOPR3800.JPG,Harka Piloto\2024_HP_JUL_S\HP_S_T3\GOPR3800\Coral30.JPG,30,0.3134,Harka Piloto S,T3,3
Harka Piloto\2024_AUG_HPFS_S\2024_AUG_HPFS_S_T3\GOPR5600.JPG,Harka Piloto\2024_AUG_HPFS_S\2024_AUG_HPFS_S_T3\GOPR5600\Coral4.JPG,4,0.4751,Harka Piloto S,T3,3
Harka Piloto\2024_AUG_HPFS_S\2024_AUG_HPFS_S_T3\GOPR5600.JPG,Harka Piloto\2024_AUG_HPFS_S\2024_AUG_HPFS_S_T3\GOPR5600\Coral11.JPG,11,0.3864,Harka Piloto S,T3,3
Harka Piloto\2024_AUG_HPFS_S\2024_AUG_HPFS_S_T3\GOPR5600.JPG,Harka Piloto\2024_AUG_HPFS_S\2024_AUG_HPFS_S_T3\GOPR5600\Coral7.JPG,7,0.4216,Harka Piloto S,T3,3
Harka Piloto\2024_HP_JUL_S\HP_S_T3\GOPR3816.JPG,Harka Piloto\2024_HP_JUL_S\HP_S_T3\GOPR3816\Coral8.JPG,8,0.5512,Harka Piloto S,T3,3
Harka Piloto\2024_HP_JUL_S\HP_S_T3\GOPR3816.JPG,Harka Piloto\2024_HP_JUL_S\HP_S_T3\GOPR3816\Coral6.JPG,6,0.5866,Harka Piloto S,T3,3
Harka Piloto\2024_HP_JUL_S\HP_S_T3\GOPR3816.JPG,Harka Piloto\2024_HP_JUL_S\HP_S_T3\GOPR3816\Coral31.JPG,31,0.2914,Harka Piloto S,T3,3
Harka Piloto\2024_HP_JUL_S\HP_S_T3\GOPR3816.JPG,Harka Piloto\2024_HP_JUL_S\HP_S_T3\GOPR3816\Coral33.JPG,33,0.2493,Harka Piloto S,T3,3
Harka Piloto\2024_HP_JUL_S\HP_S_T3\GOPR3816.JPG,Harka Piloto\2024_HP_JUL_S\HP_S_T3\GOPR3816\Coral28.JPG,28,0.316,Harka Piloto S,T3,3
Harka Piloto\2024_HP_JUL_S\HP_S_T3\GOPR3816.JPG,Harka Piloto\2024_HP_JUL_S\HP_S_T3\GOPR3816\Coral9.JPG,9,0.5479,Harka Piloto S,T3,3
Harka Piloto\2024_HP_JUL_S\HP_S_T3\GOPR3816.JPG,Harka Piloto\2024_HP_JUL_S\HP_S_T3\GOPR3816\Coral22.JPG,22,0.3875,Harka Piloto S,T3,3
Harka Piloto\2024_HP_JUL_S\HP_S_T3\GOPR3816.JPG,Harka Piloto\2024_HP_JUL_S\HP_S_T3\GOPR3816\Coral14.JPG,14,0.4683,Harka Piloto S,T3,3
Harka Piloto\2024_HP_JUL_S\HP_S_T3\GOPR3822.JPG,Harka Piloto\2024_HP_JUL_S\HP_S_T3\GOPR3822\Coral15.JPG,15,0.3311,Harka Piloto S,T3,3
Harka Piloto\2024_HP_JUL_S\HP_S_T3\GOPR3822.JPG,Harka Piloto\2024_HP_JUL_S\HP_S_T3\GOPR3822\Coral30.JPG,30,0.1526,Harka Piloto S,T3,3
Harka Piloto\2024_AUG_HPFS_D\2024_AUG_HPFS_D_T1\GOPR5304.JPG,Harka Piloto\2024_AUG_HPFS_D\2024_AUG_HPFS_D_T1\GOPR5304\Coral15.JPG,15,0.512,Harka Piloto D,T1,3
Harka Piloto\2024_HPFS_JUL_D\HP_D_T1\GOPR3571.JPG,Harka Piloto\2024_HPFS_JUL_D\HP_D_T1\GOPR3571\Coral48.JPG,48,0.2048,Harka Piloto D,T1,3
Harka Piloto\2024_AUG_HPFS_D\2024_AUG_HPFS_D_T1\GOPR5340.JPG,Harka Piloto\2024_AUG_HPFS_D\2024_AUG_HPFS_D_T1\GOPR5340\Coral29.JPG,29,0.2672,Harka Piloto D,T1,3
Harka Piloto\2024_HPFS_JUL_D\HP_D_T1\GOPR3592.JPG,Harka Piloto\2024_HPFS_JUL_D\HP_D_T1\GOPR3592\Coral82.JPG,82,0.1913,Harka Piloto D,T1,3
Harka Piloto\2024_HPFS_JUL_D\HP_D_T1\GOPR3611.JPG,Harka Piloto\2024_HPFS_JUL_D\HP_D_T1\GOPR3611\Coral37.JPG,37,0.1924,Harka Piloto D,T1,3
Harka Piloto\2024_AUG_HPFS_D\2024_AUG_HPFS_D_T1\GOPR5336.JPG,Harka Piloto\2024_AUG_HPFS_D\2024_AUG_HPFS_D_T1\GOPR5336\Coral13.JPG,13,0.52,Harka Piloto D,T1,3
Harka Piloto\2024_HPFS_JUL_D\HP_D_T1\GOPR3603.JPG,Harka Piloto\2024_HPFS_JUL_D\HP_D_T1\GOPR3603\Coral6.JPG,6,0.6878,Harka Piloto D,T1,3
Harka Piloto\2024_AUG_HPFS_D\2024_AUG_HPFS_D_T1\GOPR5308.JPG,Harka Piloto\2024_AUG_HPFS_D\2024_AUG_HPFS_D_T1\GOPR5308\Coral11.JPG,11,0.4398,Harka Piloto D,T1,3
Harka Piloto\2024_HPFS_JUL_D\HP_D_T1\GOPR3567.JPG,Harka Piloto\2024_HPFS_JUL_D\HP_D_T1\GOPR3567\Coral28.JPG,28,0.4276,Harka Piloto D,T1,3
Harka Piloto\2024_AUG_HPFS_D\2024_AUG_HPFS_D_T1\GOPR5317.JPG,Harka Piloto\2024_AUG_HPFS_D\2024_AUG_HPFS_D_T1\GOPR5317\Coral25.JPG,25,0.2231,Harka Piloto D,T1,3
Harka Piloto\2024_AUG_HPFS_D\2024_AUG_HPFS_D_T1\GOPR5337.JPG,Harka Piloto\2024_AUG_HPFS_D\2024_AUG_HPFS_D_T1\GOPR5337\Coral5.JPG,5,0.3067,Harka Piloto D,T1,3
Harka Piloto\2024_HPFS_JUL_D\HP_D_T1\GOPR3577.JPG,Harka Piloto\2024_HPFS_JUL_D\HP_D_T1\GOPR3577\Coral19.JPG,19,0.2807,Harka Piloto D,T1,3
Harka Piloto\2024_HPFS_JUL_D\HP_D_T1\GOPR3586.JPG,Harka Piloto\2024_HPFS_JUL_D\HP_D_T1\GOPR3586\Coral67.JPG,67,0.2987,Harka Piloto D,T1,3
Harka Piloto\2024_HPFS_JUL_D\HP_D_T1\GOPR3584.JPG,Harka Piloto\2024_HPFS_JUL_D\HP_D_T1\GOPR3584\Coral4.JPG,4,0.6919,Harka Piloto D,T1,3
Harka Piloto\2024_AUG_HPFS_D\2024_AUG_HPFS_D_T1\GOPR5323.JPG,Harka Piloto\2024_AUG_HPFS_D\2024_AUG_HPFS_D_T1\GOPR5323\Coral9.JPG,9,0.4009,Harka Piloto D,T1,3
Harka Piloto\2024_AUG_HPFS_D\2024_AUG_HPFS_D_T1\GOPR5300.JPG,Harka Piloto\2024_AUG_HPFS_D\2024_AUG_HPFS_D_T1\GOPR5300\Coral59.JPG,59,0.2631,Harka Piloto D,T1,3
Harka Piloto\2024_AUG_HPFS_D\2024_AUG_HPFS_D_T1\GOPR5299.JPG,Harka Piloto\2024_AUG_HPFS_D\2024_AUG_HPFS_D_T1\GOPR5299\Coral23.JPG,23,0.5428,Harka Piloto D,T1,3
Harka Piloto\2024_AUG_HPFS_D\2024_AUG_HPFS_D_T1\GOPR5316.JPG,Harka Piloto\2024_AUG_HPFS_D\2024_AUG_HPFS_D_T1\GOPR5316\Coral10.JPG,10,0.4127,Harka Piloto D,T1,3
Harka Piloto\2024_HPFS_JUL_D\HP_D_T1\GOPR3564.JPG,Harka Piloto\2024_HPFS_JUL_D\HP_D_T1\GOPR3564\Coral7.JPG,7,0.4791,Harka Piloto D,T1,3
Harka Piloto\2024_HPFS_JUL_D\HP_D_T1\GOPR3593.JPG,Harka Piloto\2024_HPFS_JUL_D\HP_D_T1\GOPR3593\Coral66.JPG,66,0.1956,Harka Piloto D,T1,3
Harka Piloto\2024_HPFS_JUL_D\HP_D_T1\GOPR3570.JPG,Harka Piloto\2024_HPFS_JUL_D\HP_D_T1\GOPR3570\Coral12.JPG,12,0.5034,Harka Piloto D,T1,3
Harka Piloto\2024_HPFS_JUL_D\HP_D_T1\GOPR3574.JPG,Harka Piloto\2024_HPFS_JUL_D\HP_D_T1\GOPR3574\Coral104.JPG,104,0.2731,Harka Piloto D,T1,3
Harka Piloto\2024_HPFS_JUL_D\HP_D_T1\GOPR3602.JPG,Harka Piloto\2024_HPFS_JUL_D\HP_D_T1\GOPR3602\Coral9.JPG,9,0.4474,Harka Piloto D,T1,3
Harka Piloto\2024_HPFS_JUL_D\HP_D_T1\GOPR3592.JPG,Harka Piloto\2024_HPFS_JUL_D\HP_D_T1\GOPR3592\Coral39.JPG,39,0.3631,Harka Piloto D,T1,3
Harka Piloto\2024_HPFS_JUL_D\HP_D_T1\GOPR3585.JPG,Harka Piloto\2024_HPFS_JUL_D\HP_D_T1\GOPR3585\Coral146.JPG,146,0.1628,Harka Piloto D,T1,3
Harka Piloto\2024_AUG_HPFS_D\2024_AUG_HPFS_D_T1\GOPR5324.JPG,Harka Piloto\2024_AUG_HPFS_D\2024_AUG_HPFS_D_T1\GOPR5324\Coral57.JPG,57,0.1521,Harka Piloto D,T1,3
Harka Piloto\2024_HPFS_JUL_D\HP_D_T1\GOPR3599.JPG,Harka Piloto\2024_HPFS_JUL_D\HP_D_T1\GOPR3599\Coral47.JPG,47,0.1625,Harka Piloto D,T1,3
Harka Piloto\2024_AUG_HPFS_D\2024_AUG_HPFS_D_T1\GOPR5334.JPG,Harka Piloto\2024_AUG_HPFS_D\2024_AUG_HPFS_D_T1\GOPR5334\Coral33.JPG,33,0.2053,Harka Piloto D,T1,3
Harka Piloto\2024_HPFS_JUL_D\HP_D_T1\GOPR3580.JPG,Harka Piloto\2024_HPFS_JUL_D\HP_D_T1\GOPR3580\Coral19.JPG,19,0.3964,Harka Piloto D,T1,3
Harka Piloto\2024_HPFS_JUL_D\HP_D_T1\GOPR3601.JPG,Harka Piloto\2024_HPFS_JUL_D\HP_D_T1\GOPR3601\Coral30.JPG,30,0.1958,Harka Piloto D,T1,3
Harka Piloto\2024_AUG_HPFS_D\2024_AUG_HPFS_D_T1\GOPR5338.JPG,Harka Piloto\2024_AUG_HPFS_D\2024_AUG_HPFS_D_T1\GOPR5338\Coral14.JPG,14,0.2357,Harka Piloto D,T1,3
Harka Piloto\2024_AUG_HPFS_D\2024_AUG_HPFS_D_T1\GOPR5320.JPG,Harka Piloto\2024_AUG_HPFS_D\2024_AUG_HPFS_D_T1\GOPR5320\Coral3.JPG,3,0.6977,Harka Piloto D,T1,3
Harka Piloto\2024_AUG_HPFS_D\2024_AUG_HPFS_D_T1\GOPR5291.JPG,Harka Piloto\2024_AUG_HPFS_D\2024_AUG_HPFS_D_T1\GOPR5291\Coral21.JPG,21,0.3184,Harka Piloto D,T1,3
Harka Piloto\2024_HPFS_JUL_D\HP_D_T1\GOPR3597.JPG,Harka Piloto\2024_HPFS_JUL_D\HP_D_T1\GOPR3597\Coral6.JPG,6,0.7357,Harka Piloto D,T1,3
Harka Piloto\2024_HPFS_JUL_D\HP_D_T1\GOPR3586.JPG,Harka Piloto\2024_HPFS_JUL_D\HP_D_T1\GOPR3586\Coral49.JPG,49,0.3777,Harka Piloto D,T1,3
Harka Piloto\2024_AUG_HPFS_D\2024_AUG_HPFS_D_T1\GOPR5306.JPG,Harka Piloto\2024_AUG_HPFS_D\2024_AUG_HPFS_D_T1\GOPR5306\Coral18.JPG,18,0.3737,Harka Piloto D,T1,3
Harka Piloto\2024_HPFS_JUL_D\HP_D_T1\GOPR3562.JPG,Harka Piloto\2024_HPFS_JUL_D\HP_D_T1\GOPR3562\Coral35.JPG,35,0.3396,Harka Piloto D,T1,3
Harka Piloto\2024_AUG_HPFS_D\2024_AUG_HPFS_D_T1\GOPR5316.JPG,Harka Piloto\2024_AUG_HPFS_D\2024_AUG_HPFS_D_T1\GOPR5316\Coral11.JPG,11,0.357,Harka Piloto D,T1,3
Harka Piloto\2024_HPFS_JUL_D\HP_D_T1\GOPR3573.JPG,Harka Piloto\2024_HPFS_JUL_D\HP_D_T1\GOPR3573\Coral85.JPG,85,0.1768,Harka Piloto D,T1,3
Harka Piloto\2024_AUG_HPFS_D\2024_AUG_HPFS_D_T1\GOPR5326.JPG,Harka Piloto\2024_AUG_HPFS_D\2024_AUG_HPFS_D_T1\GOPR5326\Coral26.JPG,26,0.2965,Harka Piloto D,T1,3
Harka Piloto\2024_AUG_HPFS_D\2024_AUG_HPFS_D_T1\GOPR5310.JPG,Harka Piloto\2024_AUG_HPFS_D\2024_AUG_HPFS_D_T1\GOPR5310\Coral54.JPG,54,0.1736,Harka Piloto D,T1,3
Harka Piloto\2024_AUG_HPFS_D\2024_AUG_HPFS_D_T1\GOPR5303.JPG,Harka Piloto\2024_AUG_HPFS_D\2024_AUG_HPFS_D_T1\GOPR5303\Coral77.JPG,77,0.1723,Harka Piloto D,T1,3
Harka Piloto\2024_AUG_HPFS_D\2024_AUG_HPFS_D_T1\GOPR5307.JPG,Harka Piloto\2024_AUG_HPFS_D\2024_AUG_HPFS_D_T1\GOPR5307\Coral56.JPG,56,0.3424,Harka Piloto D,T1,3
Harka Piloto\2024_AUG_HPFS_D\2024_AUG_HPFS_D_T1\GOPR5336.JPG,Harka Piloto\2024_AUG_HPFS_D\2024_AUG_HPFS_D_T1\GOPR5336\Coral42.JPG,42,0.1944,Harka Piloto D,T1,3
Harka Piloto\2024_AUG_HPFS_D\2024_AUG_HPFS_D_T1\GOPR5324.JPG,Harka Piloto\2024_AUG_HPFS_D\2024_AUG_HPFS_D_T1\GOPR5324\Coral29.JPG,29,0.2886,Harka Piloto D,T1,3
Harka Piloto\2024_AUG_HPFS_D\2024_AUG_HPFS_D_T1\GOPR5297.JPG,Harka Piloto\2024_AUG_HPFS_D\2024_AUG_HPFS_D_T1\GOPR5297\Coral16.JPG,16,0.4057,Harka Piloto D,T1,3
Harka Piloto\2024_AUG_HPFS_D\2024_AUG_HPFS_D_T1\GOPR5292.JPG,Harka Piloto\2024_AUG_HPFS_D\2024_AUG_HPFS_D_T1\GOPR5292\Coral33.JPG,33,0.1882,Harka Piloto D,T1,3
Harka Piloto\2024_HPFS_JUL_D\HP_D_T1\GOPR3580.JPG,Harka Piloto\2024_HPFS_JUL_D\HP_D_T1\GOPR3580\Coral4.JPG,4,0.6272,Harka Piloto D,T1,3
Harka Piloto\2024_AUG_HPFS_D\2024_AUG_HPFS_D_T1\GOPR5291.JPG,Harka Piloto\2024_AUG_HPFS_D\2024_AUG_HPFS_D_T1\GOPR5291\Coral24.JPG,24,0.2895,Harka Piloto D,T1,3
Harka Piloto\2024_HPFS_JUL_D\HP_D_T1\GOPR3584.JPG,Harka Piloto\2024_HPFS_JUL_D\HP_D_T1\GOPR3584\Coral44.JPG,44,0.2764,Harka Piloto D,T1,3
Harka Piloto\2024_HPFS_JUL_D\HP_D_T1\GOPR3593.JPG,Harka Piloto\2024_HPFS_JUL_D\HP_D_T1\GOPR3593\Coral68.JPG,68,0.1923,Harka Piloto D,T1,3
Harka Piloto\2024_HPFS_JUL_D\HP_D_T1\GOPR3572.JPG,Harka Piloto\2024_HPFS_JUL_D\HP_D_T1\GOPR3572\Coral21.JPG,21,0.4127,Harka Piloto D,T1,3
Harka Piloto\2024_HPFS_JUL_D\HP_D_T1\GOPR3572.JPG,Harka Piloto\2024_HPFS_JUL_D\HP_D_T1\GOPR3572\Coral42.JPG,42,0.21,Harka Piloto D,T1,3
Harka Piloto\2024_HPFS_JUL_D\HP_D_T1\GOPR3572.JPG,Harka Piloto\2024_HPFS_JUL_D\HP_D_T1\GOPR3572\Coral39.JPG,39,0.2206,Harka Piloto D,T1,3
Harka Piloto\2024_HPFS_JUL_D\HP_D_T1\GOPR3572.JPG,Harka Piloto\2024_HPFS_JUL_D\HP_D_T1\GOPR3572\Coral32.JPG,32,0.2455,Harka Piloto D,T1,3
Harka Piloto\2024_HPFS_JUL_D\HP_D_T1\GOPR3572.JPG,Harka Piloto\2024_HPFS_JUL_D\HP_D_T1\GOPR3572\Coral25.JPG,25,0.3648,Harka Piloto D,T1,3
Harka Piloto\2024_HPFS_JUL_D\HP_D_T1\GOPR3572.JPG,Harka Piloto\2024_HPFS_JUL_D\HP_D_T1\GOPR3572\Coral38.JPG,38,0.2315,Harka Piloto D,T1,3
Harka Piloto\2024_HPFS_JUL_D\HP_D_T1\GOPR3572.JPG,Harka Piloto\2024_HPFS_JUL_D\HP_D_T1\GOPR3572\Coral36.JPG,36,0.2388,Harka Piloto D,T1,3
Harka Piloto\2024_HPFS_JUL_D\HP_D_T1\GOPR3572.JPG,Harka Piloto\2024_HPFS_JUL_D\HP_D_T1\GOPR3572\Coral46.JPG,46,0.2006,Harka Piloto D,T1,3
Harka Piloto\2024_HPFS_JUL_D\HP_D_T1\GOPR3572.JPG,Harka Piloto\2024_HPFS_JUL_D\HP_D_T1\GOPR3572\Coral17.JPG,17,0.4511,Harka Piloto D,T1,3
Harka Piloto\2024_HPFS_JUL_D\HP_D_T1\GOPR3572.JPG,Harka Piloto\2024_HPFS_JUL_D\HP_D_T1\GOPR3572\Coral35.JPG,35,0.2408,Harka Piloto D,T1,3
Harka Piloto\2024_AUG_HPFS_D\2024_AUG_HPFS_D_T1\GOPR5335.JPG,Harka Piloto\2024_AUG_HPFS_D\2024_AUG_HPFS_D_T1\GOPR5335\Coral4.JPG,4,0.7196,Harka Piloto D,T1,3
Harka Piloto\2024_AUG_HPFS_D\2024_AUG_HPFS_D_T1\GOPR5335.JPG,Harka Piloto\2024_AUG_HPFS_D\2024_AUG_HPFS_D_T1\GOPR5335\Coral80.JPG,80,0.1876,Harka Piloto D,T1,3
Harka Piloto\2024_AUG_HPFS_D\2024_AUG_HPFS_D_T1\GOPR5335.JPG,Harka Piloto\2024_AUG_HPFS_D\2024_AUG_HPFS_D_T1\GOPR5335\Coral63.JPG,63,0.2397,Harka Piloto D,T1,3
Harka Piloto\2024_AUG_HPFS_D\2024_AUG_HPFS_D_T1\GOPR5335.JPG,Harka Piloto\2024_AUG_HPFS_D\2024_AUG_HPFS_D_T1\GOPR5335\Coral39.JPG,39,0.373,Harka Piloto D,T1,3
Harka Piloto\2024_AUG_HPFS_D\2024_AUG_HPFS_D_T1\GOPR5335.JPG,Harka Piloto\2024_AUG_HPFS_D\2024_AUG_HPFS_D_T1\GOPR5335\Coral45.JPG,45,0.3294,Harka Piloto D,T1,3
Harka Piloto\2024_AUG_HPFS_D\2024_AUG_HPFS_D_T1\GOPR5335.JPG,Harka Piloto\2024_AUG_HPFS_D\2024_AUG_HPFS_D_T1\GOPR5335\Coral21.JPG,21,0.5075,Harka Piloto D,T1,3
Harka Piloto\2024_AUG_HPFS_D\2024_AUG_HPFS_D_T1\GOPR5335.JPG,Harka Piloto\2024_AUG_HPFS_D\2024_AUG_HPFS_D_T1\GOPR5335\Coral47.JPG,47,0.3178,Harka Piloto D,T1,3
Harka Piloto\2024_AUG_HPFS_D\2024_AUG_HPFS_D_T1\GOPR5335.JPG,Harka Piloto\2024_AUG_HPFS_D\2024_AUG_HPFS_D_T1\GOPR5335\Coral40.JPG,40,0.3706,Harka Piloto D,T1,3
Harka Piloto\2024_AUG_HPFS_D\2024_AUG_HPFS_D_T1\GOPR5335.JPG,Harka Piloto\2024_AUG_HPFS_D\2024_AUG_HPFS_D_T1\GOPR5335\Coral34.JPG,34,0.4037,Harka Piloto D,T1,3
Harka Piloto\2024_AUG_HPFS_D\2024_AUG_HPFS_D_T1\GOPR5335.JPG,Harka Piloto\2024_AUG_HPFS_D\2024_AUG_HPFS_D_T1\GOPR5335\Coral15.JPG,15,0.5626,Harka Piloto D,T1,3
Harka Piloto\2024_AUG_HPFS_D\2024_AUG_HPFS_D_T1\GOPR5335.JPG,Harka Piloto\2024_AUG_HPFS_D\2024_AUG_HPFS_D_T1\GOPR5335\Coral68.JPG,68,0.2195,Harka Piloto D,T1,3
Harka Piloto\2024_AUG_HPFS_D\2024_AUG_HPFS_D_T1\GOPR5335.JPG,Harka Piloto\2024_AUG_HPFS_D\2024_AUG_HPFS_D_T1\GOPR5335\Coral16.JPG,16,0.5542,Harka Piloto D,T1,3
Harka Piloto\2024_AUG_HPFS_D\2024_AUG_HPFS_D_T1\GOPR5335.JPG,Harka Piloto\2024_AUG_HPFS_D\2024_AUG_HPFS_D_T1\GOPR5335\Coral54.JPG,54,0.2863,Harka Piloto D,T1,3
Harka Piloto\2024_AUG_HPFS_D\2024_AUG_HPFS_D_T1\GOPR5335.JPG,Harka Piloto\2024_AUG_HPFS_D\2024_AUG_HPFS_D_T1\GOPR5335\Coral37.JPG,37,0.3959,Harka Piloto D,T1,3
Harka Piloto\2024_AUG_HPFS_D\2024_AUG_HPFS_D_T1\GOPR5335.JPG,Harka Piloto\2024_AUG_HPFS_D\2024_AUG_HPFS_D_T1\GOPR5335\Coral74.JPG,74,0.1974,Harka Piloto D,T1,3
Harka Piloto\2024_AUG_HPFS_D\2024_AUG_HPFS_D_T1\GOPR5335.JPG,Harka Piloto\2024_AUG_HPFS_D\2024_AUG_HPFS_D_T1\GOPR5335\Coral19.JPG,19,0.5329,Harka Piloto D,T1,3
Harka Piloto\2024_AUG_HPFS_D\2024_AUG_HPFS_D_T1\GOPR5335.JPG,Harka Piloto\2024_AUG_HPFS_D\2024_AUG_HPFS_D_T1\GOPR5335\Coral5.JPG,5,0.7195,Harka Piloto D,T1,3
Harka Piloto\2024_AUG_HPFS_D\2024_AUG_HPFS_D_T1\GOPR5335.JPG,Harka Piloto\2024_AUG_HPFS_D\2024_AUG_HPFS_D_T1\GOPR5335\Coral20.JPG,20,0.52,Harka Piloto D,T1,3
Harka Piloto\2024_AUG_HPFS_D\2024_AUG_HPFS_D_T1\GOPR5335.JPG,Harka Piloto\2024_AUG_HPFS_D\2024_AUG_HPFS_D_T1\GOPR5335\Coral24.JPG,24,0.4608,Harka Piloto D,T1,3
Harka Piloto\2024_HPFS_JUL_D\HP_D_T1\GOPR3570.JPG,Harka Piloto\2024_HPFS_JUL_D\HP_D_T1\GOPR3570\Coral39.JPG,39,0.2819,Harka Piloto D,T1,3
Harka Piloto\2024_HPFS_JUL_D\HP_D_T1\GOPR3570.JPG,Harka Piloto\2024_HPFS_JUL_D\HP_D_T1\GOPR3570\Coral3.JPG,3,0.6977,Harka Piloto D,T1,3
Harka Piloto\2024_HPFS_JUL_D\HP_D_T1\GOPR3570.JPG,Harka Piloto\2024_HPFS_JUL_D\HP_D_T1\GOPR3570\Coral41.JPG,41,0.2747,Harka Piloto D,T1,3
Harka Piloto\2024_HPFS_JUL_D\HP_D_T1\GOPR3570.JPG,Harka Piloto\2024_HPFS_JUL_D\HP_D_T1\GOPR3570\Coral5.JPG,5,0.653,Harka Piloto D,T1,3
Harka Piloto\2024_HPFS_JUL_D\HP_D_T1\GOPR3570.JPG,Harka Piloto\2024_HPFS_JUL_D\HP_D_T1\GOPR3570\Coral21.JPG,21,0.4354,Harka Piloto D,T1,3
Harka Piloto\2024_HPFS_JUL_D\HP_D_T1\GOPR3570.JPG,Harka Piloto\2024_HPFS_JUL_D\HP_D_T1\GOPR3570\Coral22.JPG,22,0.4205,Harka Piloto D,T1,3
Harka Piloto\2024_HPFS_JUL_D\HP_D_T1\GOPR3570.JPG,Harka Piloto\2024_HPFS_JUL_D\HP_D_T1\GOPR3570\Coral11.JPG,11,0.5109,Harka Piloto D,T1,3
Harka Piloto\2024_HPFS_JUL_D\HP_D_T1\GOPR3570.JPG,Harka Piloto\2024_HPFS_JUL_D\HP_D_T1\GOPR3570\Coral34.JPG,34,0.2959,Harka Piloto D,T1,3
Harka Piloto\2024_HPFS_JUL_D\HP_D_T1\GOPR3570.JPG,Harka Piloto\2024_HPFS_JUL_D\HP_D_T1\GOPR3570\Coral42.JPG,42,0.2598,Harka Piloto D,T1,3
Harka Piloto\2024_HPFS_JUL_D\HP_D_T1\GOPR3570.JPG,Harka Piloto\2024_HPFS_JUL_D\HP_D_T1\GOPR3570\Coral46.JPG,46,0.2155,Harka Piloto D,T1,3
Harka Piloto\2024_HPFS_JUL_D\HP_D_T1\GOPR3570.JPG,Harka Piloto\2024_HPFS_JUL_D\HP_D_T1\GOPR3570\Coral20.JPG,20,0.4389,Harka Piloto D,T1,3
Harka Piloto\2024_HPFS_JUL_D\HP_D_T1\GOPR3570.JPG,Harka Piloto\2024_HPFS_JUL_D\HP_D_T1\GOPR3570\Coral44.JPG,44,0.2163,Harka Piloto D,T1,3
Harka Piloto\2024_HPFS_JUL_D\HP_D_T1\GOPR3570.JPG,Harka Piloto\2024_HPFS_JUL_D\HP_D_T1\GOPR3570\Coral54.JPG,54,0.1757,Harka Piloto D,T1,3
Harka Piloto\2024_HPFS_JUL_D\HP_D_T1\GOPR3570.JPG,Harka Piloto\2024_HPFS_JUL_D\HP_D_T1\GOPR3570\Coral45.JPG,45,0.2161,Harka Piloto D,T1,3
Harka Piloto\2024_HPFS_JUL_D\HP_D_T1\GOPR3563.JPG,Harka Piloto\2024_HPFS_JUL_D\HP_D_T1\GOPR3563\Coral20.JPG,20,0.3671,Harka Piloto D,T1,3
Harka Piloto\2024_HPFS_JUL_D\HP_D_T1\GOPR3563.JPG,Harka Piloto\2024_HPFS_JUL_D\HP_D_T1\GOPR3563\Coral12.JPG,12,0.5224,Harka Piloto D,T1,3
Harka Piloto\2024_HPFS_JUL_D\HP_D_T1\GOPR3563.JPG,Harka Piloto\2024_HPFS_JUL_D\HP_D_T1\GOPR3563\Coral10.JPG,10,0.5693,Harka Piloto D,T1,3
Harka Piloto\2024_HPFS_JUL_D\HP_D_T1\GOPR3563.JPG,Harka Piloto\2024_HPFS_JUL_D\HP_D_T1\GOPR3563\Coral22.JPG,22,0.331,Harka Piloto D,T1,3
Harka Piloto\2024_HPFS_JUL_D\HP_D_T1\GOPR3563.JPG,Harka Piloto\2024_HPFS_JUL_D\HP_D_T1\GOPR3563\Coral8.JPG,8,0.5902,Harka Piloto D,T1,3
Harka Piloto\2024_HPFS_JUL_D\HP_D_T1\GOPR3563.JPG,Harka Piloto\2024_HPFS_JUL_D\HP_D_T1\GOPR3563\Coral3.JPG,3,0.7266,Harka Piloto D,T1,3
Harka Piloto\2024_HPFS_JUL_D\HP_D_T1\GOPR3563.JPG,Harka Piloto\2024_HPFS_JUL_D\HP_D_T1\GOPR3563\Coral43.JPG,43,0.1842,Harka Piloto D,T1,3
Harka Piloto\2024_HPFS_JUL_D\HP_D_T1\GOPR3563.JPG,Harka Piloto\2024_HPFS_JUL_D\HP_D_T1\GOPR3563\Coral34.JPG,34,0.2393,Harka Piloto D,T1,3
Harka Piloto\2024_HPFS_JUL_D\HP_D_T1\GOPR3563.JPG,Harka Piloto\2024_HPFS_JUL_D\HP_D_T1\GOPR3563\Coral29.JPG,29,0.2914,Harka Piloto D,T1,3
Harka Piloto\2024_HPFS_JUL_D\HP_D_T1\GOPR3563.JPG,Harka Piloto\2024_HPFS_JUL_D\HP_D_T1\GOPR3563\Coral6.JPG,6,0.6384,Harka Piloto D,T1,3
Harka Piloto\2024_HPFS_JUL_D\HP_D_T1\GOPR3563.JPG,Harka Piloto\2024_HPFS_JUL_D\HP_D_T1\GOPR3563\Coral41.JPG,41,0.1851,Harka Piloto D,T1,3
Harka Piloto\2024_HPFS_JUL_D\HP_D_T1\GOPR3563.JPG,Harka Piloto\2024_HPFS_JUL_D\HP_D_T1\GOPR3563\Coral28.JPG,28,0.2946,Harka Piloto D,T1,3
Harka Piloto\2024_AUG_HPFS_D\2024_AUG_HPFS_D_T1\GOPR5294.JPG,Harka Piloto\2024_AUG_HPFS_D\2024_AUG_HPFS_D_T1\GOPR5294\Coral52.JPG,52,0.1505,Harka Piloto D,T1,3
Harka Piloto\2024_AUG_HPFS_D\2024_AUG_HPFS_D_T1\GOPR5294.JPG,Harka Piloto\2024_AUG_HPFS_D\2024_AUG_HPFS_D_T1\GOPR5294\Coral51.JPG,51,0.1586,Harka Piloto D,T1,3
Harka Piloto\2024_AUG_HPFS_D\2024_AUG_HPFS_D_T1\GOPR5294.JPG,Harka Piloto\2024_AUG_HPFS_D\2024_AUG_HPFS_D_T1\GOPR5294\Coral15.JPG,15,0.5255,Harka Piloto D,T1,3
Harka Piloto\2024_AUG_HPFS_D\2024_AUG_HPFS_D_T1\GOPR5294.JPG,Harka Piloto\2024_AUG_HPFS_D\2024_AUG_HPFS_D_T1\GOPR5294\Coral26.JPG,26,0.3459,Harka Piloto D,T1,3
Harka Piloto\2024_AUG_HPFS_D\2024_AUG_HPFS_D_T1\GOPR5294.JPG,Harka Piloto\2024_AUG_HPFS_D\2024_AUG_HPFS_D_T1\GOPR5294\Coral9.JPG,9,0.6388,Harka Piloto D,T1,3
Harka Piloto\2024_AUG_HPFS_D\2024_AUG_HPFS_D_T2\GOPR5369.JPG,Harka Piloto\2024_AUG_HPFS_D\2024_AUG_HPFS_D_T2\GOPR5369\Coral14.JPG,14,0.3699,Harka Piloto D,T2,3
Harka Piloto\2024_HPFS_JUL_D\HP_D_T2\GOPR3616.JPG,Harka Piloto\2024_HPFS_JUL_D\HP_D_T2\GOPR3616\Coral15.JPG,15,0.3551,Harka Piloto D,T2,3
Harka Piloto\2024_HPFS_JUL_D\HP_D_T2\GOPR3657.JPG,Harka Piloto\2024_HPFS_JUL_D\HP_D_T2\GOPR3657\Coral1.JPG,1,0.7697,Harka Piloto D,T2,3
Harka Piloto\2024_AUG_HPFS_D\2024_AUG_HPFS_D_T2\GOPR5398.JPG,Harka Piloto\2024_AUG_HPFS_D\2024_AUG_HPFS_D_T2\GOPR5398\Coral10.JPG,10,0.5195,Harka Piloto D,T2,3
Harka Piloto\2024_HPFS_JUL_D\HP_D_T2\GOPR3633.JPG,Harka Piloto\2024_HPFS_JUL_D\HP_D_T2\GOPR3633\Coral3.JPG,3,0.6618,Harka Piloto D,T2,3
Harka Piloto\2024_AUG_HPFS_D\2024_AUG_HPFS_D_T2\GOPR5370.JPG,Harka Piloto\2024_AUG_HPFS_D\2024_AUG_HPFS_D_T2\GOPR5370\Coral27.JPG,27,0.354,Harka Piloto D,T2,3
Harka Piloto\2024_AUG_HPFS_D\2024_AUG_HPFS_D_T2\GOPR5395.JPG,Harka Piloto\2024_AUG_HPFS_D\2024_AUG_HPFS_D_T2\GOPR5395\Coral1.JPG,1,0.7181,Harka Piloto D,T2,3
Harka Piloto\2024_HPFS_JUL_D\HP_D_T2\GOPR3648.JPG,Harka Piloto\2024_HPFS_JUL_D\HP_D_T2\GOPR3648\Coral5.JPG,5,0.6595,Harka Piloto D,T2,3
Harka Piloto\2024_HPFS_JUL_D\HP_D_T2\GOPR3649.JPG,Harka Piloto\2024_HPFS_JUL_D\HP_D_T2\GOPR3649\Coral28.JPG,28,0.192,Harka Piloto D,T2,3
Harka Piloto\2024_AUG_HPFS_D\2024_AUG_HPFS_D_T2\GOPR5354.JPG,Harka Piloto\2024_AUG_HPFS_D\2024_AUG_HPFS_D_T2\GOPR5354\Coral40.JPG,40,0.226,Harka Piloto D,T2,3
Harka Piloto\2024_HPFS_JUL_D\HP_D_T2\GOPR3643.JPG,Harka Piloto\2024_HPFS_JUL_D\HP_D_T2\GOPR3643\Coral20.JPG,20,0.4249,Harka Piloto D,T2,3
Harka Piloto\2024_HPFS_JUL_D\HP_D_T2\GOPR3632.JPG,Harka Piloto\2024_HPFS_JUL_D\HP_D_T2\GOPR3632\Coral10.JPG,10,0.315,Harka Piloto D,T2,3
Harka Piloto\2024_AUG_HPFS_D\2024_AUG_HPFS_D_T2\GOPR5380.JPG,Harka Piloto\2024_AUG_HPFS_D\2024_AUG_HPFS_D_T2\GOPR5380\Coral10.JPG,10,0.2958,Harka Piloto D,T2,3
Harka Piloto\2024_HPFS_JUL_D\HP_D_T2\GOPR3655.JPG,Harka Piloto\2024_HPFS_JUL_D\HP_D_T2\GOPR3655\Coral34.JPG,34,0.265,Harka Piloto D,T2,3
Harka Piloto\2024_HPFS_JUL_D\HP_D_T2\GOPR3644.JPG,Harka Piloto\2024_HPFS_JUL_D\HP_D_T2\GOPR3644\Coral18.JPG,18,0.4209,Harka Piloto D,T2,3
Harka Piloto\2024_HPFS_JUL_D\HP_D_T2\GOPR3626.JPG,Harka Piloto\2024_HPFS_JUL_D\HP_D_T2\GOPR3626\Coral16.JPG,16,0.5465,Harka Piloto D,T2,3
Harka Piloto\2024_AUG_HPFS_D\2024_AUG_HPFS_D_T2\GOPR5399.JPG,Harka Piloto\2024_AUG_HPFS_D\2024_AUG_HPFS_D_T2\GOPR5399\Coral24.JPG,24,0.2207,Harka Piloto D,T2,3
Harka Piloto\2024_HPFS_JUL_D\HP_D_T2\GOPR3646.JPG,Harka Piloto\2024_HPFS_JUL_D\HP_D_T2\GOPR3646\Coral13.JPG,13,0.5327,Harka Piloto D,T2,3
Harka Piloto\2024_AUG_HPFS_D\2024_AUG_HPFS_D_T2\GOPR5360.JPG,Harka Piloto\2024_AUG_HPFS_D\2024_AUG_HPFS_D_T2\GOPR5360\Coral11.JPG,11,0.581,Harka Piloto D,T2,3
Harka Piloto\2024_HPFS_JUL_D\HP_D_T2\GOPR3621.JPG,Harka Piloto\2024_HPFS_JUL_D\HP_D_T2\GOPR3621\Coral19.JPG,19,0.3072,Harka Piloto D,T2,3
Harka Piloto\2024_AUG_HPFS_D\2024_AUG_HPFS_D_T2\GOPR5389.JPG,Harka Piloto\2024_AUG_HPFS_D\2024_AUG_HPFS_D_T2\GOPR5389\Coral1.JPG,1,0.7637,Harka Piloto D,T2,3
Harka Piloto\2024_HPFS_JUL_D\HP_D_T2\GOPR3625.JPG,Harka Piloto\2024_HPFS_JUL_D\HP_D_T2\GOPR3625\Coral2.JPG,2,0.7578,Harka Piloto D,T2,3
Harka Piloto\2024_AUG_HPFS_D\2024_AUG_HPFS_D_T2\GOPR5364.JPG,Harka Piloto\2024_AUG_HPFS_D\2024_AUG_HPFS_D_T2\GOPR5364\Coral17.JPG,17,0.4369,Harka Piloto D,T2,3
Harka Piloto\2024_AUG_HPFS_D\2024_AUG_HPFS_D_T2\GOPR5352.JPG,Harka Piloto\2024_AUG_HPFS_D\2024_AUG_HPFS_D_T2\GOPR5352\Coral41.JPG,41,0.2336,Harka Piloto D,T2,3
Harka Piloto\2024_HPFS_JUL_D\HP_D_T2\GOPR3633.JPG,Harka Piloto\2024_HPFS_JUL_D\HP_D_T2\GOPR3633\Coral23.JPG,23,0.3658,Harka Piloto D,T2,3
Harka Piloto\2024_AUG_HPFS_D\2024_AUG_HPFS_D_T2\GOPR5370.JPG,Harka Piloto\2024_AUG_HPFS_D\2024_AUG_HPFS_D_T2\GOPR5370\Coral50.JPG,50,0.1985,Harka Piloto D,T2,3
Harka Piloto\2024_AUG_HPFS_D\2024_AUG_HPFS_D_T2\GOPR5356.JPG,Harka Piloto\2024_AUG_HPFS_D\2024_AUG_HPFS_D_T2\GOPR5356\Coral16.JPG,16,0.2327,Harka Piloto D,T2,3
Harka Piloto\2024_AUG_HPFS_D\2024_AUG_HPFS_D_T2\GOPR5378.JPG,Harka Piloto\2024_AUG_HPFS_D\2024_AUG_HPFS_D_T2\GOPR5378\Coral5.JPG,5,0.5741,Harka Piloto D,T2,3
Harka Piloto\2024_AUG_HPFS_D\2024_AUG_HPFS_D_T2\GOPR5363.JPG,Harka Piloto\2024_AUG_HPFS_D\2024_AUG_HPFS_D_T2\GOPR5363\Coral31.JPG,31,0.1914,Harka Piloto D,T2,3
Harka Piloto\2024_AUG_HPFS_D\2024_AUG_HPFS_D_T2\GOPR5377.JPG,Harka Piloto\2024_AUG_HPFS_D\2024_AUG_HPFS_D_T2\GOPR5377\Coral17.JPG,17,0.272,Harka Piloto D,T2,3
Harka Piloto\2024_HPFS_JUL_D\HP_D_T2\GOPR3665.JPG,Harka Piloto\2024_HPFS_JUL_D\HP_D_T2\GOPR3665\Coral50.JPG,50,0.1676,Harka Piloto D,T2,3
Harka Piloto\2024_AUG_HPFS_D\2024_AUG_HPFS_D_T2\GOPR5388.JPG,Harka Piloto\2024_AUG_HPFS_D\2024_AUG_HPFS_D_T2\GOPR5388\Coral10.JPG,10,0.3588,Harka Piloto D,T2,3
Harka Piloto\2024_AUG_HPFS_D\2024_AUG_HPFS_D_T2\GOPR5394.JPG,Harka Piloto\2024_AUG_HPFS_D\2024_AUG_HPFS_D_T2\GOPR5394\Coral18.JPG,18,0.3561,Harka Piloto D,T2,3
Harka Piloto\2024_HPFS_JUL_D\HP_D_T2\GOPR3637.JPG,Harka Piloto\2024_HPFS_JUL_D\HP_D_T2\GOPR3637\Coral1.JPG,1,0.6966,Harka Piloto D,T2,3
Harka Piloto\2024_AUG_HPFS_D\2024_AUG_HPFS_D_T2\GOPR5372.JPG,Harka Piloto\2024_AUG_HPFS_D\2024_AUG_HPFS_D_T2\GOPR5372\Coral27.JPG,27,0.3267,Harka Piloto D,T2,3
Harka Piloto\2024_HPFS_JUL_D\HP_D_T2\GOPR3627.JPG,Harka Piloto\2024_HPFS_JUL_D\HP_D_T2\GOPR3627\Coral29.JPG,29,0.259,Harka Piloto D,T2,3
Harka Piloto\2024_HPFS_JUL_D\HP_D_T2\GOPR3636.JPG,Harka Piloto\2024_HPFS_JUL_D\HP_D_T2\GOPR3636\Coral3.JPG,3,0.6782,Harka Piloto D,T2,3
Harka Piloto\2024_HPFS_JUL_D\HP_D_T2\GOPR3644.JPG,Harka Piloto\2024_HPFS_JUL_D\HP_D_T2\GOPR3644\Coral22.JPG,22,0.3692,Harka Piloto D,T2,3
Harka Piloto\2024_AUG_HPFS_D\2024_AUG_HPFS_D_T2\GOPR5360.JPG,Harka Piloto\2024_AUG_HPFS_D\2024_AUG_HPFS_D_T2\GOPR5360\Coral5.JPG,5,0.7751,Harka Piloto D,T2,3
Harka Piloto\2024_AUG_HPFS_D\2024_AUG_HPFS_D_T2\GOPR5389.JPG,Harka Piloto\2024_AUG_HPFS_D\2024_AUG_HPFS_D_T2\GOPR5389\Coral18.JPG,18,0.2163,Harka Piloto D,T2,3
Harka Piloto\2024_AUG_HPFS_D\2024_AUG_HPFS_D_T2\GOPR5390.JPG,Harka Piloto\2024_AUG_HPFS_D\2024_AUG_HPFS_D_T2\GOPR5390\Coral6.JPG,6,0.6273,Harka Piloto D,T2,3
Harka Piloto\2024_HPFS_JUL_D\HP_D_T2\GOPR3618.JPG,Harka Piloto\2024_HPFS_JUL_D\HP_D_T2\GOPR3618\Coral48.JPG,48,0.2719,Harka Piloto D,T2,3
Harka Piloto\2024_AUG_HPFS_D\2024_AUG_HPFS_D_T2\GOPR5367.JPG,Harka Piloto\2024_AUG_HPFS_D\2024_AUG_HPFS_D_T2\GOPR5367\Coral40.JPG,40,0.1507,Harka Piloto D,T2,3
Harka Piloto\2024_AUG_HPFS_D\2024_AUG_HPFS_D_T2\GOPR5381.JPG,Harka Piloto\2024_AUG_HPFS_D\2024_AUG_HPFS_D_T2\GOPR5381\Coral5.JPG,5,0.4289,Harka Piloto D,T2,3
Harka Piloto\2024_AUG_HPFS_D\2024_AUG_HPFS_D_T2\GOPR5356.JPG,Harka Piloto\2024_AUG_HPFS_D\2024_AUG_HPFS_D_T2\GOPR5356\Coral22.JPG,22,0.1832,Harka Piloto D,T2,3
Harka Piloto\2024_AUG_HPFS_D\2024_AUG_HPFS_D_T2\GOPR5362.JPG,Harka Piloto\2024_AUG_HPFS_D\2024_AUG_HPFS_D_T2\GOPR5362\Coral26.JPG,26,0.2046,Harka Piloto D,T2,3
Harka Piloto\2024_HPFS_JUL_D\HP_D_T2\GOPR3629.JPG,Harka Piloto\2024_HPFS_JUL_D\HP_D_T2\GOPR3629\Coral11.JPG,11,0.4975,Harka Piloto D,T2,3
Harka Piloto\2024_HPFS_JUL_D\HP_D_T2\GOPR3617.JPG,Harka Piloto\2024_HPFS_JUL_D\HP_D_T2\GOPR3617\Coral45.JPG,45,0.1811,Harka Piloto D,T2,3
Harka Piloto\2024_HPFS_JUL_D\HP_D_T2\GOPR3651.JPG,Harka Piloto\2024_HPFS_JUL_D\HP_D_T2\GOPR3651\Coral3.JPG,3,0.5122,Harka Piloto D,T2,3
Harka Piloto\2024_HPFS_JUL_D\HP_D_T2\GOPR3635.JPG,Harka Piloto\2024_HPFS_JUL_D\HP_D_T2\GOPR3635\Coral82.JPG,82,0.2119,Harka Piloto D,T2,3
Harka Piloto\2024_HPFS_JUL_D\HP_D_T2\GOPR3645.JPG,Harka Piloto\2024_HPFS_JUL_D\HP_D_T2\GOPR3645\Coral10.JPG,10,0.5788,Harka Piloto D,T2,3
Harka Piloto\2024_HPFS_JUL_D\HP_D_T2\GOPR3620.JPG,Harka Piloto\2024_HPFS_JUL_D\HP_D_T2\GOPR3620\Coral14.JPG,14,0.6546,Harka Piloto D,T2,3
Harka Piloto\2024_HPFS_JUL_D\HP_D_T2\GOPR3627.JPG,Harka Piloto\2024_HPFS_JUL_D\HP_D_T2\GOPR3627\Coral31.JPG,31,0.2553,Harka Piloto D,T2,3
Harka Piloto\2024_AUG_HPFS_D\2024_AUG_HPFS_D_T2\GOPR5384.JPG,Harka Piloto\2024_AUG_HPFS_D\2024_AUG_HPFS_D_T2\GOPR5384\Coral6.JPG,6,0.5246,Harka Piloto D,T2,3
Harka Piloto\2024_HPFS_JUL_D\HP_D_T2\GOPR3655.JPG,Harka Piloto\2024_HPFS_JUL_D\HP_D_T2\GOPR3655\Coral40.JPG,40,0.2294,Harka Piloto D,T2,3
Harka Piloto\2024_HPFS_JUL_D\HP_D_T2\GOPR3642.JPG,Harka Piloto\2024_HPFS_JUL_D\HP_D_T2\GOPR3642\Coral45.JPG,45,0.2327,Harka Piloto D,T2,3
Harka Piloto\2024_AUG_HPFS_D\2024_AUG_HPFS_D_T2\GOPR5360.JPG,Harka Piloto\2024_AUG_HPFS_D\2024_AUG_HPFS_D_T2\GOPR5360\Coral40.JPG,40,0.1705,Harka Piloto D,T2,3
Harka Piloto\2024_AUG_HPFS_D\2024_AUG_HPFS_D_T2\GOPR5360.JPG,Harka Piloto\2024_AUG_HPFS_D\2024_AUG_HPFS_D_T2\GOPR5360\Coral2.JPG,2,0.7834,Harka Piloto D,T2,3
Harka Piloto\2024_AUG_HPFS_D\2024_AUG_HPFS_D_T2\GOPR5360.JPG,Harka Piloto\2024_AUG_HPFS_D\2024_AUG_HPFS_D_T2\GOPR5360\Coral20.JPG,20,0.4249,Harka Piloto D,T2,3
Harka Piloto\2024_AUG_HPFS_D\2024_AUG_HPFS_D_T2\GOPR5360.JPG,Harka Piloto\2024_AUG_HPFS_D\2024_AUG_HPFS_D_T2\GOPR5360\Coral27.JPG,27,0.3182,Harka Piloto D,T2,3
Harka Piloto\2024_AUG_HPFS_D\2024_AUG_HPFS_D_T2\GOPR5360.JPG,Harka Piloto\2024_AUG_HPFS_D\2024_AUG_HPFS_D_T2\GOPR5360\Coral34.JPG,34,0.23,Harka Piloto D,T2,3
Harka Piloto\2024_AUG_HPFS_D\2024_AUG_HPFS_D_T2\GOPR5360.JPG,Harka Piloto\2024_AUG_HPFS_D\2024_AUG_HPFS_D_T2\GOPR5360\Coral6.JPG,6,0.752,Harka Piloto D,T2,3
Harka Piloto\2024_AUG_HPFS_D\2024_AUG_HPFS_D_T2\GOPR5360.JPG,Harka Piloto\2024_AUG_HPFS_D\2024_AUG_HPFS_D_T2\GOPR5360\Coral22.JPG,22,0.4096,Harka Piloto D,T2,3
Harka Piloto\2024_AUG_HPFS_D\2024_AUG_HPFS_D_T2\GOPR5360.JPG,Harka Piloto\2024_AUG_HPFS_D\2024_AUG_HPFS_D_T2\GOPR5360\Coral33.JPG,33,0.2444,Harka Piloto D,T2,3
Harka Piloto\2024_AUG_HPFS_D\2024_AUG_HPFS_D_T2\GOPR5360.JPG,Harka Piloto\2024_AUG_HPFS_D\2024_AUG_HPFS_D_T2\GOPR5360\Coral37.JPG,37,0.202,Harka Piloto D,T2,3
Harka Piloto\2024_AUG_HPFS_D\2024_AUG_HPFS_D_T2\GOPR5360.JPG,Harka Piloto\2024_AUG_HPFS_D\2024_AUG_HPFS_D_T2\GOPR5360\Coral41.JPG,41,0.1647,Harka Piloto D,T2,3
Harka Piloto\2024_AUG_HPFS_D\2024_AUG_HPFS_D_T2\GOPR5360.JPG,Harka Piloto\2024_AUG_HPFS_D\2024_AUG_HPFS_D_T2\GOPR5360\Coral3.JPG,3,0.7797,Harka Piloto D,T2,3
Harka Piloto\2024_HPFS_JUL_D\HP_D_T2\GOPR3621.JPG,Harka Piloto\2024_HPFS_JUL_D\HP_D_T2\GOPR3621\Coral14.JPG,14,0.3661,Harka Piloto D,T2,3
Harka Piloto\2024_HPFS_JUL_D\HP_D_T2\GOPR3621.JPG,Harka Piloto\2024_HPFS_JUL_D\HP_D_T2\GOPR3621\Coral34.JPG,34,0.1918,Harka Piloto D,T2,3
Harka Piloto\2024_HPFS_JUL_D\HP_D_T2\GOPR3621.JPG,Harka Piloto\2024_HPFS_JUL_D\HP_D_T2\GOPR3621\Coral31.JPG,31,0.2287,Harka Piloto D,T2,3
Harka Piloto\2024_HPFS_JUL_D\HP_D_T2\GOPR3621.JPG,Harka Piloto\2024_HPFS_JUL_D\HP_D_T2\GOPR3621\Coral5.JPG,5,0.5012,Harka Piloto D,T2,3
Harka Piloto\2024_HPFS_JUL_D\HP_D_T2\GOPR3621.JPG,Harka Piloto\2024_HPFS_JUL_D\HP_D_T2\GOPR3621\Coral41.JPG,41,0.1603,Harka Piloto D,T2,3
Harka Piloto\2024_HPFS_JUL_D\HP_D_T2\GOPR3621.JPG,Harka Piloto\2024_HPFS_JUL_D\HP_D_T2\GOPR3621\Coral43.JPG,43,0.1546,Harka Piloto D,T2,3
Harka Piloto\2024_HPFS_JUL_D\HP_D_T2\GOPR3621.JPG,Harka Piloto\2024_HPFS_JUL_D\HP_D_T2\GOPR3621\Coral3.JPG,3,0.5971,Harka Piloto D,T2,3
Harka Piloto\2024_AUG_HPFS_D\2024_AUG_HPFS_D_T2\GOPR5376.JPG,Harka Piloto\2024_AUG_HPFS_D\2024_AUG_HPFS_D_T2\GOPR5376\Coral19.JPG,19,0.2762,Harka Piloto D,T2,3
Harka Piloto\2024_AUG_HPFS_D\2024_AUG_HPFS_D_T2\GOPR5376.JPG,Harka Piloto\2024_AUG_HPFS_D\2024_AUG_HPFS_D_T2\GOPR5376\Coral16.JPG,16,0.3303,Harka Piloto D,T2,3
Harka Piloto\2024_AUG_HPFS_D\2024_AUG_HPFS_D_T2\GOPR5376.JPG,Harka Piloto\2024_AUG_HPFS_D\2024_AUG_HPFS_D_T2\GOPR5376\Coral10.JPG,10,0.3998,Harka Piloto D,T2,3
Harka Piloto\2024_AUG_HPFS_D\2024_AUG_HPFS_D_T2\GOPR5376.JPG,Harka Piloto\2024_AUG_HPFS_D\2024_AUG_HPFS_D_T2\GOPR5376\Coral8.JPG,8,0.4168,Harka Piloto D,T2,3
Harka Piloto\2024_AUG_HPFS_D\2024_AUG_HPFS_D_T2\GOPR5376.JPG,Harka Piloto\2024_AUG_HPFS_D\2024_AUG_HPFS_D_T2\GOPR5376\Coral13.JPG,13,0.3516,Harka Piloto D,T2,3
Harka Piloto\2024_AUG_HPFS_D\2024_AUG_HPFS_D_T2\GOPR5373.JPG,Harka Piloto\2024_AUG_HPFS_D\2024_AUG_HPFS_D_T2\GOPR5373\Coral16.JPG,16,0.4039,Harka Piloto D,T2,3
Harka Piloto\2024_AUG_HPFS_D\2024_AUG_HPFS_D_T2\GOPR5373.JPG,Harka Piloto\2024_AUG_HPFS_D\2024_AUG_HPFS_D_T2\GOPR5373\Coral12.JPG,12,0.4377,Harka Piloto D,T2,3
Harka Piloto\2024_AUG_HPFS_D\2024_AUG_HPFS_D_T2\GOPR5373.JPG,Harka Piloto\2024_AUG_HPFS_D\2024_AUG_HPFS_D_T2\GOPR5373\Coral24.JPG,24,0.2588,Harka Piloto D,T2,3
Harka Piloto\2024_AUG_HPFS_D\2024_AUG_HPFS_D_T2\GOPR5373.JPG,Harka Piloto\2024_AUG_HPFS_D\2024_AUG_HPFS_D_T2\GOPR5373\Coral31.JPG,31,0.1923,Harka Piloto D,T2,3
Harka Piloto\2024_AUG_HPFS_D\2024_AUG_HPFS_D_T2\GOPR5373.JPG,Harka Piloto\2024_AUG_HPFS_D\2024_AUG_HPFS_D_T2\GOPR5373\Coral30.JPG,30,0.1932,Harka Piloto D,T2,3
Harka Piloto\2024_AUG_HPFS_D\2024_AUG_HPFS_D_T2\GOPR5373.JPG,Harka Piloto\2024_AUG_HPFS_D\2024_AUG_HPFS_D_T2\GOPR5373\Coral10.JPG,10,0.4621,Harka Piloto D,T2,3
Harka Piloto\2024_AUG_HPFS_D\2024_AUG_HPFS_D_T2\GOPR5373.JPG,Harka Piloto\2024_AUG_HPFS_D\2024_AUG_HPFS_D_T2\GOPR5373\Coral1.JPG,1,0.816,Harka Piloto D,T2,3
Harka Piloto\2024_AUG_HPFS_D\2024_AUG_HPFS_D_T2\GOPR5373.JPG,Harka Piloto\2024_AUG_HPFS_D\2024_AUG_HPFS_D_T2\GOPR5373\Coral14.JPG,14,0.4133,Harka Piloto D,T2,3
Harka Piloto\2024_AUG_HPFS_D\2024_AUG_HPFS_D_T2\GOPR5365.JPG,Harka Piloto\2024_AUG_HPFS_D\2024_AUG_HPFS_D_T2\GOPR5365\Coral17.JPG,17,0.3193,Harka Piloto D,T2,3
Harka Piloto\2024_AUG_HPFS_D\2024_AUG_HPFS_D_T2\GOPR5365.JPG,Harka Piloto\2024_AUG_HPFS_D\2024_AUG_HPFS_D_T2\GOPR5365\Coral13.JPG,13,0.3777,Harka Piloto D,T2,3
Harka Piloto\2024_AUG_HPFS_D\2024_AUG_HPFS_D_T2\GOPR5365.JPG,Harka Piloto\2024_AUG_HPFS_D\2024_AUG_HPFS_D_T2\GOPR5365\Coral10.JPG,10,0.5138,Harka Piloto D,T2,3
Harka Piloto\2024_AUG_HPFS_D\2024_AUG_HPFS_D_T2\GOPR5389.JPG,Harka Piloto\2024_AUG_HPFS_D\2024_AUG_HPFS_D_T2\GOPR5389\Coral15.JPG,15,0.2678,Harka Piloto D,T2,3
Harka Piloto\2024_AUG_HPFS_D\2024_AUG_HPFS_D_T2\GOPR5375.JPG,Harka Piloto\2024_AUG_HPFS_D\2024_AUG_HPFS_D_T2\GOPR5375\Coral17.JPG,17,0.3224,Harka Piloto D,T2,3
Harka Piloto\2024_AUG_HPFS_D\2024_AUG_HPFS_D_T2\GOPR5375.JPG,Harka Piloto\2024_AUG_HPFS_D\2024_AUG_HPFS_D_T2\GOPR5375\Coral25.JPG,25,0.1981,Harka Piloto D,T2,3
Harka Piloto\2024_AUG_HPFS_D\2024_AUG_HPFS_D_T2\GOPR5375.JPG,Harka Piloto\2024_AUG_HPFS_D\2024_AUG_HPFS_D_T2\GOPR5375\Coral11.JPG,11,0.4322,Harka Piloto D,T2,3
Harka Piloto\2024_AUG_HPFS_D\2024_AUG_HPFS_D_T2\GOPR5375.JPG,Harka Piloto\2024_AUG_HPFS_D\2024_AUG_HPFS_D_T2\GOPR5375\Coral16.JPG,16,0.3237,Harka Piloto D,T2,3
Harka Piloto\2024_AUG_HPFS_D\2024_AUG_HPFS_D_T2\GOPR5375.JPG,Harka Piloto\2024_AUG_HPFS_D\2024_AUG_HPFS_D_T2\GOPR5375\Coral14.JPG,14,0.3786,Harka Piloto D,T2,3
Harka Piloto\2024_AUG_HPFS_D\2024_AUG_HPFS_D_T2\GOPR5375.JPG,Harka Piloto\2024_AUG_HPFS_D\2024_AUG_HPFS_D_T2\GOPR5375\Coral2.JPG,2,0.746,Harka Piloto D,T2,3
Harka Piloto\2024_AUG_HPFS_D\2024_AUG_HPFS_D_T2\GOPR5375.JPG,Harka Piloto\2024_AUG_HPFS_D\2024_AUG_HPFS_D_T2\GOPR5375\Coral22.JPG,22,0.2059,Harka Piloto D,T2,3
Harka Piloto\2024_AUG_HPFS_D\2024_AUG_HPFS_D_T2\GOPR5375.JPG,Harka Piloto\2024_AUG_HPFS_D\2024_AUG_HPFS_D_T2\GOPR5375\Coral12.JPG,12,0.4155,Harka Piloto D,T2,3
Harka Piloto\2024_AUG_HPFS_D\2024_AUG_HPFS_D_T2\GOPR5375.JPG,Harka Piloto\2024_AUG_HPFS_D\2024_AUG_HPFS_D_T2\GOPR5375\Coral10.JPG,10,0.4326,Harka Piloto D,T2,3
Harka Piloto\2024_AUG_HPFS_D\2024_AUG_HPFS_D_T2\GOPR5357.JPG,Harka Piloto\2024_AUG_HPFS_D\2024_AUG_HPFS_D_T2\GOPR5357\Coral36.JPG,36,0.3563,Harka Piloto D,T2,3
Harka Piloto\2024_AUG_HPFS_D\2024_AUG_HPFS_D_T2\GOPR5357.JPG,Harka Piloto\2024_AUG_HPFS_D\2024_AUG_HPFS_D_T2\GOPR5357\Coral25.JPG,25,0.4594,Harka Piloto D,T2,3
Harka Piloto\2024_AUG_HPFS_D\2024_AUG_HPFS_D_T2\GOPR5357.JPG,Harka Piloto\2024_AUG_HPFS_D\2024_AUG_HPFS_D_T2\GOPR5357\Coral35.JPG,35,0.3623,Harka Piloto D,T2,3
Harka Piloto\2024_AUG_HPFS_D\2024_AUG_HPFS_D_T2\GOPR5357.JPG,Harka Piloto\2024_AUG_HPFS_D\2024_AUG_HPFS_D_T2\GOPR5357\Coral46.JPG,46,0.2883,Harka Piloto D,T2,3
Harka Piloto\2024_AUG_HPFS_D\2024_AUG_HPFS_D_T2\GOPR5357.JPG,Harka Piloto\2024_AUG_HPFS_D\2024_AUG_HPFS_D_T2\GOPR5357\Coral33.JPG,33,0.3852,Harka Piloto D,T2,3
Harka Piloto\2024_AUG_HPFS_D\2024_AUG_HPFS_D_T2\GOPR5357.JPG,Harka Piloto\2024_AUG_HPFS_D\2024_AUG_HPFS_D_T2\GOPR5357\Coral76.JPG,76,0.1746,Harka Piloto D,T2,3
Harka Piloto\2024_AUG_HPFS_D\2024_AUG_HPFS_D_T2\GOPR5357.JPG,Harka Piloto\2024_AUG_HPFS_D\2024_AUG_HPFS_D_T2\GOPR5357\Coral80.JPG,80,0.161,Harka Piloto D,T2,3
Harka Piloto\2024_AUG_HPFS_D\2024_AUG_HPFS_D_T2\GOPR5357.JPG,Harka Piloto\2024_AUG_HPFS_D\2024_AUG_HPFS_D_T2\GOPR5357\Coral54.JPG,54,0.2329,Harka Piloto D,T2,3
Harka Piloto\2024_AUG_HPFS_D\2024_AUG_HPFS_D_T2\GOPR5357.JPG,Harka Piloto\2024_AUG_HPFS_D\2024_AUG_HPFS_D_T2\GOPR5357\Coral47.JPG,47,0.275,Harka Piloto D,T2,3
Harka Piloto\2024_AUG_HPFS_D\2024_AUG_HPFS_D_T2\GOPR5357.JPG,Harka Piloto\2024_AUG_HPFS_D\2024_AUG_HPFS_D_T2\GOPR5357\Coral48.JPG,48,0.268,Harka Piloto D,T2,3
Harka Piloto\2024_AUG_HPFS_D\2024_AUG_HPFS_D_T2\GOPR5357.JPG,Harka Piloto\2024_AUG_HPFS_D\2024_AUG_HPFS_D_T2\GOPR5357\Coral2.JPG,2,0.7232,Harka Piloto D,T2,3
Harka Piloto\2024_AUG_HPFS_D\2024_AUG_HPFS_D_T3\GOPR5436.JPG,Harka Piloto\2024_AUG_HPFS_D\2024_AUG_HPFS_D_T3\GOPR5436\Coral21.JPG,21,0.2146,Harka Piloto D,T3,3
Harka Piloto\2024_HPFS_JUL_D\HP_D_T3\GOPR3713.JPG,Harka Piloto\2024_HPFS_JUL_D\HP_D_T3\GOPR3713\Coral5.JPG,5,0.5044,Harka Piloto D,T3,3
Harka Piloto\2024_AUG_HPFS_D\2024_AUG_HPFS_D_T3\GOPR5440.JPG,Harka Piloto\2024_AUG_HPFS_D\2024_AUG_HPFS_D_T3\GOPR5440\Coral31.JPG,31,0.237,Harka Piloto D,T3,3
Harka Piloto\2024_HPFS_JUL_D\HP_D_T3\GOPR3692.JPG,Harka Piloto\2024_HPFS_JUL_D\HP_D_T3\GOPR3692\Coral26.JPG,26,0.4943,Harka Piloto D,T3,3
Harka Piloto\2024_HPFS_JUL_D\HP_D_T3\GOPR3689.JPG,Harka Piloto\2024_HPFS_JUL_D\HP_D_T3\GOPR3689\Coral28.JPG,28,0.4533,Harka Piloto D,T3,3
Harka Piloto\2024_HPFS_JUL_D\HP_D_T3\GOPR3693.JPG,Harka Piloto\2024_HPFS_JUL_D\HP_D_T3\GOPR3693\Coral64.JPG,64,0.1538,Harka Piloto D,T3,3
Harka Piloto\2024_AUG_HPFS_D\2024_AUG_HPFS_D_T3\GOPR5434.JPG,Harka Piloto\2024_AUG_HPFS_D\2024_AUG_HPFS_D_T3\GOPR5434\Coral2.JPG,2,0.4612,Harka Piloto D,T3,3
Harka Piloto\2024_AUG_HPFS_D\2024_AUG_HPFS_D_T3\GOPR5450.JPG,Harka Piloto\2024_AUG_HPFS_D\2024_AUG_HPFS_D_T3\GOPR5450\Coral32.JPG,32,0.247,Harka Piloto D,T3,3
Harka Piloto\2024_AUG_HPFS_D\2024_AUG_HPFS_D_T3\GOPR5455.JPG,Harka Piloto\2024_AUG_HPFS_D\2024_AUG_HPFS_D_T3\GOPR5455\Coral18.JPG,18,0.1584,Harka Piloto D,T3,3
Harka Piloto\2024_HPFS_JUL_D\HP_D_T3\GOPR3675.JPG,Harka Piloto\2024_HPFS_JUL_D\HP_D_T3\GOPR3675\Coral18.JPG,18,0.2387,Harka Piloto D,T3,3
Harka Piloto\2024_HPFS_JUL_D\HP_D_T3\GOPR3709.JPG,Harka Piloto\2024_HPFS_JUL_D\HP_D_T3\GOPR3709\Coral19.JPG,19,0.2276,Harka Piloto D,T3,3
Harka Piloto\2024_HPFS_JUL_D\HP_D_T3\GOPR3701.JPG,Harka Piloto\2024_HPFS_JUL_D\HP_D_T3\GOPR3701\Coral10.JPG,10,0.5682,Harka Piloto D,T3,3
Harka Piloto\2024_HPFS_JUL_D\HP_D_T3\GOPR3672.JPG,Harka Piloto\2024_HPFS_JUL_D\HP_D_T3\GOPR3672\Coral25.JPG,25,0.2656,Harka Piloto D,T3,3
Harka Piloto\2024_HPFS_JUL_D\HP_D_T3\GOPR3702.JPG,Harka Piloto\2024_HPFS_JUL_D\HP_D_T3\GOPR3702\Coral52.JPG,52,0.2134,Harka Piloto D,T3,3
Harka Piloto\2024_HPFS_JUL_D\HP_D_T3\GOPR3718.JPG,Harka Piloto\2024_HPFS_JUL_D\HP_D_T3\GOPR3718\Coral17.JPG,17,0.4539,Harka Piloto D,T3,3
Harka Piloto\2024_AUG_HPFS_D\2024_AUG_HPFS_D_T3\GOPR5418.JPG,Harka Piloto\2024_AUG_HPFS_D\2024_AUG_HPFS_D_T3\GOPR5418\Coral14.JPG,14,0.4042,Harka Piloto D,T3,3
Harka Piloto\2024_AUG_HPFS_D\2024_AUG_HPFS_D_T3\GOPR5426.JPG,Harka Piloto\2024_AUG_HPFS_D\2024_AUG_HPFS_D_T3\GOPR5426\Coral14.JPG,14,0.3831,Harka Piloto D,T3,3
Harka Piloto\2024_AUG_HPFS_D\2024_AUG_HPFS_D_T3\GOPR5458.JPG,Harka Piloto\2024_AUG_HPFS_D\2024_AUG_HPFS_D_T3\GOPR5458\Coral14.JPG,14,0.2436,Harka Piloto D,T3,3
Harka Piloto\2024_HPFS_JUL_D\HP_D_T3\GOPR3699.JPG,Harka Piloto\2024_HPFS_JUL_D\HP_D_T3\GOPR3699\Coral35.JPG,35,0.2426,Harka Piloto D,T3,3
Harka Piloto\2024_AUG_HPFS_D\2024_AUG_HPFS_D_T3\GOPR5436.JPG,Harka Piloto\2024_AUG_HPFS_D\2024_AUG_HPFS_D_T3\GOPR5436\Coral7.JPG,7,0.494,Harka Piloto D,T3,3
Harka Piloto\2024_HPFS_JUL_D\HP_D_T3\GOPR3713.JPG,Harka Piloto\2024_HPFS_JUL_D\HP_D_T3\GOPR3713\Coral30.JPG,30,0.162,Harka Piloto D,T3,3
Harka Piloto\2024_HPFS_JUL_D\HP_D_T3\GOPR3683.JPG,Harka Piloto\2024_HPFS_JUL_D\HP_D_T3\GOPR3683\Coral16.JPG,16,0.5102,Harka Piloto D,T3,3
Harka Piloto\2024_HPFS_JUL_D\HP_D_T3\GOPR3674.JPG,Harka Piloto\2024_HPFS_JUL_D\HP_D_T3\GOPR3674\Coral16.JPG,16,0.2135,Harka Piloto D,T3,3
Harka Piloto\2024_AUG_HPFS_D\2024_AUG_HPFS_D_T3\GOPR5447.JPG,Harka Piloto\2024_AUG_HPFS_D\2024_AUG_HPFS_D_T3\GOPR5447\Coral9.JPG,9,0.5124,Harka Piloto D,T3,3
Harka Piloto\2024_AUG_HPFS_D\2024_AUG_HPFS_D_T3\GOPR5429.JPG,Harka Piloto\2024_AUG_HPFS_D\2024_AUG_HPFS_D_T3\GOPR5429\Coral5.JPG,5,0.6808,Harka Piloto D,T3,3
Harka Piloto\2024_HPFS_JUL_D\HP_D_T3\GOPR3698.JPG,Harka Piloto\2024_HPFS_JUL_D\HP_D_T3\GOPR3698\Coral49.JPG,49,0.1589,Harka Piloto D,T3,3
Harka Piloto\2024_HPFS_JUL_D\HP_D_T3\GOPR3692.JPG,Harka Piloto\2024_HPFS_JUL_D\HP_D_T3\GOPR3692\Coral56.JPG,56,0.2351,Harka Piloto D,T3,3
Harka Piloto\2024_HPFS_JUL_D\HP_D_T3\GOPR3689.JPG,Harka Piloto\2024_HPFS_JUL_D\HP_D_T3\GOPR3689\Coral64.JPG,64,0.2025,Harka Piloto D,T3,3
Harka Piloto\2024_HPFS_JUL_D\HP_D_T3\GOPR3708.JPG,Harka Piloto\2024_HPFS_JUL_D\HP_D_T3\GOPR3708\Coral17.JPG,17,0.2265,Harka Piloto D,T3,3
Harka Piloto\2024_HPFS_JUL_D\HP_D_T3\GOPR3700.JPG,Harka Piloto\2024_HPFS_JUL_D\HP_D_T3\GOPR3700\Coral22.JPG,22,0.3987,Harka Piloto D,T3,3
Harka Piloto\2024_AUG_HPFS_D\2024_AUG_HPFS_D_T3\GOPR5452.JPG,Harka Piloto\2024_AUG_HPFS_D\2024_AUG_HPFS_D_T3\GOPR5452\Coral26.JPG,26,0.3311,Harka Piloto D,T3,3
Harka Piloto\2024_HPFS_JUL_D\HP_D_T3\GOPR3688.JPG,Harka Piloto\2024_HPFS_JUL_D\HP_D_T3\GOPR3688\Coral26.JPG,26,0.3292,Harka Piloto D,T3,3
Harka Piloto\2024_AUG_HPFS_D\2024_AUG_HPFS_D_T3\GOPR5407.JPG,Harka Piloto\2024_AUG_HPFS_D\2024_AUG_HPFS_D_T3\GOPR5407\Coral31.JPG,31,0.1698,Harka Piloto D,T3,3
Harka Piloto\2024_HPFS_JUL_D\HP_D_T3\GOPR3676.JPG,Harka Piloto\2024_HPFS_JUL_D\HP_D_T3\GOPR3676\Coral18.JPG,18,0.2658,Harka Piloto D,T3,3
Harka Piloto\2024_HPFS_JUL_D\HP_D_T3\GOPR3687.JPG,Harka Piloto\2024_HPFS_JUL_D\HP_D_T3\GOPR3687\Coral8.JPG,8,0.4955,Harka Piloto D,T3,3
Harka Piloto\2024_AUG_HPFS_D\2024_AUG_HPFS_D_T3\GOPR5423.JPG,Harka Piloto\2024_AUG_HPFS_D\2024_AUG_HPFS_D_T3\GOPR5423\Coral25.JPG,25,0.3055,Harka Piloto D,T3,3
Harka Piloto\2024_HPFS_JUL_D\HP_D_T3\GOPR3709.JPG,Harka Piloto\2024_HPFS_JUL_D\HP_D_T3\GOPR3709\Coral1.JPG,1,0.6431,Harka Piloto D,T3,3
Harka Piloto\2024_HPFS_JUL_D\HP_D_T3\GOPR3718.JPG,Harka Piloto\2024_HPFS_JUL_D\HP_D_T3\GOPR3718\Coral34.JPG,34,0.3489,Harka Piloto D,T3,3
Harka Piloto\2024_AUG_HPFS_D\2024_AUG_HPFS_D_T3\GOPR5430.JPG,Harka Piloto\2024_AUG_HPFS_D\2024_AUG_HPFS_D_T3\GOPR5430\Coral22.JPG,22,0.2252,Harka Piloto D,T3,3
Harka Piloto\2024_AUG_HPFS_D\2024_AUG_HPFS_D_T3\GOPR5458.JPG,Harka Piloto\2024_AUG_HPFS_D\2024_AUG_HPFS_D_T3\GOPR5458\Coral4.JPG,4,0.7321,Harka Piloto D,T3,3
Harka Piloto\2024_HPFS_JUL_D\HP_D_T3\GOPR3711.JPG,Harka Piloto\2024_HPFS_JUL_D\HP_D_T3\GOPR3711\Coral29.JPG,29,0.1778,Harka Piloto D,T3,3
Harka Piloto\2024_HPFS_JUL_D\HP_D_T3\GOPR3690.JPG,Harka Piloto\2024_HPFS_JUL_D\HP_D_T3\GOPR3690\Coral36.JPG,36,0.3048,Harka Piloto D,T3,3
Harka Piloto\2024_AUG_HPFS_D\2024_AUG_HPFS_D_T3\GOPR5411.JPG,Harka Piloto\2024_AUG_HPFS_D\2024_AUG_HPFS_D_T3\GOPR5411\Coral18.JPG,18,0.1606,Harka Piloto D,T3,3
Harka Piloto\2024_HPFS_JUL_D\HP_D_T3\GOPR3688.JPG,Harka Piloto\2024_HPFS_JUL_D\HP_D_T3\GOPR3688\Coral12.JPG,12,0.4269,Harka Piloto D,T3,3
Harka Piloto\2024_AUG_HPFS_D\2024_AUG_HPFS_D_T3\GOPR5407.JPG,Harka Piloto\2024_AUG_HPFS_D\2024_AUG_HPFS_D_T3\GOPR5407\Coral28.JPG,28,0.1871,Harka Piloto D,T3,3
Harka Piloto\2024_HPFS_JUL_D\HP_D_T3\GOPR3676.JPG,Harka Piloto\2024_HPFS_JUL_D\HP_D_T3\GOPR3676\Coral24.JPG,24,0.2274,Harka Piloto D,T3,3
Harka Piloto\2024_HPFS_JUL_D\HP_D_T3\GOPR3675.JPG,Harka Piloto\2024_HPFS_JUL_D\HP_D_T3\GOPR3675\Coral13.JPG,13,0.336,Harka Piloto D,T3,3
Harka Piloto\2024_AUG_HPFS_D\2024_AUG_HPFS_D_T3\GOPR5460.JPG,Harka Piloto\2024_AUG_HPFS_D\2024_AUG_HPFS_D_T3\GOPR5460\Coral2.JPG,2,0.8075,Harka Piloto D,T3,3
Harka Piloto\2024_HPFS_JUL_D\HP_D_T3\GOPR3701.JPG,Harka Piloto\2024_HPFS_JUL_D\HP_D_T3\GOPR3701\Coral45.JPG,45,0.2534,Harka Piloto D,T3,3
Harka Piloto\2024_HPFS_JUL_D\HP_D_T3\GOPR3672.JPG,Harka Piloto\2024_HPFS_JUL_D\HP_D_T3\GOPR3672\Coral18.JPG,18,0.386,Harka Piloto D,T3,3
Harka Piloto\2024_AUG_HPFS_D\2024_AUG_HPFS_D_T3\GOPR5435.JPG,Harka Piloto\2024_AUG_HPFS_D\2024_AUG_HPFS_D_T3\GOPR5435\Coral15.JPG,15,0.2004,Harka Piloto D,T3,3
Harka Piloto\2024_AUG_HPFS_D\2024_AUG_HPFS_D_T3\GOPR5408.JPG,Harka Piloto\2024_AUG_HPFS_D\2024_AUG_HPFS_D_T3\GOPR5408\Coral29.JPG,29,0.2384,Harka Piloto D,T3,3
Harka Piloto\2024_AUG_HPFS_D\2024_AUG_HPFS_D_T3\GOPR5451.JPG,Harka Piloto\2024_AUG_HPFS_D\2024_AUG_HPFS_D_T3\GOPR5451\Coral27.JPG,27,0.2053,Harka Piloto D,T3,3
Harka Piloto\2024_HPFS_JUL_D\HP_D_T3\GOPR3670.JPG,Harka Piloto\2024_HPFS_JUL_D\HP_D_T3\GOPR3670\Coral33.JPG,33,0.3085,Harka Piloto D,T3,3
Harka Piloto\2024_HPFS_JUL_D\HP_D_T3\GOPR3670.JPG,Harka Piloto\2024_HPFS_JUL_D\HP_D_T3\GOPR3670\Coral40.JPG,40,0.2683,Harka Piloto D,T3,3
Harka Piloto\2024_HPFS_JUL_D\HP_D_T3\GOPR3670.JPG,Harka Piloto\2024_HPFS_JUL_D\HP_D_T3\GOPR3670\Coral68.JPG,68,0.1591,Harka Piloto D,T3,3
Harka Piloto\2024_HPFS_JUL_D\HP_D_T3\GOPR3670.JPG,Harka Piloto\2024_HPFS_JUL_D\HP_D_T3\GOPR3670\Coral60.JPG,60,0.198,Harka Piloto D,T3,3
Harka Piloto\2024_HPFS_JUL_D\HP_D_T3\GOPR3670.JPG,Harka Piloto\2024_HPFS_JUL_D\HP_D_T3\GOPR3670\Coral43.JPG,43,0.2512,Harka Piloto D,T3,3
Harka Piloto\2024_HPFS_JUL_D\HP_D_T3\GOPR3670.JPG,Harka Piloto\2024_HPFS_JUL_D\HP_D_T3\GOPR3670\Coral38.JPG,38,0.2889,Harka Piloto D,T3,3
Harka Piloto\2024_HPFS_JUL_D\HP_D_T3\GOPR3670.JPG,Harka Piloto\2024_HPFS_JUL_D\HP_D_T3\GOPR3670\Coral27.JPG,27,0.3438,Harka Piloto D,T3,3
Harka Piloto\2024_HPFS_JUL_D\HP_D_T3\GOPR3670.JPG,Harka Piloto\2024_HPFS_JUL_D\HP_D_T3\GOPR3670\Coral55.JPG,55,0.2101,Harka Piloto D,T3,3
Harka Piloto\2024_HPFS_JUL_D\HP_D_T3\GOPR3670.JPG,Harka Piloto\2024_HPFS_JUL_D\HP_D_T3\GOPR3670\Coral5.JPG,5,0.6591,Harka Piloto D,T3,3
Harka Piloto\2024_HPFS_JUL_D\HP_D_T3\GOPR3670.JPG,Harka Piloto\2024_HPFS_JUL_D\HP_D_T3\GOPR3670\Coral23.JPG,23,0.3727,Harka Piloto D,T3,3
Harka Piloto\2024_HPFS_JUL_D\HP_D_T3\GOPR3670.JPG,Harka Piloto\2024_HPFS_JUL_D\HP_D_T3\GOPR3670\Coral58.JPG,58,0.2,Harka Piloto D,T3,3
Harka Piloto\2024_HPFS_JUL_D\HP_D_T3\GOPR3670.JPG,Harka Piloto\2024_HPFS_JUL_D\HP_D_T3\GOPR3670\Coral10.JPG,10,0.5921,Harka Piloto D,T3,3
Harka Piloto\2024_HPFS_JUL_D\HP_D_T3\GOPR3670.JPG,Harka Piloto\2024_HPFS_JUL_D\HP_D_T3\GOPR3670\Coral20.JPG,20,0.3992,Harka Piloto D,T3,3
Harka Piloto\2024_HPFS_JUL_D\HP_D_T3\GOPR3670.JPG,Harka Piloto\2024_HPFS_JUL_D\HP_D_T3\GOPR3670\Coral63.JPG,63,0.1878,Harka Piloto D,T3,3
Harka Piloto\2024_HPFS_JUL_D\HP_D_T3\GOPR3670.JPG,Harka Piloto\2024_HPFS_JUL_D\HP_D_T3\GOPR3670\Coral8.JPG,8,0.6077,Harka Piloto D,T3,3
Harka Piloto\2024_HPFS_JUL_D\HP_D_T3\GOPR3670.JPG,Harka Piloto\2024_HPFS_JUL_D\HP_D_T3\GOPR3670\Coral26.JPG,26,0.3456,Harka Piloto D,T3,3
Harka Piloto\2024_HPFS_JUL_D\HP_D_T3\GOPR3670.JPG,Harka Piloto\2024_HPFS_JUL_D\HP_D_T3\GOPR3670\Coral41.JPG,41,0.259,Harka Piloto D,T3,3
Harka Piloto\2024_HPFS_JUL_D\HP_D_T3\GOPR3670.JPG,Harka Piloto\2024_HPFS_JUL_D\HP_D_T3\GOPR3670\Coral49.JPG,49,0.2366,Harka Piloto D,T3,3
Harka Piloto\2024_HPFS_JUL_D\HP_D_T3\GOPR3670.JPG,Harka Piloto\2024_HPFS_JUL_D\HP_D_T3\GOPR3670\Coral57.JPG,57,0.2011,Harka Piloto D,T3,3
Harka Piloto\2024_HPFS_JUL_D\HP_D_T3\GOPR3673.JPG,Harka Piloto\2024_HPFS_JUL_D\HP_D_T3\GOPR3673\Coral21.JPG,21,0.2261,Harka Piloto D,T3,3
Harka Piloto\2024_HPFS_JUL_D\HP_D_T3\GOPR3673.JPG,Harka Piloto\2024_HPFS_JUL_D\HP_D_T3\GOPR3673\Coral17.JPG,17,0.2423,Harka Piloto D,T3,3
Harka Piloto\2024_HPFS_JUL_D\HP_D_T3\GOPR3673.JPG,Harka Piloto\2024_HPFS_JUL_D\HP_D_T3\GOPR3673\Coral18.JPG,18,0.2382,Harka Piloto D,T3,3
Harka Piloto\2024_HPFS_JUL_D\HP_D_T3\GOPR3673.JPG,Harka Piloto\2024_HPFS_JUL_D\HP_D_T3\GOPR3673\Coral20.JPG,20,0.2297,Harka Piloto D,T3,3
Harka Piloto\2024_HPFS_JUL_D\HP_D_T3\GOPR3673.JPG,Harka Piloto\2024_HPFS_JUL_D\HP_D_T3\GOPR3673\Coral6.JPG,6,0.4358,Harka Piloto D,T3,3
Harka Piloto\2024_AUG_HPFS_D\2024_AUG_HPFS_D_T3\GOPR5431.JPG,Harka Piloto\2024_AUG_HPFS_D\2024_AUG_HPFS_D_T3\GOPR5431\Coral5.JPG,5,0.4658,Harka Piloto D,T3,3
Harka Piloto\2024_AUG_HPFS_D\2024_AUG_HPFS_D_T3\GOPR5431.JPG,Harka Piloto\2024_AUG_HPFS_D\2024_AUG_HPFS_D_T3\GOPR5431\Coral15.JPG,15,0.2278,Harka Piloto D,T3,3
Harka Piloto\2024_AUG_HPFS_D\2024_AUG_HPFS_D_T3\GOPR5431.JPG,Harka Piloto\2024_AUG_HPFS_D\2024_AUG_HPFS_D_T3\GOPR5431\Coral19.JPG,19,0.1501,Harka Piloto D,T3,3
Harka Piloto\2024_AUG_HPFS_D\2024_AUG_HPFS_D_T3\GOPR5436.JPG,Harka Piloto\2024_AUG_HPFS_D\2024_AUG_HPFS_D_T3\GOPR5436\Coral13.JPG,13,0.2706,Harka Piloto D,T3,3
Harka Piloto\2024_AUG_HPFS_D\2024_AUG_HPFS_D_T3\GOPR5436.JPG,Harka Piloto\2024_AUG_HPFS_D\2024_AUG_HPFS_D_T3\GOPR5436\Coral24.JPG,24,0.2026,Harka Piloto D,T3,3
Harka Piloto\2024_AUG_HPFS_D\2024_AUG_HPFS_D_T3\GOPR5436.JPG,Harka Piloto\2024_AUG_HPFS_D\2024_AUG_HPFS_D_T3\GOPR5436\Coral15.JPG,15,0.2631,Harka Piloto D,T3,3
Harka Piloto\2024_HPFS_JUL_D\HP_D_T3\GOPR3713.JPG,Harka Piloto\2024_HPFS_JUL_D\HP_D_T3\GOPR3713\Coral11.JPG,11,0.3519,Harka Piloto D,T3,3
Harka Piloto\2024_HPFS_JUL_D\HP_D_T3\GOPR3713.JPG,Harka Piloto\2024_HPFS_JUL_D\HP_D_T3\GOPR3713\Coral24.JPG,24,0.2101,Harka Piloto D,T3,3
Harka Piloto\2024_HPFS_JUL_D\HP_D_T3\GOPR3713.JPG,Harka Piloto\2024_HPFS_JUL_D\HP_D_T3\GOPR3713\Coral28.JPG,28,0.1777,Harka Piloto D,T3,3
Harka Piloto\2024_HPFS_JUL_D\HP_D_T3\GOPR3683.JPG,Harka Piloto\2024_HPFS_JUL_D\HP_D_T3\GOPR3683\Coral3.JPG,3,0.7397,Harka Piloto D,T3,3
Harka Piloto\2024_HPFS_JUL_D\HP_D_T3\GOPR3683.JPG,Harka Piloto\2024_HPFS_JUL_D\HP_D_T3\GOPR3683\Coral7.JPG,7,0.6433,Harka Piloto D,T3,3
Harka Piloto\2024_HPFS_JUL_D\HP_D_T3\GOPR3683.JPG,Harka Piloto\2024_HPFS_JUL_D\HP_D_T3\GOPR3683\Coral42.JPG,42,0.2433,Harka Piloto D,T3,3
Harka Piloto\2024_HPFS_JUL_D\HP_D_T3\GOPR3683.JPG,Harka Piloto\2024_HPFS_JUL_D\HP_D_T3\GOPR3683\Coral26.JPG,26,0.3536,Harka Piloto D,T3,3
Harka Piloto\2024_HPFS_JUL_D\HP_D_T3\GOPR3683.JPG,Harka Piloto\2024_HPFS_JUL_D\HP_D_T3\GOPR3683\Coral51.JPG,51,0.1848,Harka Piloto D,T3,3
Harka Piloto\2024_HPFS_JUL_D\HP_D_T3\GOPR3683.JPG,Harka Piloto\2024_HPFS_JUL_D\HP_D_T3\GOPR3683\Coral19.JPG,19,0.4407,Harka Piloto D,T3,3
Harka Piloto\2024_HPFS_JUL_D\HP_D_T3\GOPR3683.JPG,Harka Piloto\2024_HPFS_JUL_D\HP_D_T3\GOPR3683\Coral31.JPG,31,0.3256,Harka Piloto D,T3,3
Harka Piloto\2024_HPFS_JUL_D\HP_D_T3\GOPR3683.JPG,Harka Piloto\2024_HPFS_JUL_D\HP_D_T3\GOPR3683\Coral15.JPG,15,0.528,Harka Piloto D,T3,3
Harka Piloto\2024_HPFS_JUL_D\HP_D_T3\GOPR3683.JPG,Harka Piloto\2024_HPFS_JUL_D\HP_D_T3\GOPR3683\Coral14.JPG,14,0.5384,Harka Piloto D,T3,3
Harka Piloto\2024_HPFS_JUL_D\HP_D_T3\GOPR3683.JPG,Harka Piloto\2024_HPFS_JUL_D\HP_D_T3\GOPR3683\Coral40.JPG,40,0.2534,Harka Piloto D,T3,3
Harka Piloto\2024_HPFS_JUL_D\HP_D_T3\GOPR3683.JPG,Harka Piloto\2024_HPFS_JUL_D\HP_D_T3\GOPR3683\Coral34.JPG,34,0.3118,Harka Piloto D,T3,3
Harka Piloto\2024_HPFS_JUL_D\HP_D_T3\GOPR3683.JPG,Harka Piloto\2024_HPFS_JUL_D\HP_D_T3\GOPR3683\Coral20.JPG,20,0.4231,Harka Piloto D,T3,3
Harka Piloto\2024_HPFS_JUL_D\HP_D_T3\GOPR3683.JPG,Harka Piloto\2024_HPFS_JUL_D\HP_D_T3\GOPR3683\Coral56.JPG,56,0.1575,Harka Piloto D,T3,3
Harka Piloto\2024_HPFS_JUL_D\HP_D_T3\GOPR3683.JPG,Harka Piloto\2024_HPFS_JUL_D\HP_D_T3\GOPR3683\Coral12.JPG,12,0.5514,Harka Piloto D,T3,3
Harka Piloto\2024_AUG_HPFS_D\2024_AUG_HPFS_D_T3\GOPR5420.JPG,Harka Piloto\2024_AUG_HPFS_D\2024_AUG_HPFS_D_T3\GOPR5420\Coral13.JPG,13,0.1661,Harka Piloto D,T3,3
Harka Piloto\2024_AUG_HPFS_D\2024_AUG_HPFS_D_T3\GOPR5420.JPG,Harka Piloto\2024_AUG_HPFS_D\2024_AUG_HPFS_D_T3\GOPR5420\Coral1.JPG,1,0.6142,Harka Piloto D,T3,3
Harka Piloto\2024_HPFS_JUL_D\HP_D_T3\GOPR3674.JPG,Harka Piloto\2024_HPFS_JUL_D\HP_D_T3\GOPR3674\Coral10.JPG,10,0.2834,Harka Piloto D,T3,3
Harka Piloto\2024_HPFS_JUL_D\HP_D_T3\GOPR3674.JPG,Harka Piloto\2024_HPFS_JUL_D\HP_D_T3\GOPR3674\Coral3.JPG,3,0.4421,Harka Piloto D,T3,3
Harka Piloto\2024_HPFS_JUL_D\HP_D_T3\GOPR3674.JPG,Harka Piloto\2024_HPFS_JUL_D\HP_D_T3\GOPR3674\Coral11.JPG,11,0.2792,Harka Piloto D,T3,3
Harka Piloto\2024_HPFS_JUL_D\HP_D_T3\GOPR3674.JPG,Harka Piloto\2024_HPFS_JUL_D\HP_D_T3\GOPR3674\Coral24.JPG,24,0.1652,Harka Piloto D,T3,3
Harka Piloto\2024_HPFS_JUL_D\HP_D_T3\GOPR3674.JPG,Harka Piloto\2024_HPFS_JUL_D\HP_D_T3\GOPR3674\Coral7.JPG,7,0.3329,Harka Piloto D,T3,3
Harka Piloto\2024_HPFS_JUL_D\HP_D_T3\GOPR3674.JPG,Harka Piloto\2024_HPFS_JUL_D\HP_D_T3\GOPR3674\Coral9.JPG,9,0.2891,Harka Piloto D,T3,3
Harka Piloto\2024_HPFS_JUL_D\HP_D_T3\GOPR3704.JPG,Harka Piloto\2024_HPFS_JUL_D\HP_D_T3\GOPR3704\Coral11.JPG,11,0.6205,Harka Piloto D,T3,3
Harka Piloto\2024_HPFS_JUL_D\HP_D_T3\GOPR3704.JPG,Harka Piloto\2024_HPFS_JUL_D\HP_D_T3\GOPR3704\Coral46.JPG,46,0.1507,Harka Piloto D,T3,3
Harka Piloto\2024_HPFS_JUL_D\HP_D_T3\GOPR3704.JPG,Harka Piloto\2024_HPFS_JUL_D\HP_D_T3\GOPR3704\Coral9.JPG,9,0.6533,Harka Piloto D,T3,3
Sapangan (Deep Only)\2024_JUL_SAP_D\SAP-D_T1\P7031675.JPG,Sapangan (Deep Only)\2024_JUL_SAP_D\SAP-D_T1\P7031675\Coral4.JPG,4,0.4133,Sapangan,T1,3
Sapangan (Deep Only)\2024_JUL_SAP_D\SAP-D_T1\P7031672.JPG,Sapangan (Deep Only)\2024_JUL_SAP_D\SAP-D_T1\P7031672\Coral1.JPG,1,0.7165,Sapangan,T1,3
Sapangan (Deep Only)\2024_AUG_SAP_D\2024_AUG_S_T1\GOPR4739.JPG,Sapangan (Deep Only)\2024_AUG_SAP_D\2024_AUG_S_T1\GOPR4739\Coral3.JPG,3,0.6514,Sapangan,T1,3
Sapangan (Deep Only)\2024_JUL_SAP_D\SAP-D_T1\P7031652.JPG,Sapangan (Deep Only)\2024_JUL_SAP_D\SAP-D_T1\P7031652\Coral25.JPG,25,0.1703,Sapangan,T1,3
Sapangan (Deep Only)\2024_JUL_SAP_D\SAP-D_T1\P7031680.JPG,Sapangan (Deep Only)\2024_JUL_SAP_D\SAP-D_T1\P7031680\Coral23.JPG,23,0.221,Sapangan,T1,3
Sapangan (Deep Only)\2024_AUG_SAP_D\2024_AUG_S_T1\GOPR4728.JPG,Sapangan (Deep Only)\2024_AUG_SAP_D\2024_AUG_S_T1\GOPR4728\Coral1.JPG,1,0.6781,Sapangan,T1,3
Sapangan (Deep Only)\2024_JUL_SAP_D\SAP-D_T1\P7031681.JPG,Sapangan (Deep Only)\2024_JUL_SAP_D\SAP-D_T1\P7031681\Coral3.JPG,3,0.575,Sapangan,T1,3
Sapangan (Deep Only)\2024_JUL_SAP_D\SAP-D_T1\GOPR3259.JPG,Sapangan (Deep Only)\2024_JUL_SAP_D\SAP-D_T1\GOPR3259\Coral5.JPG,5,0.2148,Sapangan,T1,3
Sapangan (Deep Only)\2024_AUG_SAP_D\2024_AUG_S_T1\GOPR4724.JPG,Sapangan (Deep Only)\2024_AUG_SAP_D\2024_AUG_S_T1\GOPR4724\Coral15.JPG,15,0.3367,Sapangan,T1,3
Sapangan (Deep Only)\2024_AUG_SAP_D\2024_AUG_S_T1\GOPR4710.JPG,Sapangan (Deep Only)\2024_AUG_SAP_D\2024_AUG_S_T1\GOPR4710\Coral25.JPG,25,0.3555,Sapangan,T1,3
Sapangan (Deep Only)\2024_JUL_SAP_D\SAP-D_T1\P7031647.JPG,Sapangan (Deep Only)\2024_JUL_SAP_D\SAP-D_T1\P7031647\Coral5.JPG,5,0.4823,Sapangan,T1,3
Sapangan (Deep Only)\2024_JUL_SAP_D\SAP-D_T1\P7031649.JPG,Sapangan (Deep Only)\2024_JUL_SAP_D\SAP-D_T1\P7031649\Coral36.JPG,36,0.181,Sapangan,T1,3
Sapangan (Deep Only)\2024_AUG_SAP_D\2024_AUG_S_T1\GOPR4743.JPG,Sapangan (Deep Only)\2024_AUG_SAP_D\2024_AUG_S_T1\GOPR4743\Coral18.JPG,18,0.3146,Sapangan,T1,3
Sapangan (Deep Only)\2024_AUG_SAP_D\2024_AUG_S_T1\GOPR4732.JPG,Sapangan (Deep Only)\2024_AUG_SAP_D\2024_AUG_S_T1\GOPR4732\Coral24.JPG,24,0.172,Sapangan,T1,3
Sapangan (Deep Only)\2024_JUL_SAP_D\SAP-D_T1\P7031636.JPG,Sapangan (Deep Only)\2024_JUL_SAP_D\SAP-D_T1\P7031636\Coral11.JPG,11,0.2347,Sapangan,T1,3
Sapangan (Deep Only)\2024_AUG_SAP_D\2024_AUG_S_T1\GOPR4720.JPG,Sapangan (Deep Only)\2024_AUG_SAP_D\2024_AUG_S_T1\GOPR4720\Coral7.JPG,7,0.1812,Sapangan,T1,3
Sapangan (Deep Only)\2024_AUG_SAP_D\2024_AUG_S_T1\GOPR4737.JPG,Sapangan (Deep Only)\2024_AUG_SAP_D\2024_AUG_S_T1\GOPR4737\Coral9.JPG,9,0.6442,Sapangan,T1,3
Sapangan (Deep Only)\2024_AUG_SAP_D\2024_AUG_S_T1\GOPR4744.JPG,Sapangan (Deep Only)\2024_AUG_SAP_D\2024_AUG_S_T1\GOPR4744\Coral26.JPG,26,0.1787,Sapangan,T1,3
Sapangan (Deep Only)\2024_AUG_SAP_D\2024_AUG_S_T1\GOPR4757.JPG,Sapangan (Deep Only)\2024_AUG_SAP_D\2024_AUG_S_T1\GOPR4757\Coral2.JPG,2,0.4215,Sapangan,T1,3
Sapangan (Deep Only)\2024_AUG_SAP_D\2024_AUG_S_T1\GOPR4708.JPG,Sapangan (Deep Only)\2024_AUG_SAP_D\2024_AUG_S_T1\GOPR4708\Coral1.JPG,1,0.3563,Sapangan,T1,3
Sapangan (Deep Only)\2024_JUL_SAP_D\SAP-D_T1\P7031661.JPG,Sapangan (Deep Only)\2024_JUL_SAP_D\SAP-D_T1\P7031661\Coral10.JPG,10,0.1505,Sapangan,T1,3
Sapangan (Deep Only)\2024_JUL_SAP_D\SAP-D_T1\GOPR3257.JPG,Sapangan (Deep Only)\2024_JUL_SAP_D\SAP-D_T1\GOPR3257\Coral9.JPG,9,0.2696,Sapangan,T1,3
Sapangan (Deep Only)\2024_JUL_SAP_D\SAP-D_T1\P7031645.JPG,Sapangan (Deep Only)\2024_JUL_SAP_D\SAP-D_T1\P7031645\Coral4.JPG,4,0.6479,Sapangan,T1,3
Sapangan (Deep Only)\2024_AUG_SAP_D\2024_AUG_S_T1\GOPR4730.JPG,Sapangan (Deep Only)\2024_AUG_SAP_D\2024_AUG_S_T1\GOPR4730\Coral26.JPG,26,0.2362,Sapangan,T1,3
Sapangan (Deep Only)\2024_JUL_SAP_D\SAP-D_T1\P7031654.JPG,Sapangan (Deep Only)\2024_JUL_SAP_D\SAP-D_T1\P7031654\Coral23.JPG,23,0.2116,Sapangan,T1,3
Sapangan (Deep Only)\2024_AUG_SAP_D\2024_AUG_S_T1\GOPR4707.JPG,Sapangan (Deep Only)\2024_AUG_SAP_D\2024_AUG_S_T1\GOPR4707\Coral3.JPG,3,0.2314,Sapangan,T1,3
Sapangan (Deep Only)\2024_JUL_SAP_D\SAP-D_T1\P7031667.JPG,Sapangan (Deep Only)\2024_JUL_SAP_D\SAP-D_T1\P7031667\Coral3.JPG,3,0.4625,Sapangan,T1,3
Sapangan (Deep Only)\2024_AUG_SAP_D\2024_AUG_S_T1\GOPR4713.JPG,Sapangan (Deep Only)\2024_AUG_SAP_D\2024_AUG_S_T1\GOPR4713\Coral10.JPG,10,0.4078,Sapangan,T1,3
Sapangan (Deep Only)\2024_AUG_SAP_D\2024_AUG_S_T1\GOPR4721.JPG,Sapangan (Deep Only)\2024_AUG_SAP_D\2024_AUG_S_T1\GOPR4721\Coral13.JPG,13,0.1851,Sapangan,T1,3
Sapangan (Deep Only)\2024_AUG_SAP_D\2024_AUG_S_T1\GOPR4728.JPG,Sapangan (Deep Only)\2024_AUG_SAP_D\2024_AUG_S_T1\GOPR4728\Coral13.JPG,13,0.2462,Sapangan,T1,3
Sapangan (Deep Only)\2024_AUG_SAP_D\2024_AUG_S_T1\GOPR4725.JPG,Sapangan (Deep Only)\2024_AUG_SAP_D\2024_AUG_S_T1\GOPR4725\Coral43.JPG,43,0.2057,Sapangan,T1,3
Sapangan (Deep Only)\2024_JUL_SAP_D\SAP-D_T1\P7031657.JPG,Sapangan (Deep Only)\2024_JUL_SAP_D\SAP-D_T1\P7031657\Coral17.JPG,17,0.1662,Sapangan,T1,3
Sapangan (Deep Only)\2024_AUG_SAP_D\2024_AUG_S_T1\GOPR4756.JPG,Sapangan (Deep Only)\2024_AUG_SAP_D\2024_AUG_S_T1\GOPR4756\Coral13.JPG,13,0.6094,Sapangan,T1,3
Sapangan (Deep Only)\2024_AUG_SAP_D\2024_AUG_S_T1\GOPR4723.JPG,Sapangan (Deep Only)\2024_AUG_SAP_D\2024_AUG_S_T1\GOPR4723\Coral14.JPG,14,0.2556,Sapangan,T1,3
Sapangan (Deep Only)\2024_JUL_SAP_D\SAP-D_T1\P7031660.JPG,Sapangan (Deep Only)\2024_JUL_SAP_D\SAP-D_T1\P7031660\Coral13.JPG,13,0.176,Sapangan,T1,3
Sapangan (Deep Only)\2024_JUL_SAP_D\SAP-D_T1\P7031670.JPG,Sapangan (Deep Only)\2024_JUL_SAP_D\SAP-D_T1\P7031670\Coral7.JPG,7,0.16,Sapangan,T1,3
Sapangan (Deep Only)\2024_AUG_SAP_D\2024_AUG_S_T1\GOPR4736.JPG,Sapangan (Deep Only)\2024_AUG_SAP_D\2024_AUG_S_T1\GOPR4736\Coral12.JPG,12,0.3729,Sapangan,T1,3
Sapangan (Deep Only)\2024_JUL_SAP_D\SAP-D_T1\P7031677.JPG,Sapangan (Deep Only)\2024_JUL_SAP_D\SAP-D_T1\P7031677\Coral4.JPG,4,0.5849,Sapangan,T1,3
Sapangan (Deep Only)\2024_JUL_SAP_D\SAP-D_T1\P7031662.JPG,Sapangan (Deep Only)\2024_JUL_SAP_D\SAP-D_T1\P7031662\Coral11.JPG,11,0.4323,Sapangan,T1,3
Sapangan (Deep Only)\2024_AUG_SAP_D\2024_AUG_S_T1\GOPR4747.JPG,Sapangan (Deep Only)\2024_AUG_SAP_D\2024_AUG_S_T1\GOPR4747\Coral17.JPG,17,0.1782,Sapangan,T1,3
Sapangan (Deep Only)\2024_JUL_SAP_D\SAP-D_T1\P7031636.JPG,Sapangan (Deep Only)\2024_JUL_SAP_D\SAP-D_T1\P7031636\Coral20.JPG,20,0.1966,Sapangan,T1,3
Sapangan (Deep Only)\2024_JUL_SAP_D\SAP-D_T1\P7031656.JPG,Sapangan (Deep Only)\2024_JUL_SAP_D\SAP-D_T1\P7031656\Coral7.JPG,7,0.3704,Sapangan,T1,3
Sapangan (Deep Only)\2024_JUL_SAP_D\SAP-D_T1\P7031669.JPG,Sapangan (Deep Only)\2024_JUL_SAP_D\SAP-D_T1\P7031669\Coral5.JPG,5,0.2869,Sapangan,T1,3
Sapangan (Deep Only)\2024_JUL_SAP_D\SAP-D_T1\P7031666.JPG,Sapangan (Deep Only)\2024_JUL_SAP_D\SAP-D_T1\P7031666\Coral3.JPG,3,0.4202,Sapangan,T1,3
Sapangan (Deep Only)\2024_JUL_SAP_D\SAP-D_T1\P7031672.JPG,Sapangan (Deep Only)\2024_JUL_SAP_D\SAP-D_T1\P7031672\Coral5.JPG,5,0.5459,Sapangan,T1,3
Sapangan (Deep Only)\2024_AUG_SAP_D\2024_AUG_S_T1\GOPR4750.JPG,Sapangan (Deep Only)\2024_AUG_SAP_D\2024_AUG_S_T1\GOPR4750\Coral11.JPG,11,0.237,Sapangan,T1,3
Sapangan (Deep Only)\2024_JUL_SAP_D\SAP-D_T1\P7031680.JPG,Sapangan (Deep Only)\2024_JUL_SAP_D\SAP-D_T1\P7031680\Coral15.JPG,15,0.296,Sapangan,T1,3
Sapangan (Deep Only)\2024_JUL_SAP_D\SAP-D_T1\P7031655.JPG,Sapangan (Deep Only)\2024_JUL_SAP_D\SAP-D_T1\P7031655\Coral1.JPG,1,0.589,Sapangan,T1,3
Sapangan (Deep Only)\2024_JUL_SAP_D\SAP-D_T1\P7031667.JPG,Sapangan (Deep Only)\2024_JUL_SAP_D\SAP-D_T1\P7031667\Coral4.JPG,4,0.2776,Sapangan,T1,3
Sapangan (Deep Only)\2024_JUL_SAP_D\SAP-D_T1\P7031643.JPG,Sapangan (Deep Only)\2024_JUL_SAP_D\SAP-D_T1\P7031643\Coral4.JPG,4,0.6769,Sapangan,T1,3
Sapangan (Deep Only)\2024_AUG_SAP_D\2024_AUG_S_T1\GOPR4718.JPG,Sapangan (Deep Only)\2024_AUG_SAP_D\2024_AUG_S_T1\GOPR4718\Coral22.JPG,22,0.3431,Sapangan,T1,3
Sapangan (Deep Only)\2024_AUG_SAP_D\2024_AUG_S_T1\GOPR4714.JPG,Sapangan (Deep Only)\2024_AUG_SAP_D\2024_AUG_S_T1\GOPR4714\Coral7.JPG,7,0.6366,Sapangan,T1,3
Sapangan (Deep Only)\2024_AUG_SAP_D\2024_AUG_S_T1\GOPR4722.JPG,Sapangan (Deep Only)\2024_AUG_SAP_D\2024_AUG_S_T1\GOPR4722\Coral9.JPG,9,0.2929,Sapangan,T1,3
Sapangan (Deep Only)\2024_AUG_SAP_D\2024_AUG_S_T1\GOPR4728.JPG,Sapangan (Deep Only)\2024_AUG_SAP_D\2024_AUG_S_T1\GOPR4728\Coral2.JPG,2,0.6489,Sapangan,T1,3
Sapangan (Deep Only)\2024_JUL_SAP_D\SAP-D_T1\P7031679.JPG,Sapangan (Deep Only)\2024_JUL_SAP_D\SAP-D_T1\P7031679\Coral1.JPG,1,0.6284,Sapangan,T1,3
Sapangan (Deep Only)\2024_AUG_SAP_D\2024_AUG_S_T1\GOPR4735.JPG,Sapangan (Deep Only)\2024_AUG_SAP_D\2024_AUG_S_T1\GOPR4735\Coral13.JPG,13,0.2613,Sapangan,T1,3
Sapangan (Deep Only)\2024_AUG_SAP_D\2024_AUG_S_T1\GOPR4745.JPG,Sapangan (Deep Only)\2024_AUG_SAP_D\2024_AUG_S_T1\GOPR4745\Coral14.JPG,14,0.2604,Sapangan,T1,3
Sapangan (Deep Only)\2024_AUG_SAP_D\2024_AUG_S_T1\GOPR4723.JPG,Sapangan (Deep Only)\2024_AUG_SAP_D\2024_AUG_S_T1\GOPR4723\Coral2.JPG,2,0.4862,Sapangan,T1,3
Sapangan (Deep Only)\2024_JUL_SAP_D\SAP-D_T1\P7031660.JPG,Sapangan (Deep Only)\2024_JUL_SAP_D\SAP-D_T1\P7031660\Coral4.JPG,4,0.298,Sapangan,T1,3
Sapangan (Deep Only)\2024_AUG_SAP_D\2024_AUG_S_T1\GOPR4729.JPG,Sapangan (Deep Only)\2024_AUG_SAP_D\2024_AUG_S_T1\GOPR4729\Coral7.JPG,7,0.2246,Sapangan,T1,3
Sapangan (Deep Only)\2024_JUL_SAP_D\SAP-D_T1\P7031678.JPG,Sapangan (Deep Only)\2024_JUL_SAP_D\SAP-D_T1\P7031678\Coral9.JPG,9,0.2643,Sapangan,T1,3
Sapangan (Deep Only)\2024_JUL_SAP_D\SAP-D_T1\P7031671.JPG,Sapangan (Deep Only)\2024_JUL_SAP_D\SAP-D_T1\P7031671\Coral21.JPG,21,0.1796,Sapangan,T1,3
Sapangan (Deep Only)\2024_AUG_SAP_D\2024_AUG_S_T1\GOPR4747.JPG,Sapangan (Deep Only)\2024_AUG_SAP_D\2024_AUG_S_T1\GOPR4747\Coral2.JPG,2,0.5605,Sapangan,T1,3
Sapangan (Deep Only)\2024_AUG_SAP_D\2024_AUG_S_T1\GOPR4732.JPG,Sapangan (Deep Only)\2024_AUG_SAP_D\2024_AUG_S_T1\GOPR4732\Coral27.JPG,27,0.156,Sapangan,T1,3
Sapangan (Deep Only)\2024_AUG_SAP_D\2024_AUG_S_T1\GOPR4731.JPG,Sapangan (Deep Only)\2024_AUG_SAP_D\2024_AUG_S_T1\GOPR4731\Coral19.JPG,19,0.3027,Sapangan,T1,3
Sapangan (Deep Only)\2024_JUL_SAP_D\SAP-D_T1\P7031669.JPG,Sapangan (Deep Only)\2024_JUL_SAP_D\SAP-D_T1\P7031669\Coral4.JPG,4,0.346,Sapangan,T1,3
Sapangan (Deep Only)\2024_AUG_SAP_D\2024_AUG_S_T1\GOPR4716.JPG,Sapangan (Deep Only)\2024_AUG_SAP_D\2024_AUG_S_T1\GOPR4716\Coral20.JPG,20,0.187,Sapangan,T1,3
Sapangan (Deep Only)\2024_AUG_SAP_D\2024_AUG_S_T1\GOPR4716.JPG,Sapangan (Deep Only)\2024_AUG_SAP_D\2024_AUG_S_T1\GOPR4716\Coral17.JPG,17,0.2185,Sapangan,T1,3
Sapangan (Deep Only)\2024_JUL_SAP_D\SAP-D_T1\P7031666.JPG,Sapangan (Deep Only)\2024_JUL_SAP_D\SAP-D_T1\P7031666\Coral5.JPG,5,0.3921,Sapangan,T1,3
Sapangan (Deep Only)\2024_JUL_SAP_D\SAP-D_T1\P7031666.JPG,Sapangan (Deep Only)\2024_JUL_SAP_D\SAP-D_T1\P7031666\Coral4.JPG,4,0.4045,Sapangan,T1,3
Sapangan (Deep Only)\2024_JUL_SAP_D\SAP-D_T1\P7031675.JPG,Sapangan (Deep Only)\2024_JUL_SAP_D\SAP-D_T1\P7031675\Coral3.JPG,3,0.4889,Sapangan,T1,3
Sapangan (Deep Only)\2024_AUG_SAP_D\2024_AUG_S_T1\GOPR4706.JPG,Sapangan (Deep Only)\2024_AUG_SAP_D\2024_AUG_S_T1\GOPR4706\Coral6.JPG,6,0.3752,Sapangan,T1,3
Sapangan (Deep Only)\2024_AUG_SAP_D\2024_AUG_S_T1\GOPR4706.JPG,Sapangan (Deep Only)\2024_AUG_SAP_D\2024_AUG_S_T1\GOPR4706\Coral3.JPG,3,0.4842,Sapangan,T1,3
Sapangan (Deep Only)\2024_AUG_SAP_D\2024_AUG_S_T1\GOPR4744.JPG,Sapangan (Deep Only)\2024_AUG_SAP_D\2024_AUG_S_T1\GOPR4744\Coral14.JPG,14,0.2845,Sapangan,T1,3
Sapangan (Deep Only)\2024_AUG_SAP_D\2024_AUG_S_T1\GOPR4744.JPG,Sapangan (Deep Only)\2024_AUG_SAP_D\2024_AUG_S_T1\GOPR4744\Coral30.JPG,30,0.1609,Sapangan,T1,3
Sapangan (Deep Only)\2024_AUG_SAP_D\2024_AUG_S_T1\GOPR4744.JPG,Sapangan (Deep Only)\2024_AUG_SAP_D\2024_AUG_S_T1\GOPR4744\Coral25.JPG,25,0.1825,Sapangan,T1,3
Sapangan (Deep Only)\2024_AUG_SAP_D\2024_AUG_S_T1\GOPR4757.JPG,Sapangan (Deep Only)\2024_AUG_SAP_D\2024_AUG_S_T1\GOPR4757\Coral14.JPG,14,0.1722,Sapangan,T1,3
Sapangan (Deep Only)\2024_JUL_SAP_D\SAP-D_T1\P7031673.JPG,Sapangan (Deep Only)\2024_JUL_SAP_D\SAP-D_T1\P7031673\Coral31.JPG,31,0.2546,Sapangan,T1,3
Sapangan (Deep Only)\2024_JUL_SAP_D\SAP-D_T1\P7031673.JPG,Sapangan (Deep Only)\2024_JUL_SAP_D\SAP-D_T1\P7031673\Coral12.JPG,12,0.5194,Sapangan,T1,3
Sapangan (Deep Only)\2024_JUL_SAP_D\SAP-D_T1\P7031673.JPG,Sapangan (Deep Only)\2024_JUL_SAP_D\SAP-D_T1\P7031673\Coral37.JPG,37,0.1822,Sapangan,T1,3
Sapangan (Deep Only)\2024_JUL_SAP_D\SAP-D_T1\P7031673.JPG,Sapangan (Deep Only)\2024_JUL_SAP_D\SAP-D_T1\P7031673\Coral7.JPG,7,0.6513,Sapangan,T1,3
Sapangan (Deep Only)\2024_JUL_SAP_D\SAP-D_T1\P7031673.JPG,Sapangan (Deep Only)\2024_JUL_SAP_D\SAP-D_T1\P7031673\Coral44.JPG,44,0.1617,Sapangan,T1,3
Sapangan (Deep Only)\2024_JUL_SAP_D\SAP-D_T1\P7031673.JPG,Sapangan (Deep Only)\2024_JUL_SAP_D\SAP-D_T1\P7031673\Coral3.JPG,3,0.7542,Sapangan,T1,3
Sapangan (Deep Only)\2024_JUL_SAP_D\SAP-D_T1\P7031673.JPG,Sapangan (Deep Only)\2024_JUL_SAP_D\SAP-D_T1\P7031673\Coral16.JPG,16,0.4526,Sapangan,T1,3
Sapangan (Deep Only)\2024_JUL_SAP_D\SAP-D_T1\P7031673.JPG,Sapangan (Deep Only)\2024_JUL_SAP_D\SAP-D_T1\P7031673\Coral4.JPG,4,0.7322,Sapangan,T1,3
Sapangan (Deep Only)\2024_JUL_SAP_D\SAP-D_T1\P7031673.JPG,Sapangan (Deep Only)\2024_JUL_SAP_D\SAP-D_T1\P7031673\Coral17.JPG,17,0.436,Sapangan,T1,3
Sapangan (Deep Only)\2024_AUG_SAP_D\2024_AUG_S_T1\GOPR4709.JPG,Sapangan (Deep Only)\2024_AUG_SAP_D\2024_AUG_S_T1\GOPR4709\Coral9.JPG,9,0.3453,Sapangan,T1,3
Sapangan (Deep Only)\2024_AUG_SAP_D\2024_AUG_S_T1\GOPR4709.JPG,Sapangan (Deep Only)\2024_AUG_SAP_D\2024_AUG_S_T1\GOPR4709\Coral23.JPG,23,0.1587,Sapangan,T1,3
Sapangan (Deep Only)\2024_AUG_SAP_D\2024_AUG_S_T1\GOPR4709.JPG,Sapangan (Deep Only)\2024_AUG_SAP_D\2024_AUG_S_T1\GOPR4709\Coral5.JPG,5,0.411,Sapangan,T1,3
Sapangan (Deep Only)\2024_AUG_SAP_D\2024_AUG_S_T1\GOPR4709.JPG,Sapangan (Deep Only)\2024_AUG_SAP_D\2024_AUG_S_T1\GOPR4709\Coral15.JPG,15,0.1986,Sapangan,T1,3
Sapangan (Deep Only)\2024_AUG_SAP_D\2024_AUG_S_T1\GOPR4709.JPG,Sapangan (Deep Only)\2024_AUG_SAP_D\2024_AUG_S_T1\GOPR4709\Coral11.JPG,11,0.2292,Sapangan,T1,3
Sapangan (Deep Only)\2024_AUG_SAP_D\2024_AUG_S_T1\GOPR4717.JPG,Sapangan (Deep Only)\2024_AUG_SAP_D\2024_AUG_S_T1\GOPR4717\Coral7.JPG,7,0.3778,Sapangan,T1,3
Sapangan (Deep Only)\2024_AUG_SAP_D\2024_AUG_S_T1\GOPR4717.JPG,Sapangan (Deep Only)\2024_AUG_SAP_D\2024_AUG_S_T1\GOPR4717\Coral6.JPG,6,0.3821,Sapangan,T1,3
Sapangan (Deep Only)\2024_AUG_SAP_D\2024_AUG_S_T1\GOPR4717.JPG,Sapangan (Deep Only)\2024_AUG_SAP_D\2024_AUG_S_T1\GOPR4717\Coral19.JPG,19,0.2042,Sapangan,T1,3
Sapangan (Deep Only)\2024_AUG_SAP_D\2024_AUG_S_T1\GOPR4717.JPG,Sapangan (Deep Only)\2024_AUG_SAP_D\2024_AUG_S_T1\GOPR4717\Coral3.JPG,3,0.4998,Sapangan,T1,3
Sapangan (Deep Only)\2024_AUG_SAP_D\2024_AUG_S_T1\GOPR4717.JPG,Sapangan (Deep Only)\2024_AUG_SAP_D\2024_AUG_S_T1\GOPR4717\Coral12.JPG,12,0.2757,Sapangan,T1,3
Sapangan (Deep Only)\2024_AUG_SAP_D\2024_AUG_S_T1\GOPR4717.JPG,Sapangan (Deep Only)\2024_AUG_SAP_D\2024_AUG_S_T1\GOPR4717\Coral16.JPG,16,0.2555,Sapangan,T1,3
Sapangan (Deep Only)\2024_JUL_SAP_D\SAP-D_T1\P7031661.JPG,Sapangan (Deep Only)\2024_JUL_SAP_D\SAP-D_T1\P7031661\Coral9.JPG,9,0.1524,Sapangan,T1,3
Sapangan (Deep Only)\2024_JUL_SAP_D\SAP-D_T1\P7031661.JPG,Sapangan (Deep Only)\2024_JUL_SAP_D\SAP-D_T1\P7031661\Coral2.JPG,2,0.2579,Sapangan,T1,3
Sapangan (Deep Only)\2024_JUL_SAP_D\SAP-D_T1\P7031646.JPG,Sapangan (Deep Only)\2024_JUL_SAP_D\SAP-D_T1\P7031646\Coral23.JPG,23,0.2623,Sapangan,T1,3
Sapangan (Deep Only)\2024_JUL_SAP_D\SAP-D_T1\P7031646.JPG,Sapangan (Deep Only)\2024_JUL_SAP_D\SAP-D_T1\P7031646\Coral32.JPG,32,0.1642,Sapangan,T1,3
Sapangan (Deep Only)\2024_JUL_SAP_D\SAP-D_T1\P7031646.JPG,Sapangan (Deep Only)\2024_JUL_SAP_D\SAP-D_T1\P7031646\Coral30.JPG,30,0.1916,Sapangan,T1,3
Sapangan (Deep Only)\2024_JUL_SAP_D\SAP-D_T1\P7031646.JPG,Sapangan (Deep Only)\2024_JUL_SAP_D\SAP-D_T1\P7031646\Coral16.JPG,16,0.3165,Sapangan,T1,3
Sapangan (Deep Only)\2024_JUL_SAP_D\SAP-D_T1\P7031646.JPG,Sapangan (Deep Only)\2024_JUL_SAP_D\SAP-D_T1\P7031646\Coral8.JPG,8,0.51,Sapangan,T1,3
Sapangan (Deep Only)\2024_JUL_SAP_D\SAP-D_T1\P7031646.JPG,Sapangan (Deep Only)\2024_JUL_SAP_D\SAP-D_T1\P7031646\Coral35.JPG,35,0.1507,Sapangan,T1,3
Sapangan (Deep Only)\2024_JUL_SAP_D\SAP-D_T1\P7031646.JPG,Sapangan (Deep Only)\2024_JUL_SAP_D\SAP-D_T1\P7031646\Coral1.JPG,1,0.7994,Sapangan,T1,3
Sapangan (Deep Only)\2024_JUL_SAP_D\SAP-D_T1\P7031646.JPG,Sapangan (Deep Only)\2024_JUL_SAP_D\SAP-D_T1\P7031646\Coral14.JPG,14,0.3556,Sapangan,T1,3
Sapangan (Deep Only)\2024_JUL_SAP_D\SAP-D_T1\P7031674.JPG,Sapangan (Deep Only)\2024_JUL_SAP_D\SAP-D_T1\P7031674\Coral19.JPG,19,0.2547,Sapangan,T1,3
Sapangan (Deep Only)\2024_JUL_SAP_D\SAP-D_T1\P7031674.JPG,Sapangan (Deep Only)\2024_JUL_SAP_D\SAP-D_T1\P7031674\Coral10.JPG,10,0.3415,Sapangan,T1,3
Sapangan (Deep Only)\2024_JUL_SAP_D\SAP-D_T1\P7031674.JPG,Sapangan (Deep Only)\2024_JUL_SAP_D\SAP-D_T1\P7031674\Coral31.JPG,31,0.1778,Sapangan,T1,3
Sapangan (Deep Only)\2024_JUL_SAP_D\SAP-D_T1\P7031674.JPG,Sapangan (Deep Only)\2024_JUL_SAP_D\SAP-D_T1\P7031674\Coral34.JPG,34,0.1652,Sapangan,T1,3
Sapangan (Deep Only)\2024_AUG_SAP_D\2024_AUG_S_T2\GOPR4806.JPG,Sapangan (Deep Only)\2024_AUG_SAP_D\2024_AUG_S_T2\GOPR4806\Coral7.JPG,7,0.1963,Sapangan,T2,3
Sapangan (Deep Only)\2024_AUG_SAP_D\2024_AUG_S_T2\GOPR4783.JPG,Sapangan (Deep Only)\2024_AUG_SAP_D\2024_AUG_S_T2\GOPR4783\Coral5.JPG,5,0.665,Sapangan,T2,3
Sapangan (Deep Only)\2024_JUL_SAP_D\SAP-D_T2\GOPR3267.JPG,Sapangan (Deep Only)\2024_JUL_SAP_D\SAP-D_T2\GOPR3267\Coral6.JPG,6,0.1693,Sapangan,T2,3
Sapangan (Deep Only)\2024_JUL_SAP_D\SAP-D_T2\GOPR3313.JPG,Sapangan (Deep Only)\2024_JUL_SAP_D\SAP-D_T2\GOPR3313\Coral22.JPG,22,0.1675,Sapangan,T2,3
Sapangan (Deep Only)\2024_AUG_SAP_D\2024_AUG_S_T2\GOPR4801.JPG,Sapangan (Deep Only)\2024_AUG_SAP_D\2024_AUG_S_T2\GOPR4801\Coral21.JPG,21,0.1756,Sapangan,T2,3
Sapangan (Deep Only)\2024_AUG_SAP_D\2024_AUG_S_T2\GOPR4787.JPG,Sapangan (Deep Only)\2024_AUG_SAP_D\2024_AUG_S_T2\GOPR4787\Coral9.JPG,9,0.2065,Sapangan,T2,3
Sapangan (Deep Only)\2024_JUL_SAP_D\SAP-D_T2\GOPR3286.JPG,Sapangan (Deep Only)\2024_JUL_SAP_D\SAP-D_T2\GOPR3286\Coral22.JPG,22,0.1799,Sapangan,T2,3
Sapangan (Deep Only)\2024_JUL_SAP_D\SAP-D_T2\GOPR3293.JPG,Sapangan (Deep Only)\2024_JUL_SAP_D\SAP-D_T2\GOPR3293\Coral20.JPG,20,0.2093,Sapangan,T2,3
Sapangan (Deep Only)\2024_JUL_SAP_D\SAP-D_T2\GOPR3291.JPG,Sapangan (Deep Only)\2024_JUL_SAP_D\SAP-D_T2\GOPR3291\Coral4.JPG,4,0.4138,Sapangan,T2,3
Sapangan (Deep Only)\2024_JUL_SAP_D\SAP-D_T2\GOPR3269.JPG,Sapangan (Deep Only)\2024_JUL_SAP_D\SAP-D_T2\GOPR3269\Coral5.JPG,5,0.388,Sapangan,T2,3
Sapangan (Deep Only)\2024_JUL_SAP_D\SAP-D_T2\GOPR3279.JPG,Sapangan (Deep Only)\2024_JUL_SAP_D\SAP-D_T2\GOPR3279\Coral2.JPG,2,0.6929,Sapangan,T2,3
Sapangan (Deep Only)\2024_JUL_SAP_D\SAP-D_T2\GOPR3280.JPG,Sapangan (Deep Only)\2024_JUL_SAP_D\SAP-D_T2\GOPR3280\Coral9.JPG,9,0.1567,Sapangan,T2,3
Sapangan (Deep Only)\2024_JUL_SAP_D\SAP-D_T2\GOPR3285.JPG,Sapangan (Deep Only)\2024_JUL_SAP_D\SAP-D_T2\GOPR3285\Coral13.JPG,13,0.1951,Sapangan,T2,3
Sapangan (Deep Only)\2024_JUL_SAP_D\SAP-D_T2\GOPR3309.JPG,Sapangan (Deep Only)\2024_JUL_SAP_D\SAP-D_T2\GOPR3309\Coral3.JPG,3,0.2262,Sapangan,T2,3
Sapangan (Deep Only)\2024_JUL_SAP_D\SAP-D_T2\GOPR3265.JPG,Sapangan (Deep Only)\2024_JUL_SAP_D\SAP-D_T2\GOPR3265\Coral12.JPG,12,0.2788,Sapangan,T2,3
Sapangan (Deep Only)\2024_AUG_SAP_D\2024_AUG_S_T2\GOPR4774.JPG,Sapangan (Deep Only)\2024_AUG_SAP_D\2024_AUG_S_T2\GOPR4774\Coral30.JPG,30,0.207,Sapangan,T2,3
Sapangan (Deep Only)\2024_JUL_SAP_D\SAP-D_T2\GOPR3298.JPG,Sapangan (Deep Only)\2024_JUL_SAP_D\SAP-D_T2\GOPR3298\Coral11.JPG,11,0.3444,Sapangan,T2,3
Sapangan (Deep Only)\2024_AUG_SAP_D\2024_AUG_S_T2\GOPR4767.JPG,Sapangan (Deep Only)\2024_AUG_SAP_D\2024_AUG_S_T2\GOPR4767\Coral3.JPG,3,0.6715,Sapangan,T2,3
Sapangan (Deep Only)\2024_AUG_SAP_D\2024_AUG_S_T2\GOPR4811.JPG,Sapangan (Deep Only)\2024_AUG_SAP_D\2024_AUG_S_T2\GOPR4811\Coral8.JPG,8,0.1859,Sapangan,T2,3
Sapangan (Deep Only)\2024_AUG_SAP_D\2024_AUG_S_T2\GOPR4794.JPG,Sapangan (Deep Only)\2024_AUG_SAP_D\2024_AUG_S_T2\GOPR4794\Coral2.JPG,2,0.306,Sapangan,T2,3
Sapangan (Deep Only)\2024_JUL_SAP_D\SAP-D_T2\GOPR3271.JPG,Sapangan (Deep Only)\2024_JUL_SAP_D\SAP-D_T2\GOPR3271\Coral4.JPG,4,0.5988,Sapangan,T2,3
Sapangan (Deep Only)\2024_JUL_SAP_D\SAP-D_T2\GOPR3301.JPG,Sapangan (Deep Only)\2024_JUL_SAP_D\SAP-D_T2\GOPR3301\Coral2.JPG,2,0.2915,Sapangan,T2,3
Sapangan (Deep Only)\2024_AUG_SAP_D\2024_AUG_S_T2\GOPR4798.JPG,Sapangan (Deep Only)\2024_AUG_SAP_D\2024_AUG_S_T2\GOPR4798\Coral2.JPG,2,0.3959,Sapangan,T2,3
Sapangan (Deep Only)\2024_AUG_SAP_D\2024_AUG_S_T2\GOPR4776.JPG,Sapangan (Deep Only)\2024_AUG_SAP_D\2024_AUG_S_T2\GOPR4776\Coral2.JPG,2,0.4477,Sapangan,T2,3
Sapangan (Deep Only)\2024_JUL_SAP_D\SAP-D_T2\GOPR3292.JPG,Sapangan (Deep Only)\2024_JUL_SAP_D\SAP-D_T2\GOPR3292\Coral6.JPG,6,0.3503,Sapangan,T2,3
Sapangan (Deep Only)\2024_AUG_SAP_D\2024_AUG_S_T2\GOPR4809.JPG,Sapangan (Deep Only)\2024_AUG_SAP_D\2024_AUG_S_T2\GOPR4809\Coral1.JPG,1,0.5131,Sapangan,T2,3
Sapangan (Deep Only)\2024_JUL_SAP_D\SAP-D_T2\GOPR3282.JPG,Sapangan (Deep Only)\2024_JUL_SAP_D\SAP-D_T2\GOPR3282\Coral4.JPG,4,0.2023,Sapangan,T2,3
Sapangan (Deep Only)\2024_JUL_SAP_D\SAP-D_T2\GOPR3275.JPG,Sapangan (Deep Only)\2024_JUL_SAP_D\SAP-D_T2\GOPR3275\Coral6.JPG,6,0.5609,Sapangan,T2,3
Sapangan (Deep Only)\2024_AUG_SAP_D\2024_AUG_S_T2\GOPR4797.JPG,Sapangan (Deep Only)\2024_AUG_SAP_D\2024_AUG_S_T2\GOPR4797\Coral10.JPG,10,0.1964,Sapangan,T2,3
Sapangan (Deep Only)\2024_AUG_SAP_D\2024_AUG_S_T2\GOPR4787.JPG,Sapangan (Deep Only)\2024_AUG_SAP_D\2024_AUG_S_T2\GOPR4787\Coral11.JPG,11,0.1829,Sapangan,T2,3
Sapangan (Deep Only)\2024_JUL_SAP_D\SAP-D_T2\GOPR3300.JPG,Sapangan (Deep Only)\2024_JUL_SAP_D\SAP-D_T2\GOPR3300\Coral8.JPG,8,0.3527,Sapangan,T2,3
Sapangan (Deep Only)\2024_JUL_SAP_D\SAP-D_T2\GOPR3286.JPG,Sapangan (Deep Only)\2024_JUL_SAP_D\SAP-D_T2\GOPR3286\Coral16.JPG,16,0.1921,Sapangan,T2,3
Sapangan (Deep Only)\2024_JUL_SAP_D\SAP-D_T2\GOPR3268.JPG,Sapangan (Deep Only)\2024_JUL_SAP_D\SAP-D_T2\GOPR3268\Coral2.JPG,2,0.4587,Sapangan,T2,3
Sapangan (Deep Only)\2024_AUG_SAP_D\2024_AUG_S_T2\GOPR4773.JPG,Sapangan (Deep Only)\2024_AUG_SAP_D\2024_AUG_S_T2\GOPR4773\Coral4.JPG,4,0.5067,Sapangan,T2,3
Sapangan (Deep Only)\2024_AUG_SAP_D\2024_AUG_S_T2\GOPR4777.JPG,Sapangan (Deep Only)\2024_AUG_SAP_D\2024_AUG_S_T2\GOPR4777\Coral3.JPG,3,0.3684,Sapangan,T2,3
Sapangan (Deep Only)\2024_JUL_SAP_D\SAP-D_T2\GOPR3274.JPG,Sapangan (Deep Only)\2024_JUL_SAP_D\SAP-D_T2\GOPR3274\Coral30.JPG,30,0.1509,Sapangan,T2,3
Sapangan (Deep Only)\2024_AUG_SAP_D\2024_AUG_S_T2\GOPR4795.JPG,Sapangan (Deep Only)\2024_AUG_SAP_D\2024_AUG_S_T2\GOPR4795\Coral4.JPG,4,0.2994,Sapangan,T2,3
Sapangan (Deep Only)\2024_JUL_SAP_D\SAP-D_T2\GOPR3297.JPG,Sapangan (Deep Only)\2024_JUL_SAP_D\SAP-D_T2\GOPR3297\Coral30.JPG,30,0.175,Sapangan,T2,3
Sapangan (Deep Only)\2024_JUL_SAP_D\SAP-D_T2\GOPR3265.JPG,Sapangan (Deep Only)\2024_JUL_SAP_D\SAP-D_T2\GOPR3265\Coral5.JPG,5,0.4377,Sapangan,T2,3
Sapangan (Deep Only)\2024_JUL_SAP_D\SAP-D_T2\GOPR3290.JPG,Sapangan (Deep Only)\2024_JUL_SAP_D\SAP-D_T2\GOPR3290\Coral8.JPG,8,0.2055,Sapangan,T2,3
Sapangan (Deep Only)\2024_JUL_SAP_D\SAP-D_T2\GOPR3299.JPG,Sapangan (Deep Only)\2024_JUL_SAP_D\SAP-D_T2\GOPR3299\Coral8.JPG,8,0.4382,Sapangan,T2,3
Sapangan (Deep Only)\2024_AUG_SAP_D\2024_AUG_S_T2\GOPR4778.JPG,Sapangan (Deep Only)\2024_AUG_SAP_D\2024_AUG_S_T2\GOPR4778\Coral9.JPG,9,0.4522,Sapangan,T2,3
Sapangan (Deep Only)\2024_JUL_SAP_D\SAP-D_T2\GOPR3270.JPG,Sapangan (Deep Only)\2024_JUL_SAP_D\SAP-D_T2\GOPR3270\Coral3.JPG,3,0.4246,Sapangan,T2,3
Sapangan (Deep Only)\2024_AUG_SAP_D\2024_AUG_S_T2\GOPR4809.JPG,Sapangan (Deep Only)\2024_AUG_SAP_D\2024_AUG_S_T2\GOPR4809\Coral4.JPG,4,0.2948,Sapangan,T2,3
Sapangan (Deep Only)\2024_JUL_SAP_D\SAP-D_T2\GOPR3275.JPG,Sapangan (Deep Only)\2024_JUL_SAP_D\SAP-D_T2\GOPR3275\Coral16.JPG,16,0.262,Sapangan,T2,3
Sapangan (Deep Only)\2024_AUG_SAP_D\2024_AUG_S_T2\GOPR4801.JPG,Sapangan (Deep Only)\2024_AUG_SAP_D\2024_AUG_S_T2\GOPR4801\Coral1.JPG,1,0.7329,Sapangan,T2,3
Sapangan (Deep Only)\2024_JUL_SAP_D\SAP-D_T2\GOPR3300.JPG,Sapangan (Deep Only)\2024_JUL_SAP_D\SAP-D_T2\GOPR3300\Coral24.JPG,24,0.195,Sapangan,T2,3
Sapangan (Deep Only)\2024_JUL_SAP_D\SAP-D_T2\GOPR3277.JPG,Sapangan (Deep Only)\2024_JUL_SAP_D\SAP-D_T2\GOPR3277\Coral26.JPG,26,0.2611,Sapangan,T2,3
Sapangan (Deep Only)\2024_JUL_SAP_D\SAP-D_T2\GOPR3305.JPG,Sapangan (Deep Only)\2024_JUL_SAP_D\SAP-D_T2\GOPR3305\Coral25.JPG,25,0.1632,Sapangan,T2,3
Sapangan (Deep Only)\2024_JUL_SAP_D\SAP-D_T2\GOPR3304.JPG,Sapangan (Deep Only)\2024_JUL_SAP_D\SAP-D_T2\GOPR3304\Coral9.JPG,9,0.2497,Sapangan,T2,3
Sapangan (Deep Only)\2024_JUL_SAP_D\SAP-D_T2\GOPR3295.JPG,Sapangan (Deep Only)\2024_JUL_SAP_D\SAP-D_T2\GOPR3295\Coral16.JPG,16,0.2428,Sapangan,T2,3
Sapangan (Deep Only)\2024_JUL_SAP_D\SAP-D_T2\GOPR3308.JPG,Sapangan (Deep Only)\2024_JUL_SAP_D\SAP-D_T2\GOPR3308\Coral34.JPG,34,0.2558,Sapangan,T2,3
Sapangan (Deep Only)\2024_AUG_SAP_D\2024_AUG_S_T2\GOPR4785.JPG,Sapangan (Deep Only)\2024_AUG_SAP_D\2024_AUG_S_T2\GOPR4785\Coral1.JPG,1,0.5073,Sapangan,T2,3
Sapangan (Deep Only)\2024_JUL_SAP_D\SAP-D_T2\GOPR3306.JPG,Sapangan (Deep Only)\2024_JUL_SAP_D\SAP-D_T2\GOPR3306\Coral14.JPG,14,0.2856,Sapangan,T2,3
Sapangan (Deep Only)\2024_AUG_SAP_D\2024_AUG_S_T2\GOPR4765.JPG,Sapangan (Deep Only)\2024_AUG_SAP_D\2024_AUG_S_T2\GOPR4765\Coral18.JPG,18,0.3034,Sapangan,T2,3
Sapangan (Deep Only)\2024_AUG_SAP_D\2024_AUG_S_T2\GOPR4772.JPG,Sapangan (Deep Only)\2024_AUG_SAP_D\2024_AUG_S_T2\GOPR4772\Coral6.JPG,6,0.6131,Sapangan,T2,3
Sapangan (Deep Only)\2024_JUL_SAP_D\SAP-D_T2\GOPR3291.JPG,Sapangan (Deep Only)\2024_JUL_SAP_D\SAP-D_T2\GOPR3291\Coral10.JPG,10,0.2295,Sapangan,T2,3
Sapangan (Deep Only)\2024_JUL_SAP_D\SAP-D_T2\GOPR3284.JPG,Sapangan (Deep Only)\2024_JUL_SAP_D\SAP-D_T2\GOPR3284\Coral10.JPG,10,0.1516,Sapangan,T2,3
Sapangan (Deep Only)\2024_JUL_SAP_D\SAP-D_T2\GOPR3312.JPG,Sapangan (Deep Only)\2024_JUL_SAP_D\SAP-D_T2\GOPR3312\Coral19.JPG,19,0.2964,Sapangan,T2,3
Sapangan (Deep Only)\2024_AUG_SAP_D\2024_AUG_S_T2\GOPR4813.JPG,Sapangan (Deep Only)\2024_AUG_SAP_D\2024_AUG_S_T2\GOPR4813\Coral10.JPG,10,0.2795,Sapangan,T2,3
Sapangan (Deep Only)\2024_JUL_SAP_D\SAP-D_T2\GOPR3278.JPG,Sapangan (Deep Only)\2024_JUL_SAP_D\SAP-D_T2\GOPR3278\Coral38.JPG,38,0.1672,Sapangan,T2,3
Sapangan (Deep Only)\2024_AUG_SAP_D\2024_AUG_S_T2\GOPR4767.JPG,Sapangan (Deep Only)\2024_AUG_SAP_D\2024_AUG_S_T2\GOPR4767\Coral23.JPG,23,0.1732,Sapangan,T2,3
Sapangan (Deep Only)\2024_AUG_SAP_D\2024_AUG_S_T2\GOPR4815.JPG,Sapangan (Deep Only)\2024_AUG_SAP_D\2024_AUG_S_T2\GOPR4815\Coral3.JPG,3,0.5579,Sapangan,T2,3
Sapangan (Deep Only)\2024_AUG_SAP_D\2024_AUG_S_T2\GOPR4815.JPG,Sapangan (Deep Only)\2024_AUG_SAP_D\2024_AUG_S_T2\GOPR4815\Coral14.JPG,14,0.2228,Sapangan,T2,3
Sapangan (Deep Only)\2024_AUG_SAP_D\2024_AUG_S_T2\GOPR4815.JPG,Sapangan (Deep Only)\2024_AUG_SAP_D\2024_AUG_S_T2\GOPR4815\Coral11.JPG,11,0.2558,Sapangan,T2,3
Sapangan (Deep Only)\2024_JUL_SAP_D\SAP-D_T2\GOPR3299.JPG,Sapangan (Deep Only)\2024_JUL_SAP_D\SAP-D_T2\GOPR3299\Coral22.JPG,22,0.2207,Sapangan,T2,3
Sapangan (Deep Only)\2024_JUL_SAP_D\SAP-D_T2\GOPR3299.JPG,Sapangan (Deep Only)\2024_JUL_SAP_D\SAP-D_T2\GOPR3299\Coral31.JPG,31,0.1759,Sapangan,T2,3
Sapangan (Deep Only)\2024_JUL_SAP_D\SAP-D_T2\GOPR3299.JPG,Sapangan (Deep Only)\2024_JUL_SAP_D\SAP-D_T2\GOPR3299\Coral16.JPG,16,0.306,Sapangan,T2,3
Sapangan (Deep Only)\2024_JUL_SAP_D\SAP-D_T2\GOPR3299.JPG,Sapangan (Deep Only)\2024_JUL_SAP_D\SAP-D_T2\GOPR3299\Coral10.JPG,10,0.4017,Sapangan,T2,3
Sapangan (Deep Only)\2024_JUL_SAP_D\SAP-D_T2\GOPR3299.JPG,Sapangan (Deep Only)\2024_JUL_SAP_D\SAP-D_T2\GOPR3299\Coral17.JPG,17,0.305,Sapangan,T2,3
Sapangan (Deep Only)\2024_JUL_SAP_D\SAP-D_T2\GOPR3299.JPG,Sapangan (Deep Only)\2024_JUL_SAP_D\SAP-D_T2\GOPR3299\Coral2.JPG,2,0.5977,Sapangan,T2,3
Sapangan (Deep Only)\2024_JUL_SAP_D\SAP-D_T2\GOPR3299.JPG,Sapangan (Deep Only)\2024_JUL_SAP_D\SAP-D_T2\GOPR3299\Coral26.JPG,26,0.1992,Sapangan,T2,3
Sapangan (Deep Only)\2024_JUL_SAP_D\SAP-D_T2\GOPR3299.JPG,Sapangan (Deep Only)\2024_JUL_SAP_D\SAP-D_T2\GOPR3299\Coral7.JPG,7,0.4552,Sapangan,T2,3
Sapangan (Deep Only)\2024_JUL_SAP_D\SAP-D_T2\GOPR3299.JPG,Sapangan (Deep Only)\2024_JUL_SAP_D\SAP-D_T2\GOPR3299\Coral13.JPG,13,0.3151,Sapangan,T2,3
Sapangan (Deep Only)\2024_JUL_SAP_D\SAP-D_T2\GOPR3299.JPG,Sapangan (Deep Only)\2024_JUL_SAP_D\SAP-D_T2\GOPR3299\Coral33.JPG,33,0.1557,Sapangan,T2,3
Sapangan (Deep Only)\2024_AUG_SAP_D\2024_AUG_S_T2\GOPR4800.JPG,Sapangan (Deep Only)\2024_AUG_SAP_D\2024_AUG_S_T2\GOPR4800\Coral39.JPG,39,0.1997,Sapangan,T2,3
Sapangan (Deep Only)\2024_AUG_SAP_D\2024_AUG_S_T2\GOPR4800.JPG,Sapangan (Deep Only)\2024_AUG_SAP_D\2024_AUG_S_T2\GOPR4800\Coral9.JPG,9,0.5325,Sapangan,T2,3
Sapangan (Deep Only)\2024_AUG_SAP_D\2024_AUG_S_T2\GOPR4800.JPG,Sapangan (Deep Only)\2024_AUG_SAP_D\2024_AUG_S_T2\GOPR4800\Coral45.JPG,45,0.1854,Sapangan,T2,3
Sapangan (Deep Only)\2024_AUG_SAP_D\2024_AUG_S_T2\GOPR4800.JPG,Sapangan (Deep Only)\2024_AUG_SAP_D\2024_AUG_S_T2\GOPR4800\Coral1.JPG,1,0.7674,Sapangan,T2,3
Sapangan (Deep Only)\2024_AUG_SAP_D\2024_AUG_S_T2\GOPR4800.JPG,Sapangan (Deep Only)\2024_AUG_SAP_D\2024_AUG_S_T2\GOPR4800\Coral46.JPG,46,0.1759,Sapangan,T2,3
Sapangan (Deep Only)\2024_AUG_SAP_D\2024_AUG_S_T2\GOPR4800.JPG,Sapangan (Deep Only)\2024_AUG_SAP_D\2024_AUG_S_T2\GOPR4800\Coral37.JPG,37,0.2147,Sapangan,T2,3
Sapangan (Deep Only)\2024_AUG_SAP_D\2024_AUG_S_T2\GOPR4800.JPG,Sapangan (Deep Only)\2024_AUG_SAP_D\2024_AUG_S_T2\GOPR4800\Coral13.JPG,13,0.4609,Sapangan,T2,3
Sapangan (Deep Only)\2024_AUG_SAP_D\2024_AUG_S_T2\GOPR4800.JPG,Sapangan (Deep Only)\2024_AUG_SAP_D\2024_AUG_S_T2\GOPR4800\Coral5.JPG,5,0.645,Sapangan,T2,3
Sapangan (Deep Only)\2024_AUG_SAP_D\2024_AUG_S_T2\GOPR4800.JPG,Sapangan (Deep Only)\2024_AUG_SAP_D\2024_AUG_S_T2\GOPR4800\Coral28.JPG,28,0.279,Sapangan,T2,3
Sapangan (Deep Only)\2024_AUG_SAP_D\2024_AUG_S_T2\GOPR4806.JPG,Sapangan (Deep Only)\2024_AUG_SAP_D\2024_AUG_S_T2\GOPR4806\Coral10.JPG,10,0.1712,Sapangan,T2,3
Sapangan (Deep Only)\2024_AUG_SAP_D\2024_AUG_S_T2\GOPR4806.JPG,Sapangan (Deep Only)\2024_AUG_SAP_D\2024_AUG_S_T2\GOPR4806\Coral4.JPG,4,0.2345,Sapangan,T2,3
Sapangan (Deep Only)\2024_JUL_SAP_D\SAP-D_T2\GOPR3303.JPG,Sapangan (Deep Only)\2024_JUL_SAP_D\SAP-D_T2\GOPR3303\Coral2.JPG,2,0.6827,Sapangan,T2,3
Sapangan (Deep Only)\2024_JUL_SAP_D\SAP-D_T2\GOPR3271.JPG,Sapangan (Deep Only)\2024_JUL_SAP_D\SAP-D_T2\GOPR3271\Coral20.JPG,20,0.2731,Sapangan,T2,3
Sapangan (Deep Only)\2024_JUL_SAP_D\SAP-D_T2\GOPR3271.JPG,Sapangan (Deep Only)\2024_JUL_SAP_D\SAP-D_T2\GOPR3271\Coral9.JPG,9,0.475,Sapangan,T2,3
Sapangan (Deep Only)\2024_JUL_SAP_D\SAP-D_T2\GOPR3271.JPG,Sapangan (Deep Only)\2024_JUL_SAP_D\SAP-D_T2\GOPR3271\Coral10.JPG,10,0.4636,Sapangan,T2,3
Sapangan (Deep Only)\2024_JUL_SAP_D\SAP-D_T2\GOPR3271.JPG,Sapangan (Deep Only)\2024_JUL_SAP_D\SAP-D_T2\GOPR3271\Coral24.JPG,24,0.2286,Sapangan,T2,3
Sapangan (Deep Only)\2024_JUL_SAP_D\SAP-D_T2\GOPR3271.JPG,Sapangan (Deep Only)\2024_JUL_SAP_D\SAP-D_T2\GOPR3271\Coral27.JPG,27,0.1989,Sapangan,T2,3
Sapangan (Deep Only)\2024_JUL_SAP_D\SAP-D_T2\GOPR3271.JPG,Sapangan (Deep Only)\2024_JUL_SAP_D\SAP-D_T2\GOPR3271\Coral18.JPG,18,0.3012,Sapangan,T2,3
Sapangan (Deep Only)\2024_JUL_SAP_D\SAP-D_T2\GOPR3271.JPG,Sapangan (Deep Only)\2024_JUL_SAP_D\SAP-D_T2\GOPR3271\Coral6.JPG,6,0.521,Sapangan,T2,3
Sapangan (Deep Only)\2024_AUG_SAP_D\2024_AUG_S_T2\GOPR4783.JPG,Sapangan (Deep Only)\2024_AUG_SAP_D\2024_AUG_S_T2\GOPR4783\Coral24.JPG,24,0.2144,Sapangan,T2,3
Sapangan (Deep Only)\2024_AUG_SAP_D\2024_AUG_S_T2\GOPR4783.JPG,Sapangan (Deep Only)\2024_AUG_SAP_D\2024_AUG_S_T2\GOPR4783\Coral1.JPG,1,0.74,Sapangan,T2,3
Sapangan (Deep Only)\2024_JUL_SAP_D\SAP-D_T2\GOPR3301.JPG,Sapangan (Deep Only)\2024_JUL_SAP_D\SAP-D_T2\GOPR3301\Coral4.JPG,4,0.2221,Sapangan,T2,3
Sapangan (Deep Only)\2024_AUG_SAP_D\2024_AUG_S_T2\GOPR4798.JPG,Sapangan (Deep Only)\2024_AUG_SAP_D\2024_AUG_S_T2\GOPR4798\Coral1.JPG,1,0.6085,Sapangan,T2,3
Sapangan (Deep Only)\2024_AUG_SAP_D\2024_AUG_S_T2\GOPR4798.JPG,Sapangan (Deep Only)\2024_AUG_SAP_D\2024_AUG_S_T2\GOPR4798\Coral3.JPG,3,0.248,Sapangan,T2,3
Sapangan (Deep Only)\2024_AUG_SAP_D\2024_AUG_S_T2\GOPR4796.JPG,Sapangan (Deep Only)\2024_AUG_SAP_D\2024_AUG_S_T2\GOPR4796\Coral4.JPG,4,0.1871,Sapangan,T2,3
Sapangan (Deep Only)\2024_AUG_SAP_D\2024_AUG_S_T2\GOPR4796.JPG,Sapangan (Deep Only)\2024_AUG_SAP_D\2024_AUG_S_T2\GOPR4796\Coral1.JPG,1,0.26,Sapangan,T2,3
Sapangan (Deep Only)\2024_JUL_SAP_D\SAP-D_T2\GOPR3294.JPG,Sapangan (Deep Only)\2024_JUL_SAP_D\SAP-D_T2\GOPR3294\Coral17.JPG,17,0.5048,Sapangan,T2,3
Sapangan (Deep Only)\2024_JUL_SAP_D\SAP-D_T2\GOPR3294.JPG,Sapangan (Deep Only)\2024_JUL_SAP_D\SAP-D_T2\GOPR3294\Coral42.JPG,42,0.2733,Sapangan,T2,3
Sapangan (Deep Only)\2024_JUL_SAP_D\SAP-D_T2\GOPR3294.JPG,Sapangan (Deep Only)\2024_JUL_SAP_D\SAP-D_T2\GOPR3294\Coral46.JPG,46,0.2399,Sapangan,T2,3
Sapangan (Deep Only)\2024_JUL_SAP_D\SAP-D_T2\GOPR3294.JPG,Sapangan (Deep Only)\2024_JUL_SAP_D\SAP-D_T2\GOPR3294\Coral25.JPG,25,0.4452,Sapangan,T2,3
Sapangan (Deep Only)\2024_JUL_SAP_D\SAP-D_T2\GOPR3294.JPG,Sapangan (Deep Only)\2024_JUL_SAP_D\SAP-D_T2\GOPR3294\Coral11.JPG,11,0.5973,Sapangan,T2,3
Sapangan (Deep Only)\2024_JUL_SAP_D\SAP-D_T2\GOPR3294.JPG,Sapangan (Deep Only)\2024_JUL_SAP_D\SAP-D_T2\GOPR3294\Coral35.JPG,35,0.328,Sapangan,T2,3
Sapangan (Deep Only)\2024_JUL_SAP_D\SAP-D_T2\GOPR3294.JPG,Sapangan (Deep Only)\2024_JUL_SAP_D\SAP-D_T2\GOPR3294\Coral10.JPG,10,0.6016,Sapangan,T2,3
Sapangan (Deep Only)\2024_JUL_SAP_D\SAP-D_T2\GOPR3294.JPG,Sapangan (Deep Only)\2024_JUL_SAP_D\SAP-D_T2\GOPR3294\Coral60.JPG,60,0.1991,Sapangan,T2,3
Sapangan (Deep Only)\2024_JUL_SAP_D\SAP-D_T2\GOPR3294.JPG,Sapangan (Deep Only)\2024_JUL_SAP_D\SAP-D_T2\GOPR3294\Coral68.JPG,68,0.1656,Sapangan,T2,3
Sapangan (Deep Only)\2024_AUG_SAP_D\2024_AUG_S_T2\GOPR4810.JPG,Sapangan (Deep Only)\2024_AUG_SAP_D\2024_AUG_S_T2\GOPR4810\Coral3.JPG,3,0.3611,Sapangan,T2,3
Sapangan (Deep Only)\2024_JUL_SAP_D\SAP-D_T3\GOPR3319.JPG,Sapangan (Deep Only)\2024_JUL_SAP_D\SAP-D_T3\GOPR3319\Coral7.JPG,7,0.2533,Sapangan,T3,3
Sapangan (Deep Only)\2024_JUL_SAP_D\SAP-D_T3\GOPR3351.JPG,Sapangan (Deep Only)\2024_JUL_SAP_D\SAP-D_T3\GOPR3351\Coral1.JPG,1,0.4374,Sapangan,T3,3
Sapangan (Deep Only)\2024_JUL_SAP_D\SAP-D_T3\GOPR3336.JPG,Sapangan (Deep Only)\2024_JUL_SAP_D\SAP-D_T3\GOPR3336\Coral3.JPG,3,0.5626,Sapangan,T3,3
Sapangan (Deep Only)\2024_JUL_SAP_D\SAP-D_T3\GOPR3321.JPG,Sapangan (Deep Only)\2024_JUL_SAP_D\SAP-D_T3\GOPR3321\Coral19.JPG,19,0.2412,Sapangan,T3,3
Sapangan (Deep Only)\2024_JUL_SAP_D\SAP-D_T3\GOPR3325.JPG,Sapangan (Deep Only)\2024_JUL_SAP_D\SAP-D_T3\GOPR3325\Coral18.JPG,18,0.2704,Sapangan,T3,3
Sapangan (Deep Only)\2024_AUG_SAP_D\2024_AUG_S_T3\GOPR5069.JPG,Sapangan (Deep Only)\2024_AUG_SAP_D\2024_AUG_S_T3\GOPR5069\Coral6.JPG,6,0.2367,Sapangan,T3,3
Sapangan (Deep Only)\2024_JUL_SAP_D\SAP-D_T3\GOPR3341.JPG,Sapangan (Deep Only)\2024_JUL_SAP_D\SAP-D_T3\GOPR3341\Coral13.JPG,13,0.1692,Sapangan,T3,3
Sapangan (Deep Only)\2024_JUL_SAP_D\SAP-D_T3\GOPR3328.JPG,Sapangan (Deep Only)\2024_JUL_SAP_D\SAP-D_T3\GOPR3328\Coral3.JPG,3,0.5411,Sapangan,T3,3
Sapangan (Deep Only)\2024_AUG_SAP_D\2024_AUG_S_T3\GOPR5066.JPG,Sapangan (Deep Only)\2024_AUG_SAP_D\2024_AUG_S_T3\GOPR5066\Coral8.JPG,8,0.167,Sapangan,T3,3
Sapangan (Deep Only)\2024_JUL_SAP_D\SAP-D_T3\GOPR3346.JPG,Sapangan (Deep Only)\2024_JUL_SAP_D\SAP-D_T3\GOPR3346\Coral13.JPG,13,0.2516,Sapangan,T3,3
Sapangan (Deep Only)\2024_JUL_SAP_D\SAP-D_T3\GOPR3367.JPG,Sapangan (Deep Only)\2024_JUL_SAP_D\SAP-D_T3\GOPR3367\Coral5.JPG,5,0.2604,Sapangan,T3,3
Sapangan (Deep Only)\2024_JUL_SAP_D\SAP-D_T3\GOPR3347.JPG,Sapangan (Deep Only)\2024_JUL_SAP_D\SAP-D_T3\GOPR3347\Coral11.JPG,11,0.4831,Sapangan,T3,3
Sapangan (Deep Only)\2024_AUG_SAP_D\2024_AUG_S_T3\GOPR5054.JPG,Sapangan (Deep Only)\2024_AUG_SAP_D\2024_AUG_S_T3\GOPR5054\Coral5.JPG,5,0.4312,Sapangan,T3,3
Sapangan (Deep Only)\2024_JUL_SAP_D\SAP-D_T3\GOPR3353.JPG,Sapangan (Deep Only)\2024_JUL_SAP_D\SAP-D_T3\GOPR3353\Coral6.JPG,6,0.1662,Sapangan,T3,3
Sapangan (Deep Only)\2024_AUG_SAP_D\2024_AUG_S_T3\GOPR5031.JPG,Sapangan (Deep Only)\2024_AUG_SAP_D\2024_AUG_S_T3\GOPR5031\Coral4.JPG,4,0.6356,Sapangan,T3,3
Sapangan (Deep Only)\2024_JUL_SAP_D\SAP-D_T3\GOPR3342.JPG,Sapangan (Deep Only)\2024_JUL_SAP_D\SAP-D_T3\GOPR3342\Coral5.JPG,5,0.2749,Sapangan,T3,3
Sapangan (Deep Only)\2024_AUG_SAP_D\2024_AUG_S_T3\GOPR5048.JPG,Sapangan (Deep Only)\2024_AUG_SAP_D\2024_AUG_S_T3\GOPR5048\Coral2.JPG,2,0.7828,Sapangan,T3,3
Sapangan (Deep Only)\2024_JUL_SAP_D\SAP-D_T3\GOPR3345.JPG,Sapangan (Deep Only)\2024_JUL_SAP_D\SAP-D_T3\GOPR3345\Coral9.JPG,9,0.1644,Sapangan,T3,3
Sapangan (Deep Only)\2024_AUG_SAP_D\2024_AUG_S_T3\GOPR5060.JPG,Sapangan (Deep Only)\2024_AUG_SAP_D\2024_AUG_S_T3\GOPR5060\Coral21.JPG,21,0.2125,Sapangan,T3,3
Sapangan (Deep Only)\2024_AUG_SAP_D\2024_AUG_S_T3\GOPR5064.JPG,Sapangan (Deep Only)\2024_AUG_SAP_D\2024_AUG_S_T3\GOPR5064\Coral24.JPG,24,0.2256,Sapangan,T3,3
Sapangan (Deep Only)\2024_JUL_SAP_D\SAP-D_T3\GOPR3333.JPG,Sapangan (Deep Only)\2024_JUL_SAP_D\SAP-D_T3\GOPR3333\Coral9.JPG,9,0.1754,Sapangan,T3,3
Sapangan (Deep Only)\2024_AUG_SAP_D\2024_AUG_S_T3\GOPR5067.JPG,Sapangan (Deep Only)\2024_AUG_SAP_D\2024_AUG_S_T3\GOPR5067\Coral4.JPG,4,0.4689,Sapangan,T3,3
Sapangan (Deep Only)\2024_AUG_SAP_D\2024_AUG_S_T3\GOPR5063.JPG,Sapangan (Deep Only)\2024_AUG_SAP_D\2024_AUG_S_T3\GOPR5063\Coral3.JPG,3,0.791,Sapangan,T3,3
Sapangan (Deep Only)\2024_JUL_SAP_D\SAP-D_T3\GOPR3351.JPG,Sapangan (Deep Only)\2024_JUL_SAP_D\SAP-D_T3\GOPR3351\Coral6.JPG,6,0.1752,Sapangan,T3,3
Sapangan (Deep Only)\2024_JUL_SAP_D\SAP-D_T3\GOPR3337.JPG,Sapangan (Deep Only)\2024_JUL_SAP_D\SAP-D_T3\GOPR3337\Coral5.JPG,5,0.4178,Sapangan,T3,3
Sapangan (Deep Only)\2024_AUG_SAP_D\2024_AUG_S_T3\GOPR5035.JPG,Sapangan (Deep Only)\2024_AUG_SAP_D\2024_AUG_S_T3\GOPR5035\Coral19.JPG,19,0.2253,Sapangan,T3,3
Sapangan (Deep Only)\2024_JUL_SAP_D\SAP-D_T3\GOPR3325.JPG,Sapangan (Deep Only)\2024_JUL_SAP_D\SAP-D_T3\GOPR3325\Coral31.JPG,31,0.1526,Sapangan,T3,3
Sapangan (Deep Only)\2024_JUL_SAP_D\SAP-D_T3\GOPR3348.JPG,Sapangan (Deep Only)\2024_JUL_SAP_D\SAP-D_T3\GOPR3348\Coral1.JPG,1,0.6679,Sapangan,T3,3
Sapangan (Deep Only)\2024_AUG_SAP_D\2024_AUG_S_T3\GOPR5052.JPG,Sapangan (Deep Only)\2024_AUG_SAP_D\2024_AUG_S_T3\GOPR5052\Coral48.JPG,48,0.2016,Sapangan,T3,3
Sapangan (Deep Only)\2024_JUL_SAP_D\SAP-D_T3\GOPR3339.JPG,Sapangan (Deep Only)\2024_JUL_SAP_D\SAP-D_T3\GOPR3339\Coral2.JPG,2,0.299,Sapangan,T3,3
Sapangan (Deep Only)\2024_AUG_SAP_D\2024_AUG_S_T3\GOPR5049.JPG,Sapangan (Deep Only)\2024_AUG_SAP_D\2024_AUG_S_T3\GOPR5049\Coral7.JPG,7,0.4989,Sapangan,T3,3
Sapangan (Deep Only)\2024_JUL_SAP_D\SAP-D_T3\GOPR3340.JPG,Sapangan (Deep Only)\2024_JUL_SAP_D\SAP-D_T3\GOPR3340\Coral4.JPG,4,0.4501,Sapangan,T3,3
Sapangan (Deep Only)\2024_AUG_SAP_D\2024_AUG_S_T3\GOPR5059.JPG,Sapangan (Deep Only)\2024_AUG_SAP_D\2024_AUG_S_T3\GOPR5059\Coral10.JPG,10,0.3734,Sapangan,T3,3
Sapangan (Deep Only)\2024_AUG_SAP_D\2024_AUG_S_T3\GOPR5023.JPG,Sapangan (Deep Only)\2024_AUG_SAP_D\2024_AUG_S_T3\GOPR5023\Coral5.JPG,5,0.4085,Sapangan,T3,3
Sapangan (Deep Only)\2024_AUG_SAP_D\2024_AUG_S_T3\GOPR5054.JPG,Sapangan (Deep Only)\2024_AUG_SAP_D\2024_AUG_S_T3\GOPR5054\Coral20.JPG,20,0.1832,Sapangan,T3,3
Sapangan (Deep Only)\2024_AUG_SAP_D\2024_AUG_S_T3\GOPR5061.JPG,Sapangan (Deep Only)\2024_AUG_SAP_D\2024_AUG_S_T3\GOPR5061\Coral11.JPG,11,0.2406,Sapangan,T3,3
Sapangan (Deep Only)\2024_AUG_SAP_D\2024_AUG_S_T3\GOPR5055.JPG,Sapangan (Deep Only)\2024_AUG_SAP_D\2024_AUG_S_T3\GOPR5055\Coral2.JPG,2,0.6061,Sapangan,T3,3
Sapangan (Deep Only)\2024_AUG_SAP_D\2024_AUG_S_T3\GOPR5065.JPG,Sapangan (Deep Only)\2024_AUG_SAP_D\2024_AUG_S_T3\GOPR5065\Coral2.JPG,2,0.6916,Sapangan,T3,3
Sapangan (Deep Only)\2024_AUG_SAP_D\2024_AUG_S_T3\GOPR5048.JPG,Sapangan (Deep Only)\2024_AUG_SAP_D\2024_AUG_S_T3\GOPR5048\Coral5.JPG,5,0.5075,Sapangan,T3,3
Sapangan (Deep Only)\2024_JUL_SAP_D\SAP-D_T3\GOPR3345.JPG,Sapangan (Deep Only)\2024_JUL_SAP_D\SAP-D_T3\GOPR3345\Coral1.JPG,1,0.7495,Sapangan,T3,3
Sapangan (Deep Only)\2024_AUG_SAP_D\2024_AUG_S_T3\GOPR5064.JPG,Sapangan (Deep Only)\2024_AUG_SAP_D\2024_AUG_S_T3\GOPR5064\Coral1.JPG,1,0.7764,Sapangan,T3,3
Sapangan (Deep Only)\2024_JUL_SAP_D\SAP-D_T3\GOPR3359.JPG,Sapangan (Deep Only)\2024_JUL_SAP_D\SAP-D_T3\GOPR3359\Coral14.JPG,14,0.1728,Sapangan,T3,3
Sapangan (Deep Only)\2024_JUL_SAP_D\SAP-D_T3\GOPR3323.JPG,Sapangan (Deep Only)\2024_JUL_SAP_D\SAP-D_T3\GOPR3323\Coral10.JPG,10,0.1837,Sapangan,T3,3
Sapangan (Deep Only)\2024_AUG_SAP_D\2024_AUG_S_T3\GOPR5027.JPG,Sapangan (Deep Only)\2024_AUG_SAP_D\2024_AUG_S_T3\GOPR5027\Coral4.JPG,4,0.3147,Sapangan,T3,3
Sapangan (Deep Only)\2024_AUG_SAP_D\2024_AUG_S_T3\GOPR5067.JPG,Sapangan (Deep Only)\2024_AUG_SAP_D\2024_AUG_S_T3\GOPR5067\Coral2.JPG,2,0.6297,Sapangan,T3,3
Sapangan (Deep Only)\2024_JUL_SAP_D\SAP-D_T3\GOPR3349.JPG,Sapangan (Deep Only)\2024_JUL_SAP_D\SAP-D_T3\GOPR3349\Coral11.JPG,11,0.3269,Sapangan,T3,3
Sapangan (Deep Only)\2024_AUG_SAP_D\2024_AUG_S_T3\GOPR5035.JPG,Sapangan (Deep Only)\2024_AUG_SAP_D\2024_AUG_S_T3\GOPR5035\Coral9.JPG,9,0.3395,Sapangan,T3,3
Sapangan (Deep Only)\2024_AUG_SAP_D\2024_AUG_S_T3\GOPR5073.JPG,Sapangan (Deep Only)\2024_AUG_SAP_D\2024_AUG_S_T3\GOPR5073\Coral15.JPG,15,0.172,Sapangan,T3,3
Sapangan (Deep Only)\2024_JUL_SAP_D\SAP-D_T3\GOPR3352.JPG,Sapangan (Deep Only)\2024_JUL_SAP_D\SAP-D_T3\GOPR3352\Coral3.JPG,3,0.1653,Sapangan,T3,3
Sapangan (Deep Only)\2024_JUL_SAP_D\SAP-D_T3\GOPR3363.JPG,Sapangan (Deep Only)\2024_JUL_SAP_D\SAP-D_T3\GOPR3363\Coral1.JPG,1,0.5137,Sapangan,T3,3
Sapangan (Deep Only)\2024_AUG_SAP_D\2024_AUG_S_T3\GOPR5051.JPG,Sapangan (Deep Only)\2024_AUG_SAP_D\2024_AUG_S_T3\GOPR5051\Coral23.JPG,23,0.3383,Sapangan,T3,3
Sapangan (Deep Only)\2024_AUG_SAP_D\2024_AUG_S_T3\GOPR5069.JPG,Sapangan (Deep Only)\2024_AUG_SAP_D\2024_AUG_S_T3\GOPR5069\Coral13.JPG,13,0.168,Sapangan,T3,3
Sapangan (Deep Only)\2024_AUG_SAP_D\2024_AUG_S_T3\GOPR5049.JPG,Sapangan (Deep Only)\2024_AUG_SAP_D\2024_AUG_S_T3\GOPR5049\Coral20.JPG,20,0.1639,Sapangan,T3,3
Sapangan (Deep Only)\2024_JUL_SAP_D\SAP-D_T3\GOPR3367.JPG,Sapangan (Deep Only)\2024_JUL_SAP_D\SAP-D_T3\GOPR3367\Coral2.JPG,2,0.5286,Sapangan,T3,3
Sapangan (Deep Only)\2024_AUG_SAP_D\2024_AUG_S_T3\GOPR5068.JPG,Sapangan (Deep Only)\2024_AUG_SAP_D\2024_AUG_S_T3\GOPR5068\Coral5.JPG,5,0.4511,Sapangan,T3,3
Sapangan (Deep Only)\2024_AUG_SAP_D\2024_AUG_S_T3\GOPR5084.JPG,Sapangan (Deep Only)\2024_AUG_SAP_D\2024_AUG_S_T3\GOPR5084\Coral5.JPG,5,0.5097,Sapangan,T3,3
Sapangan (Deep Only)\2024_JUL_SAP_D\SAP-D_T3\GOPR3361.JPG,Sapangan (Deep Only)\2024_JUL_SAP_D\SAP-D_T3\GOPR3361\Coral1.JPG,1,0.7054,Sapangan,T3,3
Sapangan (Deep Only)\2024_AUG_SAP_D\2024_AUG_S_T3\GOPR5033.JPG,Sapangan (Deep Only)\2024_AUG_SAP_D\2024_AUG_S_T3\GOPR5033\Coral4.JPG,4,0.4202,Sapangan,T3,3
Sapangan (Deep Only)\2024_AUG_SAP_D\2024_AUG_S_T3\GOPR5033.JPG,Sapangan (Deep Only)\2024_AUG_SAP_D\2024_AUG_S_T3\GOPR5033\Coral20.JPG,20,0.1647,Sapangan,T3,3
Sapangan (Deep Only)\2024_AUG_SAP_D\2024_AUG_S_T3\GOPR5033.JPG,Sapangan (Deep Only)\2024_AUG_SAP_D\2024_AUG_S_T3\GOPR5033\Coral17.JPG,17,0.1797,Sapangan,T3,3
Sapangan (Deep Only)\2024_AUG_SAP_D\2024_AUG_S_T3\GOPR5033.JPG,Sapangan (Deep Only)\2024_AUG_SAP_D\2024_AUG_S_T3\GOPR5033\Coral7.JPG,7,0.3293,Sapangan,T3,3
Sapangan (Deep Only)\2024_AUG_SAP_D\2024_AUG_S_T3\GOPR5033.JPG,Sapangan (Deep Only)\2024_AUG_SAP_D\2024_AUG_S_T3\GOPR5033\Coral2.JPG,2,0.5327,Sapangan,T3,3
Sapangan (Deep Only)\2024_AUG_SAP_D\2024_AUG_S_T3\GOPR5033.JPG,Sapangan (Deep Only)\2024_AUG_SAP_D\2024_AUG_S_T3\GOPR5033\Coral19.JPG,19,0.1649,Sapangan,T3,3
Sapangan (Deep Only)\2024_AUG_SAP_D\2024_AUG_S_T3\GOPR5048.JPG,Sapangan (Deep Only)\2024_AUG_SAP_D\2024_AUG_S_T3\GOPR5048\Coral16.JPG,16,0.2078,Sapangan,T3,3
Sapangan (Deep Only)\2024_AUG_SAP_D\2024_AUG_S_T3\GOPR5048.JPG,Sapangan (Deep Only)\2024_AUG_SAP_D\2024_AUG_S_T3\GOPR5048\Coral7.JPG,7,0.4375,Sapangan,T3,3
Sapangan (Deep Only)\2024_AUG_SAP_D\2024_AUG_S_T3\GOPR5048.JPG,Sapangan (Deep Only)\2024_AUG_SAP_D\2024_AUG_S_T3\GOPR5048\Coral8.JPG,8,0.3966,Sapangan,T3,3
Sapangan (Deep Only)\2024_AUG_SAP_D\2024_AUG_S_T3\GOPR5048.JPG,Sapangan (Deep Only)\2024_AUG_SAP_D\2024_AUG_S_T3\GOPR5048\Coral10.JPG,10,0.3169,Sapangan,T3,3
Sapangan (Deep Only)\2024_JUL_SAP_D\SAP-D_T3\GOPR3345.JPG,Sapangan (Deep Only)\2024_JUL_SAP_D\SAP-D_T3\GOPR3345\Coral5.JPG,5,0.2619,Sapangan,T3,3
Sapangan (Deep Only)\2024_AUG_SAP_D\2024_AUG_S_T3\GOPR5060.JPG,Sapangan (Deep Only)\2024_AUG_SAP_D\2024_AUG_S_T3\GOPR5060\Coral12.JPG,12,0.4393,Sapangan,T3,3
Sapangan (Deep Only)\2024_AUG_SAP_D\2024_AUG_S_T3\GOPR5060.JPG,Sapangan (Deep Only)\2024_AUG_SAP_D\2024_AUG_S_T3\GOPR5060\Coral10.JPG,10,0.45,Sapangan,T3,3
Sapangan (Deep Only)\2024_AUG_SAP_D\2024_AUG_S_T3\GOPR5060.JPG,Sapangan (Deep Only)\2024_AUG_SAP_D\2024_AUG_S_T3\GOPR5060\Coral13.JPG,13,0.4246,Sapangan,T3,3
Sapangan (Deep Only)\2024_AUG_SAP_D\2024_AUG_S_T3\GOPR5060.JPG,Sapangan (Deep Only)\2024_AUG_SAP_D\2024_AUG_S_T3\GOPR5060\Coral22.JPG,22,0.2078,Sapangan,T3,3
Sapangan (Deep Only)\2024_AUG_SAP_D\2024_AUG_S_T3\GOPR5060.JPG,Sapangan (Deep Only)\2024_AUG_SAP_D\2024_AUG_S_T3\GOPR5060\Coral23.JPG,23,0.1844,Sapangan,T3,3
Sapangan (Deep Only)\2024_JUL_SAP_D\SAP-D_T3\GOPR3327.JPG,Sapangan (Deep Only)\2024_JUL_SAP_D\SAP-D_T3\GOPR3327\Coral1.JPG,1,0.6793,Sapangan,T3,3
Sapangan (Deep Only)\2024_JUL_SAP_D\SAP-D_T3\GOPR3327.JPG,Sapangan (Deep Only)\2024_JUL_SAP_D\SAP-D_T3\GOPR3327\Coral14.JPG,14,0.1538,Sapangan,T3,3
Sapangan (Deep Only)\2024_JUL_SAP_D\SAP-D_T3\GOPR3327.JPG,Sapangan (Deep Only)\2024_JUL_SAP_D\SAP-D_T3\GOPR3327\Coral8.JPG,8,0.2895,Sapangan,T3,3
Sapangan (Deep Only)\2024_AUG_SAP_D\2024_AUG_S_T3\GOPR5024.JPG,Sapangan (Deep Only)\2024_AUG_SAP_D\2024_AUG_S_T3\GOPR5024\Coral12.JPG,12,0.163,Sapangan,T3,3
Sapangan (Deep Only)\2024_AUG_SAP_D\2024_AUG_S_T3\GOPR5024.JPG,Sapangan (Deep Only)\2024_AUG_SAP_D\2024_AUG_S_T3\GOPR5024\Coral1.JPG,1,0.6481,Sapangan,T3,3
Sapangan (Deep Only)\2024_AUG_SAP_D\2024_AUG_S_T3\GOPR5024.JPG,Sapangan (Deep Only)\2024_AUG_SAP_D\2024_AUG_S_T3\GOPR5024\Coral4.JPG,4,0.3458,Sapangan,T3,3
Sapangan (Deep Only)\2024_AUG_SAP_D\2024_AUG_S_T3\GOPR5024.JPG,Sapangan (Deep Only)\2024_AUG_SAP_D\2024_AUG_S_T3\GOPR5024\Coral2.JPG,2,0.4782,Sapangan,T3,3
Sapangan (Deep Only)\2024_AUG_SAP_D\2024_AUG_S_T3\GOPR5064.JPG,Sapangan (Deep Only)\2024_AUG_SAP_D\2024_AUG_S_T3\GOPR5064\Coral27.JPG,27,0.2029,Sapangan,T3,3
Sapangan (Deep Only)\2024_AUG_SAP_D\2024_AUG_S_T3\GOPR5064.JPG,Sapangan (Deep Only)\2024_AUG_SAP_D\2024_AUG_S_T3\GOPR5064\Coral18.JPG,18,0.3614,Sapangan,T3,3
Sapangan (Deep Only)\2024_AUG_SAP_D\2024_AUG_S_T3\GOPR5064.JPG,Sapangan (Deep Only)\2024_AUG_SAP_D\2024_AUG_S_T3\GOPR5064\Coral12.JPG,12,0.5016,Sapangan,T3,3
Sapangan (Deep Only)\2024_JUL_SAP_D\SAP-D_T3\GOPR3324.JPG,Sapangan (Deep Only)\2024_JUL_SAP_D\SAP-D_T3\GOPR3324\Coral11.JPG,11,0.2138,Sapangan,T3,3
Sapangan (Deep Only)\2024_JUL_SAP_D\SAP-D_T3\GOPR3324.JPG,Sapangan (Deep Only)\2024_JUL_SAP_D\SAP-D_T3\GOPR3324\Coral14.JPG,14,0.1711,Sapangan,T3,3
Sapangan (Deep Only)\2024_AUG_SAP_D\2024_AUG_S_T3\GOPR5036.JPG,Sapangan (Deep Only)\2024_AUG_SAP_D\2024_AUG_S_T3\GOPR5036\Coral12.JPG,12,0.2432,Sapangan,T3,3
Sapangan (Deep Only)\2024_AUG_SAP_D\2024_AUG_S_T3\GOPR5036.JPG,Sapangan (Deep Only)\2024_AUG_SAP_D\2024_AUG_S_T3\GOPR5036\Coral17.JPG,17,0.2029,Sapangan,T3,3
Sapangan (Deep Only)\2024_AUG_SAP_D\2024_AUG_S_T3\GOPR5036.JPG,Sapangan (Deep Only)\2024_AUG_SAP_D\2024_AUG_S_T3\GOPR5036\Coral8.JPG,8,0.2691,Sapangan,T3,3
Sapangan (Deep Only)\2024_AUG_SAP_D\2024_AUG_S_T3\GOPR5036.JPG,Sapangan (Deep Only)\2024_AUG_SAP_D\2024_AUG_S_T3\GOPR5036\Coral5.JPG,5,0.3062,Sapangan,T3,3
Sapangan (Deep Only)\2024_AUG_SAP_D\2024_AUG_S_T3\GOPR5036.JPG,Sapangan (Deep Only)\2024_AUG_SAP_D\2024_AUG_S_T3\GOPR5036\Coral9.JPG,9,0.2623,Sapangan,T3,3
Sapangan (Deep Only)\2024_AUG_SAP_D\2024_AUG_S_T3\GOPR5070.JPG,Sapangan (Deep Only)\2024_AUG_SAP_D\2024_AUG_S_T3\GOPR5070\Coral38.JPG,38,0.162,Sapangan,T3,3
Sapangan (Deep Only)\2024_AUG_SAP_D\2024_AUG_S_T3\GOPR5070.JPG,Sapangan (Deep Only)\2024_AUG_SAP_D\2024_AUG_S_T3\GOPR5070\Coral12.JPG,12,0.3766,Sapangan,T3,3
Sapangan (Deep Only)\2024_AUG_SAP_D\2024_AUG_S_T3\GOPR5070.JPG,Sapangan (Deep Only)\2024_AUG_SAP_D\2024_AUG_S_T3\GOPR5070\Coral2.JPG,2,0.6523,Sapangan,T3,3
Sapangan (Deep Only)\2024_AUG_SAP_D\2024_AUG_S_T3\GOPR5070.JPG,Sapangan (Deep Only)\2024_AUG_SAP_D\2024_AUG_S_T3\GOPR5070\Coral28.JPG,28,0.2166,Sapangan,T3,3
Sapangan (Deep Only)\2024_JUL_SAP_D\SAP-D_T3\GOPR3335.JPG,Sapangan (Deep Only)\2024_JUL_SAP_D\SAP-D_T3\GOPR3335\Coral6.JPG,6,0.2093,Sapangan,T3,3
Sapangan (Deep Only)\2024_JUL_SAP_D\SAP-D_T3\GOPR3335.JPG,Sapangan (Deep Only)\2024_JUL_SAP_D\SAP-D_T3\GOPR3335\Coral3.JPG,3,0.3477,Sapangan,T3,3
Sapangan (Deep Only)\2024_JUL_SAP_D\SAP-D_T3\GOPR3356.JPG,Sapangan (Deep Only)\2024_JUL_SAP_D\SAP-D_T3\GOPR3356\Coral2.JPG,2,0.6144,Sapangan,T3,3
Sapangan (Deep Only)\2024_AUG_SAP_D\2024_AUG_S_T3\GOPR5071.JPG,Sapangan (Deep Only)\2024_AUG_SAP_D\2024_AUG_S_T3\GOPR5071\Coral22.JPG,22,0.3881,Sapangan,T3,3
Sapangan (Deep Only)\2024_AUG_SAP_D\2024_AUG_S_T3\GOPR5071.JPG,Sapangan (Deep Only)\2024_AUG_SAP_D\2024_AUG_S_T3\GOPR5071\Coral37.JPG,37,0.204,Sapangan,T3,3
Sapangan (Deep Only)\2024_AUG_SAP_D\2024_AUG_S_T3\GOPR5071.JPG,Sapangan (Deep Only)\2024_AUG_SAP_D\2024_AUG_S_T3\GOPR5071\Coral23.JPG,23,0.3844,Sapangan,T3,3
Sapangan (Deep Only)\2024_AUG_SAP_D\2024_AUG_S_T3\GOPR5071.JPG,Sapangan (Deep Only)\2024_AUG_SAP_D\2024_AUG_S_T3\GOPR5071\Coral33.JPG,33,0.2394,Sapangan,T3,3
Sapangan (Deep Only)\2024_AUG_SAP_D\2024_AUG_S_T3\GOPR5071.JPG,Sapangan (Deep Only)\2024_AUG_SAP_D\2024_AUG_S_T3\GOPR5071\Coral21.JPG,21,0.4025,Sapangan,T3,3
Sapangan (Deep Only)\2024_AUG_SAP_D\2024_AUG_S_T3\GOPR5071.JPG,Sapangan (Deep Only)\2024_AUG_SAP_D\2024_AUG_S_T3\GOPR5071\Coral46.JPG,46,0.1757,Sapangan,T3,3
Sapangan (Deep Only)\2024_AUG_SAP_D\2024_AUG_S_T3\GOPR5071.JPG,Sapangan (Deep Only)\2024_AUG_SAP_D\2024_AUG_S_T3\GOPR5071\Coral32.JPG,32,0.2467,Sapangan,T3,3
Sapangan (Deep Only)\2024_AUG_SAP_D\2024_AUG_S_T3\GOPR5071.JPG,Sapangan (Deep Only)\2024_AUG_SAP_D\2024_AUG_S_T3\GOPR5071\Coral42.JPG,42,0.182,Sapangan,T3,3
Sapangan (Deep Only)\2024_AUG_SAP_D\2024_AUG_S_T3\GOPR5071.JPG,Sapangan (Deep Only)\2024_AUG_SAP_D\2024_AUG_S_T3\GOPR5071\Coral16.JPG,16,0.4459,Sapangan,T3,3
Sapangan (Deep Only)\2024_AUG_SAP_D\2024_AUG_S_T3\GOPR5071.JPG,Sapangan (Deep Only)\2024_AUG_SAP_D\2024_AUG_S_T3\GOPR5071\Coral28.JPG,28,0.2878,Sapangan,T3,3
Sapangan (Deep Only)\2024_AUG_SAP_D\2024_AUG_S_T3\GOPR5071.JPG,Sapangan (Deep Only)\2024_AUG_SAP_D\2024_AUG_S_T3\GOPR5071\Coral7.JPG,7,0.6117,Sapangan,T3,3
Sapangan (Deep Only)\2024_AUG_SAP_D\2024_AUG_S_T3\GOPR5071.JPG,Sapangan (Deep Only)\2024_AUG_SAP_D\2024_AUG_S_T3\GOPR5071\Coral34.JPG,34,0.2277,Sapangan,T3,3
Sapangan (Deep Only)\2024_AUG_SAP_D\2024_AUG_S_T3\GOPR5071.JPG,Sapangan (Deep Only)\2024_AUG_SAP_D\2024_AUG_S_T3\GOPR5071\Coral13.JPG,13,0.4599,Sapangan,T3,3
Sapangan (Deep Only)\2024_JUL_SAP_D\SAP-D_T3\GOPR3359.JPG,Sapangan (Deep Only)\2024_JUL_SAP_D\SAP-D_T3\GOPR3359\Coral4.JPG,4,0.3754,Sapangan,T3,3
